alpha,instance_id,hd_mean,hd_min,hd_max,hd_std,eng_count,bit_count,gs_count,best_energy,best_delta,target_density
0.0,0,448.14,415,488,16.21913684509752,59,0,0,-4468.0,0.0,0.5525659301496793
0.0,1,410.1,366,451,18.81409046433019,72,0,0,-4584.0,0.0,0.5673556664290805
0.0,2,483.52,439,526,18.709612502668246,37,0,0,-4322.0,0.0,0.5434782608695652
0.0,3,442.45,405,490,17.85854137380766,50,0,0,-4469.0,0.0,0.5600498930862438
0.0,4,448.97,390,498,21.12034800849645,46,0,0,-4513.0,0.0,0.5568424803991446
0.0,5,399.4,363,455,17.823579887329032,56,0,0,-4498.0,0.0,0.5577334283677833
0.0,6,469.43,418,538,21.163768568003196,55,0,0,-4403.0,0.0,0.5491803278688525
0.0,7,432.19,372,475,18.411243847171217,44,0,0,-4388.0,0.0,0.5491803278688525
0.0,8,480.55,430,538,22.17853692198834,70,0,0,-4448.0,0.0,0.559871703492516
0.0,9,478.33,424,526,19.775264852840785,56,0,0,-4315.0,0.0,0.5457947255880257
0.0,10,441.82,388,480,19.98568487693129,69,0,0,-4452.0,0.0,0.5514967925873129
0.0,11,444.72,387,501,21.010511654883608,51,0,0,-4379.0,0.0,0.5450819672131147
0.0,12,442.26,401,493,20.674438323688506,61,0,0,-4391.0,0.0,0.5543478260869565
0.0,13,460.23,419,507,20.585847079972197,46,0,0,-4413.0,0.0,0.5523877405559515
0.0,14,479.83,438,526,17.901427317395672,74,0,0,-4405.0,0.0,0.5564861012116893
0.0,15,479.43,417,532,23.232845284209162,41,0,0,-4402.0,0.0,0.5541696364932288
0.0,16,460.34,416,512,19.33971044250663,61,0,0,-4288.0,0.0,0.546863863150392
0.0,17,450.47,416,512,20.012723452843694,53,0,0,-4436.0,0.0,0.5591589451176051
0.0,18,461.11,417,495,18.180151264497223,71,0,0,-4364.0,0.0,0.5495367070563079
0.0,19,443.85,393,490,20.619105218219335,49,0,0,-4351.0,0.0,0.5545260156806843
0.0,20,467.65,423,534,20.883187017311318,66,0,0,-4541.0,0.0,0.5648610121168923
0.0,21,496.83,445,554,22.023648653209122,46,0,0,-4350.0,0.0,0.5450819672131147
0.0,22,422.19,379,463,18.771624863074585,50,0,0,-4458.0,0.0,0.5595153243050606
0.0,23,474.49,414,520,19.159068348956847,58,0,0,-4483.0,0.0,0.5580898075552387
0.0,24,446.58,385,511,20.755808825483047,61,0,0,-4555.0,0.0,0.5630791161796151
0.0,25,458.97,418,505,18.587875080277467,60,0,0,-4537.0,0.0,0.5627227369921597
0.0,26,445.32,390,491,20.588773640020428,53,0,0,-4425.0,0.0,0.554704205274412
0.0,27,445.65,389,489,20.488228327505528,52,0,0,-4622.0,0.0,0.5641482537419815
0.0,28,444.78,387,492,19.86231607844362,56,0,0,-4379.0,0.0,0.5575552387740556
0.0,29,461.24,421,515,21.436007090873996,73,0,0,-4333.0,0.0,0.5550605844618675
0.0,30,469.85,412,520,20.499451212166633,40,0,0,-4489.0,0.0,0.5614754098360656
0.0,31,456.82,377,532,21.144446079289946,55,0,0,-4382.0,0.0,0.5506058446186742
0.0,32,461.32,411,505,19.52172123558781,73,0,0,-4472.0,0.0,0.5539914468995011
0.0,33,476.73,428,534,21.15412725687354,49,0,0,-4398.0,0.0,0.5486457590876693
0.0,34,473.14,409,534,21.11635385193192,67,0,0,-4421.0,0.0,0.5498930862437633
0.0,35,437.75,392,500,20.399693625150352,65,0,0,-4570.0,0.0,0.571632216678546
0.0,36,468.3,413,545,21.92053831455788,53,0,0,-4490.0,0.0,0.5545260156806843
0.0,37,418.38,381,463,16.848014719841622,75,0,0,-4503.0,0.0,0.5605844618674269
0.0,38,451.6,406,489,18.241162243672964,59,0,0,-4418.0,0.0,0.5602280826799715
0.0,39,444.86,394,493,19.055193517778818,56,0,0,-4352.0,0.0,0.547576621525303
0.0,40,453.04,407,500,20.638275121724686,68,0,0,-4309.0,0.0,0.550071275837491
0.0,41,449.46,408,490,19.865759487117526,59,0,0,-4428.0,0.0,0.5577334283677833
0.0,42,439.95,389,490,19.120865566181884,49,0,0,-4530.0,0.0,0.5646828225231646
0.0,43,470.53,426,534,20.188340694569227,71,0,0,-4356.0,0.0,0.552744119743407
0.0,44,496.19,449,552,22.903578323048123,53,0,0,-4320.0,0.0,0.5465074839629366
0.0,45,501.11,458,547,20.827815535960557,62,0,0,-4348.0,0.0,0.544903777619387
0.0,46,481.05,437,526,20.021675754042167,53,0,0,-4345.0,0.0,0.5506058446186742
0.0,47,458.07,391,515,20.851980721264827,64,0,0,-4508.0,0.0,0.5564861012116893
0.0,48,451.26,396,490,17.408974696977417,64,0,0,-4354.0,0.0,0.5539914468995011
0.0,49,440.77,390,486,18.643419750678788,38,0,0,-4287.0,0.0,0.5484675694939416
0.0,50,472.42,427,530,21.811547400402386,55,0,0,-4377.0,0.0,0.5525659301496793
0.0,51,465.69,412,514,19.141418442738246,51,0,0,-4489.0,0.0,0.5621881682109765
0.0,52,480.65,422,540,21.182244923520265,58,0,0,-4386.0,0.0,0.5582679971489665
0.0,53,475.81,418,535,21.39518403753518,53,0,0,-4401.0,0.0,0.5506058446186742
0.0,54,480.91,438,526,18.973716030340498,50,0,0,-4481.0,0.0,0.5602280826799715
0.0,55,421.89,373,482,19.55448541895184,70,0,0,-4411.0,0.0,0.550784034212402
0.0,56,460.83,416,509,18.47000541418437,73,0,0,-4459.0,0.0,0.5600498930862438
0.0,57,498.74,444,562,23.95897326681592,68,0,0,-4357.0,0.0,0.5418745545260156
0.0,58,444.98,394,511,19.827748233221037,53,0,0,-4392.0,0.0,0.561831789023521
0.0,59,496.95,450,545,20.55887886048264,54,0,0,-4296.0,0.0,0.5418745545260156
0.0,60,494.91,440,556,22.894145539853632,55,0,0,-4490.0,0.0,0.5497148966500356
0.0,61,457.43,406,511,22.067285741567765,60,0,0,-4419.0,0.0,0.5548823948681397
0.0,62,468.94,429,538,20.054834828539473,64,0,0,-4523.0,0.0,0.5564861012116893
0.0,63,428.27,382,471,19.676308088663383,57,0,0,-4484.0,0.0,0.5543478260869565
0.0,64,460.34,417,505,20.26238880290278,56,0,0,-4419.0,0.0,0.5470420527441198
0.0,65,439.68,375,488,21.984030567664337,33,0,0,-4437.0,0.0,0.5555951532430506
0.0,66,459.82,414,518,21.01017848567689,54,0,0,-4347.0,0.0,0.550784034212402
0.0,67,434.95,400,496,18.921614624550408,62,0,0,-4415.0,0.0,0.5563079116179616
0.0,68,472.45,427,528,22.764610692915443,59,0,0,-4282.0,0.0,0.5450819672131147
0.0,69,473.67,428,537,20.475377896390583,69,0,0,-4450.0,0.0,0.5573770491803278
0.0,70,443.09,403,486,20.22280643234267,63,0,0,-4445.0,0.0,0.5506058446186742
0.0,71,455.99,419,497,17.640575387441306,52,0,0,-4351.0,0.0,0.5513186029935851
0.0,72,432.89,380,478,18.233428092380215,56,0,0,-4272.0,0.0,0.5408054169636494
0.0,73,416.0,363,493,17.67766952966369,43,0,0,-4470.0,0.0,0.5607626514611547
0.0,74,456.12,399,508,21.313507454194394,53,0,0,-4341.0,0.0,0.5416963649322879
0.0,75,502.98,441,565,20.995704322551315,57,0,0,-4303.0,0.0,0.5481111903064861
0.0,76,507.58,448,558,20.923756832844337,63,0,0,-4304.0,0.0,0.5436564504632929
0.0,77,442.25,377,486,19.883347303711215,55,0,0,-4506.0,0.0,0.5623663578047042
0.0,78,457.92,414,522,22.296044492241222,46,0,0,-4483.0,0.0,0.5678902352102637
0.0,79,466.23,416,517,21.054146859941866,68,0,0,-4508.0,0.0,0.5621881682109765
0.0,80,462.14,406,506,19.975494987609192,43,0,0,-4533.0,0.0,0.5575552387740556
0.0,81,461.78,389,508,22.813408338080478,37,0,0,-4398.0,0.0,0.5607626514611547
0.0,82,515.32,462,568,23.51887752423572,56,0,0,-4315.0,0.0,0.5506058446186742
0.0,83,436.64,388,484,18.646994395880533,72,0,0,-4372.0,0.0,0.5516749821810406
0.0,84,463.93,413,527,19.827886927254752,51,0,0,-4396.0,0.0,0.5509622238061297
0.0,85,404.96,358,474,19.160334026315926,68,0,0,-4464.0,0.0,0.5573770491803278
0.0,86,474.37,426,514,18.912247354558367,60,0,0,-4383.0,0.0,0.5582679971489665
0.0,87,440.4,395,478,19.192185909895723,43,0,0,-4439.0,0.0,0.5621881682109765
0.0,88,407.83,360,452,18.770751183690013,59,0,0,-4533.0,0.0,0.5596935138987883
0.0,89,487.7,427,551,23.329166294576407,58,0,0,-4464.0,0.0,0.5584461867426942
0.0,90,444.46,400,489,20.178414209248455,49,0,0,-4466.0,0.0,0.5573770491803278
0.0,91,456.13,406,511,20.375306132669518,63,0,0,-4480.0,0.0,0.5641482537419815
0.0,92,451.41,405,503,18.837778531451104,69,0,0,-4379.0,0.0,0.5481111903064861
0.0,93,443.5,390,488,19.839606850943394,47,0,0,-4561.0,0.0,0.561831789023521
0.0,94,433.04,387,481,19.53198402620686,67,0,0,-4450.0,0.0,0.5621881682109765
0.0,95,437.24,377,490,20.683868110196407,62,0,0,-4476.0,0.0,0.5538132573057734
0.0,96,460.36,414,503,18.821540850844283,65,0,0,-4580.0,0.0,0.5648610121168923
0.0,97,406.1,349,456,18.904761305025776,41,0,0,-4546.0,0.0,0.5709194583036351
0.0,98,438.69,377,477,17.370489342560273,68,0,0,-4424.0,0.0,0.5620099786172488
0.0,99,438.0,384,510,21.315721897228816,67,0,0,-4518.0,0.0,0.5671774768353528
0.0,100,488.41,428,531,20.26972866123274,43,0,0,-4350.0,0.0,0.5434782608695652
0.0,101,463.61,420,515,21.874137697289918,57,0,0,-4510.0,0.0,0.5609408410548824
0.0,102,474.4,423,525,19.39793803474998,67,0,0,-4389.0,0.0,0.5609408410548824
0.0,103,473.58,426,519,18.824547803333814,61,0,0,-4367.0,0.0,0.550071275837491
0.0,104,456.11,398,522,21.009471673509545,63,0,0,-4458.0,0.0,0.550071275837491
0.0,105,452.05,399,503,19.661828500930426,60,0,0,-4454.0,0.0,0.5616535994297933
0.0,106,489.0,428,549,19.302849530574495,65,0,0,-4426.0,0.0,0.5600498930862438
0.0,107,447.54,407,496,18.297223833139277,37,0,0,-4445.0,0.0,0.5552387740555952
0.0,108,480.57,440,541,20.526692378461757,37,0,0,-4386.0,0.0,0.5518531717747683
0.0,109,459.15,410,507,18.865510859767355,71,0,0,-4438.0,0.0,0.552744119743407
0.0,110,511.68,464,594,24.767672478454653,51,0,0,-4280.0,0.0,0.5443692088382038
0.0,111,458.11,387,499,21.22399349792588,44,0,0,-4351.0,0.0,0.5497148966500356
0.0,112,470.04,432,535,19.619337399616736,66,0,0,-4380.0,0.0,0.5506058446186742
0.0,113,467.76,422,522,21.2683426716799,77,0,0,-4450.0,0.0,0.5484675694939416
0.0,114,394.17,346,433,18.94732434936395,58,0,0,-4588.0,0.0,0.5689593727726301
0.0,115,463.1,423,532,19.467665499489147,76,0,0,-4497.0,0.0,0.5671774768353528
0.0,116,498.69,453,550,20.705407506253046,44,0,0,-4264.0,0.0,0.5445473984319316
0.0,117,438.54,388,496,20.33883969158516,70,0,0,-4407.0,0.0,0.5514967925873129
0.0,118,437.52,381,484,21.095250650324118,64,0,0,-4422.0,0.0,0.5582679971489665
0.0,119,440.57,399,491,20.168914199827416,40,0,0,-4424.0,0.0,0.5573770491803278
0.0,120,482.8,437,554,22.652593670482858,69,0,0,-4463.0,0.0,0.5514967925873129
0.0,121,449.78,404,495,19.810895991852565,75,0,0,-4569.0,0.0,0.5627227369921597
0.0,122,463.92,418,528,21.3146334709279,52,0,0,-4344.0,0.0,0.5509622238061297
0.0,123,481.63,430,547,21.296316582921094,38,0,0,-4352.0,0.0,0.5575552387740556
0.0,124,480.51,431,537,21.72486823895602,56,0,0,-4210.0,0.0,0.5359942979330007
0.0,125,459.48,399,500,21.36374499005266,53,0,0,-4394.0,0.0,0.5573770491803278
0.0,126,466.27,418,527,19.231149211630598,60,0,0,-4584.0,0.0,0.5611190306486101
0.0,127,464.86,411,519,22.436140488060776,45,0,0,-4525.0,0.0,0.5584461867426942
0.0,128,483.39,440,537,21.062238722415053,59,0,0,-4463.0,0.0,0.5612972202423379
0.0,129,412.06,362,459,18.355282618363574,60,0,0,-4422.0,0.0,0.5636136849607983
0.0,130,442.85,397,497,19.375435478976982,48,0,0,-4369.0,0.0,0.5504276550249465
0.0,131,451.65,404,497,18.89728816523683,72,0,0,-4368.0,0.0,0.5529223093371347
0.0,132,451.06,400,494,18.67716252539448,52,0,0,-4369.0,0.0,0.5452601568068425
0.0,133,417.98,381,464,18.638122223013774,53,0,0,-4440.0,0.0,0.5531004989308624
0.0,134,482.0,430,533,24.129235379514206,60,0,0,-4304.0,0.0,0.5406272273699216
0.0,135,437.07,378,487,21.116465139790797,69,0,0,-4453.0,0.0,0.5604062722736992
0.0,136,464.25,415,515,21.785488289225928,50,0,0,-4489.0,0.0,0.556664290805417
0.0,137,448.78,402,501,20.283776768639516,70,0,0,-4421.0,0.0,0.5525659301496793
0.0,138,415.63,346,475,21.725402182698485,42,0,0,-4500.0,0.0,0.5611190306486101
0.0,139,429.71,388,474,17.903237137456454,67,0,0,-4492.0,0.0,0.567712045616536
0.0,140,446.67,403,492,17.163947681113456,65,0,0,-4401.0,0.0,0.5571988595866001
0.0,141,442.47,397,484,19.45890798580434,57,0,0,-4433.0,0.0,0.5584461867426942
0.0,142,434.59,393,477,17.87405661846241,51,0,0,-4435.0,0.0,0.5568424803991446
0.0,143,484.76,427,523,18.757462514956547,54,0,0,-4361.0,0.0,0.5481111903064861
0.0,144,432.32,385,490,21.76137863279806,70,0,0,-4407.0,0.0,0.5548823948681397
0.0,145,476.33,433,535,19.048388383272744,44,0,0,-4404.0,0.0,0.5637918745545261
0.0,146,470.01,415,510,20.32264500501842,59,0,0,-4611.0,0.0,0.5639700641482538
0.0,147,434.17,385,492,21.152330840831702,44,0,0,-4498.0,0.0,0.5591589451176051
0.0,148,435.43,380,485,20.30529733837946,40,0,0,-4495.0,0.0,0.556664290805417
0.0,149,470.17,432,533,18.740360188640985,39,0,0,-4440.0,0.0,0.5550605844618675
0.0,150,429.66,387,472,19.0778510320214,68,0,0,-4510.0,0.0,0.5612972202423379
0.0,151,438.22,389,487,21.03548430628589,66,0,0,-4432.0,0.0,0.5550605844618675
0.0,152,464.67,417,527,20.498807282376212,57,0,0,-4297.0,0.0,0.5520313613684961
0.0,153,429.74,385,474,18.58258324345676,70,0,0,-4445.0,0.0,0.5541696364932288
0.0,154,489.11,451,534,19.593823006243575,72,0,0,-4366.0,0.0,0.546863863150392
0.0,155,487.72,436,529,18.34288963058983,45,0,0,-4493.0,0.0,0.5563079116179616
0.0,156,482.6,412,536,21.3911196527905,58,0,0,-4423.0,0.0,0.5504276550249465
0.0,157,499.84,448,555,19.01353202327227,61,0,0,-4474.0,0.0,0.5518531717747683
0.0,158,472.81,413,534,22.15116024049305,53,0,0,-4384.0,0.0,0.5559515324305061
0.0,159,472.74,420,516,19.87793751876688,60,0,0,-4436.0,0.0,0.5538132573057734
0.0,160,473.85,420,527,23.605243061658992,67,0,0,-4407.0,0.0,0.5534568781183179
0.0,161,425.07,382,471,18.597448749761348,41,0,0,-4404.0,0.0,0.552744119743407
0.0,162,437.12,389,484,20.09591003164574,53,0,0,-4321.0,0.0,0.5548823948681397
0.0,163,479.76,424,527,21.002437953723373,78,0,0,-4485.0,0.0,0.5522095509622238
0.0,164,477.79,435,549,20.83280826004982,59,0,0,-4555.0,0.0,0.5600498930862438
0.0,165,445.06,390,510,22.36328240665936,42,0,0,-4414.0,0.0,0.5645046329294369
0.0,166,493.0,441,551,23.299356214281975,52,0,0,-4335.0,0.0,0.5538132573057734
0.0,167,461.31,412,504,19.54364090951325,69,0,0,-4295.0,0.0,0.5425873129009265
0.0,168,475.41,422,524,21.161330298447684,46,0,0,-4360.0,0.0,0.5502494654312188
0.0,169,464.73,406,532,25.504060461032477,30,0,0,-4369.0,0.0,0.5532786885245902
0.0,170,483.03,443,540,20.14867489439442,73,0,0,-4419.0,0.0,0.550784034212402
0.0,171,457.49,415,509,19.878880753201372,69,0,0,-4514.0,0.0,0.5543478260869565
0.0,172,427.64,391,473,17.767115691636615,52,0,0,-4444.0,0.0,0.554704205274412
0.0,173,467.35,423,527,18.612562961612785,65,0,0,-4323.0,0.0,0.5427655024946543
0.0,174,437.82,391,487,20.312252460030127,48,0,0,-4393.0,0.0,0.5541696364932288
0.0,175,461.13,419,522,20.228521943038746,61,0,0,-4385.0,0.0,0.5518531717747683
0.0,176,442.34,391,484,18.200120878719456,46,0,0,-4541.0,0.0,0.5636136849607983
0.0,177,455.88,410,497,18.229799779481944,52,0,0,-4423.0,0.0,0.5584461867426942
0.0,178,437.75,393,491,20.711530604955296,50,0,0,-4486.0,0.0,0.5605844618674269
0.0,179,466.23,403,517,22.31181525559944,53,0,0,-4463.0,0.0,0.5559515324305061
0.0,180,482.4,428,528,22.841628663473188,37,0,0,-4438.0,0.0,0.5609408410548824
0.0,181,485.91,433,543,20.134097943538467,72,0,0,-4485.0,0.0,0.5596935138987883
0.0,182,451.04,398,497,22.00814394718464,58,0,0,-4452.0,0.0,0.5539914468995011
0.0,183,434.24,379,484,20.15595197454092,78,0,0,-4487.0,0.0,0.5646828225231646
0.0,184,487.1,443,541,20.714970432032963,70,0,0,-4356.0,0.0,0.5536350677120456
0.0,185,430.98,382,469,19.209362300711597,47,0,0,-4429.0,0.0,0.562544547398432
0.0,186,494.59,439,559,22.170744236493277,50,0,0,-4347.0,0.0,0.5555951532430506
0.0,187,433.62,383,476,18.23446187854196,57,0,0,-4477.0,0.0,0.550784034212402
0.0,188,449.86,399,498,19.84390082619846,48,0,0,-4542.0,0.0,0.5545260156806843
0.0,189,460.08,423,511,17.74918589682355,65,0,0,-4540.0,0.0,0.5548823948681397
0.0,190,438.75,400,480,17.549002820673316,39,0,0,-4317.0,0.0,0.5491803278688525
0.0,191,497.84,436,554,22.252514464662188,48,0,0,-4332.0,0.0,0.550784034212402
0.0,192,480.15,428,518,16.90288436924302,47,0,0,-4226.0,0.0,0.5375980042765502
0.0,193,495.09,455,538,17.545993844749862,71,0,0,-4382.0,0.0,0.5495367070563079
0.0,194,427.1,379,469,17.725405496066937,51,0,0,-4557.0,0.0,0.5634354953670706
0.0,195,436.87,393,486,19.526215711191966,47,0,0,-4474.0,0.0,0.5602280826799715
0.0,196,460.31,419,514,17.996496881337766,56,0,0,-4451.0,0.0,0.5477548111190307
0.0,197,493.38,444,538,20.855589178922756,49,0,0,-4388.0,0.0,0.5504276550249465
0.0,198,435.63,399,478,18.511971802052855,70,0,0,-4551.0,0.0,0.5675338560228083
0.0,199,457.03,410,516,22.45281942206813,81,0,0,-4486.0,0.0,0.5538132573057734
0.0,200,462.85,408,517,21.479932495238433,50,0,0,-4464.0,0.0,0.5593371347113328
0.0,201,449.49,395,493,20.361971908437553,64,0,0,-4448.0,0.0,0.5541696364932288
0.0,202,445.43,390,503,21.449128187411258,50,0,0,-4497.0,0.0,0.5614754098360656
0.0,203,451.17,401,498,18.63923549934385,56,0,0,-4546.0,0.0,0.5609408410548824
0.0,204,456.63,398,501,21.861681088150565,64,0,0,-4491.0,0.0,0.5604062722736992
0.0,205,447.34,393,493,20.030586611479954,33,0,0,-4403.0,0.0,0.5561297220242338
0.0,206,432.52,369,480,18.649117941607855,54,0,0,-4384.0,0.0,0.5545260156806843
0.0,207,435.13,389,474,18.45028726063635,48,0,0,-4531.0,0.0,0.5680684248039914
0.0,208,452.84,395,506,20.714593889333187,43,0,0,-4419.0,0.0,0.5639700641482538
0.0,209,466.52,413,508,18.377420928955182,52,0,0,-4511.0,0.0,0.556664290805417
0.0,210,447.75,413,506,18.747999893321953,50,0,0,-4520.0,0.0,0.5653955808980755
0.0,211,455.01,415,510,18.119875827389105,66,0,0,-4430.0,0.0,0.5552387740555952
0.0,212,485.24,436,534,20.974803932337483,29,0,0,-4490.0,0.0,0.562544547398432
0.0,213,465.36,421,521,20.59102717204754,49,0,0,-4437.0,0.0,0.5564861012116893
0.0,214,483.94,441,536,20.672600223484224,57,0,0,-4482.0,0.0,0.5568424803991446
0.0,215,477.72,414,526,23.189687363136226,66,0,0,-4491.0,0.0,0.5529223093371347
0.0,216,451.64,394,499,22.259613653430733,47,0,0,-4445.0,0.0,0.5552387740555952
0.0,217,476.01,421,515,19.81337679447903,63,0,0,-4343.0,0.0,0.5477548111190307
0.0,218,443.92,399,488,18.481709877606022,36,0,0,-4398.0,0.0,0.5520313613684961
0.0,219,469.05,429,524,19.954134909837606,73,0,0,-4537.0,0.0,0.562544547398432
0.0,220,411.11,372,465,18.935625154718288,49,0,0,-4428.0,0.0,0.5577334283677833
0.0,221,460.47,402,525,24.69755251031972,47,0,0,-4353.0,0.0,0.5538132573057734
0.0,222,473.27,411,524,22.89753480180781,69,0,0,-4512.0,0.0,0.5648610121168923
0.0,223,497.19,446,554,21.406865721071824,56,0,0,-4396.0,0.0,0.5557733428367784
0.0,224,455.48,405,507,20.702888687330567,44,0,0,-4416.0,0.0,0.5588025659301497
0.0,225,427.41,374,466,17.59096074692909,69,0,0,-4473.0,0.0,0.5575552387740556
0.0,226,449.71,401,494,17.956221762943336,44,0,0,-4362.0,0.0,0.5531004989308624
0.0,227,465.95,414,524,20.810754431303064,70,0,0,-4506.0,0.0,0.5609408410548824
0.0,228,447.5,412,501,17.35252143061636,68,0,0,-4488.0,0.0,0.5661083392729864
0.0,229,489.33,437,538,21.286641350856645,49,0,0,-4413.0,0.0,0.5491803278688525
0.0,230,476.16,435,535,22.449819598384302,61,0,0,-4467.0,0.0,0.5573770491803278
0.0,231,490.4,426,542,23.478926721637002,58,0,0,-4324.0,0.0,0.5381325730577334
0.0,232,435.16,387,487,20.962213623565617,58,0,0,-4478.0,0.0,0.5602280826799715
0.0,233,453.2,405,511,23.143033509028154,45,0,0,-4437.0,0.0,0.5511404133998574
0.0,234,461.87,424,509,20.332070725826227,42,0,0,-4366.0,0.0,0.5463292943692089
0.0,235,448.64,402,502,19.668512907690808,62,0,0,-4442.0,0.0,0.5531004989308624
0.0,236,425.54,381,478,19.784044075971927,59,0,0,-4371.0,0.0,0.5568424803991446
0.0,237,498.65,443,538,19.88435314512393,58,0,0,-4365.0,0.0,0.5514967925873129
0.0,238,488.85,439,532,19.648091510373217,67,0,0,-4441.0,0.0,0.5525659301496793
0.0,239,484.68,432,533,20.078286779503873,66,0,0,-4368.0,0.0,0.5466856735566643
0.0,240,426.69,387,483,18.477388884796465,65,0,0,-4536.0,0.0,0.5525659301496793
0.0,241,461.79,425,510,17.919428004263978,66,0,0,-4444.0,0.0,0.5564861012116893
0.0,242,440.12,379,500,19.39808237945184,64,0,0,-4539.0,0.0,0.5561297220242338
0.0,243,451.01,410,488,16.926012525104664,75,0,0,-4416.0,0.0,0.5516749821810406
0.0,244,452.57,410,494,18.483103094448182,63,0,0,-4453.0,0.0,0.5561297220242338
0.0,245,472.25,421,523,19.244934398433266,56,0,0,-4486.0,0.0,0.5570206699928724
0.0,246,471.67,420,510,21.241965539940036,46,0,0,-4422.0,0.0,0.5573770491803278
0.0,247,465.08,423,516,21.308533501862584,53,0,0,-4375.0,0.0,0.5595153243050606
0.0,248,476.47,429,524,21.49207063081638,42,0,0,-4320.0,0.0,0.5506058446186742
0.0,249,465.42,416,509,20.10033830561068,61,0,0,-4345.0,0.0,0.5482893799002139
0.0,250,464.52,418,514,19.470223419365276,68,0,0,-4362.0,0.0,0.5550605844618675
0.0,251,419.44,382,467,19.142789765339845,43,0,0,-4473.0,0.0,0.5602280826799715
0.0,252,430.05,373,475,20.947732574195232,74,0,0,-4472.0,0.0,0.5630791161796151
0.0,253,457.43,405,512,20.987736895625503,47,0,0,-4505.0,0.0,0.5616535994297933
0.0,254,457.11,423,498,16.531119139368638,50,0,0,-4362.0,0.0,0.544903777619387
0.0,255,428.41,378,491,20.068928720786268,43,0,0,-4370.0,0.0,0.5575552387740556
0.0,256,428.71,383,490,19.61341122803476,64,0,0,-4535.0,0.0,0.5646828225231646
0.0,257,469.0,420,511,20.448471825542367,58,0,0,-4343.0,0.0,0.5548823948681397
0.0,258,485.87,430,526,18.702756481331836,65,0,0,-4301.0,0.0,0.5506058446186742
0.0,259,465.63,421,516,19.92217608596009,64,0,0,-4327.0,0.0,0.550071275837491
0.0,260,438.9,385,493,18.796010214936572,67,0,0,-4478.0,0.0,0.5577334283677833
0.0,261,441.03,398,497,21.145427401686632,56,0,0,-4450.0,0.0,0.5545260156806843
0.0,262,467.0,414,529,21.675331600692985,67,0,0,-4430.0,0.0,0.5611190306486101
0.0,263,448.73,388,501,21.672496395200994,39,0,0,-4601.0,0.0,0.5671774768353528
0.0,264,430.95,375,469,18.423015496926663,48,0,0,-4409.0,0.0,0.5520313613684961
0.0,265,441.66,389,495,19.16205625709308,69,0,0,-4346.0,0.0,0.5497148966500356
0.0,266,463.44,421,508,18.6811776930685,67,0,0,-4526.0,0.0,0.5641482537419815
0.0,267,456.57,411,503,17.638171673957594,47,0,0,-4384.0,0.0,0.5523877405559515
0.0,268,445.6,412,523,19.961963831246663,71,0,0,-4379.0,0.0,0.5532786885245902
0.0,269,474.03,413,534,20.851597061136587,70,0,0,-4400.0,0.0,0.5534568781183179
0.0,270,457.77,409,500,21.05937083580609,53,0,0,-4511.0,0.0,0.5604062722736992
0.0,271,449.41,408,493,19.688623618729675,59,0,0,-4335.0,0.0,0.5497148966500356
0.0,272,462.07,420,508,20.32203483906078,65,0,0,-4389.0,0.0,0.5454383464005702
0.0,273,468.21,413,522,19.75565488663942,57,0,0,-4460.0,0.0,0.5543478260869565
0.0,274,472.57,418,520,21.0248686083885,53,0,0,-4441.0,0.0,0.5563079116179616
0.0,275,469.38,393,520,22.18322789857238,62,0,0,-4463.0,0.0,0.5511404133998574
0.0,276,457.73,416,505,18.298554587726322,47,0,0,-4437.0,0.0,0.5514967925873129
0.0,277,465.55,409,524,21.138767702966984,58,0,0,-4429.0,0.0,0.5595153243050606
0.0,278,487.61,439,552,20.475788141119256,59,0,0,-4293.0,0.0,0.5523877405559515
0.0,279,474.22,430,521,19.091663101992975,45,0,0,-4389.0,0.0,0.5511404133998574
0.0,280,453.73,403,507,22.365533751735057,63,0,0,-4466.0,0.0,0.5534568781183179
0.0,281,482.58,420,533,19.936489159327927,62,0,0,-4417.0,0.0,0.5495367070563079
0.0,282,467.64,422,514,22.265453060739635,45,0,0,-4528.0,0.0,0.5637918745545261
0.0,283,440.21,386,494,19.79358229325859,57,0,0,-4446.0,0.0,0.562544547398432
0.0,284,494.74,433,561,23.084029111054253,61,0,0,-4372.0,0.0,0.5491803278688525
0.0,285,460.4,422,503,17.002940922087568,56,0,0,-4555.0,0.0,0.5611190306486101
0.0,286,406.55,358,471,21.487845401528745,52,0,0,-4598.0,0.0,0.5668210976478973
0.0,287,466.35,418,517,17.932303254183495,76,0,0,-4402.0,0.0,0.5532786885245902
0.0,288,437.98,395,484,20.787005556356597,65,0,0,-4439.0,0.0,0.5559515324305061
0.0,289,477.3,418,544,22.018401395196697,61,0,0,-4557.0,0.0,0.5707412687099074
0.0,290,463.86,408,504,19.92988710454728,55,0,0,-4351.0,0.0,0.5555951532430506
0.0,291,447.85,409,495,18.980713895952384,53,0,0,-4486.0,0.0,0.5568424803991446
0.0,292,454.23,392,512,19.880570917355467,62,0,0,-4420.0,0.0,0.5479330007127584
0.0,293,423.41,378,476,21.172668702834795,68,0,0,-4448.0,0.0,0.5541696364932288
0.0,294,494.84,441,546,20.420440739611863,60,0,0,-4404.0,0.0,0.5612972202423379
0.0,295,453.64,406,513,21.5594619598913,54,0,0,-4407.0,0.0,0.5506058446186742
0.0,296,413.49,366,464,19.24655553599137,20,0,0,-4412.0,0.0,0.562544547398432
0.0,297,456.68,398,519,19.96591094841405,61,0,0,-4501.0,0.0,0.5612972202423379
0.0,298,491.23,426,546,22.83762465756892,58,0,0,-4346.0,0.0,0.5497148966500356
0.0,299,468.02,408,514,20.03396116598013,29,0,0,-4293.0,0.0,0.550784034212402
0.0,300,451.65,406,504,19.35477977141564,57,0,0,-4505.0,0.0,0.5616535994297933
0.0,301,427.59,364,467,20.04100546379847,49,0,0,-4446.0,0.0,0.5541696364932288
0.0,302,435.87,389,489,18.839137453715868,53,0,0,-4410.0,0.0,0.5588025659301497
0.0,303,441.42,396,484,19.724188196222425,45,0,0,-4537.0,0.0,0.5570206699928724
0.0,304,436.44,392,495,19.558282133152694,54,0,0,-4426.0,0.0,0.5548823948681397
0.0,305,457.32,399,516,19.1143297031311,66,0,0,-4409.0,0.0,0.5561297220242338
0.0,306,483.32,432,522,20.25876600388089,53,0,0,-4322.0,0.0,0.5447255880256593
0.0,307,470.0,411,526,18.671368455472138,77,0,0,-4408.0,0.0,0.5529223093371347
0.0,308,448.23,395,490,19.611657247667775,55,0,0,-4406.0,0.0,0.5548823948681397
0.0,309,439.25,388,491,22.766367738398674,55,0,0,-4362.0,0.0,0.552744119743407
0.0,310,456.0,405,505,19.903266063638902,45,0,0,-4520.0,0.0,0.5637918745545261
0.0,311,461.94,402,496,18.800436165153187,59,0,0,-4433.0,0.0,0.5571988595866001
0.0,312,470.49,409,513,20.2343742181467,67,0,0,-4408.0,0.0,0.5586243763364219
0.0,313,470.03,428,534,22.504868362201098,68,0,0,-4402.0,0.0,0.552744119743407
0.0,314,457.37,400,533,20.1701041147536,45,0,0,-4365.0,0.0,0.5561297220242338
0.0,315,493.12,438,546,22.717957654683666,49,0,0,-4567.0,0.0,0.5602280826799715
0.0,316,498.98,433,550,21.184418802506716,65,0,0,-4448.0,0.0,0.5588025659301497
0.0,317,441.8,375,512,20.60728026693479,54,0,0,-4536.0,0.0,0.56503920171062
0.0,318,469.88,418,523,20.986319353331112,72,0,0,-4446.0,0.0,0.5623663578047042
0.0,319,451.62,406,524,22.187735350864447,52,0,0,-4354.0,0.0,0.5589807555238774
0.0,320,431.29,367,482,18.981198592291268,47,0,0,-4451.0,0.0,0.557911617961511
0.0,321,472.13,410,524,21.449314674366637,62,0,0,-4419.0,0.0,0.5563079116179616
0.0,322,454.95,399,507,18.09219444954094,72,0,0,-4318.0,0.0,0.5554169636493229
0.0,323,434.76,394,482,19.251036335740473,29,0,0,-4328.0,0.0,0.5516749821810406
0.0,324,487.47,449,547,20.44429260209313,65,0,0,-4348.0,0.0,0.5532786885245902
0.0,325,465.53,408,529,21.824048661969208,68,0,0,-4311.0,0.0,0.5509622238061297
0.0,326,489.47,437,535,21.1165598524002,57,0,0,-4370.0,0.0,0.5586243763364219
0.0,327,486.32,435,536,20.916921379591216,52,0,0,-4311.0,0.0,0.5470420527441198
0.0,328,461.6,401,498,18.962067397834026,56,0,0,-4459.0,0.0,0.5571988595866001
0.0,329,463.28,417,518,19.328776474469354,64,0,0,-4493.0,0.0,0.5614754098360656
0.0,330,435.24,390,512,20.403489897564093,52,0,0,-4381.0,0.0,0.550071275837491
0.0,331,411.54,370,475,19.49123905758687,42,0,0,-4436.0,0.0,0.5525659301496793
0.0,332,461.95,421,508,18.963319857029255,54,0,0,-4464.0,0.0,0.5545260156806843
0.0,333,481.9,431,543,22.93970357262709,62,0,0,-4463.0,0.0,0.5593371347113328
0.0,334,487.72,437,538,21.69289284535375,45,0,0,-4591.0,0.0,0.5630791161796151
0.0,335,453.04,410,509,20.10468602092557,49,0,0,-4426.0,0.0,0.5568424803991446
0.0,336,465.66,419,512,18.984319845598893,53,0,0,-4328.0,0.0,0.5518531717747683
0.0,337,490.45,440,536,19.412560366937686,58,0,0,-4462.0,0.0,0.5561297220242338
0.0,338,459.44,412,506,20.852011893340173,57,0,0,-4476.0,0.0,0.5557733428367784
0.0,339,461.11,422,503,17.548159447645784,46,0,0,-4392.0,0.0,0.5525659301496793
0.0,340,478.01,427,526,20.038710038323323,64,0,0,-4363.0,0.0,0.5450819672131147
0.0,341,462.71,414,537,21.500369764262196,53,0,0,-4447.0,0.0,0.5491803278688525
0.0,342,483.55,431,536,20.08351313889082,39,0,0,-4227.0,0.0,0.5420527441197434
0.0,343,505.02,440,583,25.399598422022343,56,0,0,-4360.0,0.0,0.5484675694939416
0.0,344,468.03,434,504,18.58087995763387,48,0,0,-4475.0,0.0,0.5561297220242338
0.0,345,466.67,421,535,19.23853164875116,59,0,0,-4410.0,0.0,0.5543478260869565
0.0,346,449.44,405,486,20.02164828379522,65,0,0,-4576.0,0.0,0.5682466143977192
0.0,347,503.36,447,558,21.54415001804434,31,0,0,-4348.0,0.0,0.5532786885245902
0.0,348,435.36,381,494,20.55457126772534,42,0,0,-4375.0,0.0,0.5538132573057734
0.0,349,528.28,464,584,22.815380777010933,52,0,0,-4475.0,0.0,0.5497148966500356
0.0,350,483.73,430,535,21.924349477236493,56,0,0,-4318.0,0.0,0.5381325730577334
0.0,351,435.24,384,480,18.17752458394707,56,0,0,-4463.0,0.0,0.5557733428367784
0.0,352,454.72,408,508,19.937442162925514,79,0,0,-4339.0,0.0,0.550071275837491
0.0,353,473.94,435,535,20.51673463297705,68,0,0,-4474.0,0.0,0.5532786885245902
0.0,354,428.47,386,478,18.692487795903467,61,0,0,-4311.0,0.0,0.5561297220242338
0.0,355,444.0,396,487,17.922611416866683,70,0,0,-4439.0,0.0,0.5493585174625801
0.0,356,423.03,379,473,17.970784623938933,47,0,0,-4478.0,0.0,0.5557733428367784
0.0,357,465.47,420,526,21.51253355604588,51,0,0,-4381.0,0.0,0.5541696364932288
0.0,358,479.37,428,544,21.103390722819874,68,0,0,-4473.0,0.0,0.5506058446186742
0.0,359,460.15,386,513,21.592764992006003,60,0,0,-4486.0,0.0,0.5588025659301497
0.0,360,448.21,397,507,21.53383152158482,52,0,0,-4548.0,0.0,0.5614754098360656
0.0,361,429.88,386,490,20.884578042182223,33,0,0,-4475.0,0.0,0.5595153243050606
0.0,362,491.08,444,544,19.90009045205574,61,0,0,-4406.0,0.0,0.5580898075552387
0.0,363,422.5,377,476,21.118948837477685,62,0,0,-4397.0,0.0,0.5520313613684961
0.0,364,469.81,402,514,20.613924905267314,60,0,0,-4530.0,0.0,0.5523877405559515
0.0,365,472.23,407,510,18.965682165427115,67,0,0,-4548.0,0.0,0.5641482537419815
0.0,366,457.53,412,530,21.847862595686564,58,0,0,-4480.0,0.0,0.5529223093371347
0.0,367,451.14,390,501,20.391184369722126,57,0,0,-4435.0,0.0,0.5563079116179616
0.0,368,462.8,416,501,18.152134860671346,41,0,0,-4355.0,0.0,0.5506058446186742
0.0,369,435.83,386,481,19.476680928741427,55,0,0,-4463.0,0.0,0.5600498930862438
0.0,370,492.15,434,534,21.420259102074375,40,0,0,-4338.0,0.0,0.5511404133998574
0.0,371,474.17,433,524,17.291648273082586,56,0,0,-4345.0,0.0,0.5552387740555952
0.0,372,451.49,407,502,17.15138186852593,64,0,0,-4178.0,0.0,0.5379543834640057
0.0,373,465.41,407,532,21.15660416985675,64,0,0,-4444.0,0.0,0.5571988595866001
0.0,374,432.86,396,478,18.167564503807327,78,0,0,-4539.0,0.0,0.5611190306486101
0.0,375,421.08,385,468,18.137629393060166,62,0,0,-4539.0,0.0,0.5623663578047042
0.0,376,517.32,461,573,22.223357082133205,44,0,0,-4404.0,0.0,0.5529223093371347
0.0,377,471.42,416,534,20.791430927187285,52,0,0,-4418.0,0.0,0.5623663578047042
0.0,378,456.55,412,509,16.629717375830534,74,0,0,-4487.0,0.0,0.5568424803991446
0.0,379,470.69,418,520,21.196553965208587,54,0,0,-4308.0,0.0,0.5445473984319316
0.0,380,492.95,439,543,21.853317825904604,72,0,0,-4338.0,0.0,0.5463292943692089
0.0,381,427.56,390,472,17.009597290941368,35,0,0,-4366.0,0.0,0.5555951532430506
0.0,382,463.7,426,511,19.884416008522855,45,0,0,-4451.0,0.0,0.5561297220242338
0.0,383,470.85,410,534,22.597953447159767,50,0,0,-4453.0,0.0,0.5614754098360656
0.0,384,479.29,413,539,22.677431512408983,56,0,0,-4377.0,0.0,0.5514967925873129
0.0,385,460.68,417,496,17.884563176102457,52,0,0,-4452.0,0.0,0.5605844618674269
0.0,386,473.91,421,526,20.13161444097318,36,0,0,-4377.0,0.0,0.561831789023521
0.0,387,463.11,411,518,19.78984335460996,67,0,0,-4380.0,0.0,0.5529223093371347
0.0,388,465.92,392,519,21.908299797108857,43,0,0,-4291.0,0.0,0.5447255880256593
0.0,389,466.76,421,507,19.117070905345305,64,0,0,-4520.0,0.0,0.5659301496792587
0.0,390,439.56,395,478,18.74316942248562,58,0,0,-4537.0,0.0,0.5602280826799715
0.0,391,464.62,414,509,20.430751332244245,57,0,0,-4419.0,0.0,0.557911617961511
0.0,392,460.86,413,514,20.906467898714983,64,0,0,-4407.0,0.0,0.5634354953670706
0.0,393,466.22,408,521,22.216021245938705,45,0,0,-4353.0,0.0,0.5550605844618675
0.0,394,459.11,405,517,21.222579956263566,56,0,0,-4361.0,0.0,0.5482893799002139
0.0,395,460.19,418,504,20.082178666668614,69,0,0,-4369.0,0.0,0.550071275837491
0.0,396,473.19,434,539,19.885519857423894,55,0,0,-4402.0,0.0,0.5481111903064861
0.0,397,454.26,387,519,18.98874403429569,66,0,0,-4381.0,0.0,0.5538132573057734
0.0,398,480.7,440,535,20.263020505344212,63,0,0,-4473.0,0.0,0.556664290805417
0.0,399,446.11,399,505,20.208856969160824,59,0,0,-4544.0,0.0,0.561831789023521
0.0,400,493.36,423,543,22.157851881443744,60,0,0,-4458.0,0.0,0.5531004989308624
0.0,401,475.48,432,517,18.352373143547403,74,0,0,-4455.0,0.0,0.5532786885245902
0.0,402,473.66,405,519,20.346115108295248,51,0,0,-4429.0,0.0,0.5591589451176051
0.0,403,492.15,429,561,25.126629300405575,44,0,0,-4403.0,0.0,0.5588025659301497
0.0,404,499.34,445,550,18.84898936282792,58,0,0,-4303.0,0.0,0.5431218816821097
0.0,405,508.67,437,557,21.59724750981013,59,0,0,-4377.0,0.0,0.5488239486813971
0.0,406,443.95,387,494,20.524314848491287,76,0,0,-4373.0,0.0,0.5522095509622238
0.0,407,465.22,408,517,19.578345180326146,55,0,0,-4396.0,0.0,0.5456165359942979
0.0,408,482.06,427,530,21.678939088433275,36,0,0,-4468.0,0.0,0.5570206699928724
0.0,409,453.69,398,507,23.01812112228103,72,0,0,-4377.0,0.0,0.5477548111190307
0.0,410,486.61,442,527,22.109678876003603,58,0,0,-4437.0,0.0,0.5523877405559515
0.0,411,475.19,424,532,20.8008148878836,73,0,0,-4334.0,0.0,0.546863863150392
0.0,412,494.45,439,562,24.6249365481416,57,0,0,-4378.0,0.0,0.5550605844618675
0.0,413,447.39,385,495,21.32786674752072,55,0,0,-4489.0,0.0,0.5548823948681397
0.0,414,458.68,410,513,20.078286779503873,51,0,0,-4474.0,0.0,0.5596935138987883
0.0,415,466.14,420,508,20.504643376562296,60,0,0,-4376.0,0.0,0.5532786885245902
0.0,416,449.19,411,505,18.22947887351693,37,0,0,-4428.0,0.0,0.5577334283677833
0.0,417,443.89,394,489,21.259771870836243,63,0,0,-4450.0,0.0,0.5561297220242338
0.0,418,452.74,398,504,22.33858545208268,31,0,0,-4427.0,0.0,0.5563079116179616
0.0,419,434.34,389,476,20.13266996699643,41,0,0,-4526.0,0.0,0.5721667854597291
0.0,420,480.98,429,536,22.415610631878845,51,0,0,-4441.0,0.0,0.5557733428367784
0.0,421,436.43,391,485,18.72284967626456,67,0,0,-4461.0,0.0,0.5621881682109765
0.0,422,470.74,421,527,19.995809561005522,66,0,0,-4399.0,0.0,0.5520313613684961
0.0,423,420.17,362,472,20.571852128576072,55,0,0,-4617.0,0.0,0.5689593727726301
0.0,424,458.68,412,515,19.867501101044386,54,0,0,-4353.0,0.0,0.5493585174625801
0.0,425,494.4,445,554,20.365166338628317,61,0,0,-4389.0,0.0,0.5543478260869565
0.0,426,448.32,395,494,20.694868929278098,50,0,0,-4367.0,0.0,0.5466856735566643
0.0,427,450.0,390,498,22.469089879209616,43,0,0,-4375.0,0.0,0.5580898075552387
0.0,428,450.63,410,502,19.840693032250662,56,0,0,-4476.0,0.0,0.5605844618674269
0.0,429,450.9,383,502,20.9124364912365,48,0,0,-4425.0,0.0,0.5561297220242338
0.0,430,471.71,422,503,19.803179037720184,40,0,0,-4300.0,0.0,0.5559515324305061
0.0,431,479.44,420,534,18.676894816858606,49,0,0,-4412.0,0.0,0.5511404133998574
0.0,432,451.56,406,514,20.432483941019015,50,0,0,-4404.0,0.0,0.5538132573057734
0.0,433,442.6,380,491,19.714461696937096,50,0,0,-4441.0,0.0,0.5614754098360656
0.0,434,444.76,391,494,19.23128700841418,54,0,0,-4430.0,0.0,0.5488239486813971
0.0,435,467.3,417,515,21.208724619835113,59,0,0,-4448.0,0.0,0.5470420527441198
0.0,436,468.31,409,533,20.046293921820066,73,0,0,-4555.0,0.0,0.5671774768353528
0.0,437,475.39,408,516,19.93283472063118,63,0,0,-4423.0,0.0,0.5602280826799715
0.0,438,465.1,421,517,22.133910635041428,73,0,0,-4340.0,0.0,0.5514967925873129
0.0,439,442.79,399,489,16.395911075631023,50,0,0,-4439.0,0.0,0.5548823948681397
0.0,440,446.58,401,494,18.697689696858273,50,0,0,-4429.0,0.0,0.5589807555238774
0.0,441,439.73,382,500,23.061159988170587,46,0,0,-4391.0,0.0,0.5495367070563079
0.0,442,471.22,425,518,19.506706539034212,52,0,0,-4433.0,0.0,0.5591589451176051
0.0,443,454.96,388,514,19.99595959187755,72,0,0,-4454.0,0.0,0.5607626514611547
0.0,444,447.29,407,512,20.224883188785046,59,0,0,-4479.0,0.0,0.554704205274412
0.0,445,499.45,454,550,21.414189221168286,58,0,0,-4270.0,0.0,0.5413399857448326
0.0,446,452.03,409,507,19.93060711569018,46,0,0,-4618.0,0.0,0.5643264433357092
0.0,447,447.6,403,490,18.772852740060582,75,0,0,-4343.0,0.0,0.5443692088382038
0.0,448,487.8,425,540,20.379892050744527,56,0,0,-4379.0,0.0,0.5555951532430506
0.0,449,463.2,406,511,22.172505496673125,62,0,0,-4349.0,0.0,0.5623663578047042
0.0,450,442.68,398,511,20.2439521833065,68,0,0,-4441.0,0.0,0.5545260156806843
0.0,451,465.74,387,515,21.8483958221193,70,0,0,-4365.0,0.0,0.5523877405559515
0.0,452,443.44,404,492,18.34574610093577,52,0,0,-4601.0,0.0,0.5710976478973628
0.0,453,430.99,394,473,17.47540843585637,49,0,0,-4326.0,0.0,0.5531004989308624
0.0,454,454.7,407,503,18.820998910791108,54,0,0,-4490.0,0.0,0.5589807555238774
0.0,455,434.22,383,487,19.158068796201775,55,0,0,-4538.0,0.0,0.5662865288667142
0.0,456,482.83,434,526,18.55589124779513,61,0,0,-4469.0,0.0,0.5571988595866001
0.0,457,463.16,417,508,18.729506133371483,48,0,0,-4421.0,0.0,0.559871703492516
0.0,458,478.06,431,530,21.684934862710566,54,0,0,-4308.0,0.0,0.5454383464005702
0.0,459,469.23,413,521,21.183887745170853,59,0,0,-4393.0,0.0,0.5415181753385603
0.0,460,393.15,348,437,17.713483564787587,48,0,0,-4445.0,0.0,0.556664290805417
0.0,461,455.61,412,508,18.57681081348464,51,0,0,-4479.0,0.0,0.56503920171062
0.0,462,419.19,372,478,19.412725207966037,72,0,0,-4480.0,0.0,0.5605844618674269
0.0,463,479.77,443,541,19.493001308161862,48,0,0,-4409.0,0.0,0.5506058446186742
0.0,464,461.13,409,530,24.037743238498905,32,0,0,-4263.0,0.0,0.5470420527441198
0.0,465,431.46,392,477,18.971251935494397,69,0,0,-4497.0,0.0,0.5582679971489665
0.0,466,477.73,414,516,20.946529545487962,52,0,0,-4396.0,0.0,0.5441910192444761
0.0,467,415.96,363,463,21.33022268988301,68,0,0,-4521.0,0.0,0.5636136849607983
0.0,468,487.6,438,537,20.059910268991732,87,0,0,-4375.0,0.0,0.5466856735566643
0.0,469,426.12,383,472,18.438698435627174,58,0,0,-4394.0,0.0,0.5532786885245902
0.0,470,454.24,400,511,19.412944135292825,56,0,0,-4385.0,0.0,0.5473984319315752
0.0,471,463.36,412,522,21.39042776570866,49,0,0,-4457.0,0.0,0.5523877405559515
0.0,472,469.6,427,525,20.099253717489116,66,0,0,-4364.0,0.0,0.5564861012116893
0.0,473,470.65,412,533,22.355480312442406,55,0,0,-4348.0,0.0,0.5488239486813971
0.0,474,429.23,378,467,18.972535413064858,67,0,0,-4465.0,0.0,0.5591589451176051
0.0,475,447.83,400,497,20.77645542434994,56,0,0,-4452.0,0.0,0.5591589451176051
0.0,476,447.55,389,491,18.60880168092508,62,0,0,-4325.0,0.0,0.5441910192444761
0.0,477,475.56,420,538,21.20581052447654,47,0,0,-4388.0,0.0,0.5557733428367784
0.0,478,426.64,381,473,21.10806480945139,64,0,0,-4381.0,0.0,0.5509622238061297
0.0,479,479.05,434,543,22.117583502724706,57,0,0,-4431.0,0.0,0.5554169636493229
0.0,480,446.72,397,496,21.360749050536594,54,0,0,-4470.0,0.0,0.5488239486813971
0.0,481,435.39,379,488,21.18626677826936,69,0,0,-4460.0,0.0,0.561831789023521
0.0,482,473.35,424,514,20.54087388598645,58,0,0,-4433.0,0.0,0.5596935138987883
0.0,483,465.55,426,524,19.774415288447848,30,0,0,-4304.0,0.0,0.5463292943692089
0.0,484,442.46,406,481,17.688651729286775,43,0,0,-4527.0,0.0,0.5646828225231646
0.0,485,472.45,427,524,19.9691637281084,72,0,0,-4453.0,0.0,0.5554169636493229
0.0,486,484.41,424,543,23.543616969361356,36,0,0,-4315.0,0.0,0.5513186029935851
0.0,487,436.37,383,507,20.911554222486668,54,0,0,-4471.0,0.0,0.5584461867426942
0.0,488,487.26,422,527,21.974357783562183,57,0,0,-4335.0,0.0,0.5484675694939416
0.0,489,472.49,395,525,23.83295827210714,63,0,0,-4297.0,0.0,0.5502494654312188
0.0,490,467.87,419,511,16.848534060861198,49,0,0,-4428.0,0.0,0.554704205274412
0.0,491,436.21,398,488,17.795670821860018,70,0,0,-4498.0,0.0,0.5584461867426942
0.0,492,449.9,405,515,21.491160973758493,44,0,0,-4377.0,0.0,0.5580898075552387
0.0,493,478.75,431,522,22.35100668873776,51,0,0,-4440.0,0.0,0.5593371347113328
0.0,494,457.56,407,500,19.69483180938593,56,0,0,-4382.0,0.0,0.5511404133998574
0.0,495,429.04,375,482,20.514346199672072,65,0,0,-4379.0,0.0,0.5541696364932288
0.0,496,459.12,415,503,20.0191308502642,59,0,0,-4434.0,0.0,0.5548823948681397
0.0,497,462.99,410,508,20.40906416276846,54,0,0,-4436.0,0.0,0.5555951532430506
0.0,498,453.11,416,506,17.028737475221117,62,0,0,-4448.0,0.0,0.5559515324305061
0.0,499,431.65,397,497,20.506279526037872,67,0,0,-4554.0,0.0,0.5636136849607983
1e-09,0,52.03,19,79,12.20037294511934,0,0,0,-4468.00002478291,2.650895112310536e-07,0.5525659301496793
1e-09,1,41.7,15,69,10.408169867945084,0,0,0,-4584.000033569022,2.319784471183084e-07,0.5673556664290805
1e-09,2,59.88,32,98,12.116336079855165,0,0,0,-4322.000038648938,5.440615495899692e-07,0.5434782608695652
1e-09,3,54.23,24,84,12.197421858737199,0,0,0,-4469.000022676908,2.1809228201163933e-07,0.5600498930862438
1e-09,4,55.35,29,85,12.347773078575747,0,0,0,-4513.0000270118735,3.1812669476494193e-07,0.5568424803991446
1e-09,5,40.84,15,64,9.712589767924928,0,0,0,-4498.000035857069,2.1593132260022685e-07,0.5577334283677833
1e-09,6,60.81,28,88,11.934567440841748,0,0,0,-4403.000031810899,3.471013769740239e-07,0.5491803278688525
1e-09,7,45.02,23,75,11.772833133957178,0,0,0,-4388.000025212864,2.091364876832813e-07,0.5491803278688525
1e-09,8,75.0,41,114,15.39155612665594,0,0,0,-4448.000036205905,5.08094672113657e-07,0.559871703492516
1e-09,9,56.51,35,92,10.629670738080273,0,0,0,-4315.000024642818,4.001822162535973e-07,0.5457947255880257
1e-09,10,73.8,43,99,11.753297409663384,0,0,0,-4452.000023414799,3.9720089262118563e-07,0.5514967925873129
1e-09,11,60.93,30,100,14.145850981825024,0,0,0,-4379.000030948896,3.791037670453079e-07,0.5450819672131147
1e-09,12,70.06,40,98,11.520260413723294,0,0,0,-4391.000033615881,5.551191861741245e-07,0.5543478260869565
1e-09,13,78.9,36,108,14.008211877323959,0,0,0,-4413.000028816902,4.4509761210065335e-07,0.5523877405559515
1e-09,14,76.18,46,107,13.005675684100385,0,0,0,-4405.000046340859,8.851411621435545e-07,0.5564861012116893
1e-09,15,96.05,49,137,16.40937232193846,0,0,0,-4402.000022876735,4.7426510718651116e-07,0.5541696364932288
1e-09,16,64.18,40,112,13.615711512807549,0,0,0,-4288.000031802795,5.5820510169724e-07,0.546863863150392
1e-09,17,49.74,18,79,11.218395607215855,0,0,0,-4436.000030091897,2.1710275177611038e-07,0.5591589451176051
1e-09,18,48.19,17,73,10.41604051451414,0,0,0,-4364.0000300068505,2.1014966478105634e-07,0.5495367070563079
1e-09,19,61.11,28,88,12.196634781774847,0,0,0,-4351.0000443998915,4.7210869524860755e-07,0.5545260156806843
1e-09,20,67.31,46,97,10.7011167641513,0,0,0,-4541.000031468865,6.081345418351702e-07,0.5648610121168923
1e-09,21,85.8,48,147,16.583123951777,0,0,0,-4350.000031381803,7.821972758392803e-07,0.5450819672131147
1e-09,22,72.17,40,98,14.483822009400697,0,0,0,-4458.000024497903,4.020976120955311e-07,0.5595153243050606
1e-09,23,43.76,18,68,9.762294812184273,0,0,0,-4483.000037523953,2.6404632080812007e-07,0.5580898075552387
1e-09,24,65.01,25,106,13.620936091179635,0,0,0,-4555.00003145099,3.2901061786105856e-07,0.5630791161796151
1e-09,25,72.96,47,103,12.505134945293474,0,0,0,-4537.0000260319275,5.230722308624536e-07,0.5627227369921597
1e-09,26,42.46,18,92,11.780848865850032,0,0,0,-4425.000033453932,2.86067916022148e-07,0.554704205274412
1e-09,27,65.91,31,105,15.007394843876135,0,0,0,-4622.0000233048795,2.9312013793969527e-07,0.5641482537419815
1e-09,28,58.77,36,85,10.639412577769507,0,0,0,-4379.000027146788,4.062121661263518e-07,0.5575552387740556
1e-09,29,74.65,35,102,14.852188390940912,0,0,0,-4333.0000221517175,3.0828232411295176e-07,0.5550605844618675
1e-09,30,76.61,52,117,13.747650708393781,0,0,0,-4489.00002262777,4.5822980609955266e-07,0.5614754098360656
1e-09,31,85.91,57,122,12.783657536088802,0,0,0,-4382.000024307828,5.441715984488837e-07,0.5506058446186742
1e-09,32,62.51,27,100,12.899996124030427,0,0,0,-4472.000031918951,3.600489435484633e-07,0.5539914468995011
1e-09,33,90.02,54,115,12.969178848331147,0,0,0,-4398.000024549829,5.431711542769335e-07,0.5486457590876693
1e-09,34,78.38,48,123,14.918967792712738,0,0,0,-4421.0000211167135,4.152861947659403e-07,0.5498930862437633
1e-09,35,78.96,48,117,12.40316088745123,0,0,0,-4570.000038290006,7.619937605340965e-07,0.571632216678546
1e-09,36,67.85,35,100,12.372045101760664,0,0,0,-4490.000022663771,3.2322896004188806e-07,0.5545260156806843
1e-09,37,54.0,20,88,13.222707740852476,0,0,0,-4503.000032726028,2.4797191144898534e-07,0.5605844618674269
1e-09,38,68.81,33,115,14.971770102429439,0,0,0,-4418.000022178791,2.6120869733858854e-07,0.5602280826799715
1e-09,39,78.6,44,120,15.060544478869282,0,0,0,-4352.000022093796,3.9120368455769494e-07,0.547576621525303
1e-09,40,90.54,57,127,14.775263111024453,0,0,0,-4309.0000241207845,5.442152541945688e-07,0.550071275837491
1e-09,41,66.1,38,91,11.513904637437294,0,0,0,-4428.000035445831,5.591691660811193e-07,0.5577334283677833
1e-09,42,59.26,32,87,12.379515337847439,0,0,0,-4530.000035730138,4.1186194721376523e-07,0.5646828225231646
1e-09,43,74.6,43,104,12.409673645990855,0,0,0,-4356.000033116807,6.551936166943051e-07,0.552744119743407
1e-09,44,91.45,60,136,15.0262270713576,0,0,0,-4320.000027896877,7.051230568322353e-07,0.5465074839629366
1e-09,45,81.24,50,114,14.06066854740556,0,0,0,-4348.000032401863,6.621366992476396e-07,0.544903777619387
1e-09,46,66.47,32,100,13.627512612358865,0,0,0,-4345.000034269843,4.3615727918222547e-07,0.5506058446186742
1e-09,47,72.07,44,101,11.905675117354747,0,0,0,-4508.000024458888,4.6811146603431553e-07,0.5564861012116893
1e-09,48,71.77,38,96,12.281575631815326,0,0,0,-4354.000031627823,6.011769073666073e-07,0.5539914468995011
1e-09,49,66.87,40,92,12.309878147244188,0,0,0,-4287.000036684868,5.911315383855253e-07,0.5484675694939416
1e-09,50,77.98,44,113,14.303831654490347,0,0,0,-4377.000028571922,5.370784492697567e-07,0.5525659301496793
1e-09,51,69.94,43,105,14.109443646012412,0,0,0,-4489.000024034866,4.2313331505283713e-07,0.5621881682109765
1e-09,52,80.05,43,117,13.604686692460065,0,0,0,-4386.000061297719,1.0112808013218455e-06,0.5582679971489665
1e-09,53,94.16,63,133,13.23307976247404,0,0,0,-4401.000029313897,7.761027518426999e-07,0.5506058446186742
1e-09,54,75.88,45,115,14.317318184632205,0,0,0,-4481.0000330089,6.311001925496385e-07,0.5602280826799715
1e-09,55,68.88,36,112,14.036580780232772,0,0,0,-4411.000020455811,3.531886250129901e-07,0.550784034212402
1e-09,56,73.06,41,103,12.254648097762743,0,0,0,-4459.000035853972,5.900283213122748e-07,0.5600498930862438
1e-09,57,63.31,38,89,10.904765013515881,0,0,0,-4357.0000580167925,1.0042076610261574e-06,0.5418745545260156
1e-09,58,84.56,60,116,12.11306732417516,0,0,0,-4392.000025043725,6.442751327995211e-07,0.561831789023521
1e-09,59,62.29,28,110,14.425182841128912,0,0,0,-4296.0000230107435,2.372562448726967e-07,0.5418745545260156
1e-09,60,89.38,53,126,14.19421008721514,0,0,0,-4490.000025910832,5.681677066604607e-07,0.5497148966500356
1e-09,61,53.98,26,87,11.35779908256877,0,0,0,-4419.000031768959,3.6104120226809755e-07,0.5548823948681397
1e-09,62,57.67,26,80,11.759298448461966,0,0,0,-4523.000029507887,3.1611307349521667e-07,0.5564861012116893
1e-09,63,67.49,28,105,15.50773677878239,0,0,0,-4484.000027596947,3.0105275072855875e-07,0.5543478260869565
1e-09,64,55.8,28,82,11.291589790636214,0,0,0,-4419.00004184295,5.990505087538622e-07,0.5470420527441198
1e-09,65,82.79,50,120,14.314534571546503,0,0,0,-4437.000025885904,5.840965968673117e-07,0.5555951532430506
1e-09,66,81.08,47,122,15.021105152418047,0,0,0,-4347.000030991883,7.091166480677202e-07,0.550784034212402
1e-09,67,48.93,25,77,11.226980894256478,0,0,0,-4415.000031937887,3.481127350823954e-07,0.5563079116179616
1e-09,68,73.55,39,117,14.153709761048514,0,0,0,-4282.000033865821,5.931788109592162e-07,0.5450819672131147
1e-09,69,82.33,48,117,11.936544726175997,0,0,0,-4450.000025825866,5.301335477270186e-07,0.5573770491803278
1e-09,70,71.1,40,105,11.601293031382319,0,0,0,-4445.000030737019,5.479805622599088e-07,0.5506058446186742
1e-09,71,67.19,40,98,11.677923616807913,0,0,0,-4351.00003589093,6.210702849784866e-07,0.5513186029935851
1e-09,72,67.09,32,105,14.452747143709393,0,0,0,-4272.000028950866,3.671339072752744e-07,0.5408054169636494
1e-09,73,50.68,19,83,13.185507195402078,0,0,0,-4470.000026263839,2.2016138245817274e-07,0.5607626514611547
1e-09,74,66.36,37,98,12.8082161131049,0,0,0,-4341.000037560934,7.160660970839672e-07,0.5416963649322879
1e-09,75,94.26,57,132,14.71028211830079,0,0,0,-4303.000026868782,6.462178134825081e-07,0.5481111903064861
1e-09,76,102.74,66,148,13.468942051995027,0,0,0,-4304.000026754729,8.692704795976169e-07,0.5436564504632929
1e-09,77,49.26,20,77,12.958873407823692,0,0,0,-4506.000036406028,2.849719749065116e-07,0.5623663578047042
1e-09,78,74.39,40,109,12.986835642295624,0,0,0,-4483.000035958914,6.030859367456287e-07,0.5678902352102637
1e-09,79,82.46,53,123,14.13748209547938,0,0,0,-4508.000025367812,5.061883712187409e-07,0.5621881682109765
1e-09,80,83.39,58,121,13.387228988853519,0,0,0,-4533.00002961189,6.921100066392682e-07,0.5575552387740556
1e-09,81,82.32,47,122,15.500245159351513,0,0,0,-4398.000025634856,5.411438905866817e-07,0.5607626514611547
1e-09,82,96.03,61,139,14.99763648045918,0,0,0,-4315.000040747729,1.1212705430807546e-06,0.5506058446186742
1e-09,83,57.01,29,93,12.928646487548493,0,0,0,-4372.000033698835,3.971645128331147e-07,0.5516749821810406
1e-09,84,93.78,54,137,15.958433507083331,0,0,0,-4396.000025000814,5.811853043269366e-07,0.5509622238061297
1e-09,85,56.07,22,90,13.136403617428936,0,0,0,-4464.000033151039,2.8896101866848767e-07,0.5573770491803278
1e-09,86,58.75,27,88,11.598599053333984,0,0,0,-4383.000031785842,3.331579137011431e-07,0.5582679971489665
1e-09,87,80.02,37,109,13.773147788359784,0,0,0,-4439.000035807993,8.27006260806229e-07,0.5621881682109765
1e-09,88,50.14,27,86,11.873516749472332,0,0,0,-4533.000021930872,2.571277946117334e-07,0.5596935138987883
1e-09,89,78.13,36,115,14.080948121486708,0,0,0,-4464.000029054906,4.090943548362702e-07,0.5584461867426942
1e-09,90,69.07,43,107,13.953676934772426,0,0,0,-4466.000021747807,3.371924321982078e-07,0.5573770491803278
1e-09,91,80.1,46,123,13.638548309845882,0,0,0,-4480.000039205893,7.22106960893143e-07,0.5641482537419815
1e-09,92,68.28,43,103,11.948288580378362,0,0,0,-4379.000022107819,4.0118084143614396e-07,0.5481111903064861
1e-09,93,60.93,29,116,15.395619506859736,0,0,0,-4561.000024327953,3.120476321782917e-07,0.561831789023521
1e-09,94,72.64,51,103,12.254403290246328,0,0,0,-4450.000031539937,6.370637493091635e-07,0.5621881682109765
1e-09,95,54.24,18,96,12.478878154706054,0,0,0,-4476.000029058952,2.1404775907285511e-07,0.5538132573057734
1e-09,96,55.25,34,76,9.761531642114367,0,0,0,-4580.000028075984,3.690156518132426e-07,0.5648610121168923
1e-09,97,52.79,32,79,11.352792607988574,0,0,0,-4546.000023920862,2.6713769329944625e-07,0.5709194583036351
1e-09,98,66.79,38,99,11.91074724775906,0,0,0,-4424.000021525784,3.652157829492353e-07,0.5620099786172488
1e-09,99,58.98,19,95,13.767338159571732,0,0,0,-4518.000022012798,1.4320266927825287e-07,0.5671774768353528
1e-09,100,79.7,45,129,16.459951397255097,0,0,0,-4350.000028355858,5.541414793697186e-07,0.5434782608695652
1e-09,101,68.11,39,110,13.079675072416746,0,0,0,-4510.000029407904,5.520960257854313e-07,0.5609408410548824
1e-09,102,88.19,50,117,15.1846600225359,0,0,0,-4389.000023181767,4.95233507535886e-07,0.5609408410548824
1e-09,103,75.5,42,105,13.245754036671524,0,0,0,-4367.00003125793,5.2307041187305e-07,0.550071275837491
1e-09,104,65.42,33,96,12.524519950880356,0,0,0,-4458.00003080192,5.310803317115642e-07,0.550071275837491
1e-09,105,74.86,35,127,14.561607054168164,0,0,0,-4454.00002836193,3.440700311330147e-07,0.5616535994297933
1e-09,106,92.21,44,137,15.632207137829258,0,0,0,-4426.000030534793,5.002066245651804e-07,0.5600498930862438
1e-09,107,63.34,30,95,12.761833724038251,0,0,0,-4445.000025151944,3.090563041041605e-07,0.5552387740555952
1e-09,108,67.31,27,103,13.306911737890204,0,0,0,-4386.000032995829,3.791710696532391e-07,0.5518531717747683
1e-09,109,59.72,29,84,11.334972430491394,0,0,0,-4438.000048728824,4.771754902321845e-07,0.552744119743407
1e-09,110,100.35,62,138,15.229166096671216,0,0,0,-4280.000020023653,6.223472155397758e-07,0.5443692088382038
1e-09,111,57.31,33,95,11.316090314238393,0,0,0,-4351.000021991754,2.7324585971655324e-07,0.5497148966500356
1e-09,112,68.35,38,96,12.916172033539969,0,0,0,-4380.000019882753,2.8924750949954614e-07,0.5506058446186742
1e-09,113,63.8,29,100,12.708265027138836,0,0,0,-4450.000031934935,3.8406506064347923e-07,0.5484675694939416
1e-09,114,60.58,34,98,12.823556448973116,0,0,0,-4588.000027866928,4.4407261157175526e-07,0.5689593727726301
1e-09,115,88.9,65,122,13.668577102244404,0,0,0,-4497.000026706888,6.821119313826784e-07,0.5671774768353528
1e-09,116,87.5,55,125,15.144305860619694,0,0,0,-4264.000024978767,5.752326615038328e-07,0.5445473984319316
1e-09,117,84.76,50,125,15.319347244579319,0,0,0,-4407.000043697967,9.200330168823712e-07,0.5514967925873129
1e-09,118,69.87,40,103,11.438229758140023,0,0,0,-4422.000021719796,3.962040864280425e-07,0.5582679971489665
1e-09,119,72.54,39,105,13.505865392487815,0,0,0,-4424.0000358619445,6.250556907616556e-07,0.5573770491803278
1e-09,120,64.19,34,93,10.46010994206084,0,0,0,-4463.000032855929,4.0807117329677567e-07,0.5514967925873129
1e-09,121,45.27,26,83,10.647868331267063,0,0,0,-4569.000043386957,4.550429366645403e-07,0.5627227369921597
1e-09,122,66.45,33,102,14.252280519271293,0,0,0,-4344.000037603907,5.350930223357864e-07,0.5509622238061297
1e-09,123,95.74,61,136,13.8532451071942,0,0,0,-4352.000027916765,8.022343536140397e-07,0.5575552387740556
1e-09,124,82.08,44,124,15.91017284632697,0,0,0,-4210.000028041752,5.862484613317065e-07,0.5359942979330007
1e-09,125,71.97,38,102,12.36078880978071,0,0,0,-4394.000026461826,5.511747076525353e-07,0.5573770491803278
1e-09,126,53.42,14,90,12.709980330433245,0,0,0,-4584.00003434498,1.9302024156786501e-07,0.5611190306486101
1e-09,127,75.08,41,108,12.526515876332093,0,0,0,-4525.000028927881,4.48118953499943e-07,0.5584461867426942
1e-09,128,70.46,29,95,12.487129373879332,0,0,0,-4463.000036306953,4.0104714571498334e-07,0.5612972202423379
1e-09,129,50.56,27,83,9.96626309104872,0,0,0,-4422.000025359849,2.8415070119081065e-07,0.5636136849607983
1e-09,130,52.38,19,97,11.995649211276563,0,0,0,-4369.000031271892,2.491078703314997e-07,0.5504276550249465
1e-09,131,56.93,28,81,11.548380838888194,0,0,0,-4368.000024765879,2.7212081477046013e-07,0.5529223093371347
1e-09,132,72.28,41,101,12.586564265120169,0,0,0,-4369.000027057797,4.472030923352577e-07,0.5452601568068425
1e-09,133,48.02,16,85,12.42898225921978,0,0,0,-4440.000037358987,2.650122041814029e-07,0.5531004989308624
1e-09,134,77.57,49,119,13.367314614386842,0,0,0,-4304.000032150816,6.531836334033869e-07,0.5406272273699216
1e-09,135,75.75,43,107,14.138864876644094,0,0,0,-4453.0000317499525,5.350475476006977e-07,0.5604062722736992
1e-09,136,73.73,42,107,13.935461958614791,0,0,0,-4489.000025288803,4.3019736040150747e-07,0.556664290805417
1e-09,137,62.52,35,89,12.276383832383216,0,0,0,-4421.000030620938,4.6706190914846957e-07,0.5525659301496793
1e-09,138,62.42,32,95,14.10969879196576,0,0,0,-4500.000045561002,6.579984983545728e-07,0.5611190306486101
1e-09,139,58.53,34,91,11.718749933333333,0,0,0,-4492.000031292914,4.070861905347556e-07,0.567712045616536
1e-09,140,73.37,46,107,11.871524754638724,0,0,0,-4401.000028497932,5.200672603677958e-07,0.5571988595866001
1e-09,141,66.15,36,93,12.534253069090314,0,0,0,-4433.0000300639895,4.710109351435676e-07,0.5584461867426942
1e-09,142,52.67,27,76,10.428858997992062,0,0,0,-4435.00002505691,2.650895112310536e-07,0.5568424803991446
1e-09,143,73.9,47,105,12.009579509708074,0,0,0,-4361.000042855859,9.071409294847399e-07,0.5481111903064861
1e-09,144,63.69,28,90,11.968036597537626,0,0,0,-4407.000045714975,5.330248313839547e-07,0.5548823948681397
1e-09,145,72.83,45,106,11.778841199371012,0,0,0,-4404.000025733845,4.521543814917095e-07,0.5637918745545261
1e-09,146,54.61,21,90,13.87868509621859,0,0,0,-4611.000029352003,2.709966793190688e-07,0.5639700641482538
1e-09,147,62.94,37,99,11.922935880059072,0,0,0,-4498.000021428784,2.932165443780832e-07,0.5591589451176051
1e-09,148,47.57,23,74,10.95833472750308,0,0,0,-4495.0000292069435,3.050563464057632e-07,0.556664290805417
1e-09,149,74.63,35,111,14.611403081155485,0,0,0,-4440.000035956986,5.32014382770285e-07,0.5550605844618675
1e-09,150,65.31,36,97,11.578164794128645,0,0,0,-4510.000031370967,4.570329110720195e-07,0.5612972202423379
1e-09,151,72.01,41,110,13.455478438167852,0,0,0,-4432.000038788933,6.290665623964742e-07,0.5550605844618675
1e-09,152,78.44,40,114,15.281570599908898,0,0,0,-4297.000020998705,3.822951839538291e-07,0.5520313613684961
1e-09,153,54.7,33,96,11.287603820120548,0,0,0,-4445.0000369768495,5.1715051085921e-07,0.5541696364932288
1e-09,154,66.67,32,106,15.03333296378418,0,0,0,-4366.000022363681,2.683191269170493e-07,0.546863863150392
1e-09,155,63.4,38,104,12.749117616525467,0,0,0,-4493.000032633906,4.560943125397898e-07,0.5563079116179616
1e-09,156,71.35,41,100,12.587593097967538,0,0,0,-4423.000024195787,3.5321318136993796e-07,0.5504276550249465
1e-09,157,81.81,57,115,12.610864363714327,0,0,0,-4474.000026729857,6.091422619647346e-07,0.5518531717747683
1e-09,158,84.43,52,118,13.528676949354654,0,0,0,-4384.000032445854,7.121461749193259e-07,0.5559515324305061
1e-09,159,67.01,31,107,12.669250175128756,0,0,0,-4436.000022257797,2.3820302885724232e-07,0.5538132573057734
1e-09,160,76.7,53,105,12.256018929489299,0,0,0,-4407.000031396827,6.661730367341079e-07,0.5534568781183179
1e-09,161,61.55,32,97,13.300657878466012,0,0,0,-4404.000031249972,4.060275387018919e-07,0.552744119743407
1e-09,162,61.98,40,98,11.175848961040947,0,0,0,-4321.000023594755,4.002458808827214e-07,0.5548823948681397
1e-09,163,69.06,40,109,13.226352482827606,0,0,0,-4485.000022945878,3.861214281641878e-07,0.5522095509622238
1e-09,164,87.91,51,122,16.50763156845948,0,0,0,-4555.000033101063,6.839363777544349e-07,0.5600498930862438
1e-09,165,80.6,44,116,14.854628908188854,0,0,0,-4414.000030946902,5.570973371504806e-07,0.5645046329294369
1e-09,166,73.42,32,103,11.62856826956784,0,0,0,-4335.000023432835,3.031645974260755e-07,0.5538132573057734
1e-09,167,71.91,36,100,13.627248438331195,0,0,0,-4295.000025223828,3.13171767629683e-07,0.5425873129009265
1e-09,168,87.19,45,115,14.231440545496437,0,0,0,-4360.000023344834,4.341663952800445e-07,0.5502494654312188
1e-09,169,89.88,56,126,15.204788719347599,0,0,0,-4369.000038900804,8.621964298072271e-07,0.5532786885245902
1e-09,170,81.25,48,126,16.24399889189851,0,0,0,-4419.000026559796,4.482035365072079e-07,0.550784034212402
1e-09,171,56.19,35,81,9.33133966802195,0,0,0,-4514.000027155977,3.88023181585595e-07,0.5543478260869565
1e-09,172,59.82,33,90,11.624439771447053,0,0,0,-4444.00002302379,3.0620958568761125e-07,0.554704205274412
1e-09,173,64.7,39,99,12.037856952132302,0,0,0,-4323.000023194871,3.4712957130977884e-07,0.5427655024946543
1e-09,174,79.0,44,107,13.393281898026338,0,0,0,-4393.000024007867,3.7113295547896996e-07,0.5541696364932288
1e-09,175,91.81,50,129,15.925259809497613,0,0,0,-4385.00003310787,6.761301847291179e-07,0.5518531717747683
1e-09,176,82.62,34,126,18.007098600274283,0,0,0,-4541.000029385906,5.6509452406317e-07,0.5636136849607983
1e-09,177,77.77,45,111,13.944787556646391,0,0,0,-4423.0000259169265,4.5307388063520193e-07,0.5584461867426942
1e-09,178,73.45,47,102,12.300711361543282,0,0,0,-4486.000026064804,4.761959644383751e-07,0.5605844618674269
1e-09,179,79.69,50,105,12.360173946996055,0,0,0,-4463.000037198926,8.060733307502232e-07,0.5559515324305061
1e-09,180,76.29,40,111,12.795542192498136,0,0,0,-4438.00002538981,3.901905074599199e-07,0.5609408410548824
1e-09,181,80.73,34,114,15.800541129973999,0,0,0,-4485.0000260298775,3.9112273952923715e-07,0.5596935138987883
1e-09,182,65.54,33,105,14.017432004472147,0,0,0,-4452.000028265957,4.080429789610207e-07,0.5539914468995011
1e-09,183,68.8,40,111,13.532183859229818,0,0,0,-4487.000029102932,4.620678737410344e-07,0.5646828225231646
1e-09,184,91.67,62,124,12.649154121916611,0,0,0,-4356.000026434714,6.232867235667072e-07,0.5536350677120456
1e-09,185,91.95,53,126,15.501209630219186,0,0,0,-4429.0000335139,8.85099325387273e-07,0.562544547398432
1e-09,186,83.08,47,120,15.63437238906634,0,0,0,-4347.000035813808,6.551927071996033e-07,0.5555951532430506
1e-09,187,62.56,33,100,12.414765402535805,0,0,0,-4477.000059456852,8.431479727732949e-07,0.550784034212402
1e-09,188,63.45,39,94,10.989426736640997,0,0,0,-4542.000024582889,3.851109795505181e-07,0.5545260156806843
1e-09,189,63.19,42,90,10.450545440310758,0,0,0,-4540.000028777961,5.340389179764315e-07,0.5548823948681397
1e-09,190,64.57,21,95,14.67941075111668,0,0,0,-4317.0000277259005,4.590992830344476e-07,0.5491803278688525
1e-09,191,92.69,54,140,14.569622507120766,0,0,0,-4332.000030258843,6.381569619406946e-07,0.550784034212402
1e-09,192,58.14,26,91,12.086372491363983,0,0,0,-4226.000025661882,2.571177901700139e-07,0.5375980042765502
1e-09,193,87.02,56,117,13.030717555069636,0,0,0,-4382.000025046788,5.352112566470169e-07,0.5495367070563079
1e-09,194,67.25,36,112,12.380932921230128,0,0,0,-4557.000022969883,3.471177478786558e-07,0.5634354953670706
1e-09,195,58.25,30,96,12.548605500213958,0,0,0,-4474.000027368857,3.521427061059512e-07,0.5602280826799715
1e-09,196,69.07,33,104,13.562636174431576,0,0,0,-4451.000023506906,3.15094439429231e-07,0.5477548111190307
1e-09,197,68.73,41,97,13.493594776782057,0,0,0,-4388.000027084819,4.351813913672231e-07,0.5504276550249465
1e-09,198,71.15,42,120,11.96609794377432,0,0,0,-4551.000025817828,4.861722118221223e-07,0.5675338560228083
1e-09,199,69.11,37,115,12.480300477151982,0,0,0,-4486.0000344550335,4.89966623717919e-07,0.5538132573057734
1e-09,200,76.92,40,110,14.780175912349625,0,0,0,-4464.000029552918,4.32081833423581e-07,0.5593371347113328
1e-09,201,57.42,22,89,12.639762655999519,0,0,0,-4448.000026835982,2.440183379803784e-07,0.5541696364932288
1e-09,202,72.97,46,108,13.850960255520194,0,0,0,-4497.0000273999685,4.910316420136951e-07,0.5614754098360656
1e-09,203,59.55,27,89,10.751162727816933,0,0,0,-4546.000029068886,3.2211391953751445e-07,0.5609408410548824
1e-09,204,86.28,54,128,13.281626406430805,0,0,0,-4491.000037273845,8.101551429717802e-07,0.5604062722736992
1e-09,205,79.35,45,113,12.424471819759583,0,0,0,-4403.000020940805,3.7719473766628653e-07,0.5561297220242338
1e-09,206,59.85,32,90,11.841769293479754,0,0,0,-4384.000029532894,3.7110658013261855e-07,0.5545260156806843
1e-09,207,47.98,25,86,11.356918596168594,0,0,0,-4531.000030913013,3.129871402052231e-07,0.5680684248039914
1e-09,208,60.57,31,90,12.236220821806054,0,0,0,-4419.000029809852,3.5114771890221164e-07,0.5639700641482538
1e-09,209,51.32,16,81,13.50176284786546,0,0,0,-4511.000022941795,1.402049747412093e-07,0.556664290805417
1e-09,210,62.46,31,101,13.4256619948515,0,0,0,-4520.00001996575,2.442502591293305e-07,0.5653955808980755
1e-09,211,55.34,28,88,11.490187117710486,0,0,0,-4430.000025083873,2.8112663130741566e-07,0.5552387740555952
1e-09,212,97.96,56,126,14.562911796752736,0,0,0,-4490.0000280699005,6.940990715520456e-07,0.562544547398432
1e-09,213,65.07,41,105,12.73362085190226,0,0,0,-4437.000022999814,3.9718634070595726e-07,0.5564861012116893
1e-09,214,105.61,75,146,15.10423450559478,0,0,0,-4482.000034305832,1.0431685950607061e-06,0.5568424803991446
1e-09,215,69.08,37,102,13.638680288063064,0,0,0,-4491.000028145959,4.4004082155879587e-07,0.5529223093371347
1e-09,216,60.15,34,95,12.130436925354338,0,0,0,-4445.000038741899,5.441015673568472e-07,0.5552387740555952
1e-09,217,61.84,31,96,12.261908497456668,0,0,0,-4343.000024608768,3.322320480947383e-07,0.5477548111190307
1e-09,218,65.82,45,96,11.326411611803627,0,0,0,-4398.000030669909,5.930905899731442e-07,0.5520313613684961
1e-09,219,80.98,47,117,14.355472823979014,0,0,0,-4537.000025880921,4.6407876652665436e-07,0.562544547398432
1e-09,220,67.05,32,106,14.603681042805611,0,0,0,-4428.000023601828,3.181721695000306e-07,0.5577334283677833
1e-09,221,81.38,50,123,14.362994116826755,0,0,0,-4353.000028159778,5.342226359061897e-07,0.5538132573057734
1e-09,222,76.0,51,107,12.349898785010346,0,0,0,-4512.000043307962,9.420382411917672e-07,0.5648610121168923
1e-09,223,95.8,70,137,13.319159132617944,0,0,0,-4396.000025398787,7.472126526408829e-07,0.5557733428367784
1e-09,224,58.58,22,93,13.231915961039052,0,0,0,-4416.000024661843,2.331571522518061e-07,0.5588025659301497
1e-09,225,67.74,44,92,9.936417865609318,0,0,0,-4473.000025655908,4.600924512487836e-07,0.5575552387740556
1e-09,226,69.31,42,106,13.051203009684587,0,0,0,-4362.000020834727,3.65273081115447e-07,0.5531004989308624
1e-09,227,77.55,26,107,14.0280968060532,0,0,0,-4506.000030007928,3.270715751568787e-07,0.5609408410548824
1e-09,228,66.48,39,102,12.015390130994499,0,0,0,-4488.000032774013,5.139872882864438e-07,0.5661083392729864
1e-09,229,78.58,46,110,12.259836866777633,0,0,0,-4413.000030207873,6.431264409911819e-07,0.5491803278688525
1e-09,230,57.22,25,84,11.549528128889076,0,0,0,-4467.000026425919,2.8208160074427724e-07,0.5573770491803278
1e-09,231,94.14,50,127,15.477092750255133,0,0,0,-4324.000029930812,6.381878847605549e-07,0.5381325730577334
1e-09,232,48.94,27,78,10.693755187023873,0,0,0,-4478.000029783972,3.1702802516520023e-07,0.5602280826799715
1e-09,233,71.23,39,111,13.33330791664244,0,0,0,-4437.000026218874,3.991262929048389e-07,0.5511404133998574
1e-09,234,78.17,44,112,14.224665198168989,0,0,0,-4366.000040851862,7.85138581704814e-07,0.5463292943692089
1e-09,235,55.47,26,95,12.718848218293981,0,0,0,-4442.000022210848,2.661518010427244e-07,0.5531004989308624
1e-09,236,55.27,22,86,11.39373073229309,0,0,0,-4371.000035908894,3.60106241714675e-07,0.5568424803991446
1e-09,237,93.9,53,128,15.590702357494997,0,0,0,-4365.000041900851,9.241484804078937e-07,0.5514967925873129
1e-09,238,65.82,39,98,11.961086907133481,0,0,0,-4441.000025938863,4.29137799073942e-07,0.5525659301496793
1e-09,239,77.93,49,102,11.471054877385951,0,0,0,-4368.000025405762,4.712373993243091e-07,0.5466856735566643
1e-09,240,43.11,21,78,10.87372521263987,0,0,0,-4536.000028215016,2.419837983325124e-07,0.5525659301496793
1e-09,241,54.83,30,80,10.727585935335126,0,0,0,-4444.000031196928,3.810719135799445e-07,0.5564861012116893
1e-09,242,56.0,28,81,11.739676315810415,0,0,0,-4539.000025493915,3.040850060642697e-07,0.5561297220242338
1e-09,243,57.57,29,87,11.924139381942833,0,0,0,-4416.000025269866,3.21134393743705e-07,0.5516749821810406
1e-09,244,68.33,29,104,14.199334491447127,0,0,0,-4453.000027210918,3.1708168535260484e-07,0.5561297220242338
1e-09,245,88.6,58,118,12.35637487291479,0,0,0,-4486.000022944833,5.47166564501822e-07,0.5570206699928724
1e-09,246,74.2,37,107,14.772271321635005,0,0,0,-4422.000029528813,4.521871233009733e-07,0.5573770491803278
1e-09,247,69.37,35,111,15.035062354376851,0,0,0,-4375.000023084778,4.0422219171887264e-07,0.5595153243050606
1e-09,248,80.25,36,105,13.240373861791063,0,0,0,-4320.0000436777145,6.862856025691144e-07,0.5506058446186742
1e-09,249,77.36,47,106,13.021919981323798,0,0,0,-4345.000024898814,4.71185558126308e-07,0.5482893799002139
1e-09,250,59.03,34,86,10.862278766446753,0,0,0,-4362.000044067961,6.100390237406828e-07,0.5550605844618675
1e-09,251,74.74,40,118,13.80769350760655,0,0,0,-4473.000032064018,5.239817255642265e-07,0.5602280826799715
1e-09,252,81.76,53,118,12.841432941848817,0,0,0,-4472.000036361015,8.449851520708762e-07,0.5630791161796151
1e-09,253,72.07,35,122,13.589889624275836,0,0,0,-4505.000034153118,5.10882273374591e-07,0.5616535994297933
1e-09,254,58.32,28,105,12.689271058654235,0,0,0,-4362.000023883854,2.751457941485569e-07,0.544903777619387
1e-09,255,53.84,26,85,12.221882015467175,0,0,0,-4370.000028100868,3.431323420954868e-07,0.5575552387740556
1e-09,256,67.2,37,100,13.731715115017499,0,0,0,-4535.000023423833,3.7316658563213423e-07,0.5646828225231646
1e-09,257,66.56,35,103,12.725030451829968,0,0,0,-4343.0000292348695,3.8313010009005666e-07,0.5548823948681397
1e-09,258,82.09,55,125,14.12734582290672,0,0,0,-4301.0000321318175,7.271828508237377e-07,0.5506058446186742
1e-09,259,69.43,38,116,14.109043199310149,0,0,0,-4327.0000300758265,4.6717377699678764e-07,0.550071275837491
1e-09,260,73.39,43,121,15.077065364320738,0,0,0,-4478.000032488994,5.620058800559491e-07,0.5577334283677833
1e-09,261,56.21,24,93,13.908483022961203,0,0,0,-4450.000023408862,2.4013752408791333e-07,0.5545260156806843
1e-09,262,85.24,46,121,16.20069134327298,0,0,0,-4430.000036564851,6.771488187951036e-07,0.5611190306486101
1e-09,263,71.39,49,113,12.921218982743076,0,0,0,-4601.000022509822,4.491776053328067e-07,0.5671774768353528
1e-09,264,58.13,17,91,12.836397469695305,0,0,0,-4409.000025578819,1.5818113752175122e-07,0.5520313613684961
1e-09,265,53.12,31,84,11.543205793885857,0,0,0,-4346.000023535799,3.0720093491254374e-07,0.5497148966500356
1e-09,266,76.77,34,106,14.675050255450575,0,0,0,-4526.00003785398,5.490201147040352e-07,0.5641482537419815
1e-09,267,72.17,40,122,15.236833660573971,0,0,0,-4384.000026978761,4.522389644989744e-07,0.5523877405559515
1e-09,268,84.12,44,119,14.45356703378097,0,0,0,-4379.000027889859,5.231413524597883e-07,0.5532786885245902
1e-09,269,51.12,22,86,11.877945950373743,0,0,0,-4400.000022715784,2.0221523300278932e-07,0.5534568781183179
1e-09,270,73.84,45,100,11.726653401546411,0,0,0,-4511.00003162001,5.969895937596448e-07,0.5604062722736992
1e-09,271,52.99,24,88,11.438964113939688,0,0,0,-4335.000029079773,2.8322665457380936e-07,0.5497148966500356
1e-09,272,66.09,36,92,11.568141596643775,0,0,0,-4389.000019654798,2.752021828200668e-07,0.5454383464005702
1e-09,273,76.45,44,115,15.134315313221144,0,0,0,-4460.000025953862,4.4013813749188557e-07,0.5543478260869565
1e-09,274,83.99,52,114,15.661733620515959,0,0,0,-4441.000024315807,5.121928552398458e-07,0.5563079116179616
1e-09,275,77.09,39,105,13.601540353945209,0,0,0,-4463.000020099884,3.3311607694486156e-07,0.5511404133998574
1e-09,276,64.2,31,100,15.32710018235674,0,0,0,-4437.00003386093,4.370704118628055e-07,0.5514967925873129
1e-09,277,71.46,41,96,12.750231370449715,0,0,0,-4429.000029318864,5.201354724704288e-07,0.5595153243050606
1e-09,278,76.97,43,117,14.245318529257252,0,0,0,-4293.0000242557635,4.422363417688757e-07,0.5523877405559515
1e-09,279,84.73,54,119,13.985603311977641,0,0,0,-4389.000022376815,4.621851985575631e-07,0.5511404133998574
1e-09,280,59.92,36,91,11.226468723512305,0,0,0,-4466.00003318693,5.000702003599145e-07,0.5534568781183179
1e-09,281,78.94,48,129,14.298125751300413,0,0,0,-4417.000022693848,4.321518645156175e-07,0.5495367070563079
1e-09,282,74.11,43,107,14.522324194150192,0,0,0,-4528.00003194393,6.140708137536421e-07,0.5637918745545261
1e-09,283,67.59,36,97,14.291322542018287,0,0,0,-4446.000030420969,4.30030922871083e-07,0.562544547398432
1e-09,284,83.28,54,118,12.78599233536451,0,0,0,-4372.00005025476,1.075240106729325e-06,0.5491803278688525
1e-09,285,62.86,37,85,11.645617201333728,0,0,0,-4555.0000219388185,3.7218160287011415e-07,0.5611190306486101
1e-09,286,45.21,21,76,11.64585333927918,0,0,0,-4598.000036933112,3.658878995338455e-07,0.5668210976478973
1e-09,287,59.35,33,90,12.53185939914744,0,0,0,-4402.0000378348395,4.94160303787794e-07,0.5532786885245902
1e-09,288,56.37,28,83,12.132316349320933,0,0,0,-4439.000024161841,2.5415920390514657e-07,0.5559515324305061
1e-09,289,73.74,40,113,15.937139015519692,0,0,0,-4557.000037257016,6.539839887409471e-07,0.5707412687099074
1e-09,290,70.97,40,109,14.379468001285723,0,0,0,-4351.0000243208115,4.6618879423476756e-07,0.5555951532430506
1e-09,291,66.16,25,110,15.897622463752246,0,0,0,-4486.000028661022,3.069781087106094e-07,0.5568424803991446
1e-09,292,54.36,26,86,11.948656828279905,0,0,0,-4420.000031636946,3.15054421662353e-07,0.5479330007127584
1e-09,293,55.52,20,92,12.535134622332542,0,0,0,-4448.00004181801,3.5398988984525204e-07,0.5541696364932288
1e-09,294,70.36,44,99,12.259298511742015,0,0,0,-4404.000026261849,5.421516107162461e-07,0.5612972202423379
1e-09,295,74.82,37,105,13.9308147643991,0,0,0,-4407.000037537908,5.830925147165544e-07,0.5506058446186742
1e-09,296,49.87,14,83,12.395688766663996,0,0,0,-4412.000021777818,1.991820681723766e-07,0.562544547398432
1e-09,297,45.67,20,73,10.475738637442232,0,0,0,-4501.000035718946,2.7905480237677693e-07,0.5612972202423379
1e-09,298,70.11,39,104,13.64543513413918,0,0,0,-4346.000024512809,3.981904228567146e-07,0.5497148966500356
1e-09,299,59.96,20,92,13.176433508351188,0,0,0,-4293.000027164837,2.2416315914597362e-07,0.550784034212402
1e-09,300,78.39,46,125,13.546139671507893,0,0,0,-4505.0000346869965,6.570035111508332e-07,0.5616535994297933
1e-09,301,59.56,31,103,12.509452426065659,0,0,0,-4446.000033935975,4.4302487367531285e-07,0.5541696364932288
1e-09,302,62.06,23,105,14.182961608916523,0,0,0,-4410.000025083842,2.1815776563016698e-07,0.5588025659301497
1e-09,303,74.91,45,125,14.907109042332788,0,0,0,-4537.000028879912,6.130876499810256e-07,0.5570206699928724
1e-09,304,55.82,29,99,13.03639520726493,0,0,0,-4426.000025209919,3.180812200298533e-07,0.5548823948681397
1e-09,305,85.01,55,113,13.88416003941182,0,0,0,-4409.000035287851,8.321494533447549e-07,0.5561297220242338
1e-09,306,77.7,49,111,13.150285168010617,0,0,0,-4322.000021846727,4.4927310227649286e-07,0.5447255880256593
1e-09,307,68.03,37,102,10.758675569046591,0,0,0,-4408.0000257458505,3.891491360263899e-07,0.5529223093371347
1e-09,308,62.39,31,95,13.726539986464179,0,0,0,-4406.000029839961,3.8803864299552515e-07,0.5548823948681397
1e-09,309,82.51,48,120,14.336314031158777,0,0,0,-4362.000024262756,5.402444003266282e-07,0.552744119743407
1e-09,310,53.58,14,83,12.826675329172405,0,0,0,-4520.000027976017,1.6798276192275807e-07,0.5637918745545261
1e-09,311,64.81,39,89,11.262055762603913,0,0,0,-4433.000032583851,5.79148945689667e-07,0.5571988595866001
1e-09,312,82.31,42,112,14.934989119513949,0,0,0,-4408.000022497785,4.2821557144634426e-07,0.5586243763364219
1e-09,313,65.5,42,101,12.299186964998947,0,0,0,-4402.000024074754,4.35245965491049e-07,0.552744119743407
1e-09,314,69.41,41,104,12.94302514870461,0,0,0,-4365.000038452891,6.611089702346362e-07,0.5561297220242338
1e-09,315,67.82,39,101,12.885169769933183,0,0,0,-4567.000025836908,4.270914359949529e-07,0.5602280826799715
1e-09,316,103.58,69,139,14.88098115044838,0,0,0,-4448.000026155775,8.072247510426678e-07,0.5588025659301497
1e-09,317,73.08,45,101,11.51840266703678,0,0,0,-4536.000032332983,6.0901675169589e-07,0.56503920171062
1e-09,318,78.08,44,110,12.470509211736303,0,0,0,-4446.000030492842,5.501578925759532e-07,0.5623663578047042
1e-09,319,72.24,30,109,14.12948689797333,0,0,0,-4354.000030117876,3.911236490239389e-07,0.5589807555238774
1e-09,320,71.46,42,109,11.885638392614846,0,0,0,-4451.000060936807,1.061192961060442e-06,0.557911617961511
1e-09,321,91.6,52,131,15.635856228553651,0,0,0,-4419.0000277978515,5.791480361949652e-07,0.5563079116179616
1e-09,322,44.65,19,70,12.004478331022966,0,0,0,-4318.0000292528475,2.3315260477829725e-07,0.5554169636493229
1e-09,323,67.88,36,98,13.332876658845983,0,0,0,-4328.000030651781,5.712190613849089e-07,0.5516749821810406
1e-09,324,93.88,66,132,14.887095082654643,0,0,0,-4348.0000397078,1.0311996447853744e-06,0.5532786885245902
1e-09,325,75.84,41,101,13.080305806822713,0,0,0,-4311.000028866818,4.791818355442956e-07,0.5509622238061297
1e-09,326,99.79,65,133,15.394346364818482,0,0,0,-4370.000020974794,5.722058631363325e-07,0.5586243763364219
1e-09,327,63.7,34,95,14.234816472297773,0,0,0,-4311.000023509737,3.3526339393574744e-07,0.5470420527441198
1e-09,328,74.19,48,106,12.468115334724812,0,0,0,-4459.000027423905,5.600950316875242e-07,0.5571988595866001
1e-09,329,84.15,53,110,12.692025055128122,0,0,0,-4493.00003070288,7.74120053392835e-07,0.5614754098360656
1e-09,330,70.11,42,105,13.315325756435701,0,0,0,-4381.0000316079395,5.590609362116084e-07,0.550071275837491
1e-09,331,73.54,51,110,12.504735103151926,0,0,0,-4436.000040576934,8.440656529273838e-07,0.5525659301496793
1e-09,332,58.9,29,95,13.08166656049603,0,0,0,-4464.000024399843,2.9315742722246796e-07,0.5545260156806843
1e-09,333,79.98,49,114,13.336401313697783,0,0,0,-4463.000035358878,7.341213859035634e-07,0.5593371347113328
1e-09,334,88.07,55,129,15.628342842412948,0,0,0,-4591.000026612926,5.540732672670856e-07,0.5630791161796151
1e-09,335,72.86,45,112,13.549922509003512,0,0,0,-4426.000027277895,5.021047400077805e-07,0.5568424803991446
1e-09,336,84.46,48,126,16.06512994033973,0,0,0,-4328.000027027881,6.141190169728361e-07,0.5518531717747683
1e-09,337,79.63,55,109,11.64272734371118,0,0,0,-4462.000033668933,7.120670488802716e-07,0.5561297220242338
1e-09,338,52.94,27,95,12.19165288219772,0,0,0,-4476.000036409003,3.879968062392436e-07,0.5557733428367784
1e-09,339,73.67,31,101,12.28336680230628,0,0,0,-4392.000030163866,4.0613394958199933e-07,0.5525659301496793
1e-09,340,63.7,39,102,12.280472303620899,0,0,0,-4363.000045366859,7.121407179511152e-07,0.5450819672131147
1e-09,341,62.2,38,94,12.370933675353692,0,0,0,-4447.000032887937,4.490630090003833e-07,0.5491803278688525
1e-09,342,90.05,51,139,15.425546991922198,0,0,0,-4227.000024869746,6.562540875165723e-07,0.5420527441197434
1e-09,343,79.45,55,110,12.299898373563906,0,0,0,-4360.000024342761,5.362389856600203e-07,0.5484675694939416
1e-09,344,79.25,45,132,14.414836107288906,0,0,0,-4475.000031635975,6.050249794498086e-07,0.5561297220242338
1e-09,345,68.67,46,110,13.313943818418343,0,0,0,-4410.00003984885,7.491498763556592e-07,0.5543478260869565
1e-09,346,60.6,36,90,11.18212859879549,0,0,0,-4576.000035646931,5.300689736031927e-07,0.5682466143977192
1e-09,347,123.51,93,163,15.649597438911968,0,0,0,-4348.000031369729,1.279270691156853e-06,0.5532786885245902
1e-09,348,61.23,33,102,12.827981135003279,0,0,0,-4375.00002461184,3.1616036721970886e-07,0.5538132573057734
1e-09,349,116.33,86,156,15.188189490521905,0,0,0,-4475.000030099899,1.058100679074414e-06,0.5497148966500356
1e-09,350,94.95,63,129,14.362712139425478,0,0,0,-4318.000021659707,6.062928150640801e-07,0.5381325730577334
1e-09,351,47.15,24,69,10.997613377456037,0,0,0,-4463.000031874937,2.930628397734836e-07,0.5557733428367784
1e-09,352,65.77,39,98,11.515949808852069,0,0,0,-4339.000025605802,3.911982275894843e-07,0.550071275837491
1e-09,353,57.48,30,90,9.952366552735082,0,0,0,-4474.000029869886,3.4911408874904737e-07,0.5532786885245902
1e-09,354,69.1,43,100,11.52345434320803,0,0,0,-4311.000028451848,5.271513145999052e-07,0.5561297220242338
1e-09,355,63.37,24,96,12.83094306744442,0,0,0,-4439.000037458052,3.719478627317585e-07,0.5493585174625801
1e-09,356,54.89,26,78,11.49686479001993,0,0,0,-4478.000028408962,2.8303838917054236e-07,0.5557733428367784
1e-09,357,95.7,65,130,15.09602596712128,0,0,0,-4381.000028866804,7.351954991463572e-07,0.5541696364932288
1e-09,358,81.82,49,117,17.483352081337262,0,0,0,-4473.000020393768,3.882323653670028e-07,0.5506058446186742
1e-09,359,63.84,39,94,11.274502206306051,0,0,0,-4486.000024866933,3.680670488392934e-07,0.5588025659301497
1e-09,360,78.65,48,110,14.145935812098116,0,0,0,-4548.000038873966,8.430333764408715e-07,0.5614754098360656
1e-09,361,80.28,41,117,15.312138975335875,0,0,0,-4475.0000310639725,5.530273483600467e-07,0.5595153243050606
1e-09,362,97.2,67,132,14.14496376806954,0,0,0,-4406.000021976727,5.812726158183068e-07,0.5580898075552387
1e-09,363,53.18,23,85,13.030257096465903,0,0,0,-4397.000026895797,2.662027327460237e-07,0.5520313613684961
1e-09,364,62.89,35,94,11.439313790608246,0,0,0,-4530.000022853887,3.1211311579681933e-07,0.5523877405559515
1e-09,365,63.89,29,96,11.367405156850882,0,0,0,-4548.000031518945,3.570548869902268e-07,0.5641482537419815
1e-09,366,68.54,35,108,13.215460642747193,0,0,0,-4480.0000413589305,7.840699254302308e-07,0.5529223093371347
1e-09,367,70.13,30,110,14.360818221814522,0,0,0,-4435.00002510385,4.1514977056067437e-07,0.5563079116179616
1e-09,368,68.82,31,99,12.846306862285363,0,0,0,-4355.00003107489,3.8911002775421366e-07,0.5506058446186742
1e-09,369,62.18,27,88,12.288514963167845,0,0,0,-4463.000030437974,4.890262061962858e-07,0.5600498930862438
1e-09,370,77.27,47,110,12.624464345072228,0,0,0,-4338.000028450801,6.461987140937708e-07,0.5511404133998574
1e-09,371,90.55,59,133,15.61561718280773,0,0,0,-4345.000045921913,1.153087396232877e-06,0.5552387740555952
1e-09,372,61.78,32,95,11.6821059745236,0,0,0,-4178.000030417756,3.9724454836687073e-07,0.5379543834640057
1e-09,373,65.31,35,106,12.181703493354286,0,0,0,-4444.000028111956,4.0404393075732514e-07,0.5571988595866001
1e-09,374,49.3,25,81,10.94851588115942,0,0,0,-4539.000034661025,3.4997538023162633e-07,0.5611190306486101
1e-09,375,59.57,29,93,12.83296925890497,0,0,0,-4539.000039207958,4.930416253046133e-07,0.5623663578047042
1e-09,376,93.25,48,127,15.209454296588026,0,0,0,-4404.000038092834,9.311661415267736e-07,0.5529223093371347
1e-09,377,59.2,27,90,12.674383614203887,0,0,0,-4418.0000298139175,3.3908236218849197e-07,0.5623663578047042
1e-09,378,61.61,34,87,10.95252938822809,0,0,0,-4487.000024830854,3.481454768916592e-07,0.5568424803991446
1e-09,379,78.16,45,105,12.299365837310475,0,0,0,-4308.000040855777,8.00222551333718e-07,0.5445473984319316
1e-09,380,89.29,56,126,15.636044896328483,0,0,0,-4338.000024932801,5.661986506311223e-07,0.5463292943692089
1e-09,381,61.03,39,104,12.553449725075573,0,0,0,-4366.000030452981,5.150186552782543e-07,0.5555951532430506
1e-09,382,59.82,35,99,10.65962475887402,0,0,0,-4451.000020714733,2.5726694730110466e-07,0.5561297220242338
1e-09,383,89.17,50,127,15.738522802347115,0,0,0,-4453.000037393884,6.761165423085913e-07,0.5614754098360656
1e-09,384,89.92,57,125,14.171577188160814,0,0,0,-4377.000032537885,8.121151040541008e-07,0.5514967925873129
1e-09,385,60.96,30,91,12.34821444582171,0,0,0,-4452.000028132902,3.710974851856008e-07,0.5605844618674269
1e-09,386,92.3,53,129,15.326773959317073,0,0,0,-4377.000022403702,5.132978913024999e-07,0.561831789023521
1e-09,387,64.55,35,91,11.774867302861633,0,0,0,-4380.00003318599,4.890098352916539e-07,0.5529223093371347
1e-09,388,113.82,64,153,16.68255376134002,0,0,0,-4291.000030794872,8.28127667773515e-07,0.5447255880256593
1e-09,389,64.19,38,95,12.790383106068404,0,0,0,-4520.00002642392,3.8408052205340937e-07,0.5659301496792587
1e-09,390,49.17,19,70,10.721991419507852,0,0,0,-4537.000030539985,2.810147634590976e-07,0.5602280826799715
1e-09,391,81.75,45,127,16.62911603182803,0,0,0,-4419.000026092862,4.80137714475859e-07,0.557911617961511
1e-09,392,67.5,39,104,12.539138726403818,0,0,0,-4407.000029679854,4.331459422246553e-07,0.5634354953670706
1e-09,393,60.67,32,93,12.010041631901197,0,0,0,-4353.00002371282,3.491804818622768e-07,0.5550605844618675
1e-09,394,80.68,54,132,13.348318246131234,0,0,0,-4361.000037194903,7.990975063876249e-07,0.5482893799002139
1e-09,395,73.96,43,109,13.624918348379191,0,0,0,-4369.000026309867,4.6713284973520786e-07,0.550071275837491
1e-09,396,68.09,32,101,13.42318516597309,0,0,0,-4402.000028317918,3.640825525508262e-07,0.5481111903064861
1e-09,397,81.35,48,110,13.063211703099663,0,0,0,-4381.0000236637825,4.402172635309398e-07,0.5538132573057734
1e-09,398,73.96,45,105,12.273483613057868,0,0,0,-4473.000028037841,5.631591193377972e-07,0.556664290805417
1e-09,399,84.64,40,127,16.29264864900732,0,0,0,-4544.000021718908,3.620916686486453e-07,0.561831789023521
1e-09,400,99.01,68,142,15.514183832867262,0,0,0,-4458.00003817989,1.092110323952511e-06,0.5531004989308624
1e-09,401,65.48,35,95,11.682020373205999,0,0,0,-4455.000028931962,4.4303760660113767e-07,0.5532786885245902
1e-09,402,89.84,50,137,16.948581061552026,0,0,0,-4429.000022154799,4.802013791049831e-07,0.5591589451176051
1e-09,403,97.03,61,131,14.790169032164576,0,0,0,-4403.000033419864,8.971364877652377e-07,0.5588025659301497
1e-09,404,72.71,50,104,11.751846663397204,0,0,0,-4303.000026272793,5.652073014061898e-07,0.5431218816821097
1e-09,405,73.42,49,100,11.834001859050048,0,0,0,-4377.000025703782,5.442179826786742e-07,0.5488239486813971
1e-09,406,64.29,34,104,13.89265633347345,0,0,0,-4373.000026849827,3.7617337511619553e-07,0.5522095509622238
1e-09,407,77.23,52,109,13.104087148672356,0,0,0,-4396.000026622869,5.741312634199858e-07,0.5456165359942979
1e-09,408,78.0,45,113,14.474805698177782,0,0,0,-4468.000023959797,4.812036422663368e-07,0.5570206699928724
1e-09,409,73.0,49,102,11.826242006656214,0,0,0,-4377.000029715878,5.491219781106338e-07,0.5477548111190307
1e-09,410,62.96,34,96,12.807747655228066,0,0,0,-4437.000030201917,4.420826371642761e-07,0.5523877405559515
1e-09,411,78.4,47,118,13.328915934913837,0,0,0,-4334.000032777775,6.702248356305063e-07,0.546863863150392
1e-09,412,74.88,29,124,13.93863694914248,0,0,0,-4378.00004241983,5.071706254966557e-07,0.5550605844618675
1e-09,413,68.86,41,96,13.464783696740177,0,0,0,-4489.000031499975,5.900246833334677e-07,0.5548823948681397
1e-09,414,67.93,42,110,13.039367315939835,0,0,0,-4474.000024723889,4.3911131797358394e-07,0.5596935138987883
1e-09,415,75.87,47,110,12.476902660516352,0,0,0,-4376.000019763752,3.8024791138013825e-07,0.5532786885245902
1e-09,416,75.12,42,110,14.09913472522339,0,0,0,-4428.0000273028745,4.47125785285607e-07,0.5577334283677833
1e-09,417,55.56,27,78,10.025288025787589,0,0,0,-4450.00002994887,3.781296982197091e-07,0.5561297220242338
1e-09,418,59.2,26,90,14.280756282494288,0,0,0,-4427.00003057091,3.24090251524467e-07,0.5563079116179616
1e-09,419,56.82,28,87,10.885200962775102,0,0,0,-4526.000031928979,3.940203896490857e-07,0.5721667854597291
1e-09,420,67.5,39,92,11.223635774560755,0,0,0,-4441.000032705867,5.751326170866378e-07,0.5557733428367784
1e-09,421,51.16,22,82,11.941289712589676,0,0,0,-4461.000029101846,2.7815440262202173e-07,0.5621881682109765
1e-09,422,55.16,25,88,12.552067558772936,0,0,0,-4399.000036108879,3.8912094169063494e-07,0.5520313613684961
1e-09,423,58.93,23,86,12.72262158519226,0,0,0,-4617.000035692064,3.329359969939105e-07,0.5689593727726301
1e-09,424,64.12,41,98,11.464972743098869,0,0,0,-4353.000026493892,4.441080818651244e-07,0.5493585174625801
1e-09,425,79.59,38,111,15.638474989588978,0,0,0,-4389.000023695772,3.7222798709990457e-07,0.5543478260869565
1e-09,426,58.31,23,95,14.049693946844537,0,0,0,-4367.000026472887,3.1011313694762066e-07,0.5466856735566643
1e-09,427,65.09,35,93,11.811092244157608,0,0,0,-4375.0000331969,4.5509932533605024e-07,0.5580898075552387
1e-09,428,61.17,38,90,11.001868023204059,0,0,0,-4476.000032803957,5.430429155239835e-07,0.5605844618674269
1e-09,429,86.99,58,136,13.679543121025644,0,0,0,-4425.000028687898,7.031021596048959e-07,0.5561297220242338
1e-09,430,78.63,43,112,13.637195459477729,0,0,0,-4300.000024522765,4.3923500925302505e-07,0.5559515324305061
1e-09,431,110.13,80,149,14.888690338642952,0,0,0,-4412.00003621981,1.230189809575677e-06,0.5511404133998574
1e-09,432,81.1,37,122,14.433641259224924,0,0,0,-4404.000025842811,4.0818940760800615e-07,0.5538132573057734
1e-09,433,53.48,19,81,13.423471980080265,0,0,0,-4441.00003120998,2.3802022042218596e-07,0.5614754098360656
1e-09,434,70.21,40,100,13.140239723840658,0,0,0,-4430.000031962845,5.53154677618295e-07,0.5488239486813971
1e-09,435,63.64,32,89,11.076569866163442,0,0,0,-4448.000026461865,3.621353243943304e-07,0.5470420527441198
1e-09,436,59.3,23,87,12.249489785293099,0,0,0,-4555.00002766191,2.7208989195059985e-07,0.5671774768353528
1e-09,437,83.99,53,111,12.81522141829785,0,0,0,-4423.000025543851,5.61149136046879e-07,0.5602280826799715
1e-09,438,100.83,63,136,15.697168534484172,0,0,0,-4340.000027771803,7.851976988604292e-07,0.5514967925873129
1e-09,439,52.42,31,83,10.203117170747378,0,0,0,-4439.000033889932,4.270686986274086e-07,0.5548823948681397
1e-09,440,68.01,26,97,13.712399498264336,0,0,0,-4429.000024455849,2.361512088100426e-07,0.5589807555238774
1e-09,441,71.11,25,106,14.533337538225691,0,0,0,-4391.00002110577,2.3322991182794794e-07,0.5495367070563079
1e-09,442,51.64,23,87,11.761394475146218,0,0,0,-4433.000029780916,2.5808458303799853e-07,0.5591589451176051
1e-09,443,51.77,23,79,9.847695161813245,0,0,0,-4454.0000320220215,3.1197851058095694e-07,0.5607626514611547
1e-09,444,73.66,47,109,13.826944709515546,0,0,0,-4479.000043185877,8.251226972788572e-07,0.554704205274412
1e-09,445,70.81,42,107,11.95884191717576,0,0,0,-4270.000038818809,6.711907190037891e-07,0.5413399857448326
1e-09,446,87.0,55,126,13.519615379144483,0,0,0,-4618.000029005916,7.020835255389102e-07,0.5643264433357092
1e-09,447,59.58,25,91,10.70717516434657,0,0,0,-4343.000029092886,3.1711442716186866e-07,0.5443692088382038
1e-09,448,80.07,49,111,12.672217643332994,0,0,0,-4379.000031233844,6.831560313003138e-07,0.5555951532430506
1e-09,449,77.33,44,115,14.755375291736906,0,0,0,-4349.000022217763,3.772365744225681e-07,0.5623663578047042
1e-09,450,63.84,34,89,11.91781859234315,0,0,0,-4441.000029114921,3.780787665164098e-07,0.5545260156806843
1e-09,451,72.09,41,106,12.431488245580253,0,0,0,-4365.000028346843,4.831572368857451e-07,0.5523877405559515
1e-09,452,52.1,23,86,12.202868515230342,0,0,0,-4601.000023324881,3.191189534845762e-07,0.5710976478973628
1e-09,453,57.67,26,88,12.209058112729254,0,0,0,-4326.000024448737,2.5626286515034735e-07,0.5531004989308624
1e-09,454,68.55,40,102,13.106010071719005,0,0,0,-4490.00002221077,3.4722961572697386e-07,0.5589807555238774
1e-09,455,60.97,38,89,11.43718059663307,0,0,0,-4538.000024009868,3.9913174987304956e-07,0.5662865288667142
1e-09,456,68.69,25,107,12.9805200203998,0,0,0,-4469.00002596186,2.711403794819489e-07,0.5571988595866001
1e-09,457,66.56,44,104,12.425232392192912,0,0,0,-4421.000043982791,8.482093107886612e-07,0.559871703492516
1e-09,458,70.72,33,107,15.05727731032407,0,0,0,-4308.000035471796,5.292040441418067e-07,0.5454383464005702
1e-09,459,59.52,30,88,13.047206597582488,0,0,0,-4393.000025858795,3.122049747616984e-07,0.5415181753385603
1e-09,460,48.14,22,66,9.234738761870853,0,0,0,-4445.000021061796,1.9120398064842448e-07,0.556664290805417
1e-09,461,73.68,48,115,11.821911858916899,0,0,0,-4479.000023840782,4.3521777115529403e-07,0.56503920171062
1e-09,462,69.99,46,96,11.6451663792322,0,0,0,-4480.000023208835,3.931645551347174e-07,0.5605844618674269
1e-09,463,57.56,24,85,13.741411863414909,0,0,0,-4409.000027656897,2.441029209876433e-07,0.5506058446186742
1e-09,464,64.92,37,106,12.3050233644638,0,0,0,-4263.000037188799,5.862011676072143e-07,0.5470420527441198
1e-09,465,68.22,34,95,12.99736896452509,0,0,0,-4497.000025773879,3.421209839871153e-07,0.5582679971489665
1e-09,466,70.05,45,95,11.290150574726628,0,0,0,-4396.000019979754,3.7524569052038714e-07,0.5441910192444761
1e-09,467,49.39,24,76,11.650660925458263,0,0,0,-4521.000025929943,2.3205666366266087e-07,0.5636136849607983
1e-09,468,61.12,31,90,11.96601855255122,0,0,0,-4375.00003418192,4.440807970240712e-07,0.5466856735566643
1e-09,469,45.99,10,79,13.238953886164872,0,0,0,-4394.000033929931,1.4806846593273804e-07,0.5532786885245902
1e-09,470,81.07,44,135,15.453320031630742,0,0,0,-4385.00003205591,5.550900823436677e-07,0.5473984319315752
1e-09,471,81.97,45,117,13.74078236491649,0,0,0,-4457.000038531859,8.791412255959585e-07,0.5523877405559515
1e-09,472,86.88,57,121,13.609026416316487,0,0,0,-4364.0000324038065,8.711931513971649e-07,0.5564861012116893
1e-09,473,92.94,66,130,13.845446905029826,0,0,0,-4348.00003718587,9.531304385745898e-07,0.5488239486813971
1e-09,474,60.39,29,91,13.149064605514722,0,0,0,-4465.000028659905,3.190943971276283e-07,0.5591589451176051
1e-09,475,72.54,37,111,15.36777147149189,0,0,0,-4452.000031254921,4.4107946450822055e-07,0.5591589451176051
1e-09,476,51.97,22,93,11.55288275713036,0,0,0,-4325.0000512167535,4.84246811538469e-07,0.5441910192444761
1e-09,477,83.97,55,121,14.251634993922627,0,0,0,-4388.000030002752,7.772478056722321e-07,0.5557733428367784
1e-09,478,53.76,32,76,9.996119246987803,0,0,0,-4381.000024492818,3.5818175092572346e-07,0.5509622238061297
1e-09,479,71.9,41,105,11.35033039166702,0,0,0,-4431.000019471709,4.0929171518655494e-07,0.5554169636493229
1e-09,480,61.44,39,86,11.557093060108151,0,0,0,-4470.000029726888,4.801122486242093e-07,0.5488239486813971
1e-09,481,65.59,40,88,10.020074850019835,0,0,0,-4460.000024681922,3.7007794162491336e-07,0.561831789023521
1e-09,482,80.75,53,114,12.272224737186,0,0,0,-4433.00002477579,5.732099452870898e-07,0.5596935138987883
1e-09,483,89.41,51,122,13.350726571988506,0,0,0,-4304.00002239771,6.442896847147495e-07,0.5463292943692089
1e-09,484,68.11,35,102,13.706126367431464,0,0,0,-4527.000030085999,4.6000059228390455e-07,0.5646828225231646
1e-09,485,67.49,32,99,12.01040798640912,0,0,0,-4453.0000240857935,3.1720628612674773e-07,0.5554169636493229
1e-09,486,99.31,66,133,14.882671131218347,0,0,0,-4315.000024909713,6.722866601194255e-07,0.5513186029935851
1e-09,487,88.34,55,118,14.344490231444269,0,0,0,-4471.000026638874,5.941255949437618e-07,0.5584461867426942
1e-09,488,81.89,50,123,13.817304368074115,0,0,0,-4335.000022953746,4.77253706776537e-07,0.5484675694939416
1e-09,489,84.0,46,121,16.411581276647293,0,0,0,-4297.0000361458615,6.841382855782285e-07,0.5502494654312188
1e-09,490,70.11,34,111,13.272448907417198,0,0,0,-4428.000026671892,3.7010795495007187e-07,0.554704205274412
1e-09,491,49.2,27,73,10.264501936285072,0,0,0,-4498.000022314859,2.4614109861431643e-07,0.5584461867426942
1e-09,492,74.37,41,107,13.315896515067994,0,0,0,-4377.000023617762,4.892381184617989e-07,0.5580898075552387
1e-09,493,65.77,35,92,13.098744214618439,0,0,0,-4440.000034041844,4.79156369692646e-07,0.5593371347113328
1e-09,494,70.0,35,113,15.629459363650426,0,0,0,-4382.000030313907,4.990934030502103e-07,0.5511404133998574
1e-09,495,72.48,41,101,13.661244452830788,0,0,0,-4379.000024169839,3.781606210395694e-07,0.5541696364932288
1e-09,496,66.78,27,101,12.773863941658373,0,0,0,-4434.000036037981,4.1201928979717195e-07,0.5548823948681397
1e-09,497,73.3,37,112,12.547908192204787,0,0,0,-4436.0000247938915,3.7610880099236965e-07,0.5555951532430506
1e-09,498,56.44,30,82,11.733984830397556,0,0,0,-4448.000026018946,2.940532795037143e-07,0.5559515324305061
1e-09,499,63.24,29,93,12.14176263974881,0,0,0,-4554.0000324399825,3.790173650486395e-07,0.5636136849607983
1e-05,0,54.5,25,93,12.685030547854428,0,0,0,-4468.247909998572,0.0025700014275571448,0.5525659301496793
1e-05,1,41.11,15,65,11.494255086781395,0,0,0,-4584.335939998437,0.002070001562969992,0.5673556664290805
1e-05,2,59.46,29,86,11.260923585567925,0,0,0,-4322.38581999844,0.00611000156004593,0.5434782608695652
1e-05,3,57.16,35,83,10.92951966007656,0,0,0,-4469.225599998619,0.0033500013805678464,0.5600498930862438
1e-05,4,56.87,36,88,11.617792389262256,0,0,0,-4513.269069998572,0.004230001427458774,0.5568424803991446
1e-05,5,39.8,19,66,10.12916580968048,0,0,0,-4498.357889998325,0.0028400016753948876,0.5577334283677833
1e-05,6,60.46,37,93,10.837361302457348,0,0,0,-4403.316969998467,0.004610001532455499,0.5491803278688525
1e-05,7,44.97,13,72,11.103562491380863,0,0,0,-4388.252719998574,0.001500001425483788,0.5491803278688525
1e-05,8,78.01,49,122,14.475147667640561,0,0,0,-4448.360149998477,0.006990001523263345,0.559871703492516
1e-05,9,56.06,30,87,11.481132348335683,0,0,0,-4315.247389998616,0.0030400013838516315,0.5457947255880257
1e-05,10,74.8,46,110,13.723702124426922,0,0,0,-4452.233829998681,0.0042900013186226715,0.5514967925873129
1e-05,11,60.88,27,99,13.124237120686292,0,0,0,-4379.309609998513,0.003670001487080299,0.5450819672131147
1e-05,12,72.42,37,104,13.172835685606954,0,0,0,-4391.336879998551,0.004830001448681287,0.5543478260869565
1e-05,13,75.83,47,121,14.589074679361952,0,0,0,-4413.286979998537,0.0056400014627797646,0.5523877405559515
1e-05,14,78.35,46,116,14.654265590605352,0,0,0,-4405.463369998461,0.008890001538929937,0.5564861012116893
1e-05,15,91.68,50,144,16.27321726027155,0,0,0,-4402.2289199987035,0.004590001296492119,0.5541696364932288
1e-05,16,62.32,24,95,13.145250092714098,0,0,0,-4288.319959998565,0.0036500014357443433,0.546863863150392
1e-05,17,48.32,22,72,10.261461884156663,0,0,0,-4436.300269998536,0.0028200014639878646,0.5591589451176051
1e-05,18,50.02,24,83,11.833832853306657,0,0,0,-4364.299339998538,0.002830001461916254,0.5495367070563079
1e-05,19,59.14,33,91,13.689426576741628,0,0,0,-4351.44287999846,0.0058400015404913574,0.5545260156806843
1e-05,20,64.77,41,93,12.140720736430765,0,0,0,-4541.315159998551,0.005610001448985713,0.5648610121168923
1e-05,21,82.79,49,119,13.477607354423114,0,0,0,-4350.314629998585,0.007010001415437728,0.5450819672131147
1e-05,22,74.4,36,108,14.294054708164511,0,0,0,-4458.245309998585,0.003690001414724975,0.5595153243050606
1e-05,23,44.99,23,73,10.086124131696971,0,0,0,-4483.37422999841,0.0036500015903584426,0.5580898075552387
1e-05,24,63.76,41,110,13.120304874506537,0,0,0,-4555.312629998454,0.00517000154559355,0.5630791161796151
1e-05,25,76.7,40,107,14.070181235506526,0,0,0,-4537.261259998569,0.0042900014314000146,0.5627227369921597
1e-05,26,44.74,16,70,11.500104347352679,0,0,0,-4425.335209998479,0.0021900015217397595,0.554704205274412
1e-05,27,67.04,32,100,13.221890938893726,0,0,0,-4622.233259998636,0.0027200013646506704,0.5641482537419815
1e-05,28,60.32,42,98,10.850695830222135,0,0,0,-4379.271119998619,0.004410001381074835,0.5575552387740556
1e-05,29,75.71,50,108,13.009454254502762,0,0,0,-4333.220309998698,0.004290001301342272,0.5550605844618675
1e-05,30,76.88,40,110,14.531538115423295,0,0,0,-4489.226069998687,0.004790001312358072,0.5614754098360656
1e-05,31,88.93,56,127,15.062041694272395,0,0,0,-4382.242659998607,0.005860001392647973,0.5506058446186742
1e-05,32,60.43,25,85,11.756066519036034,0,0,0,-4472.3191699984545,0.0036200015456415713,0.5539914468995011
1e-05,33,91.11,57,141,14.36098534223888,0,0,0,-4398.2454399986345,0.005490001365615171,0.5486457590876693
1e-05,34,77.28,39,119,15.468083268459607,0,0,0,-4421.212059998733,0.0032600012673356105,0.5498930862437633
1e-05,35,77.62,43,121,14.771445426903895,0,0,0,-4570.383409998399,0.0071100016011769185,0.571632216678546
1e-05,36,71.27,43,103,12.980643281440253,0,0,0,-4490.225579998707,0.00429000129315682,0.5545260156806843
1e-05,37,53.61,32,81,11.482068628953582,0,0,0,-4503.325919998431,0.003820001568783482,0.5605844618674269
1e-05,38,67.98,40,104,13.543249240857971,0,0,0,-4418.221059998686,0.0033400013144273544,0.5602280826799715
1e-05,39,81.02,48,125,16.561388830650646,0,0,0,-4352.219919998685,0.004930001314278343,0.547576621525303
1e-05,40,92.02,55,136,14.961938377095393,0,0,0,-4309.241209998649,0.005440001351416868,0.550071275837491
1e-05,41,61.6,32,92,12.550697191789785,0,0,0,-4428.355389998474,0.004660001526644919,0.5577334283677833
1e-05,42,59.16,34,86,10.47732790362123,0,0,0,-4530.3566999983295,0.004720001670648344,0.5646828225231646
1e-05,43,74.31,36,101,12.746525016646695,0,0,0,-4356.332759998493,0.0049600015072428505,0.552744119743407
1e-05,44,95.49,56,153,16.811005323894225,0,0,0,-4320.279899998587,0.006120001412455167,0.5465074839629366
1e-05,45,82.37,53,115,12.287924967218833,0,0,0,-4348.323469998506,0.007170001494159806,0.544903777619387
1e-05,46,67.11,41,105,12.847486135427427,0,0,0,-4345.341319998492,0.005740001508456771,0.5506058446186742
1e-05,47,73.66,38,106,13.590599692434473,0,0,0,-4508.245389998633,0.00388000136717892,0.5564861012116893
1e-05,48,71.34,40,110,13.458989560884575,0,0,0,-4354.317149998583,0.005140001417203166,0.5539914468995011
1e-05,49,67.21,22,96,13.543481827063527,0,0,0,-4287.369259998454,0.003500001545944542,0.5484675694939416
1e-05,50,79.23,48,114,14.381832289385105,0,0,0,-4377.285349998531,0.005740001468439004,0.5525659301496793
1e-05,51,70.88,37,100,13.745020916681066,0,0,0,-4489.240719998643,0.0038600013567702263,0.5621881682109765
1e-05,52,78.09,44,115,14.340219663589536,0,0,0,-4386.61230999868,0.010780001320199517,0.5582679971489665
1e-05,53,92.71,60,126,14.07572023024044,0,0,0,-4401.293509998504,0.007390001495878096,0.5506058446186742
1e-05,54,73.99,39,111,13.635611464103837,0,0,0,-4481.330449998533,0.005950001466771937,0.5602280826799715
1e-05,55,68.26,38,109,15.136459295357021,0,0,0,-4411.204699998707,0.0033900012931553647,0.550784034212402
1e-05,56,71.48,40,115,14.056656786021348,0,0,0,-4459.357259998439,0.007180001561209792,0.5600498930862438
1e-05,57,61.35,39,89,9.627434756984853,0,0,0,-4357.580419998488,0.009790001512556046,0.5418745545260156
1e-05,58,87.46,56,120,14.211558675951066,0,0,0,-4392.251029998668,0.0058500013319644495,0.561831789023521
1e-05,59,60.89,35,95,12.134162517454593,0,0,0,-4296.229189998692,0.0032900013075050083,0.5418745545260156
1e-05,60,86.76,54,121,14.672504898619048,0,0,0,-4490.259629998651,0.005160001349395316,0.5497148966500356
1e-05,61,52.85,30,82,11.321991874224251,0,0,0,-4419.317229998474,0.004070001525178668,0.5548823948681397
1e-05,62,56.91,30,92,12.005911044148212,0,0,0,-4523.294829998532,0.0034100014681825996,0.5564861012116893
1e-05,63,65.83,30,109,15.092418626582022,0,0,0,-4484.275779998534,0.0032000014662116882,0.5543478260869565
1e-05,64,53.29,28,94,11.65014592183291,0,0,0,-4419.419489998392,0.0049300016080451314,0.5470420527441198
1e-05,65,80.25,55,112,13.974530403559184,0,0,0,-4437.258299998553,0.006400001446309034,0.5555951532430506
1e-05,66,80.55,48,118,15.318860923711004,0,0,0,-4347.311119998541,0.0058900014591927174,0.550784034212402
1e-05,67,48.7,18,88,13.479985163196583,0,0,0,-4415.32008999849,0.002770001509816211,0.5563079116179616
1e-05,68,74.31,50,111,13.198253672361353,0,0,0,-4282.338009998517,0.006580001482689113,0.5450819672131147
1e-05,69,82.32,51,111,13.39393892773892,0,0,0,-4450.2581299985895,0.0054300014107866446,0.5573770491803278
1e-05,70,72.43,46,102,11.913232139096426,0,0,0,-4445.307619998466,0.005230001534073381,0.5506058446186742
1e-05,71,63.45,28,91,12.373661543779189,0,0,0,-4351.361089998433,0.004030001567116415,0.5513186029935851
1e-05,72,65.08,33,93,13.263242439162452,0,0,0,-4272.2895799985445,0.0036000014551973436,0.5408054169636494
1e-05,73,52.44,24,88,12.890554681626387,0,0,0,-4470.262089998613,0.0027500013866301742,0.5607626514611547
1e-05,74,66.99,39,105,12.089247288396411,0,0,0,-4341.376109998472,0.006660001527961867,0.5416963649322879
1e-05,75,97.2,52,133,14.383323677092163,0,0,0,-4303.26900999861,0.006140001390122052,0.5481111903064861
1e-05,76,104.61,68,148,14.326126482758696,0,0,0,-4304.268699998655,0.007540001344750635,0.5436564504632929
1e-05,77,47.69,20,79,11.532298123097581,0,0,0,-4506.363779998422,0.003130001578028896,0.5623663578047042
1e-05,78,74.12,42,102,13.886165777492359,0,0,0,-4483.359759998502,0.005860001497239864,0.5678902352102637
1e-05,79,82.74,39,119,15.401701204737094,0,0,0,-4508.254809998633,0.003930001366825309,0.5621881682109765
1e-05,80,83.3,50,117,13.517766087634449,0,0,0,-4533.2960399985295,0.007000001470260031,0.5575552387740556
1e-05,81,81.2,41,111,12.979214151866053,0,0,0,-4398.257309998611,0.004450001389159297,0.5607626514611547
1e-05,82,96.13,64,137,15.567694113130564,0,0,0,-4315.408289998559,0.010400001441666973,0.5506058446186742
1e-05,83,56.4,27,97,12.602380727465743,0,0,0,-4372.337489998507,0.0034700014930422185,0.5516749821810406
1e-05,84,92.71,63,131,13.170645390412725,0,0,0,-4396.249019998671,0.006800001328883809,0.5509622238061297
1e-05,85,54.89,18,85,12.233474567758744,0,0,0,-4464.331919998414,0.00248000158535433,0.5573770491803278
1e-05,86,62.4,23,120,14.246403054806501,0,0,0,-4383.318269998551,0.0029200014487287262,0.5582679971489665
1e-05,87,86.75,56,120,14.05088965154876,0,0,0,-4439.357019998468,0.009330001532362076,0.5621881682109765
1e-05,88,51.21,24,86,11.74588864241442,0,0,0,-4533.219779998669,0.002100001331200474,0.5596935138987883
1e-05,89,79.41,29,118,15.792463392390687,0,0,0,-4464.291759998523,0.0028800014770240523,0.5584461867426942
1e-05,90,68.32,38,110,14.598547872990657,0,0,0,-4466.216439998703,0.004410001296491828,0.5573770491803278
1e-05,91,78.23,47,105,11.439278823422393,0,0,0,-4480.392139998463,0.007140001536754426,0.5641482537419815
1e-05,92,67.8,40,98,13.023824323139499,0,0,0,-4379.221139998676,0.003950001323573815,0.5481111903064861
1e-05,93,61.26,25,94,14.122053675014833,0,0,0,-4561.244039998567,0.002360001432862191,0.561831789023521
1e-05,94,74.31,51,100,11.975554266922263,0,0,0,-4450.315509998494,0.006260001505324908,0.5621881682109765
1e-05,95,53.85,23,83,11.37398347106237,0,0,0,-4476.2890199985295,0.003710001470608404,0.5538132573057734
1e-05,96,53.32,26,93,11.566226696723525,0,0,0,-4580.281309998504,0.0031400014959217515,0.5648610121168923
1e-05,97,53.86,30,82,9.578120901304182,0,0,0,-4546.238899998654,0.002980001345349592,0.5709194583036351
1e-05,98,68.25,35,117,13.915728511292537,0,0,0,-4424.215439998698,0.003470001302048331,0.5620099786172488
1e-05,99,61.35,33,85,12.107332489033245,0,0,0,-4518.218509998677,0.0030500013226628653,0.5671774768353528
1e-05,100,77.83,42,116,15.314081755038401,0,0,0,-4350.284359998525,0.0047400014746017405,0.5434782608695652
1e-05,101,68.11,37,103,13.187035299869336,0,0,0,-4510.295469998491,0.004130001509111025,0.5609408410548824
1e-05,102,90.18,54,126,15.751431680961575,0,0,0,-4389.231199998683,0.005570001317209972,0.5609408410548824
1e-05,103,72.5,38,107,13.367497896016292,0,0,0,-4367.312539998462,0.005270001537610369,0.550071275837491
1e-05,104,62.82,36,84,11.067411621512955,0,0,0,-4458.308859998491,0.004470001508707355,0.550071275837491
1e-05,105,77.45,51,109,13.608361400256829,0,0,0,-4454.281999998492,0.005060001507445122,0.5616535994297933
1e-05,106,90.05,52,127,14.599571911532202,0,0,0,-4426.304389998578,0.005960001421954075,0.5600498930862438
1e-05,107,63.2,34,93,11.899579824514815,0,0,0,-4445.251049998577,0.0035600014225565246,0.5552387740555952
1e-05,108,66.37,34,92,12.283041154372153,0,0,0,-4386.329329998565,0.004420001434482401,0.5518531717747683
1e-05,109,58.53,34,83,11.632243979559576,0,0,0,-4438.48538999849,0.006670001509519352,0.552744119743407
1e-05,110,102.4,66,138,14.219001371404392,0,0,0,-4280.200629998781,0.005830001219692349,0.5443692088382038
1e-05,111,56.33,21,89,13.107291863691753,0,0,0,-4351.220809998684,0.0018400013159407536,0.5497148966500356
1e-05,112,69.17,30,98,12.849167288194204,0,0,0,-4380.199349998755,0.002370001245253661,0.5506058446186742
1e-05,113,65.49,36,120,14.852269186895313,0,0,0,-4450.318409998473,0.004780001527251443,0.5484675694939416
1e-05,114,62.43,36,96,13.042434588680138,0,0,0,-4588.278809998539,0.0043000014611607185,0.5689593727726301
1e-05,115,85.07,49,119,14.193135664820513,0,0,0,-4497.268299998574,0.005590001426753588,0.5671774768353528
1e-05,116,85.99,51,125,15.140340154699299,0,0,0,-4264.249069998644,0.006470001356319699,0.5445473984319316
1e-05,117,80.79,51,117,13.302853077441696,0,0,0,-4407.43732999839,0.008850001609971514,0.5514967925873129
1e-05,118,69.15,37,109,13.07315952629662,0,0,0,-4422.217709998689,0.003450001310739026,0.5582679971489665
1e-05,119,71.64,47,107,12.961882579316942,0,0,0,-4424.357609998479,0.007260001520990045,0.5573770491803278
1e-05,120,63.74,37,94,12.527266262038179,0,0,0,-4463.327749998477,0.00489000152265362,0.5514967925873129
1e-05,121,45.01,24,69,9.906053704679781,0,0,0,-4569.434269998391,0.004150001609559695,0.5627227369921597
1e-05,122,63.83,33,92,12.848389004073626,0,0,0,-4344.375689998458,0.005700001541299571,0.5509622238061297
1e-05,123,96.08,60,139,14.339232894405475,0,0,0,-4352.2791399986145,0.008050001385527139,0.5575552387740556
1e-05,124,82.42,43,108,15.7157118833351,0,0,0,-4210.281379998595,0.004900001405076182,0.5359942979330007
1e-05,125,73.16,44,108,12.537719090807546,0,0,0,-4394.2653299986,0.004800001400326437,0.5573770491803278
1e-05,126,52.47,21,76,10.439784480534069,0,0,0,-4584.341169998442,0.004210001558021759,0.5611190306486101
1e-05,127,77.04,41,114,14.450550162537066,0,0,0,-4525.289499998537,0.0042600014621712035,0.5584461867426942
1e-05,128,70.82,42,108,13.466536302999371,0,0,0,-4463.360929998452,0.006150001548121509,0.5612972202423379
1e-05,129,51.95,32,81,11.0511311638221,0,0,0,-4422.253129998621,0.0033100013788498472,0.5636136849607983
1e-05,130,52.9,32,86,10.828203913853857,0,0,0,-4369.310959998492,0.00425000150789856,0.5504276550249465
1e-05,131,55.29,29,88,11.893103043360888,0,0,0,-4368.247619998589,0.0027600014118434046,0.5529223093371347
1e-05,132,72.24,33,114,14.725569598490917,0,0,0,-4369.270099998626,0.004950001373799751,0.5452601568068425
1e-05,133,48.46,24,83,11.06112110050333,0,0,0,-4440.372459998432,0.0037800015679749777,0.5531004989308624
1e-05,134,77.03,47,119,13.83434494293098,0,0,0,-4304.32169999856,0.006340001440548804,0.5406272273699216
1e-05,135,74.18,44,106,12.006981302558941,0,0,0,-4453.317529998507,0.005320001492691517,0.5604062722736992
1e-05,136,77.42,54,116,14.624076039189623,0,0,0,-4489.251809998636,0.005380001363846532,0.556664290805417
1e-05,137,60.23,36,90,11.199870534966017,0,0,0,-4421.305979998477,0.004900001523310493,0.5525659301496793
1e-05,138,60.82,34,104,12.850198442047502,0,0,0,-4500.455629998413,0.006560001586876751,0.5611190306486101
1e-05,139,60.3,36,83,9.764732459212592,0,0,0,-4492.312409998487,0.004590001512951858,0.567712045616536
1e-05,140,75.48,49,116,10.914650704443089,0,0,0,-4401.284549998534,0.00563000146576087,0.5571988595866001
1e-05,141,66.42,29,107,12.621552994778417,0,0,0,-4433.3013699984485,0.003980001551099122,0.5584461867426942
1e-05,142,54.39,21,80,10.802680222981703,0,0,0,-4435.251439998581,0.001780001418410393,0.5568424803991446
1e-05,143,73.0,35,120,13.035336589440258,0,0,0,-4361.431669998478,0.0059600015219984925,0.5481111903064861
1e-05,144,63.18,36,95,14.066541863585377,0,0,0,-4407.455349998421,0.007130001578843803,0.5548823948681397
1e-05,145,71.89,40,113,12.581649335440883,0,0,0,-4404.258019998603,0.003840001396383741,0.5637918745545261
1e-05,146,55.46,28,93,12.927041424858203,0,0,0,-4611.293119998484,0.003110001515779004,0.5639700641482538
1e-05,147,64.89,37,103,13.85055594552074,0,0,0,-4498.213819998742,0.0034000012583419448,0.5591589451176051
1e-05,148,48.22,23,84,11.404016836185397,0,0,0,-4495.29239999851,0.0027200014901609393,0.556664290805417
1e-05,149,74.44,21,107,16.143927650977624,0,0,0,-4440.361729998426,0.0031600015736330533,0.5550605844618675
1e-05,150,64.25,38,89,11.227978446719606,0,0,0,-4510.313819998461,0.004460001538973302,0.5612972202423379
1e-05,151,72.35,40,115,13.78286980276604,0,0,0,-4432.387519998448,0.006660001552518224,0.5550605844618675
1e-05,152,75.25,45,103,13.78286980276604,0,0,0,-4297.209499998745,0.004310001255362295,0.5520313613684961
1e-05,153,54.07,30,80,11.002958693006168,0,0,0,-4445.370089998524,0.0048500014754608856,0.5541696364932288
1e-05,154,68.09,38,102,12.821150494397918,0,0,0,-4366.223079998709,0.0032400012905782205,0.546863863150392
1e-05,155,61.44,31,104,13.552357728454483,0,0,0,-4493.326989998491,0.003910001509211725,0.5563079116179616
1e-05,156,68.96,41,104,13.166563712677656,0,0,0,-4423.2416299986035,0.003860001396787993,0.5504276550249465
1e-05,157,80.94,39,108,13.846169145290691,0,0,0,-4474.268939998573,0.004450001427358075,0.5518531717747683
1e-05,158,83.6,52,120,13.867948658687775,0,0,0,-4384.324949998535,0.006630001465055102,0.5559515324305061
1e-05,159,65.22,38,90,13.109218130765845,0,0,0,-4436.221819998703,0.003140001296742412,0.5538132573057734
1e-05,160,75.43,46,111,13.61929146468347,0,0,0,-4407.31436999852,0.006260001479859056,0.5534568781183179
1e-05,161,60.73,35,93,12.230171707707132,0,0,0,-4404.311669998433,0.00489000156721886,0.552744119743407
1e-05,162,63.42,29,101,12.502943653396187,0,0,0,-4321.237409998672,0.0025400013282705913,0.5548823948681397
1e-05,163,70.78,39,99,12.858133612620458,0,0,0,-4485.229379998624,0.003940001376577129,0.5522095509622238
1e-05,164,90.22,59,127,14.650993140398366,0,0,0,-4555.329719998405,0.00813000159450894,0.5600498930862438
1e-05,165,84.57,52,118,14.326377769694615,0,0,0,-4414.308859998544,0.006180001456414175,0.5645046329294369
1e-05,166,71.21,43,102,13.030959289323254,0,0,0,-4335.233139998654,0.004220001345856872,0.5538132573057734
1e-05,167,71.73,36,102,13.605039507476631,0,0,0,-4295.2518699986285,0.0035000013713215594,0.5425873129009265
1e-05,168,85.6,46,115,14.249912280431765,0,0,0,-4360.233049998635,0.004740001365462376,0.5502494654312188
1e-05,169,89.0,53,124,15.032631173550424,0,0,0,-4369.389769998562,0.007860001438530162,0.5532786885245902
1e-05,170,83.12,51,127,15.753907451803821,0,0,0,-4419.264459998624,0.005620001375973516,0.550784034212402
1e-05,171,56.12,31,73,9.61694338134524,0,0,0,-4514.272079998506,0.003360001494002063,0.5543478260869565
1e-05,172,56.02,35,86,11.056201879488272,0,0,0,-4444.230049998668,0.0032500013321623555,0.554704205274412
1e-05,173,66.1,42,92,11.7978811657009,0,0,0,-4323.231679998611,0.0037400013889055117,0.5427655024946543
1e-05,174,78.21,52,109,12.861800029544854,0,0,0,-4393.238559998631,0.00523000136945484,0.5541696364932288
1e-05,175,94.24,63,131,15.366925522042463,0,0,0,-4385.329149998526,0.00869000147395127,0.5518531717747683
1e-05,176,80.16,40,118,16.11069210183101,0,0,0,-4541.294619998512,0.004890001488092821,0.5636136849607983
1e-05,177,79.12,50,109,12.044318162519621,0,0,0,-4423.258419998572,0.005280001428218384,0.5584461867426942
1e-05,178,75.37,45,110,12.116645575405759,0,0,0,-4486.260339998577,0.005070001422609494,0.5605844618674269
1e-05,179,81.24,56,116,12.267941962692847,0,0,0,-4463.37157999845,0.00847000154954003,0.5559515324305061
1e-05,180,71.11,38,101,12.817874238733971,0,0,0,-4438.25388999863,0.003910001370059035,0.5609408410548824
1e-05,181,82.54,40,128,15.1831617260701,0,0,0,-4485.2595999985915,0.004610001408764219,0.5596935138987883
1e-05,182,65.85,41,94,12.134558088368937,0,0,0,-4452.281209998522,0.005530001477382029,0.5539914468995011
1e-05,183,67.1,43,94,11.77497346069196,0,0,0,-4487.290629998543,0.005020001456614409,0.5646828225231646
1e-05,184,92.63,56,127,12.99280954990105,0,0,0,-4356.264929998638,0.005650001362482726,0.5536350677120456
1e-05,185,90.85,55,125,15.503144842257004,0,0,0,-4429.336139998526,0.007850001474253077,0.562544547398432
1e-05,186,83.5,48,118,14.567429423202983,0,0,0,-4347.357519998561,0.0071700014395901235,0.5555951532430506
1e-05,187,60.54,30,89,12.247791637679015,0,0,0,-4477.595989998413,0.007010001587332226,0.550784034212402
1e-05,188,62.01,27,101,13.380205529064193,0,0,0,-4542.247249998572,0.0024300014274558634,0.5545260156806843
1e-05,189,60.68,35,80,9.9417101144622,0,0,0,-4540.288799998499,0.0043200015015827375,0.5548823948681397
1e-05,190,67.47,34,111,13.994609676586196,0,0,0,-4317.277679998512,0.004170001488091657,0.5491803278688525
1e-05,191,93.65,41,136,17.49535652680448,0,0,0,-4332.303729998536,0.0052400014637896675,0.550784034212402
1e-05,192,59.73,39,89,10.093418647812047,0,0,0,-4226.254979998582,0.004210001417959575,0.5375980042765502
1e-05,193,83.94,50,114,12.852875164724816,0,0,0,-4382.2507499986505,0.0050700013498499175,0.5495367070563079
1e-05,194,65.18,39,92,10.453114368454981,0,0,0,-4557.229869998643,0.0033000013572745956,0.5634354953670706
1e-05,195,59.45,24,84,10.5814696521797,0,0,0,-4474.274689998563,0.0025200014370057033,0.5602280826799715
1e-05,196,69.13,43,98,12.3334139637004,0,0,0,-4451.234239998588,0.003980001411946432,0.5477548111190307
1e-05,197,67.94,18,95,12.54258346593715,0,0,0,-4388.2733099985635,0.0018900014365499374,0.5504276550249465
1e-05,198,68.44,38,100,12.217462911750541,0,0,0,-4551.258149998588,0.004890001411695266,0.5675338560228083
1e-05,199,73.16,42,114,12.646517307148242,0,0,0,-4486.343529998392,0.005920001607591985,0.5538132573057734
1e-05,200,78.14,45,109,13.943471590676404,0,0,0,-4464.294669998499,0.005180001501685183,0.5593371347113328
1e-05,201,58.83,32,89,12.275223012230777,0,0,0,-4448.267179998548,0.003620001451963617,0.5541696364932288
1e-05,202,73.95,34,113,13.902787490284098,0,0,0,-4497.275139998515,0.0037700014845540863,0.5614754098360656
1e-05,203,59.05,29,97,12.448594298152704,0,0,0,-4546.290629998541,0.0032800014596432447,0.5609408410548824
1e-05,204,85.13,53,123,15.174752057282518,0,0,0,-4491.373019998454,0.007820001545951527,0.5604062722736992
1e-05,205,78.99,52,109,12.642385059789945,0,0,0,-4403.20902999873,0.004150001269408676,0.5561297220242338
1e-05,206,61.76,38,95,11.988427753462922,0,0,0,-4384.295009998513,0.004030001487080881,0.5545260156806843
1e-05,207,47.32,21,71,11.10394524482177,0,0,0,-4531.3096299984245,0.0026300015751985484,0.5680684248039914
1e-05,208,55.96,28,86,12.77256434706829,0,0,0,-4419.29814999853,0.003460001470557472,0.5639700641482538
1e-05,209,52.19,25,97,12.830974242044134,0,0,0,-4511.227919998677,0.002900001322814205,0.556664290805417
1e-05,210,64.26,37,92,13.195923612995037,0,0,0,-4520.199279998771,0.0028200012293382315,0.5653955808980755
1e-05,211,56.37,23,86,13.14355735712368,0,0,0,-4430.251519998585,0.0021300014150256175,0.5552387740555952
1e-05,212,97.04,65,129,15.25576612301067,0,0,0,-4490.279839998573,0.007800001426403469,0.562544547398432
1e-05,213,65.12,30,103,12.667501726859959,0,0,0,-4437.231109998666,0.002860001333829132,0.5564861012116893
1e-05,214,106.14,61,165,16.403670320998284,0,0,0,-4482.34227999852,0.011210001480321807,0.5568424803991446
1e-05,215,69.34,44,110,12.316834008786511,0,0,0,-4491.280719998516,0.005140001483596279,0.5529223093371347
1e-05,216,60.49,34,92,12.912393271582152,0,0,0,-4445.387369998491,0.005490001509315334,0.5552387740555952
1e-05,217,62.1,30,102,13.266122266887185,0,0,0,-4343.246239998663,0.0031700013369118096,0.5477548111190307
1e-05,218,66.29,36,93,13.750850882763585,0,0,0,-4398.307759998533,0.0048700014676796854,0.5520313613684961
1e-05,219,81.6,47,123,14.098936130077334,0,0,0,-4537.2592699985735,0.004180001426902891,0.562544547398432
1e-05,220,65.36,24,102,15.231231073028864,0,0,0,-4428.235929998674,0.003270001326200145,0.5577334283677833
1e-05,221,80.07,39,116,13.30432636400656,0,0,0,-4353.282799998584,0.0041400014160899445,0.5538132573057734
1e-05,222,74.72,42,114,15.094422811091519,0,0,0,-4512.433889998407,0.008610001593297056,0.5648610121168923
1e-05,223,95.15,62,132,14.143107862135535,0,0,0,-4396.254589998649,0.0068700013507623225,0.5557733428367784
1e-05,224,60.29,34,90,12.808821179171797,0,0,0,-4416.245449998634,0.003500001365864591,0.5588025659301497
1e-05,225,64.64,40,93,10.450377983594661,0,0,0,-4473.2571599985695,0.0040000014305405784,0.5575552387740556
1e-05,226,66.78,43,94,12.28298009442334,0,0,0,-4362.20844999874,0.0035500012600095943,0.5531004989308624
1e-05,227,77.04,43,107,12.893347121674806,0,0,0,-4506.29757999855,0.005770001450400741,0.5609408410548824
1e-05,228,67.49,41,95,12.195486870149958,0,0,0,-4488.327489998468,0.00539000153185043,0.5661083392729864
1e-05,229,75.71,46,108,13.850844739581769,0,0,0,-4413.301499998506,0.007010001493654272,0.5491803278688525
1e-05,230,56.94,24,94,12.883959018873043,0,0,0,-4467.264509998563,0.002570001436652092,0.5573770491803278
1e-05,231,91.71,41,128,16.66751031198121,0,0,0,-4324.300339998539,0.005350001461010834,0.5381325730577334
1e-05,232,46.05,19,83,11.643345739090632,0,0,0,-4478.298839998498,0.0021700015022361185,0.5602280826799715
1e-05,233,70.24,32,105,15.02139807075227,0,0,0,-4437.2623799985495,0.0038000014501449186,0.5511404133998574
1e-05,234,74.92,52,100,11.343438632090358,0,0,0,-4366.406969998482,0.009400001517860801,0.5463292943692089
1e-05,235,54.11,28,80,12.269388737830422,0,0,0,-4442.221939998662,0.0028300013382249745,0.5531004989308624
1e-05,236,53.44,18,86,12.178932629750442,0,0,0,-4371.359939998473,0.0027500015266923583,0.5568424803991446
1e-05,237,89.11,58,126,13.625633930206698,0,0,0,-4365.4186599984505,0.009590001549440785,0.5514967925873129
1e-05,238,63.0,36,92,12.088837826689545,0,0,0,-4441.259939998599,0.003740001400728943,0.5525659301496793
1e-05,239,76.11,38,116,12.54264326208794,0,0,0,-4368.254869998647,0.003900001353031257,0.5466856735566643
1e-05,240,42.01,19,68,10.726131641929442,0,0,0,-4536.281389998496,0.0031800015040062135,0.5525659301496793
1e-05,241,54.97,30,82,10.010449540355317,0,0,0,-4444.311909998523,0.0038700014765709057,0.5564861012116893
1e-05,242,59.25,36,92,11.9510459793275,0,0,0,-4539.25423999858,0.0037400014207378263,0.5561297220242338
1e-05,243,58.13,35,88,11.329302714642237,0,0,0,-4416.252319998571,0.0035900014290746185,0.5516749821810406
1e-05,244,67.14,30,110,14.784464819532698,0,0,0,-4453.271579998524,0.0037000014754084987,0.5561297220242338
1e-05,245,87.24,48,124,14.799405393460916,0,0,0,-4486.230389998668,0.00453000133165915,0.5570206699928724
1e-05,246,71.55,33,107,14.224187147250278,0,0,0,-4422.295779998544,0.004030001456158061,0.5573770491803278
1e-05,247,66.49,34,104,12.254382889399205,0,0,0,-4375.231689998703,0.0032000012970456737,0.5595153243050606
1e-05,248,80.53,53,112,11.892396730684695,0,0,0,-4320.434399998584,0.009240001416401356,0.5506058446186742
1e-05,249,77.54,50,110,12.410012087020705,0,0,0,-4345.24827999863,0.005420001370112004,0.5482893799002139
1e-05,250,59.46,33,92,12.080082781173315,0,0,0,-4362.441129998431,0.005650001568938023,0.5550605844618675
1e-05,251,76.45,51,106,13.281095587337665,0,0,0,-4473.319209998449,0.006670001551356108,0.5602280826799715
1e-05,252,79.59,32,119,13.84925629772227,0,0,0,-4472.366919998363,0.005140001636391389,0.5630791161796151
1e-05,253,77.33,49,108,14.159841100803357,0,0,0,-4505.339569998356,0.00707000164402416,0.5616535994297933
1e-05,254,59.24,23,84,10.622730345819761,0,0,0,-4362.237839998633,0.0037500013668250176,0.544903777619387
1e-05,255,56.08,34,96,11.851312163638253,0,0,0,-4370.281119998563,0.0033200014377143816,0.5575552387740556
1e-05,256,70.3,35,110,15.302614155757835,0,0,0,-4535.234349998636,0.003620001363742631,0.5646828225231646
1e-05,257,68.8,42,97,11.52822622956368,0,0,0,-4343.291559998532,0.0046200014685382484,0.5548823948681397
1e-05,258,80.84,55,115,13.147410391404081,0,0,0,-4301.321099998532,0.007490001467886032,0.5506058446186742
1e-05,259,67.92,35,98,12.68990149685962,0,0,0,-4327.301169998525,0.004260001474904129,0.550071275837491
1e-05,260,71.03,36,96,13.09538468316223,0,0,0,-4478.325859998417,0.004650001582376717,0.5577334283677833
1e-05,261,56.86,36,88,11.91723122205825,0,0,0,-4450.233129998631,0.0033600013694012887,0.5545260156806843
1e-05,262,82.41,52,124,15.15591963557474,0,0,0,-4430.365029998537,0.0073900014631362865,0.5611190306486101
1e-05,263,74.55,38,111,13.749454534635184,0,0,0,-4601.225569998668,0.004020001331809908,0.5671774768353528
1e-05,264,60.98,20,98,14.356865953264313,0,0,0,-4409.255359998638,0.0020100013625778956,0.5520313613684961
1e-05,265,56.25,25,84,13.2916327063307,0,0,0,-4346.235549998635,0.002880001365156204,0.5497148966500356
1e-05,266,75.37,44,112,13.775089836367671,0,0,0,-4526.377659998436,0.006370001564391714,0.5641482537419815
1e-05,267,72.8,46,104,13.3086438076913,0,0,0,-4384.269119998617,0.0051900013831982506,0.5523877405559515
1e-05,268,79.89,41,114,14.718624256363094,0,0,0,-4379.279299998569,0.004830001431400888,0.5532786885245902
1e-05,269,54.28,29,86,10.778756885652445,0,0,0,-4400.226659998705,0.00252000129512453,0.5534568781183179
1e-05,270,76.47,51,115,12.529529121239952,0,0,0,-4511.3158699984415,0.006300001558884105,0.5604062722736992
1e-05,271,52.51,29,80,12.51598577819582,0,0,0,-4335.290099998598,0.0035300014023960102,0.5497148966500356
1e-05,272,62.12,27,96,11.313072084982045,0,0,0,-4389.1972599987475,0.0020400012526806677,0.5454383464005702
1e-05,273,77.26,53,108,12.063681030266013,0,0,0,-4460.258609998609,0.0053300013905754895,0.5543478260869565
1e-05,274,86.42,59,118,13.896891738802601,0,0,0,-4441.242669998639,0.005610001360764727,0.5563079116179616
1e-05,275,78.49,51,119,12.442262655964148,0,0,0,-4463.200179998728,0.004150001271227666,0.5511404133998574
1e-05,276,63.1,34,99,14.881868162297366,0,0,0,-4437.338459998492,0.004520001508353744,0.5514967925873129
1e-05,277,73.35,38,111,14.601626621715813,0,0,0,-4429.293689998503,0.004700001496530604,0.5595153243050606
1e-05,278,76.79,43,108,13.006379204067517,0,0,0,-4293.242599998641,0.004380001359095331,0.5523877405559515
1e-05,279,81.35,56,117,13.210885662967492,0,0,0,-4389.222819998708,0.005570001292653615,0.5511404133998574
1e-05,280,61.28,30,90,11.974205610394371,0,0,0,-4466.331899998453,0.004970001547007996,0.5534568781183179
1e-05,281,77.71,43,108,13.491697446948624,0,0,0,-4417.227149998691,0.004110001308617939,0.5495367070563079
1e-05,282,74.85,40,113,15.212741370311926,0,0,0,-4528.3205599984685,0.005020001531192975,0.5637918745545261
1e-05,283,64.84,29,90,12.861352961488928,0,0,0,-4446.304889998475,0.003620001524723193,0.562544547398432
1e-05,284,82.27,50,128,13.641741091224391,0,0,0,-4372.5005899986245,0.012710001375126012,0.5491803278688525
1e-05,285,62.23,22,106,14.967868919789483,0,0,0,-4555.220699998678,0.002410001321550226,0.5611190306486101
1e-05,286,44.13,15,79,11.597116020804483,0,0,0,-4598.37054999835,0.002440001650029444,0.5668210976478973
1e-05,287,57.17,27,91,12.208239021251181,0,0,0,-4402.379149998494,0.00414000150612992,0.5532786885245902
1e-05,288,56.55,22,92,12.523078694953568,0,0,0,-4439.242039998608,0.002120001392540871,0.5559515324305061
1e-05,289,70.32,39,98,12.22037642628082,0,0,0,-4557.372719998385,0.006390001614818175,0.5707412687099074
1e-05,290,69.47,39,102,12.563005213721754,0,0,0,-4351.243729998607,0.004140001393352577,0.5555951532430506
1e-05,291,67.19,31,96,12.606898904964693,0,0,0,-4486.286079998503,0.0036000014970341,0.5568424803991446
1e-05,292,54.34,14,79,11.342151471392013,0,0,0,-4420.31747999846,0.0020400015400809934,0.5479330007127584
1e-05,293,54.03,21,92,13.204131929059177,0,0,0,-4448.4178299983805,0.003890001619765826,0.5541696364932288
1e-05,294,68.78,33,99,13.220877429278284,0,0,0,-4404.264259998582,0.003780001417908352,0.5612972202423379
1e-05,295,75.14,41,113,14.003585255212325,0,0,0,-4407.374719998414,0.006490001585916616,0.5506058446186742
1e-05,296,51.38,20,90,12.518610146497894,0,0,0,-4412.218009998678,0.0017600013215997024,0.562544547398432
1e-05,297,46.27,24,72,9.809031552604976,0,0,0,-4501.356509998451,0.00347000154943089,0.5612972202423379
1e-05,298,71.05,33,105,15.363186518427746,0,0,0,-4346.245959998633,0.0031500013665208826,0.5497148966500356
1e-05,299,60.7,26,90,11.496521212958292,0,0,0,-4293.270939998621,0.00295000137975876,0.550784034212402
1e-05,300,78.44,43,110,13.858080675187312,0,0,0,-4505.3451999984745,0.008240001525336993,0.5616535994297933
1e-05,301,58.24,34,90,11.504885918599976,0,0,0,-4446.339559998409,0.00423000159116782,0.5541696364932288
1e-05,302,61.53,33,99,12.824550674390117,0,0,0,-4410.250029998623,0.0029900013769292855,0.5588025659301497
1e-05,303,76.9,43,116,14.988328792764056,0,0,0,-4537.289919998485,0.005010001515074691,0.5570206699928724
1e-05,304,52.09,24,81,12.13185476339047,0,0,0,-4426.252499998566,0.0027800014340755297,0.5548823948681397
1e-05,305,84.22,58,113,10.970487682869893,0,0,0,-4409.35243999851,0.008760001490372815,0.5561297220242338
1e-05,306,78.02,42,114,13.012286501610701,0,0,0,-4322.219129998737,0.003830001262940641,0.5447255880256593
1e-05,307,68.23,39,94,10.352637345140609,0,0,0,-4408.256989998573,0.004360001426903182,0.5529223093371347
1e-05,308,60.48,34,86,12.111548208218467,0,0,0,-4406.298049998477,0.0042300015229557175,0.5548823948681397
1e-05,309,85.11,46,127,14.665534425993481,0,0,0,-4362.243719998641,0.004310001359044691,0.552744119743407
1e-05,310,53.63,23,90,14.620981499201758,0,0,0,-4520.279029998481,0.002410001518910576,0.5637918745545261
1e-05,311,60.68,32,88,12.570505160891507,0,0,0,-4433.326759998522,0.004870001477684127,0.5571988595866001
1e-05,312,81.07,50,109,13.658883556132983,0,0,0,-4408.224439998677,0.004820001323423639,0.5586243763364219
1e-05,313,64.07,38,89,12.147637630420164,0,0,0,-4402.241339998681,0.003760001319278672,0.552744119743407
1e-05,314,71.83,42,109,12.55074101398001,0,0,0,-4365.384459998473,0.00668000152654713,0.5561297220242338
1e-05,315,68.26,37,102,13.812762214705646,0,0,0,-4567.258949998559,0.0036900014411003212,0.5602280826799715
1e-05,316,104.77,65,131,12.61574809513887,0,0,0,-4448.261099998622,0.008530001377948793,0.5588025659301497
1e-05,317,71.05,42,103,12.588387505951665,0,0,0,-4536.324039998398,0.0053800016021341435,0.56503920171062
1e-05,318,77.03,45,107,12.77063428338624,0,0,0,-4446.304919998544,0.005510001456059399,0.5623663578047042
1e-05,319,69.51,29,102,12.483184689813735,0,0,0,-4354.299259998567,0.005830001432514109,0.5589807555238774
1e-05,320,69.9,40,114,14.606505399992155,0,0,0,-4451.609899998469,0.010080001531605376,0.557911617961511
1e-05,321,91.19,58,133,14.638097553985627,0,0,0,-4419.2773899985805,0.006380001419529435,0.5563079116179616
1e-05,322,43.45,19,68,10.026340309405022,0,0,0,-4318.29253999858,0.0023200014202302555,0.5554169636493229
1e-05,323,66.28,34,102,14.537592648028077,0,0,0,-4328.308019998559,0.004210001441606437,0.5516749821810406
1e-05,324,94.86,57,139,16.05180363697488,0,0,0,-4348.397569998533,0.009820001467232942,0.5532786885245902
1e-05,325,75.11,41,113,14.412421725719796,0,0,0,-4311.2872799986135,0.006180001386383083,0.5509622238061297
1e-05,326,98.71,54,137,14.277461258921349,0,0,0,-4370.210759998713,0.004710001287094201,0.5586243763364219
1e-05,327,63.43,29,93,13.544928940382079,0,0,0,-4311.235099998669,0.0033500013305456378,0.5470420527441198
1e-05,328,70.75,42,113,12.931647226861704,0,0,0,-4459.275389998559,0.004450001441000495,0.5571988595866001
1e-05,329,80.96,47,116,12.557006012581184,0,0,0,-4493.308959998539,0.0058100014612136874,0.5614754098360656
1e-05,330,63.85,34,98,11.95271935586208,0,0,0,-4381.317159998479,0.004510001521339291,0.550071275837491
1e-05,331,76.61,45,111,12.544237720961764,0,0,0,-4436.405879998367,0.00833000163311226,0.5525659301496793
1e-05,332,59.04,34,86,11.594757436013918,0,0,0,-4464.243719998643,0.0032100013568197028,0.5545260156806843
1e-05,333,81.27,47,119,13.305528925976597,0,0,0,-4463.354299998539,0.0066300014605076285,0.5593371347113328
1e-05,334,89.32,61,131,14.255441066484055,0,0,0,-4591.265179998585,0.006490001414931612,0.5630791161796151
1e-05,335,72.61,41,103,12.720766486340356,0,0,0,-4426.273359998542,0.004440001457624021,0.5568424803991446
1e-05,336,86.27,56,123,14.165348566131367,0,0,0,-4328.270109998592,0.006310001408564858,0.5518531717747683
1e-05,337,78.49,49,109,12.394752922103773,0,0,0,-4462.336799998452,0.007010001548223954,0.5561297220242338
1e-05,338,54.33,26,79,11.126594267789223,0,0,0,-4476.362689998437,0.0052800015628236,0.5557733428367784
1e-05,339,69.13,41,105,11.385653253107616,0,0,0,-4392.300509998513,0.0051900014868806466,0.5525659301496793
1e-05,340,64.24,25,94,10.58784208420205,0,0,0,-4363.456159998484,0.004630001516488846,0.5450819672131147
1e-05,341,62.59,37,91,12.505274887022676,0,0,0,-4447.328509998437,0.00486000156342925,0.5491803278688525
1e-05,342,91.29,52,140,13.824829112867906,0,0,0,-4227.24922999867,0.006030001330145751,0.5420527441197434
1e-05,343,80.57,51,119,13.648629967875895,0,0,0,-4360.243819998662,0.004970001337824215,0.5484675694939416
1e-05,344,79.44,48,120,14.448750811056296,0,0,0,-4475.316209998474,0.006200001525940024,0.5561297220242338
1e-05,345,70.16,44,111,12.129072511944186,0,0,0,-4410.398719998499,0.007260001501890656,0.5543478260869565
1e-05,346,61.54,39,88,9.874634170438922,0,0,0,-4576.355739998482,0.006030001518411154,0.5682466143977192
1e-05,347,122.73,89,169,16.346164687779208,0,0,0,-4348.314239998606,0.012250001394022547,0.5532786885245902
1e-05,348,60.02,34,91,11.687583154784397,0,0,0,-4375.246069998622,0.003210001377738081,0.5538132573057734
1e-05,349,115.77,79,167,17.200497085840283,0,0,0,-4475.302239998516,0.009340001483906235,0.5497148966500356
1e-05,350,91.09,60,123,14.346494345309589,0,0,0,-4318.21664999871,0.006010001290633227,0.5381325730577334
1e-05,351,45.67,21,78,10.73317753510115,0,0,0,-4463.31900999849,0.0026700015096139396,0.5557733428367784
1e-05,352,65.49,39,97,11.58403642950073,0,0,0,-4339.255549998607,0.004420001392645645,0.550071275837491
1e-05,353,58.27,28,83,11.064226136517636,0,0,0,-4474.29871999849,0.003470001510322618,0.5532786885245902
1e-05,354,68.85,36,102,12.783094304588385,0,0,0,-4311.284659998556,0.005130001443831134,0.5561297220242338
1e-05,355,64.33,38,99,12.484434308369762,0,0,0,-4439.372679998381,0.005620001619718096,0.5493585174625801
1e-05,356,55.04,30,87,11.340123456118105,0,0,0,-4478.28355999852,0.0033600014794501476,0.5557733428367784
1e-05,357,93.32,60,127,15.29567259063818,0,0,0,-4381.289479998562,0.006540001438224863,0.5541696364932288
1e-05,358,81.26,46,143,17.404378759381213,0,0,0,-4473.203499998745,0.004320001254200179,0.5506058446186742
1e-05,359,63.65,37,98,13.084628386010817,0,0,0,-4486.2484999985645,0.003850001435239392,0.5588025659301497
1e-05,360,75.64,34,118,14.405915451646935,0,0,0,-4548.391719998411,0.005450001589451858,0.5614754098360656
1e-05,361,79.49,48,122,14.274799473197513,0,0,0,-4475.309729998439,0.006440001560804376,0.5595153243050606
1e-05,362,94.61,62,135,15.728887436815103,0,0,0,-4406.219939998723,0.005640001277242845,0.5580898075552387
1e-05,363,49.63,14,89,13.360130987381824,0,0,0,-4397.270059998593,0.0015600014075971558,0.5520313613684961
1e-05,364,64.69,37,92,10.611969656948704,0,0,0,-4530.228469998637,0.003190001363691408,0.5523877405559515
1e-05,365,65.08,41,105,12.084436271502282,0,0,0,-4548.313689998534,0.005070001466265239,0.5641482537419815
1e-05,366,67.39,33,98,14.027754631444049,0,0,0,-4480.415789998414,0.005640001586471044,0.5529223093371347
1e-05,367,68.85,44,108,11.508583753008013,0,0,0,-4435.2506099986185,0.004580001381327747,0.5563079116179616
1e-05,368,67.21,41,109,13.256918948232277,0,0,0,-4355.30902999854,0.0056100014598996495,0.5506058446186742
1e-05,369,66.23,31,97,13.078115307642763,0,0,0,-4463.305659998497,0.0036100015031479415,0.5600498930862438
1e-05,370,74.44,46,100,10.433906267549082,0,0,0,-4338.28490999856,0.006060001440346241,0.5511404133998574
1e-05,371,91.05,63,118,13.131165218669668,0,0,0,-4345.458669998401,0.012080001599315437,0.5552387740555952
1e-05,372,60.33,40,102,11.62157906654685,0,0,0,-4178.303109998605,0.005040001395173022,0.5379543834640057
1e-05,373,69.88,40,101,11.840000000000002,0,0,0,-4444.280689998522,0.00447000147869403,0.5571988595866001
1e-05,374,49.16,19,77,11.799762709478527,0,0,0,-4539.347029998408,0.003080001592024928,0.5611190306486101
1e-05,375,62.92,39,90,11.550480509485308,0,0,0,-4539.390729998433,0.006280001566665305,0.5623663578047042
1e-05,376,93.47,53,127,13.74660321679505,0,0,0,-4404.382329998516,0.007910001483651286,0.5529223093371347
1e-05,377,59.51,30,92,12.739305318579973,0,0,0,-4418.297669998513,0.0038600014868279686,0.5623663578047042
1e-05,378,62.32,34,96,10.87371141791063,0,0,0,-4487.248129998605,0.003660001395473955,0.5568424803991446
1e-05,379,81.02,51,118,14.196464348562285,0,0,0,-4308.407889998532,0.00867000146809005,0.5445473984319316
1e-05,380,90.49,52,147,15.12778569388131,0,0,0,-4338.2493599986365,0.005630001363897463,0.5463292943692089
1e-05,381,60.11,23,93,13.591096350184557,0,0,0,-4366.305399998486,0.004280001514416654,0.5555951532430506
1e-05,382,63.93,35,97,13.675712047275638,0,0,0,-4451.20713999872,0.002580001279966382,0.5561297220242338
1e-05,383,89.35,61,131,13.936552658387223,0,0,0,-4453.371569998508,0.009130001491939765,0.5614754098360656
1e-05,384,90.61,54,128,14.80871027469982,0,0,0,-4377.325239998529,0.008260001471171563,0.5514967925873129
1e-05,385,61.48,37,126,13.725509098026201,0,0,0,-4452.280809998566,0.004230001433825237,0.5605844618674269
1e-05,386,91.49,54,127,13.727705562110515,0,0,0,-4377.223959998686,0.005210001313571411,0.561831789023521
1e-05,387,65.5,39,96,11.84694053331914,0,0,0,-4380.331569998448,0.005180001552616886,0.5529223093371347
1e-05,388,111.11,72,154,17.78589047531779,0,0,0,-4291.307279998509,0.00895000149102998,0.5447255880256593
1e-05,389,64.52,32,108,12.728299179387637,0,0,0,-4520.26493999854,0.0031400014595419634,0.5659301496792587
1e-05,390,47.8,27,73,10.423051376636307,0,0,0,-4537.305069998477,0.0031400015232065925,0.5602280826799715
1e-05,391,84.23,49,117,16.095872141639298,0,0,0,-4419.260019998606,0.005710001393708808,0.557911617961511
1e-05,392,65.28,42,93,11.2641732941215,0,0,0,-4407.296409998532,0.004720001467831025,0.5634354953670706
1e-05,393,60.19,36,97,12.83331212119459,0,0,0,-4353.237059998623,0.003560001376172295,0.5550605844618675
1e-05,394,84.28,54,131,14.97469866140885,0,0,0,-4361.371359998474,0.008580001525842818,0.5482893799002139
1e-05,395,73.01,46,113,12.21023750792752,0,0,0,-4369.26235999861,0.005410001390373509,0.550071275837491
1e-05,396,65.83,44,95,10.315090886657277,0,0,0,-4402.282099998531,0.004720001469650015,0.5481111903064861
1e-05,397,81.11,49,122,13.831771397763918,0,0,0,-4381.235949998671,0.0050900013293357915,0.5538132573057734
1e-05,398,72.28,42,108,13.211419303012072,0,0,0,-4473.281029998506,0.004980001494004682,0.556664290805417
1e-05,399,87.41,50,126,13.612564049436093,0,0,0,-4544.216119998653,0.004690001346716599,0.561831789023521
1e-05,400,99.31,56,136,17.1614072849519,0,0,0,-4458.383079998442,0.00964000155818212,0.5531004989308624
1e-05,401,63.76,39,94,11.71163524022158,0,0,0,-4455.288749998503,0.0050000014971374185,0.5532786885245902
1e-05,402,91.07,52,130,15.52240638560916,0,0,0,-4429.221079998689,0.0052700013111461885,0.5591589451176051
1e-05,403,95.44,57,126,14.423120328139815,0,0,0,-4403.335429998503,0.007740001497040794,0.5588025659301497
1e-05,404,72.94,32,105,13.627046635276479,0,0,0,-4303.264729998575,0.0036500014257399016,0.5431218816821097
1e-05,405,73.27,43,105,12.117635908047411,0,0,0,-4377.257599998633,0.004880001367382647,0.5488239486813971
1e-05,406,64.6,39,93,12.592855117089215,0,0,0,-4373.267989998595,0.004270001404620416,0.5522095509622238
1e-05,407,75.67,44,121,13.368661114711525,0,0,0,-4396.266899998588,0.005070001411695557,0.5456165359942979
1e-05,408,77.91,44,106,14.163400015532991,0,0,0,-4468.2399299986755,0.004480001324736804,0.5570206699928724
1e-05,409,75.82,53,105,11.682790762484792,0,0,0,-4377.296549998547,0.0061000014529781765,0.5477548111190307
1e-05,410,63.83,41,102,11.013677859825028,0,0,0,-4437.301209998483,0.005230001517702476,0.5523877405559515
1e-05,411,80.94,48,122,12.307574903286186,0,0,0,-4334.328159998543,0.006320001457424951,0.546863863150392
1e-05,412,78.13,42,115,15.4062682048574,0,0,0,-4378.422099998599,0.007170001400481851,0.5550605844618675
1e-05,413,64.99,37,111,13.777151374649259,0,0,0,-4489.316209998468,0.0046900015313440235,0.5548823948681397
1e-05,414,65.95,30,102,13.240373861791063,0,0,0,-4474.248659998577,0.002970001422909263,0.5596935138987883
1e-05,415,75.82,47,108,13.459851410769735,0,0,0,-4376.197779998784,0.0036600012153940042,0.5532786885245902
1e-05,416,77.88,41,111,13.899122274445967,0,0,0,-4428.27188999858,0.005610001419881883,0.5577334283677833
1e-05,417,55.47,27,85,11.523415292351483,0,0,0,-4450.300289998506,0.0029800014945067232,0.5561297220242338
1e-05,418,57.84,30,103,14.119291766940721,0,0,0,-4427.30553999853,0.003410001470001589,0.5563079116179616
1e-05,419,58.54,35,83,11.321148351647018,0,0,0,-4526.318389998487,0.00484000151300279,0.5721667854597291
1e-05,420,67.25,28,95,11.992810346203262,0,0,0,-4441.327269998498,0.005540001501685765,0.5557733428367784
1e-05,421,51.26,24,84,11.894217082263129,0,0,0,-4461.290759998502,0.003040001498447964,0.5621881682109765
1e-05,422,54.62,27,101,11.74289572464986,0,0,0,-4399.360249998478,0.004730001522148086,0.5520313613684961
1e-05,423,57.42,29,88,10.945483086643549,0,0,0,-4617.356209998366,0.004040001634166401,0.5689593727726301
1e-05,424,63.61,36,95,12.259604398185122,0,0,0,-4353.2656599985485,0.003720001451256394,0.5493585174625801
1e-05,425,82.03,51,123,14.097130913771071,0,0,0,-4389.235819998651,0.004860001348788501,0.5543478260869565
1e-05,426,56.98,23,86,13.253663644441863,0,0,0,-4367.265289998543,0.0025400014565093443,0.5466856735566643
1e-05,427,65.28,33,110,12.37180665868975,0,0,0,-4375.3320499985,0.004470001499612408,0.5580898075552387
1e-05,428,59.21,35,93,11.31220137727401,0,0,0,-4476.32831999846,0.0051500015397323295,0.5605844618674269
1e-05,429,86.87,45,115,14.863145696655202,0,0,0,-4425.28847999851,0.005430001489912684,0.5561297220242338
1e-05,430,78.89,49,124,12.506714196782463,0,0,0,-4300.244859998669,0.004760001330396335,0.5559515324305061
1e-05,431,110.93,66,150,17.401295928751974,0,0,0,-4412.364159998546,0.010340001454096637,0.5511404133998574
1e-05,432,84.5,48,123,15.982177573785119,0,0,0,-4404.257279998597,0.005230001402196649,0.5538132573057734
1e-05,433,57.03,27,82,12.386650071750635,0,0,0,-4441.311089998478,0.0033900015223480295,0.5614754098360656
1e-05,434,71.13,36,108,15.16420456205996,0,0,0,-4430.3203999985,0.004760001500471844,0.5488239486813971
1e-05,435,63.14,28,91,12.615086206602,0,0,0,-4448.264749998551,0.0034900014488812303,0.5470420527441198
1e-05,436,61.11,28,104,14.458834669502242,0,0,0,-4555.275989998545,0.003350001455146412,0.5671774768353528
1e-05,437,83.75,54,120,13.274317308246026,0,0,0,-4423.255349998607,0.005700001393051934,0.5602280826799715
1e-05,438,100.07,71,155,16.51378515059464,0,0,0,-4340.277219998621,0.008350001378857996,0.5514967925873129
1e-05,439,50.34,17,77,11.445715355538072,0,0,0,-4439.340869998458,0.0023000015416982933,0.5548823948681397
1e-05,440,69.88,39,120,13.995199176860613,0,0,0,-4429.242649998621,0.00427000137824507,0.5589807555238774
1e-05,441,72.14,40,106,14.093984532416657,0,0,0,-4391.210059998721,0.0033300012792096823,0.5495367070563079
1e-05,442,50.35,24,74,10.02434536515976,0,0,0,-4433.296999998547,0.003390001453226432,0.5591589451176051
1e-05,443,52.66,35,80,9.664595180347701,0,0,0,-4454.319279998448,0.004060001551806636,0.5607626514611547
1e-05,444,74.2,43,97,12.599206324209474,0,0,0,-4479.432429998452,0.007680001547669235,0.554704205274412
1e-05,445,70.55,41,98,12.165011302912959,0,0,0,-4270.388169998548,0.006730001452524448,0.5413399857448326
1e-05,446,87.77,62,121,11.633447468399039,0,0,0,-4618.289549998569,0.007530001431405253,0.5643264433357092
1e-05,447,59.31,33,89,11.753037905154565,0,0,0,-4343.290309998532,0.0037900014676779392,0.5443692088382038
1e-05,448,83.68,41,131,12.924302689120216,0,0,0,-4379.311759998554,0.007410001445350645,0.5555951532430506
1e-05,449,74.36,27,108,15.001013299107496,0,0,0,-4349.222249998728,0.0037000012716816855,0.5623663578047042
1e-05,450,66.59,34,99,12.133503203939085,0,0,0,-4441.290519998542,0.004410001458381885,0.5545260156806843
1e-05,451,69.68,39,102,12.810058547875572,0,0,0,-4365.283539998562,0.00476000143771671,0.5523877405559515
1e-05,452,51.52,25,83,11.621084286760853,0,0,0,-4601.233949998625,0.0024900013750084327,0.5710976478973628
1e-05,453,57.04,31,84,11.635222387217185,0,0,0,-4326.243969998673,0.0030800013273619697,0.5531004989308624
1e-05,454,72.64,45,115,13.167019404557738,0,0,0,-4490.22169999871,0.0038800012898718705,0.5589807555238774
1e-05,455,61.48,32,96,13.631933098427384,0,0,0,-4538.240929998634,0.0031600013662682613,0.5662865288667142
1e-05,456,65.82,29,91,12.977965942319313,0,0,0,-4469.259089998595,0.0032400014042650582,0.5571988595866001
1e-05,457,67.07,41,99,10.887841843083505,0,0,0,-4421.441009998559,0.007300001440853521,0.559871703492516
1e-05,458,70.48,37,99,13.11676789456915,0,0,0,-4308.354289998538,0.005720001462577784,0.5454383464005702
1e-05,459,58.0,24,91,13.42683879399764,0,0,0,-4393.259179998568,0.0025300014322056086,0.5415181753385603
1e-05,460,47.3,23,79,10.72240644631605,0,0,0,-4445.210359998707,0.002170001293052337,0.556664290805417
1e-05,461,73.19,36,108,13.667256491337241,0,0,0,-4479.239499998656,0.0032600013437331654,0.56503920171062
1e-05,462,72.17,37,100,13.61694165369008,0,0,0,-4480.232449998639,0.0035700013613677584,0.5605844618674269
1e-05,463,58.52,29,95,13.343522773240956,0,0,0,-4409.2762899985655,0.0027200014346817625,0.5506058446186742
1e-05,464,63.69,32,104,12.341551766289358,0,0,0,-4263.372769998533,0.004980001466719841,0.5470420527441198
1e-05,465,63.67,39,103,12.821899235292719,0,0,0,-4497.257289998604,0.003870001395625877,0.5582679971489665
1e-05,466,72.49,48,106,12.24376984429224,0,0,0,-4396.199539998751,0.0040100012492985115,0.5441910192444761
1e-05,467,48.93,21,77,10.413697710227622,0,0,0,-4521.259519998536,0.0021000014639867004,0.5636136849607983
1e-05,468,62.22,37,97,11.437289888780471,0,0,0,-4375.3404399984865,0.005820001513711759,0.5466856735566643
1e-05,469,43.93,10,76,13.301319483419679,0,0,0,-4394.339219998441,0.001560001559482771,0.5532786885245902
1e-05,470,81.64,48,126,14.678910041280313,0,0,0,-4385.319859998494,0.006250001505577529,0.5473984319315752
1e-05,471,78.01,48,110,14.135412975926808,0,0,0,-4457.386219998462,0.007890001537816715,0.5523877405559515
1e-05,472,87.37,54,124,15.691179050664104,0,0,0,-4364.325409998544,0.007340001455304446,0.5564861012116893
1e-05,473,90.38,54,124,15.579332463234746,0,0,0,-4348.373659998441,0.00773000155822956,0.5488239486813971
1e-05,474,62.17,37,89,12.08309149183271,0,0,0,-4465.286119998532,0.00367000146798091,0.5591589451176051
1e-05,475,69.16,35,103,16.236206453479213,0,0,0,-4452.313099998472,0.00386000152775523,0.5591589451176051
1e-05,476,50.99,23,80,11.061188905357328,0,0,0,-4325.512069998595,0.004940001404975192,0.5441910192444761
1e-05,477,83.32,50,122,15.06909419971884,0,0,0,-4388.301339998592,0.0064600014075040235,0.5557733428367784
1e-05,478,52.34,30,78,10.571868330621603,0,0,0,-4381.244929998597,0.0035800014029518934,0.5509622238061297
1e-05,479,72.66,46,111,12.646912666734124,0,0,0,-4431.194999998753,0.003810001247074979,0.5554169636493229
1e-05,480,60.51,25,92,12.637638228719796,0,0,0,-4470.299219998504,0.00285000149597181,0.5488239486813971
1e-05,481,68.96,46,91,10.371036592356619,0,0,0,-4460.246129998597,0.004390001402498456,0.561831789023521
1e-05,482,79.94,43,106,11.828626293868616,0,0,0,-4433.248859998605,0.004630001394616556,0.5596935138987883
1e-05,483,89.25,61,124,13.421158668311763,0,0,0,-4304.224459998722,0.0059600012782539125,0.5463292943692089
1e-05,484,68.32,43,98,13.167292812115939,0,0,0,-4527.300019998482,0.005440001517854398,0.5646828225231646
1e-05,485,69.56,37,109,14.472954086847647,0,0,0,-4453.240279998633,0.0037500013668250176,0.5554169636493229
1e-05,486,98.33,56,138,15.186872620786678,0,0,0,-4315.250059998652,0.005760001347880461,0.5513186029935851
1e-05,487,89.04,56,140,14.575266721401704,0,0,0,-4471.266389998556,0.005940001443377696,0.5584461867426942
1e-05,488,82.64,54,115,14.278319228816816,0,0,0,-4335.229239998695,0.005070001304375182,0.5484675694939416
1e-05,489,84.04,52,126,14.522341409015283,0,0,0,-4297.36052999851,0.007770001489916467,0.5502494654312188
1e-05,490,67.81,33,100,12.767689689211592,0,0,0,-4428.265949998567,0.004470001433219295,0.554704205274412
1e-05,491,51.1,31,78,11.081064930772675,0,0,0,-4498.2230399986665,0.0025700013338791905,0.5584461867426942
1e-05,492,72.94,44,111,14.040527055634344,0,0,0,-4377.236839998676,0.004230001323776378,0.5580898075552387
1e-05,493,64.05,28,98,14.073645583145826,0,0,0,-4440.34172999852,0.0034800014800566714,0.5593371347113328
1e-05,494,65.63,32,109,15.234602062410426,0,0,0,-4382.304859998531,0.003270001468990813,0.5511404133998574
1e-05,495,72.96,48,110,12.01076184094914,0,0,0,-4379.240909998655,0.004570001344291086,0.5541696364932288
1e-05,496,68.36,42,108,11.713684305119378,0,0,0,-4434.35871999844,0.005780001559287484,0.5548823948681397
1e-05,497,69.11,43,98,12.298695052728155,0,0,0,-4436.247229998605,0.0044700013950205175,0.5555951532430506
1e-05,498,57.11,27,83,12.069710021371682,0,0,0,-4448.259949998568,0.003180001432156132,0.5559515324305061
1e-05,499,60.19,24,90,12.721395363716985,0,0,0,-4554.325039998414,0.0031500015866186004,0.5636136849607983
0.0001,0,50.93,14,79,11.971010817804817,0,0,0,-4470.490799999591,0.014000000408486812,0.5525659301496793
0.0001,1,43.22,18,65,11.04135861205495,0,0,0,-4587.355099999621,0.025000000378895493,0.5673556664290805
0.0001,2,58.66,30,93,11.79425283771719,0,0,0,-4325.865499999648,0.05380000035165722,0.5434782608695652
0.0001,3,58.35,31,95,11.774867302861633,0,0,0,-4471.261099999602,0.02840000039759616,0.5600498930862438
0.0001,4,56.03,28,88,12.423731323559762,0,0,0,-4515.700799999589,0.03220000041073945,0.5568424803991446
0.0001,5,38.66,13,63,10.232516796956652,0,0,0,-4501.5880999995525,0.019200000447199272,0.5577334283677833
0.0001,6,55.74,32,82,10.97690302407742,0,0,0,-4406.174699999571,0.04110000042874162,0.5491803278688525
0.0001,7,45.37,22,76,9.815961491367007,0,0,0,-4390.519599999565,0.02260000043497712,0.5491803278688525
0.0001,8,74.82,31,109,13.946598151520678,0,0,0,-4451.626099999613,0.04530000038721482,0.559871703492516
0.0001,9,54.61,27,91,13.286003913893747,0,0,0,-4317.475999999516,0.028300000483795884,0.5457947255880257
0.0001,10,73.53,39,109,13.943066377235676,0,0,0,-4454.343299999524,0.03790000047592912,0.5514967925873129
0.0001,11,61.7,31,97,13.564291356351795,0,0,0,-4382.093099999649,0.039700000351331255,0.5450819672131147
0.0001,12,71.9,35,109,14.001785600415399,0,0,0,-4394.362799999672,0.05430000032811222,0.5543478260869565
0.0001,13,74.47,38,107,13.694856698775638,0,0,0,-4415.882699999616,0.043500000383573934,0.5523877405559515
0.0001,14,75.17,44,114,13.685799209399502,0,0,0,-4409.63739999965,0.08520000034968689,0.5564861012116893
0.0001,15,92.72,52,150,16.342631367071828,0,0,0,-4404.279099999554,0.05600000044614717,0.5541696364932288
0.0001,16,62.58,35,91,11.165285486721778,0,0,0,-4291.18899999967,0.04710000032991957,0.546863863150392
0.0001,17,50.92,29,87,10.40930353097651,0,0,0,-4438.993899999665,0.037000000334955985,0.5591589451176051
0.0001,18,48.57,23,84,10.921771834276708,0,0,0,-4366.997899999595,0.023800000405572064,0.5495367070563079
0.0001,19,58.61,23,96,12.850599207819066,0,0,0,-4355.451099999731,0.036100000268561416,0.5545260156806843
0.0001,20,67.69,41,91,10.729114595342896,0,0,0,-4544.1581999996015,0.049500000398438715,0.5648610121168923
0.0001,21,81.82,45,119,14.644029500106859,0,0,0,-4353.155699999638,0.06070000036197598,0.5450819672131147
0.0001,22,73.13,45,112,13.39153090576279,0,0,0,-4460.441799999562,0.04820000043764594,0.5595153243050606
0.0001,23,43.91,21,67,9.089658959498975,0,0,0,-4486.746499999631,0.032300000369104964,0.5580898075552387
0.0001,24,64.32,37,104,13.549081149657345,0,0,0,-4558.1332999995575,0.044700000442389864,0.5630791161796151
0.0001,25,73.58,44,99,12.237793918840111,0,0,0,-4539.607899999574,0.047600000425518374,0.5627227369921597
0.0001,26,43.48,23,71,10.839261967495759,0,0,0,-4428.3395999996155,0.034400000384266605,0.554704205274412
0.0001,27,67.75,39,117,13.332197868318637,0,0,0,-4624.323699999603,0.03610000039680017,0.5641482537419815
0.0001,28,61.06,30,95,13.588097732942604,0,0,0,-4381.721699999596,0.03360000040356681,0.5575552387740556
0.0001,29,76.78,42,106,13.9925551633717,0,0,0,-4335.207999999544,0.03800000045612251,0.5550605844618675
0.0001,30,75.7,37,123,14.926821496889417,0,0,0,-4491.264599999504,0.04400000049645314,0.5614754098360656
0.0001,31,87.59,56,126,14.395204062464694,0,0,0,-4384.426099999532,0.059100000467879,0.5506058446186742
0.0001,32,60.64,35,97,11.87393784723501,0,0,0,-4475.18329999967,0.04460000032941025,0.5539914468995011
0.0001,33,91.63,65,126,12.725293709773458,0,0,0,-4400.442999999505,0.06630000049426599,0.5486457590876693
0.0001,34,79.31,52,114,14.751742269982893,0,0,0,-4423.109299999515,0.04390000048442744,0.5498930862437633
0.0001,35,75.61,39,115,12.935915120315224,0,0,0,-4573.822099999595,0.08310000040546583,0.571632216678546
0.0001,36,71.28,44,102,12.135139059771832,0,0,0,-4492.261099999556,0.037600000444399484,0.5545260156806843
0.0001,37,53.72,26,81,11.586267733830425,0,0,0,-4506.264399999587,0.033000000413267117,0.5605844618674269
0.0001,38,69.92,40,111,13.54524270731241,0,0,0,-4420.211499999543,0.032500000456821,0.5602280826799715
0.0001,39,76.92,42,122,14.353870558145632,0,0,0,-4354.2131999995445,0.03530000045520865,0.547576621525303
0.0001,40,92.51,54,124,13.910064701503009,0,0,0,-4311.411899999601,0.05460000039965962,0.550071275837491
0.0001,41,64.51,36,97,12.81600171660413,0,0,0,-4431.550799999636,0.049700000363372965,0.5577334283677833
0.0001,42,60.14,32,91,12.505214912187634,0,0,0,-4533.570999999546,0.043200000453907705,0.5646828225231646
0.0001,43,73.03,43,107,12.50876092984433,0,0,0,-4359.3198999996785,0.05730000032144744,0.552744119743407
0.0001,44,97.57,50,131,15.858281748033107,0,0,0,-4322.80119999961,0.05900000039036968,0.5465074839629366
0.0001,45,84.29,48,115,12.947814487395158,0,0,0,-4351.24109999968,0.06530000032034877,0.544903777619387
0.0001,46,66.36,37,101,13.336806214382811,0,0,0,-4348.411699999642,0.0589000003574256,0.5506058446186742
0.0001,47,72.44,35,97,11.645016101319912,0,0,0,-4510.45779999957,0.0349000004298432,0.5564861012116893
0.0001,48,69.45,46,99,11.315807527525378,0,0,0,-4357.1642999997,0.058600000299520616,0.5539914468995011
0.0001,49,69.86,36,108,14.158403864842956,0,0,0,-4290.67179999967,0.0558000003302368,0.5484675694939416
0.0001,50,75.18,36,119,14.52334672174427,0,0,0,-4379.871099999598,0.039800000401555735,0.5525659301496793
0.0001,51,70.08,34,106,13.038159379298905,0,0,0,-4491.40269999958,0.04310000042005413,0.5621881682109765
0.0001,52,75.64,43,108,13.030364538262159,0,0,0,-4392.132899999881,0.09800000011819066,0.5582679971489665
0.0001,53,88.81,57,128,11.400609632822272,0,0,0,-4403.936599999591,0.07240000040928862,0.5506058446186742
0.0001,54,74.09,34,108,14.646566150466805,0,0,0,-4484.3188999996155,0.045100000384081795,0.5602280826799715
0.0001,55,67.43,40,103,13.092177053492671,0,0,0,-4413.045799999577,0.03510000042297179,0.550784034212402
0.0001,56,71.2,38,108,14.785804002488334,0,0,0,-4462.584599999617,0.059800000382892904,0.5600498930862438
0.0001,57,60.69,36,88,10.131826094046424,0,0,0,-4362.814999999776,0.0871000002243818,0.5418745545260156
0.0001,58,83.51,43,127,14.341195905502444,0,0,0,-4394.514899999522,0.05390000047827925,0.561831789023521
0.0001,59,58.56,26,94,13.134169178139894,0,0,0,-4298.303499999564,0.021300000435985567,0.5418745545260156
0.0001,60,87.84,52,121,14.569639666100187,0,0,0,-4492.582499999611,0.06540000038876315,0.5497148966500356
0.0001,61,52.52,31,74,10.41967369930556,0,0,0,-4422.171099999606,0.04190000039398001,0.5548823948681397
0.0001,62,55.36,26,82,11.075667022802735,0,0,0,-4525.95339999962,0.0290000003797104,0.5564861012116893
0.0001,63,66.59,32,110,14.905767340194195,0,0,0,-4486.754099999586,0.03570000041327148,0.5543478260869565
0.0001,64,55.55,33,83,10.532212493108938,0,0,0,-4423.190699999648,0.0535000003519599,0.5470420527441198
0.0001,65,80.26,41,133,16.65450089315198,0,0,0,-4439.602599999522,0.04440000047816284,0.5555951532430506
0.0001,66,79.91,47,122,15.057951387888062,0,0,0,-4350.099499999658,0.0706000003419831,0.550784034212402
0.0001,67,50.35,23,74,10.867727453336324,0,0,0,-4418.196999999619,0.03160000038133148,0.5563079116179616
0.0001,68,71.56,43,102,13.15318972721066,0,0,0,-4285.386099999666,0.05980000033378019,0.5450819672131147
0.0001,69,80.89,48,115,11.267559629307494,0,0,0,-4452.582699999514,0.052900000485351484,0.5573770491803278
0.0001,70,68.89,30,102,12.09123236068185,0,0,0,-4448.091499999571,0.03700000042863394,0.5506058446186742
0.0001,71,64.38,37,91,11.795575441664557,0,0,0,-4354.59459999969,0.0566000003100271,0.5513186029935851
0.0001,72,64.5,28,96,12.339773093537822,0,0,0,-4274.902699999601,0.02910000039901206,0.5408054169636494
0.0001,73,49.79,19,81,11.909907640280004,0,0,0,-4472.627899999655,0.020500000345236913,0.5607626514611547
0.0001,74,64.87,31,92,11.957135944698464,0,0,0,-4344.776399999707,0.05130000029294024,0.5416963649322879
0.0001,75,96.61,66,130,13.516578709126062,0,0,0,-4305.670999999647,0.08050000035291305,0.5481111903064861
0.0001,76,99.69,73,132,12.83331212119459,0,0,0,-4306.682299999604,0.08010000039575971,0.5436564504632929
0.0001,77,49.46,21,88,13.213947177130684,0,0,0,-4509.637499999614,0.03160000038587896,0.5623663578047042
0.0001,78,73.82,46,112,14.478522024018886,0,0,0,-4486.58469999966,0.07150000034016557,0.5678902352102637
0.0001,79,79.98,52,127,14.74108544171697,0,0,0,-4510.537199999622,0.05020000037802674,0.5621881682109765
0.0001,80,84.5,59,114,12.719669807035086,0,0,0,-4535.9577999995945,0.07260000040514569,0.5575552387740556
0.0001,81,80.58,49,121,14.43272670010764,0,0,0,-4400.563699999617,0.05390000038278231,0.5607626514611547
0.0001,82,98.77,68,140,15.44076099160919,0,0,0,-4319.072899999719,0.11400000028061186,0.5506058446186742
0.0001,83,55.48,21,99,13.68537905941958,0,0,0,-4375.3808999996645,0.02870000033544784,0.5516749821810406
0.0001,84,93.55,52,132,13.983829947478624,0,0,0,-4398.482199999564,0.07600000043657928,0.5509622238061297
0.0001,85,54.78,24,94,12.75976488811608,0,0,0,-4467.31139999963,0.03260000036971178,0.5573770491803278
0.0001,86,58.78,17,89,12.190635750443864,0,0,0,-4386.174199999651,0.03770000034910481,0.5582679971489665
0.0001,87,85.86,46,122,15.196723331034226,0,0,0,-4442.594399999613,0.06910000038624275,0.5621881682109765
0.0001,88,51.04,26,85,11.771083212686928,0,0,0,-4535.195399999581,0.023400000418405398,0.5596935138987883
0.0001,89,81.91,54,117,14.264708198908243,0,0,0,-4466.884099999687,0.062300000312461634,0.5584461867426942
0.0001,90,66.45,32,103,15.807197727617632,0,0,0,-4468.182699999543,0.02580000045691122,0.5573770491803278
0.0001,91,78.35,47,107,11.733179449748478,0,0,0,-4483.925499999642,0.06730000035804551,0.5641482537419815
0.0001,92,66.06,40,103,12.174415797072154,0,0,0,-4381.212299999594,0.03860000040640443,0.5481111903064861
0.0001,93,61.82,20,104,13.630392510856025,0,0,0,-4563.444499999564,0.019500000435982656,0.561831789023521
0.0001,94,73.99,48,107,12.151950460728516,0,0,0,-4453.1617999996215,0.05590000037864229,0.5621881682109765
0.0001,95,55.57,29,84,11.289158516027666,0,0,0,-4478.89409999953,0.03320000047006033,0.5538132573057734
0.0001,96,50.84,27,80,12.063763923419591,0,0,0,-4582.813699999591,0.03080000040881714,0.5648610121168923
0.0001,97,52.78,21,79,10.164231402324525,0,0,0,-4548.400499999572,0.01830000042809843,0.5709194583036351
0.0001,98,65.43,35,102,13.152380012758147,0,0,0,-4426.156399999515,0.03270000048451038,0.5620099786172488
0.0001,99,59.18,30,112,13.97381837580552,0,0,0,-4520.191399999554,0.024200000446398917,0.5671774768353528
0.0001,100,75.59,43,118,14.010064239681418,0,0,0,-4352.834799999533,0.056200000466560596,0.5434782608695652
0.0001,101,66.16,27,98,15.61903966318032,0,0,0,-4512.963099999463,0.032900000536756124,0.5609408410548824
0.0001,102,88.11,53,116,13.520277364018831,0,0,0,-4391.313499999567,0.05420000043250184,0.5609408410548824
0.0001,103,72.17,46,103,11.52306816781017,0,0,0,-4370.122599999617,0.05550000038329017,0.550071275837491
0.0001,104,63.74,38,88,11.104611654623497,0,0,0,-4461.086599999627,0.04670000037367572,0.550071275837491
0.0001,105,74.68,47,116,13.228665843538419,0,0,0,-4456.816899999554,0.053700000446042395,0.5616535994297933
0.0001,106,91.02,54,131,15.106276841101517,0,0,0,-4429.023099999644,0.08040000035634876,0.5600498930862438
0.0001,107,63.18,42,102,10.566342792092257,0,0,0,-4447.501899999535,0.044200000464115874,0.5552387740555952
0.0001,108,65.71,22,99,13.337387300367338,0,0,0,-4389.305599999657,0.031900000342830026,0.5518531717747683
0.0001,109,56.48,29,90,12.537527666968476,0,0,0,-4442.8616999997585,0.05890000024191977,0.552744119743407
0.0001,110,100.3,62,143,16.938417871808454,0,0,0,-4282.012699999508,0.05190000049151422,0.5443692088382038
0.0001,111,59.3,35,89,12.474373731775074,0,0,0,-4353.192999999483,0.033500000517051376,0.5497148966500356
0.0001,112,67.77,29,103,13.983458084465372,0,0,0,-4381.993099999494,0.024100000506223296,0.5506058446186742
0.0001,113,65.53,38,98,14.107058516926907,0,0,0,-4453.184699999613,0.04720000038651051,0.5484675694939416
0.0001,114,59.82,31,95,12.312091617592845,0,0,0,-4590.795599999595,0.03550000040559098,0.5689593727726301
0.0001,115,85.72,49,129,15.188205950671069,0,0,0,-4499.687799999555,0.05110000044533081,0.5671774768353528
0.0001,116,87.47,55,127,15.113209453984286,0,0,0,-4266.478699999584,0.07670000041616731,0.5445473984319316
0.0001,117,83.24,48,117,14.685448580142179,0,0,0,-4411.365399999703,0.09640000029685325,0.5514967925873129
0.0001,118,70.93,41,99,12.800980431201355,0,0,0,-4424.175399999498,0.03620000050159433,0.5582679971489665
0.0001,119,70.49,42,105,13.697806393725969,0,0,0,-4427.586599999643,0.06210000035662233,0.5573770491803278
0.0001,120,64.24,34,90,12.282605586763745,0,0,0,-4466.281799999658,0.044600000342143176,0.5514967925873129
0.0001,121,43.93,11,67,9.514467930473044,0,0,0,-4573.364099999669,0.0201000003316949,0.5627227369921597
0.0001,122,63.82,34,92,12.722719835003835,0,0,0,-4347.762299999661,0.05160000033902179,0.5509622238061297
0.0001,123,96.16,64,130,14.0262040481379,0,0,0,-4354.7944999996,0.07740000040030282,0.5575552387740556
0.0001,124,77.31,42,119,16.32402830186226,0,0,0,-4212.809699999652,0.05310000034751283,0.5359942979330007
0.0001,125,74.76,45,113,14.145048603663403,0,0,0,-4396.649399999595,0.05190000040511222,0.5573770491803278
0.0001,126,54.52,27,78,10.93387397037299,0,0,0,-4587.416699999622,0.03710000037790451,0.5611190306486101
0.0001,127,75.93,41,115,14.11825414135898,0,0,0,-4527.891499999583,0.04610000041702733,0.5584461867426942
0.0001,128,70.96,45,106,12.775695675774372,0,0,0,-4466.604299999689,0.0665000003109526,0.5612972202423379
0.0001,129,48.86,21,69,9.477362502299888,0,0,0,-4424.545699999585,0.018700000415265094,0.5636136849607983
0.0001,130,50.77,16,87,10.488903660535737,0,0,0,-4372.129799999636,0.022300000364339212,0.5504276550249465
0.0001,131,57.0,32,86,10.559356040971437,0,0,0,-4370.474599999567,0.02920000043377513,0.5529223093371347
0.0001,132,72.17,46,121,13.751403564727491,0,0,0,-4371.698099999591,0.052400000408852065,0.5452601568068425
0.0001,133,46.97,15,85,11.759638599889028,0,0,0,-4443.739699999643,0.022700000356962846,0.5531004989308624
0.0001,134,75.48,52,112,12.733012212355723,0,0,0,-4307.209199999673,0.07120000032682583,0.5406272273699216
0.0001,135,72.96,46,106,12.662480009855889,0,0,0,-4456.17629999964,0.0522000003602443,0.5604062722736992
0.0001,136,73.25,39,108,13.769803920172574,0,0,0,-4491.529099999578,0.0428000004221758,0.556664290805417
0.0001,137,61.63,37,86,12.202176035445481,0,0,0,-4424.0578999996105,0.050900000389447086,0.5525659301496793
0.0001,138,61.8,28,99,13.878760751594502,0,0,0,-4504.564799999716,0.057100000283753616,0.5611190306486101
0.0001,139,59.24,31,93,11.761904607673028,0,0,0,-4495.131399999568,0.038600000431870285,0.567712045616536
0.0001,140,73.4,46,98,11.07880860020607,0,0,0,-4403.839099999577,0.06270000042241008,0.5571988595866001
0.0001,141,64.92,38,104,12.406192002383326,0,0,0,-4436.00399999958,0.04950000042026659,0.5584461867426942
0.0001,142,55.79,28,78,10.106725483557966,0,0,0,-4437.503499999598,0.028700000401840953,0.5568424803991446
0.0001,143,73.4,42,109,13.226488574069839,0,0,0,-4365.292899999775,0.0834000002250832,0.5481111903064861
0.0001,144,63.52,32,102,13.348018579549551,0,0,0,-4411.569099999764,0.05570000023544708,0.5548823948681397
0.0001,145,71.04,41,107,12.900325577286802,0,0,0,-4406.5774999996065,0.04110000039327133,0.5637918745545261
0.0001,146,53.96,26,86,12.26614853978216,0,0,0,-4613.935099999612,0.027200000387892942,0.5639700641482538
0.0001,147,62.92,32,98,12.938840751782982,0,0,0,-4500.144599999553,0.02760000044690969,0.5591589451176051
0.0001,148,47.65,23,72,10.049253703633918,0,0,0,-4497.920699999611,0.030500000389110937,0.556664290805417
0.0001,149,71.75,45,105,12.423666930500028,0,0,0,-4443.578999999703,0.06990000029691146,0.5550605844618675
0.0001,150,66.36,42,93,11.100018018003395,0,0,0,-4513.124099999628,0.05870000037157297,0.5612972202423379
0.0001,151,71.17,43,112,13.022330820555895,0,0,0,-4435.865599999664,0.07620000033602992,0.5550605844618675
0.0001,152,77.21,43,113,14.462568928098491,0,0,0,-4299.097899999516,0.040200000484219345,0.5520313613684961
0.0001,153,55.79,28,88,12.175627293901535,0,0,0,-4448.709999999696,0.039400000303430716,0.5541696364932288
0.0001,154,66.56,23,106,14.191067613114948,0,0,0,-4368.23959999954,0.023600000460646697,0.546863863150392
0.0001,155,61.8,36,88,11.709824934643558,0,0,0,-4496.259799999556,0.04920000044421613,0.5563079116179616
0.0001,156,68.97,24,100,16.489060009594237,0,0,0,-4425.4357999995955,0.01910000040425075,0.5504276550249465
0.0001,157,78.93,47,113,13.87750337776936,0,0,0,-4476.6876999995375,0.04620000046270434,0.5518531717747683
0.0001,158,85.54,52,120,13.369682120379677,0,0,0,-4387.247099999679,0.06870000032085954,0.5559515324305061
0.0001,159,68.65,30,96,12.937832121340886,0,0,0,-4438.213199999528,0.03640000047198555,0.5538132573057734
0.0001,160,77.0,48,111,11.921409312660982,0,0,0,-4410.139199999603,0.06710000039674924,0.5534568781183179
0.0001,161,60.6,34,96,11.796609682446903,0,0,0,-4407.121199999615,0.04440000038539438,0.552744119743407
0.0001,162,63.99,38,88,11.057572066235878,0,0,0,-4323.360399999582,0.03910000041832973,0.5548823948681397
0.0001,163,71.2,42,110,13.405968819895113,0,0,0,-4487.293299999562,0.039900000438137795,0.5522095509622238
0.0001,164,83.93,51,123,14.016600871823382,0,0,0,-4558.312099999536,0.06640000046354544,0.5600498930862438
0.0001,165,80.85,44,118,13.561987317498863,0,0,0,-4417.096199999614,0.05420000038611761,0.5645046329294369
0.0001,166,69.64,44,101,10.81436082253593,0,0,0,-4337.334499999587,0.03910000041287276,0.5538132573057734
0.0001,167,71.01,38,118,12.979595525285061,0,0,0,-4297.512799999558,0.0409000004419795,0.5425873129009265
0.0001,168,87.51,60,119,12.972659711870962,0,0,0,-4362.31799999952,0.05990000048041111,0.5502494654312188
0.0001,169,83.9,53,130,14.346079603849967,0,0,0,-4372.895599999761,0.08070000023963075,0.5532786885245902
0.0001,170,80.35,43,110,14.61258019652929,0,0,0,-4421.6535999996,0.047200000399243436,0.550784034212402
0.0001,171,56.46,33,86,10.486581902602964,0,0,0,-4516.718399999527,0.03600000047299545,0.5543478260869565
0.0001,172,59.98,25,87,13.496651436560105,0,0,0,-4446.308799999534,0.024200000465498306,0.554704205274412
0.0001,173,65.96,40,99,12.603904157045944,0,0,0,-4325.317199999528,0.03700000047138019,0.5427655024946543
0.0001,174,79.39,51,107,12.663249977790063,0,0,0,-4395.390499999573,0.04740000042693282,0.5541696364932288
0.0001,175,93.42,52,141,14.726289417229312,0,0,0,-4388.306899999588,0.07150000041201565,0.5518531717747683
0.0001,176,81.39,43,116,13.951985521781479,0,0,0,-4543.940899999638,0.054200000362470746,0.5636136849607983
0.0001,177,78.64,47,120,14.643442218276412,0,0,0,-4425.587999999507,0.0490000004929243,0.5584461867426942
0.0001,178,71.93,38,106,14.410589856074594,0,0,0,-4488.617199999548,0.03690000045207853,0.5605844618674269
0.0001,179,78.1,49,99,11.100900864344299,0,0,0,-4466.7223999996,0.07810000039989973,0.5559515324305061
0.0001,180,75.6,44,108,13.261221663180208,0,0,0,-4440.521699999613,0.05630000038763683,0.5609408410548824
0.0001,181,84.15,43,113,13.567147821115535,0,0,0,-4487.595499999605,0.04660000039530132,0.5596935138987883
0.0001,182,65.6,33,96,13.093509842666327,0,0,0,-4454.820799999601,0.0466000003989393,0.5539914468995011
0.0001,183,66.51,39,94,13.329287302778045,0,0,0,-4489.910899999555,0.045600000445119804,0.5646828225231646
0.0001,184,89.39,60,114,13.851277919383467,0,0,0,-4358.643399999565,0.062400000434536196,0.5536350677120456
0.0001,185,91.91,51,130,16.33284727167924,0,0,0,-4432.364199999651,0.07570000034957047,0.562544547398432
0.0001,186,78.5,39,108,14.12267680009707,0,0,0,-4350.590299999745,0.05660000025454792,0.5555951532430506
0.0001,187,61.12,32,91,12.343646138803559,0,0,0,-4482.947099999733,0.0829000002668181,0.550784034212402
0.0001,188,61.83,34,89,11.643070900754664,0,0,0,-4544.457899999552,0.03890000044793851,0.5545260156806843
0.0001,189,59.46,38,84,9.789198128549652,0,0,0,-4542.884399999547,0.04680000045300403,0.5548823948681397
0.0001,190,65.22,36,95,12.500063999836161,0,0,0,-4319.775999999578,0.04250000042247848,0.5491803278688525
0.0001,191,94.2,63,122,13.767352686700521,0,0,0,-4335.012699999646,0.077000000354019,0.550784034212402
0.0001,192,60.04,34,90,9.87210210644116,0,0,0,-4228.548499999543,0.04340000045704073,0.5375980042765502
0.0001,193,85.13,50,117,14.338518054527112,0,0,0,-4384.502099999564,0.056100000436345,0.5495367070563079
0.0001,194,63.86,38,95,13.13698595569014,0,0,0,-4559.295699999567,0.036000000432977686,0.5634354953670706
0.0001,195,57.4,33,82,10.44796630928718,0,0,0,-4476.731199999625,0.04090000037558639,0.5602280826799715
0.0001,196,70.06,37,95,12.24485197950551,0,0,0,-4453.347799999578,0.03440000042246538,0.5477548111190307
0.0001,197,66.47,35,96,14.846854885799887,0,0,0,-4390.713099999583,0.03890000041701569,0.5504276550249465
0.0001,198,70.04,45,97,11.866692883866172,0,0,0,-4553.579299999538,0.05110000046170171,0.5675338560228083
0.0001,199,71.54,48,102,12.727466362163367,0,0,0,-4489.429999999636,0.06450000036420533,0.5538132573057734
0.0001,200,79.73,47,109,12.907249900734083,0,0,0,-4466.942299999546,0.05620000045382767,0.5593371347113328
0.0001,201,59.87,30,95,13.901550273260893,0,0,0,-4450.674099999633,0.03390000036688434,0.5541696364932288
0.0001,202,70.14,43,97,13.695999415887838,0,0,0,-4499.746399999607,0.0427000003928697,0.5614754098360656
0.0001,203,57.11,29,95,13.423036169212983,0,0,0,-4548.901399999522,0.037700000477343565,0.5609408410548824
0.0001,204,87.23,46,118,13.905290360147106,0,0,0,-4494.73839999968,0.0700000003198511,0.5604062722736992
0.0001,205,79.8,47,116,14.120198298890848,0,0,0,-4405.0954999995165,0.03630000048360671,0.5561297220242338
0.0001,206,61.54,32,92,12.495935339141285,0,0,0,-4386.95759999959,0.03280000041013409,0.5545260156806843
0.0001,207,47.42,16,80,10.347154198135835,0,0,0,-4534.102599999581,0.02000000041880412,0.5680684248039914
0.0001,208,57.75,36,90,11.734031702701335,0,0,0,-4421.969899999592,0.046200000408134656,0.5639700641482538
0.0001,209,51.21,22,87,12.89208672015512,0,0,0,-4513.287299999539,0.020900000461551826,0.556664290805417
0.0001,210,66.11,33,103,14.498203336965584,0,0,0,-4521.987699999569,0.03330000043115433,0.5653955808980755
0.0001,211,54.87,23,87,13.483067158476961,0,0,0,-4432.511099999538,0.025400000462468597,0.5552387740555952
0.0001,212,97.25,60,131,15.08931741332258,0,0,0,-4492.804499999595,0.07190000040554878,0.562544547398432
0.0001,213,64.95,36,91,10.968477560719172,0,0,0,-4439.298599999594,0.041100000406004256,0.5564861012116893
0.0001,214,106.1,67,149,16.142180769648196,0,0,0,-4485.429499999664,0.10540000033597607,0.5568424803991446
0.0001,215,71.78,45,115,13.645937124287213,0,0,0,-4493.807099999537,0.0515000004625108,0.5529223093371347
0.0001,216,60.91,40,95,10.976424736679972,0,0,0,-4448.865699999679,0.06290000032095122,0.5552387740555952
0.0001,217,60.72,30,85,12.925231139132483,0,0,0,-4345.462099999547,0.03200000045308116,0.5477548111190307
0.0001,218,66.76,31,106,13.60670422990079,0,0,0,-4401.081999999645,0.04430000035517878,0.5520313613684961
0.0001,219,77.5,51,112,13.001922934704698,0,0,0,-4539.587199999536,0.04730000046401983,0.562544547398432
0.0001,220,64.85,42,100,12.4742735259413,0,0,0,-4430.3530999995555,0.03890000044430053,0.5577334283677833
0.0001,221,82.13,49,118,13.16332404827899,0,0,0,-4355.812499999574,0.056900000425230246,0.5538132573057734
0.0001,222,73.79,37,112,16.4944202686848,0,0,0,-4516.354699999688,0.07030000031227246,0.5648610121168923
0.0001,223,96.19,67,130,12.733181063661979,0,0,0,-4398.542299999611,0.07230000038907747,0.5557733428367784
0.0001,224,59.57,33,98,12.987882814377407,0,0,0,-4418.455099999542,0.034400000457935676,0.5588025659301497
0.0001,225,65.44,41,96,12.570059665729515,0,0,0,-4475.56809999957,0.04350000042995816,0.5575552387740556
0.0001,226,69.93,41,100,12.597027427135341,0,0,0,-4364.081299999536,0.03870000046390487,0.5531004989308624
0.0001,227,80.2,47,115,14.88086019019062,0,0,0,-4508.9812999996,0.052200000399352575,0.5609408410548824
0.0001,228,67.42,41,96,11.855108603467114,0,0,0,-4491.2704999996395,0.05830000036075944,0.5661083392729864
0.0001,229,75.3,44,108,12.96957979273037,0,0,0,-4416.024299999585,0.060800000414928945,0.5491803278688525
0.0001,230,55.52,34,99,10.925639569379909,0,0,0,-4469.635699999584,0.03510000041569583,0.5573770491803278
0.0001,231,92.91,51,131,15.38186919720747,0,0,0,-4326.991099999644,0.06580000035592093,0.5381325730577334
0.0001,232,46.28,19,79,13.057626124223345,0,0,0,-4480.988499999601,0.0216000003993031,0.5602280826799715
0.0001,233,70.47,37,100,14.531658542644058,0,0,0,-4439.620999999599,0.04080000040084997,0.5511404133998574
0.0001,234,74.65,46,108,13.867497971876542,0,0,0,-4370.082599999727,0.08110000027318165,0.5463292943692089
0.0001,235,57.75,26,89,12.085011377735645,0,0,0,-4444.216699999472,0.031000000527455995,0.5531004989308624
0.0001,236,56.29,29,85,11.95014225856747,0,0,0,-4374.581299999681,0.045600000319609535,0.5568424803991446
0.0001,237,93.32,45,131,15.574902888942841,0,0,0,-4369.2034999997395,0.07900000026074849,0.5514967925873129
0.0001,238,64.11,30,95,13.218846394447587,0,0,0,-4443.6029999996035,0.033800000396695395,0.5525659301496793
0.0001,239,74.26,45,106,12.759796236617573,0,0,0,-4370.533699999571,0.05400000042936881,0.5466856735566643
0.0001,240,44.85,15,71,12.325887391989268,0,0,0,-4538.826599999538,0.019100000461548916,0.5525659301496793
0.0001,241,55.02,27,80,10.597150560410096,0,0,0,-4447.121099999671,0.0367000003288922,0.5564861012116893
0.0001,242,56.65,34,105,11.88728312104999,0,0,0,-4541.544599999546,0.03520000045409688,0.5561297220242338
0.0001,243,58.47,30,90,10.522789554105888,0,0,0,-4418.526699999545,0.03240000045570923,0.5516749821810406
0.0001,244,68.86,36,102,13.083592778743917,0,0,0,-4455.709799999546,0.04300000045441266,0.5561297220242338
0.0001,245,86.12,56,114,13.503540276534892,0,0,0,-4488.300399999581,0.048800000418850686,0.5570206699928724
0.0001,246,70.95,43,104,11.985303500537647,0,0,0,-4424.949799999583,0.048300000416929834,0.5573770491803278
0.0001,247,64.93,31,96,12.108885167512325,0,0,0,-4377.3122999995,0.036600000499674934,0.5595153243050606
0.0001,248,81.13,46,110,13.51640114823469,0,0,0,-4324.352899999739,0.08350000026075577,0.5506058446186742
0.0001,249,78.81,49,117,12.683607530982657,0,0,0,-4347.490199999603,0.046800000397524855,0.5482893799002139
0.0001,250,57.53,35,90,11.078316659131929,0,0,0,-4366.405199999743,0.06260000025758927,0.5550605844618675
0.0001,251,73.54,33,109,14.671346223165752,0,0,0,-4476.2151999995785,0.04360000042106549,0.5602280826799715
0.0001,252,82.15,46,127,15.982099361473136,0,0,0,-4475.650899999575,0.06970000042474567,0.5630791161796151
0.0001,253,76.43,47,121,14.465998064426802,0,0,0,-4508.402699999607,0.06370000039350998,0.5616535994297933
0.0001,254,58.42,29,92,11.28377596374547,0,0,0,-4364.388299999515,0.027600000485108467,0.544903777619387
0.0001,255,57.31,32,83,11.518415689668437,0,0,0,-4372.809399999594,0.03500000040639861,0.5575552387740556
0.0001,256,66.99,32,97,13.511842953498238,0,0,0,-4537.350999999589,0.028700000411845394,0.5646828225231646
0.0001,257,69.37,31,106,12.07365313399387,0,0,0,-4345.923199999557,0.03860000044278422,0.5548823948681397
0.0001,258,79.18,48,116,13.954483150586409,0,0,0,-4304.213999999697,0.07190000030277588,0.5506058446186742
0.0001,259,68.71,39,98,13.694009639254677,0,0,0,-4330.004799999646,0.049500000353873475,0.550071275837491
0.0001,260,74.0,45,112,12.13260071048248,0,0,0,-4481.247699999579,0.057400000420784636,0.5577334283677833
0.0001,261,54.74,27,95,11.17910550983396,0,0,0,-4452.337899999536,0.027000000463885954,0.5545260156806843
0.0001,262,82.72,44,124,14.909782023892907,0,0,0,-4433.663399999658,0.060800000341259874,0.5611190306486101
0.0001,263,73.34,47,107,12.866405869550361,0,0,0,-4603.255299999576,0.040600000424092286,0.5671774768353528
0.0001,264,59.18,28,89,12.34048621408411,0,0,0,-4411.543899999557,0.029800000443174213,0.5520313613684961
0.0001,265,54.7,26,90,14.132586458253137,0,0,0,-4348.359099999491,0.025200000508448284,0.5497148966500356
0.0001,266,71.7,41,112,12.58610344785073,0,0,0,-4529.778699999621,0.061600000379257835,0.5641482537419815
0.0001,267,73.63,36,112,15.228036642981918,0,0,0,-4386.703199999689,0.03990000031080854,0.5523877405559515
0.0001,268,77.44,41,116,12.911483261035503,0,0,0,-4381.780199999612,0.06110000038825092,0.5532786885245902
0.0001,269,52.43,29,76,11.222526453521953,0,0,0,-4402.269599999582,0.022200000417797128,0.5534568781183179
0.0001,270,75.1,41,111,13.624610086163935,0,0,0,-4514.172099999562,0.04960000043774926,0.5604062722736992
0.0001,271,51.29,26,89,11.763753652639961,0,0,0,-4337.904899999687,0.03140000031362433,0.5497148966500356
0.0001,272,64.37,36,90,11.957972236127661,0,0,0,-4390.968599999512,0.024400000488640217,0.5454383464005702
0.0001,273,75.49,36,100,12.78005868531127,0,0,0,-4462.60309999956,0.036300000439950963,0.5543478260869565
0.0001,274,82.62,45,119,13.4876091283815,0,0,0,-4443.436799999546,0.04600000045411434,0.5563079116179616
0.0001,275,76.55,43,113,13.35842430827828,0,0,0,-4465.007099999581,0.036200000418830314,0.5511404133998574
0.0001,276,66.6,38,108,13.802898246382895,0,0,0,-4440.376799999662,0.053000000338215614,0.5514967925873129
0.0001,277,72.88,37,111,14.23114893464333,0,0,0,-4431.938099999589,0.04580000041096355,0.5595153243050606
0.0001,278,78.47,48,116,15.165391521487336,0,0,0,-4295.420699999544,0.04910000045583729,0.5523877405559515
0.0001,279,82.67,53,116,13.994323849332629,0,0,0,-4391.232999999562,0.0509000004385598,0.5511404133998574
0.0001,280,59.26,29,87,11.286824176888732,0,0,0,-4469.3297999996275,0.03890000037245045,0.5534568781183179
0.0001,281,77.19,27,118,15.732574487349488,0,0,0,-4419.2872999995425,0.025300000457718852,0.5495367070563079
0.0001,282,74.84,37,111,13.155774397579187,0,0,0,-4531.209699999641,0.04610000035881967,0.5637918745545261
0.0001,283,66.62,38,101,13.405058746607565,0,0,0,-4449.0390999996325,0.046000000367712346,0.562544547398432
0.0001,284,80.2,51,118,14.090422278980853,0,0,0,-4377.026299999839,0.10670000016125414,0.5491803278688525
0.0001,285,61.08,33,98,13.41467852764277,0,0,0,-4557.198599999547,0.03250000045318302,0.5611190306486101
0.0001,286,41.79,17,68,9.959211816203126,0,0,0,-4601.703899999611,0.02600000038910366,0.5668210976478973
0.0001,287,59.01,27,93,12.426178012566858,0,0,0,-4405.784999999684,0.04790000031607633,0.5532786885245902
0.0001,288,57.58,34,88,12.87958073851785,0,0,0,-4441.40899999953,0.032600000469756196,0.5559515324305061
0.0001,289,69.93,42,99,13.830585670896227,0,0,0,-4560.7258999995765,0.0652000004238289,0.5707412687099074
0.0001,290,71.45,43,107,13.242639465000925,0,0,0,-4353.431199999533,0.047500000466243364,0.5555951532430506
0.0001,291,64.89,31,100,12.916574623327966,0,0,0,-4488.859399999548,0.03740000045218039,0.5568424803991446
0.0001,292,54.47,27,81,11.147605123971694,0,0,0,-4423.149099999594,0.046100000406113395,0.5479330007127584
0.0001,293,56.17,32,95,12.138414229214622,0,0,0,-4452.160799999666,0.05640000033417891,0.5541696364932288
0.0001,294,67.27,40,94,12.61574809513887,0,0,0,-4406.631999999562,0.04840000043805048,0.5612972202423379
0.0001,295,72.29,38,103,14.150826830966453,0,0,0,-4410.750899999608,0.06120000039209117,0.5506058446186742
0.0001,296,50.6,19,89,12.40806189539688,0,0,0,-4414.168099999543,0.02960000045641209,0.562544547398432
0.0001,297,44.01,19,69,10.69906070643587,0,0,0,-4504.563399999694,0.03640000030554802,0.5612972202423379
0.0001,298,69.57,36,100,12.18708742891426,0,0,0,-4348.454399999591,0.036700000408927735,0.5497148966500356
0.0001,299,61.07,36,92,12.411490643754279,0,0,0,-4295.698599999549,0.04030000045167981,0.550784034212402
0.0001,300,78.03,37,126,15.09599615792214,0,0,0,-4508.479599999612,0.05480000038733124,0.5616535994297933
0.0001,301,60.54,27,96,11.884797011308187,0,0,0,-4449.379899999619,0.058000000381071004,0.5541696364932288
0.0001,302,60.33,36,89,11.849097012008972,0,0,0,-4412.495299999574,0.034900000426205224,0.5588025659301497
0.0001,303,74.45,29,110,15.773633062804523,0,0,0,-4539.8893999996135,0.059900000386733154,0.5570206699928724
0.0001,304,52.27,14,89,11.642899123500127,0,0,0,-4428.536699999515,0.016100000485494093,0.5548823948681397
0.0001,305,86.49,53,128,14.601023936697043,0,0,0,-4412.539699999669,0.0723000003308698,0.5561297220242338
0.0001,306,77.65,45,112,12.466254449512892,0,0,0,-4324.189999999533,0.03960000046663481,0.5447255880256593
0.0001,307,67.98,40,92,10.352758086616339,0,0,0,-4410.573099999563,0.040400000437330164,0.5529223093371347
0.0001,308,61.4,29,101,12.898837156891314,0,0,0,-4408.985499999557,0.037300000442883174,0.5548823948681397
0.0001,309,84.62,49,115,12.689192251676227,0,0,0,-4364.419799999535,0.060500000465253834,0.552744119743407
0.0001,310,51.08,27,78,11.339029940872367,0,0,0,-4522.780999999556,0.03340000044408953,0.5637918745545261
0.0001,311,61.95,35,96,11.883076201051644,0,0,0,-4436.267699999589,0.048600000411170186,0.5571988595866001
0.0001,312,79.03,51,117,13.961701185743804,0,0,0,-4410.24139999953,0.051200000470089435,0.5586243763364219
0.0001,313,65.15,34,98,12.211777102453189,0,0,0,-4404.419499999552,0.03150000044843182,0.552744119743407
0.0001,314,71.45,37,108,13.573779871502262,0,0,0,-4368.8553999996975,0.056000000302447006,0.5561297220242338
0.0001,315,70.28,44,113,13.22049923414392,0,0,0,-4569.585499999484,0.04090000051564857,0.5602280826799715
0.0001,316,98.77,63,131,14.674368810957423,0,0,0,-4450.623199999618,0.0731000003816007,0.5588025659301497
0.0001,317,71.42,28,103,12.95699039129072,0,0,0,-4539.239699999563,0.054500000437656126,0.56503920171062
0.0001,318,75.53,35,104,13.494039424872005,0,0,0,-4449.063099999641,0.0412000003589128,0.5623663578047042
0.0001,319,67.29,41,108,13.030959289323254,0,0,0,-4357.001499999608,0.04940000039186998,0.5589807555238774
0.0001,320,69.24,45,103,12.349186208005774,0,0,0,-4457.090299999688,0.1095000003124369,0.557911617961511
0.0001,321,92.29,54,130,14.61663093876287,0,0,0,-4421.7789999995975,0.05870000040249579,0.5563079116179616
0.0001,322,45.62,25,77,10.431471612385282,0,0,0,-4320.917799999648,0.030800000351518975,0.5554169636493229
0.0001,323,68.59,39,101,13.013143355853726,0,0,0,-4331.062499999613,0.05980000038744038,0.5516749821810406
0.0001,324,92.8,60,128,13.222707740852476,0,0,0,-4351.9784999997,0.0954000003002875,0.5532786885245902
0.0001,325,73.46,45,105,12.98569982711752,0,0,0,-4313.876499999655,0.05810000034489349,0.5509622238061297
0.0001,326,100.49,63,135,15.568233682727145,0,0,0,-4372.102599999572,0.052100000428254134,0.5586243763364219
0.0001,327,63.37,33,91,12.916388814215837,0,0,0,-4313.346199999612,0.03830000038851722,0.5470420527441198
0.0001,328,71.94,37,107,12.573639091368895,0,0,0,-4461.746399999593,0.05200000040622399,0.5571988595866001
0.0001,329,81.44,53,109,13.713730345897865,0,0,0,-4496.077299999582,0.07040000041888561,0.5614754098360656
0.0001,330,68.59,35,100,13.397085503944506,0,0,0,-4384.166799999597,0.04990000040288578,0.550071275837491
0.0001,331,70.34,43,108,13.010165256444669,0,0,0,-4440.07079999971,0.07130000028973882,0.5525659301496793
0.0001,332,59.49,35,90,12.493594358710387,0,0,0,-4466.436399999535,0.03290000046490604,0.5545260156806843
0.0001,333,78.42,53,118,14.128113816076086,0,0,0,-4466.539099999785,0.07020000021475425,0.5593371347113328
0.0001,334,88.93,47,137,13.94507439922785,0,0,0,-4593.64959999957,0.06710000043040054,0.5630791161796151
0.0001,335,68.72,33,105,13.373914909255255,0,0,0,-4428.735699999578,0.042300000422073936,0.5568424803991446
0.0001,336,84.73,47,117,15.262932221562147,0,0,0,-4330.716899999607,0.04730000039216975,0.5518531717747683
0.0001,337,78.6,52,111,12.619825672330025,0,0,0,-4465.365699999624,0.07240000037654681,0.5561297220242338
0.0001,338,52.23,27,87,12.671112816165754,0,0,0,-4479.6384999996235,0.0412000003761932,0.5557733428367784
0.0001,339,70.75,45,96,12.431713478036727,0,0,0,-4395.000299999604,0.05670000039572187,0.5525659301496793
0.0001,340,62.92,33,105,12.304210661395553,0,0,0,-4367.544699999777,0.06320000022333261,0.5450819672131147
0.0001,341,61.67,38,96,12.425823916344541,0,0,0,-4450.282899999606,0.05080000039379229,0.5491803278688525
0.0001,342,92.62,63,135,13.578497707773124,0,0,0,-4229.485699999571,0.0669000004290865,0.5420527441197434
0.0001,343,80.19,53,108,12.733966389149925,0,0,0,-4362.440799999545,0.047100000455429836,0.5484675694939416
0.0001,344,79.66,44,113,13.629541444964318,0,0,0,-4478.165699999574,0.05840000042644533,0.5561297220242338
0.0001,345,68.55,35,109,13.876869243456897,0,0,0,-4414.004399999687,0.05540000031305681,0.5543478260869565
0.0001,346,60.49,37,92,11.004994320761822,0,0,0,-4579.564099999629,0.05360000037035206,0.5682466143977192
0.0001,347,119.5,74,161,16.58945448168806,0,0,0,-4351.16719999965,0.09770000035041448,0.5532786885245902
0.0001,348,62.0,35,101,12.381437719424994,0,0,0,-4377.462199999515,0.030600000484810153,0.5538132573057734
0.0001,349,116.77,72,155,16.01115548609781,0,0,0,-4478.027199999613,0.08860000038657745,0.5497148966500356
0.0001,350,92.44,61,126,14.13882597672098,0,0,0,-4320.169699999516,0.0569000004843474,0.5381325730577334
0.0001,351,44.36,17,76,10.677565265546262,0,0,0,-4466.194599999624,0.02220000037596037,0.5557733428367784
0.0001,352,66.5,37,96,12.103305333668155,0,0,0,-4341.552799999564,0.046900000435925904,0.550071275837491
0.0001,353,58.1,30,83,11.08286966448672,0,0,0,-4476.984799999618,0.037100000381542486,0.5532786885245902
0.0001,354,69.74,39,100,11.926122588670635,0,0,0,-4313.852399999663,0.04550000033668766,0.5561297220242338
0.0001,355,64.55,30,94,12.571694396540188,0,0,0,-4442.736199999616,0.04680000038479193,0.5493585174625801
0.0001,356,53.62,29,83,11.810825542695989,0,0,0,-4480.8365999994585,0.03260000054160628,0.5557733428367784
0.0001,357,95.72,57,126,15.568609443363915,0,0,0,-4383.8948999996155,0.0653000003849229,0.5541696364932288
0.0001,358,83.77,33,132,16.95809836037048,0,0,0,-4475.049299999506,0.02890000049410446,0.5506058446186742
0.0001,359,65.51,32,98,11.277849972401654,0,0,0,-4488.485599999468,0.03790000053231779,0.5588025659301497
0.0001,360,78.11,35,115,16.580045235161453,0,0,0,-4551.915599999677,0.05610000032265816,0.5614754098360656
0.0001,361,80.29,28,121,15.385249429242284,0,0,0,-4478.098299999612,0.0634000003874462,0.5595153243050606
0.0001,362,94.98,56,136,13.318393296490386,0,0,0,-4408.197099999498,0.05870000050163071,0.5580898075552387
0.0001,363,49.61,19,81,12.849042765902837,0,0,0,-4399.694499999517,0.021700000483178883,0.5520313613684961
0.0001,364,64.49,33,101,12.280468232115583,0,0,0,-4532.28639999955,0.030200000450349762,0.5523877405559515
0.0001,365,65.24,39,102,12.573082358753561,0,0,0,-4551.13319999966,0.05440000034013792,0.5641482537419815
0.0001,366,67.48,34,114,14.473755559632751,0,0,0,-4484.15059999971,0.06370000028982759,0.5529223093371347
0.0001,367,68.47,38,98,13.260810684117317,0,0,0,-4437.515799999567,0.03610000043317996,0.5563079116179616
0.0001,368,70.04,38,103,13.774556254195634,0,0,0,-4358.0942999996305,0.05210000036913698,0.5506058446186742
0.0001,369,64.92,39,97,13.804839731050846,0,0,0,-4466.049299999615,0.04340000038519065,0.5600498930862438
0.0001,370,75.33,47,115,11.37018469506982,0,0,0,-4340.850699999608,0.05900000039218867,0.5511404133998574
0.0001,371,89.02,47,120,15.250560645432024,0,0,0,-4349.6187999996955,0.0887000003049252,0.5552387740555952
0.0001,372,59.09,32,88,12.394430200699022,0,0,0,-4181.038199999654,0.04330000034588011,0.5379543834640057
0.0001,373,68.07,34,101,14.273230188012805,0,0,0,-4446.813699999568,0.03790000043227337,0.5571988595866001
0.0001,374,48.67,20,78,9.982038869890259,0,0,0,-4542.474599999632,0.026500000368287147,0.5611190306486101
0.0001,375,61.24,37,94,12.067410658463562,0,0,0,-4542.90689999969,0.0632000003097346,0.5623663578047042
0.0001,376,91.89,41,130,16.297174601752292,0,0,0,-4407.802599999694,0.09980000030554947,0.5529223093371347
0.0001,377,58.61,35,83,10.790639462052285,0,0,0,-4420.969699999568,0.04560000043238688,0.5623663578047042
0.0001,378,62.84,31,99,13.879279520205651,0,0,0,-4489.482499999555,0.03540000044449698,0.5568424803991446
0.0001,379,79.5,50,107,13.556179402766844,0,0,0,-4312.077499999755,0.0881000002455039,0.5445473984319316
0.0001,380,88.51,62,125,14.603763213637778,0,0,0,-4340.487099999581,0.06280000041897438,0.5463292943692089
0.0001,381,61.51,38,99,12.173327400509688,0,0,0,-4369.044199999588,0.05260000041198509,0.5555951532430506
0.0001,382,60.4,33,90,12.619033243477885,0,0,0,-4453.071799999541,0.02540000045883062,0.5561297220242338
0.0001,383,90.72,56,142,14.474170097107468,0,0,0,-4456.7223999996695,0.08460000033028336,0.5614754098360656
0.0001,384,87.7,57,120,14.827339613025664,0,0,0,-4380.256899999609,0.07810000039080478,0.5514967925873129
0.0001,385,58.73,31,82,12.895623288542513,0,0,0,-4454.8159999996315,0.034400000368805195,0.5605844618674269
0.0001,386,87.18,58,127,12.957916499190754,0,0,0,-4379.241299999579,0.05040000042117754,0.561831789023521
0.0001,387,63.77,34,92,11.396363455067586,0,0,0,-4383.324199999598,0.04330000040226878,0.5529223093371347
0.0001,388,110.61,75,144,15.506060105649016,0,0,0,-4294.069299999654,0.09300000034636469,0.5447255880256593
0.0001,389,64.6,38,95,11.933985084622822,0,0,0,-4522.646399999617,0.03440000038335711,0.5659301496792587
0.0001,390,48.88,25,73,9.384327360018936,0,0,0,-4540.053099999637,0.02900000036243,0.5602280826799715
0.0001,391,86.46,40,123,16.391107345142977,0,0,0,-4421.616799999628,0.04050000037204882,0.557911617961511
0.0001,392,64.61,38,93,11.789737062377599,0,0,0,-4409.9653999996035,0.045900000396613905,0.5634354953670706
0.0001,393,60.83,22,95,13.406009846333845,0,0,0,-4355.3843999995115,0.021800000488838123,0.5550605844618675
0.0001,394,81.78,50,125,14.506950058506439,0,0,0,-4364.722899999655,0.07650000034482218,0.5482893799002139
0.0001,395,72.72,39,105,13.770315900515863,0,0,0,-4371.631799999576,0.045900000423898746,0.550071275837491
0.0001,396,68.21,42,98,12.114697685043568,0,0,0,-4404.820599999566,0.047600000433703826,0.5481111903064861
0.0001,397,81.57,42,114,14.368893485581971,0,0,0,-4383.367699999477,0.04270000052292744,0.5538132573057734
0.0001,398,72.57,47,116,14.620023939788881,0,0,0,-4475.80529999951,0.05480000049010414,0.556664290805417
0.0001,399,85.11,39,123,15.128711114962833,0,0,0,-4546.157399999545,0.05070000045452616,0.561831789023521
0.0001,400,100.92,70,141,14.795729113497584,0,0,0,-4461.814299999709,0.1129000002911198,0.5531004989308624
0.0001,401,64.21,34,90,10.635125763243234,0,0,0,-4457.893899999531,0.04360000046926871,0.5532786885245902
0.0001,402,88.85,51,129,16.49507502256355,0,0,0,-4431.216399999486,0.0471000005136375,0.5591589451176051
0.0001,403,95.86,67,129,14.417364530315519,0,0,0,-4406.328199999654,0.10350000034577533,0.5588025659301497
0.0001,404,75.31,47,106,12.501755876675885,0,0,0,-4305.630599999605,0.05320000039500883,0.5431218816821097
0.0001,405,75.75,48,116,14.020966443152199,0,0,0,-4379.5656999995845,0.059100000415128306,0.5488239486813971
0.0001,406,61.26,31,100,15.079535801874007,0,0,0,-4375.688099999614,0.034500000386287866,0.5522095509622238
0.0001,407,79.44,55,106,11.803660449199647,0,0,0,-4398.655799999619,0.0639000003802721,0.5456165359942979
0.0001,408,76.27,40,102,13.190037907451215,0,0,0,-4470.405199999646,0.03890000035335106,0.5570206699928724
0.0001,409,74.58,40,102,12.58505462840746,0,0,0,-4379.979699999628,0.046800000372059,0.5477548111190307
0.0001,410,63.22,40,101,12.707147594956155,0,0,0,-4440.013699999627,0.05070000037358113,0.5523877405559515
0.0001,411,77.96,45,107,12.88481276542271,0,0,0,-4337.277399999654,0.06740000034551485,0.546863863150392
0.0001,412,77.13,39,109,13.287328550163874,0,0,0,-4382.229799999762,0.0629000002381872,0.5550605844618675
0.0001,413,65.99,35,107,14.25797671480775,0,0,0,-4492.162999999689,0.04600000031041418,0.5548823948681397
0.0001,414,63.6,33,97,12.584116973391499,0,0,0,-4476.480399999531,0.0359000004691552,0.5596935138987883
0.0001,415,71.42,40,105,12.787634652272484,0,0,0,-4377.977099999495,0.037300000504728814,0.5532786885245902
0.0001,416,76.0,49,114,13.448419981544301,0,0,0,-4430.720099999575,0.05490000042482279,0.5577334283677833
0.0001,417,53.97,23,91,13.51625317904337,0,0,0,-4453.001999999535,0.03070000046500354,0.5561297220242338
0.0001,418,59.99,30,93,13.056412217757218,0,0,0,-4430.041499999631,0.048000000369029294,0.5563079116179616
0.0001,419,60.47,34,91,10.481846211426687,0,0,0,-4529.188199999642,0.04410000035750272,0.5721667854597291
0.0001,420,64.12,41,102,12.789276758284654,0,0,0,-4444.267499999653,0.0606000003463123,0.5557733428367784
0.0001,421,53.52,35,83,10.870584160936339,0,0,0,-4463.897099999571,0.040900000429246575,0.5621881682109765
0.0001,422,51.84,32,75,9.299161252500141,0,0,0,-4402.603399999728,0.046400000272114994,0.5520313613684961
0.0001,423,58.97,37,86,10.06524217294348,0,0,0,-4620.547999999576,0.054500000424013706,0.5689593727726301
0.0001,424,62.69,29,92,12.579900635537626,0,0,0,-4355.663599999526,0.030200000473996624,0.5493585174625801
0.0001,425,81.66,52,115,15.262516175257606,0,0,0,-4391.354699999534,0.05210000046554342,0.5543478260869565
0.0001,426,59.51,34,105,14.2087965711386,0,0,0,-4369.639699999575,0.03860000042459433,0.5466856735566643
0.0001,427,62.18,38,85,11.361672412105536,0,0,0,-4378.310099999655,0.0551000003451918,0.5580898075552387
0.0001,428,59.17,34,93,11.187542178691439,0,0,0,-4479.287999999614,0.04670000038640865,0.5605844618674269
0.0001,429,87.31,47,127,14.389367602504288,0,0,0,-4427.867799999602,0.07130000039796869,0.5561297220242338
0.0001,430,77.33,40,110,13.268048085532401,0,0,0,-4302.456099999545,0.04010000045491324,0.5559515324305061
0.0001,431,108.94,65,144,16.125024030989845,0,0,0,-4415.643299999733,0.10170000026664638,0.5511404133998574
0.0001,432,78.13,48,116,14.985095928955545,0,0,0,-4406.576499999522,0.048600000478472793,0.5538132573057734
0.0001,433,55.19,23,81,12.10511875199909,0,0,0,-4444.108999999695,0.035800000305243884,0.5614754098360656
0.0001,434,71.59,39,106,11.788210211902399,0,0,0,-4433.1997999996165,0.05180000038308208,0.5488239486813971
0.0001,435,64.0,40,96,12.219656296312102,0,0,0,-4450.642099999519,0.04030000048078364,0.5470420527441198
0.0001,436,60.12,32,97,11.875419992572896,0,0,0,-4557.757299999551,0.03610000044864137,0.5671774768353528
0.0001,437,81.59,53,113,13.166696624438492,0,0,0,-4425.550899999544,0.05960000045615743,0.5602280826799715
0.0001,438,101.07,62,137,14.191021809580873,0,0,0,-4342.787199999626,0.06850000037411519,0.5514967925873129
0.0001,439,49.23,21,75,10.759047355597986,0,0,0,-4442.403199999608,0.028500000392341462,0.5548823948681397
0.0001,440,67.9,37,101,12.322743201089601,0,0,0,-4431.435199999546,0.03400000045348861,0.5589807555238774
0.0001,441,71.8,37,109,14.822955170950225,0,0,0,-4393.096099999549,0.03780000045117049,0.5495367070563079
0.0001,442,52.54,13,84,13.725465383731073,0,0,0,-4435.988299999616,0.015600000383528823,0.5591589451176051
0.0001,443,51.92,33,75,9.555814983558442,0,0,0,-4457.189999999571,0.0434000004288464,0.5607626514611547
0.0001,444,73.47,40,103,12.758883179965244,0,0,0,-4483.330599999721,0.0705000002790257,0.554704205274412
0.0001,445,71.6,35,100,14.07693148381422,0,0,0,-4273.8919999997415,0.05700000025808549,0.5413399857448326
0.0001,446,83.64,47,122,14.78683197983936,0,0,0,-4620.91339999961,0.057400000389861816,0.5643264433357092
0.0001,447,58.71,30,87,11.28476406487969,0,0,0,-4345.908099999599,0.032900000401241414,0.5443692088382038
0.0001,448,79.66,50,109,12.136902405473975,0,0,0,-4382.118999999639,0.07270000036169222,0.5555951532430506
0.0001,449,76.3,37,117,15.55795616396961,0,0,0,-4351.2270999995535,0.032400000446614285,0.5623663578047042
0.0001,450,63.31,40,89,11.397100508462668,0,0,0,-4443.905699999561,0.04360000043925538,0.5545260156806843
0.0001,451,69.72,40,108,12.776603617550323,0,0,0,-4367.8299999996225,0.053000000377323886,0.5523877405559515
0.0001,452,52.89,30,95,11.223096720602562,0,0,0,-4603.33279999953,0.031600000470461964,0.5710976478973628
0.0001,453,56.72,38,89,10.05592362739495,0,0,0,-4328.4327999996085,0.03770000039185106,0.5531004989308624
0.0001,454,71.95,39,100,13.884793840745349,0,0,0,-4492.224499999542,0.03130000045803172,0.5589807555238774
0.0001,455,60.58,38,103,13.005521904175934,0,0,0,-4540.403999999575,0.03690000042479369,0.5662865288667142
0.0001,456,66.51,41,103,13.534766344492247,0,0,0,-4471.576099999554,0.04720000044653716,0.5571988595866001
0.0001,457,65.46,41,87,10.019401179711291,0,0,0,-4425.405899999797,0.07720000020344742,0.559871703492516
0.0001,458,69.83,46,101,12.52442014625827,0,0,0,-4311.527499999716,0.0726000002832734,0.5454383464005702
0.0001,459,56.63,31,90,12.70090941625835,0,0,0,-4395.582899999593,0.034200000407508924,0.5415181753385603
0.0001,460,47.29,19,73,11.014803675054766,0,0,0,-4447.109199999529,0.016100000470942177,0.556664290805417
0.0001,461,73.23,41,103,12.296222997327268,0,0,0,-4481.3817999995645,0.045800000435519905,0.56503920171062
0.0001,462,70.54,40,100,12.674714986933632,0,0,0,-4482.320599999577,0.039600000422979065,0.5605844618674269
0.0001,463,55.65,19,85,13.409977628616685,0,0,0,-4411.770099999499,0.020000000501568138,0.5506058446186742
0.0001,464,59.49,31,90,11.831732755602621,0,0,0,-4266.729199999746,0.04830000025413028,0.5470420527441198
0.0001,465,65.4,34,109,13.82316895650198,0,0,0,-4499.576299999531,0.03530000046885107,0.5582679971489665
0.0001,466,70.28,45,104,11.689379795352703,0,0,0,-4397.998999999501,0.03650000049856317,0.5441910192444761
0.0001,467,51.1,28,73,10.516178012947478,0,0,0,-4523.589199999539,0.02700000046115747,0.5636136849607983
0.0001,468,62.07,40,87,10.568117145452163,0,0,0,-4378.402899999633,0.05970000036722922,0.5466856735566643
0.0001,469,42.85,19,72,12.104028255089295,0,0,0,-4397.37759999961,0.030200000390323112,0.5532786885245902
0.0001,470,79.41,50,111,13.673401186244774,0,0,0,-4388.196099999689,0.06500000031064701,0.5473984319315752
0.0001,471,81.18,47,121,13.783598949476149,0,0,0,-4460.866199999681,0.07490000031884847,0.5523877405559515
0.0001,472,90.09,61,129,14.65407451871322,0,0,0,-4367.246599999638,0.08090000036190759,0.5564861012116893
0.0001,473,89.31,54,128,14.577856495383676,0,0,0,-4351.720399999728,0.09350000027188798,0.5488239486813971
0.0001,474,60.35,30,91,12.966398883267473,0,0,0,-4467.868899999587,0.029000000413361704,0.5591589451176051
0.0001,475,70.66,31,120,17.03949529769001,0,0,0,-4455.131699999613,0.03790000038679864,0.5591589451176051
0.0001,476,49.83,19,98,12.490040031961467,0,0,0,-4330.1294999998245,0.04060000017580023,0.5441910192444761
0.0001,477,82.8,55,119,14.503792607452715,0,0,0,-4391.004699999579,0.07330000042111351,0.5557733428367784
0.0001,478,50.92,24,77,9.35273222112127,0,0,0,-4383.459299999534,0.025800000466006168,0.5509622238061297
0.0001,479,73.09,47,101,12.106275232291722,0,0,0,-4432.948899999513,0.0392000004867441,0.5554169636493229
0.0001,480,60.27,37,83,10.652563071862096,0,0,0,-4472.973299999639,0.0474000003614492,0.5488239486813971
0.0001,481,66.06,38,98,11.304706984261024,0,0,0,-4462.468599999568,0.03660000043146283,0.561831789023521
0.0001,482,80.84,55,105,11.6967687845832,0,0,0,-4435.4770999995535,0.05780000044615008,0.5596935138987883
0.0001,483,84.05,55,122,13.962360115682449,0,0,0,-4306.245399999538,0.058800000461815216,0.5463292943692089
0.0001,484,66.7,38,120,14.791551642745262,0,0,0,-4530.002999999571,0.051600000429061765,0.5646828225231646
0.0001,485,69.67,34,108,13.614003819596938,0,0,0,-4455.405999999563,0.034300000436815026,0.5554169636493229
0.0001,486,97.37,59,143,14.841600318025007,0,0,0,-4317.499299999552,0.05890000044837507,0.5513186029935851
0.0001,487,90.45,56,127,14.070803104300763,0,0,0,-4473.654799999558,0.0685000004414178,0.5584461867426942
0.0001,488,86.29,46,119,15.122364233148202,0,0,0,-4337.299699999531,0.043400000468864164,0.5484675694939416
0.0001,489,82.72,46,110,14.339511846642479,0,0,0,-4300.601999999681,0.08100000031936361,0.5502494654312188
0.0001,490,71.04,44,95,11.091366011452331,0,0,0,-4430.652899999535,0.05130000046483474,0.554704205274412
0.0001,491,48.92,18,77,12.998215262104255,0,0,0,-4500.238299999518,0.017800000481656753,0.5584461867426942
0.0001,492,70.52,39,109,13.885589652585878,0,0,0,-4379.373199999521,0.037500000479667506,0.5580898075552387
0.0001,493,64.9,27,116,13.485177047410243,0,0,0,-4443.4132999996955,0.03880000030494557,0.5593371347113328
0.0001,494,67.73,33,122,15.039185483263381,0,0,0,-4385.038099999648,0.0432000003520443,0.5511404133998574
0.0001,495,72.46,44,103,12.70623469010391,0,0,0,-4381.411899999588,0.04290000041237363,0.5541696364932288
0.0001,496,67.04,37,93,12.231860038440598,0,0,0,-4437.590099999631,0.054900000369343616,0.5548823948681397
0.0001,497,71.02,43,101,12.572971009272232,0,0,0,-4438.4709999995885,0.04600000041136809,0.5555951532430506
0.0001,498,55.76,29,87,12.33541243736909,0,0,0,-4450.6030999995855,0.028200000414472015,0.5559515324305061
0.0001,499,59.66,31,85,11.488446370158151,0,0,0,-4557.237899999593,0.04400000040732266,0.5636136849607983
0.001,0,49.57,19,85,12.759510178686327,0,0,0,-4492.84400000144,0.2039999985599934,0.5525659301496793
0.001,1,40.68,18,71,10.133982435350873,0,0,0,-4617.567000001715,0.23399999828507134,0.5673556664290805
0.001,2,53.02,29,87,11.248093171733599,0,0,0,-4360.708000001868,0.48499999813247996,0.5434782608695652
0.001,3,51.26,25,77,11.434701570220362,0,0,0,-4491.64500000135,0.24999999865030986,0.5600498930862438
0.001,4,50.56,19,91,14.101290721065217,0,0,0,-4540.123000001509,0.2069999984905735,0.5568424803991446
0.001,5,35.18,10,60,9.676135592270294,0,0,0,-4533.932000001831,0.1409999981697183,0.5577334283677833
0.001,6,53.21,20,78,11.676724712007216,0,0,0,-4434.840000001725,0.31799999827580905,0.5491803278688525
0.001,7,42.32,17,73,10.865431422635735,0,0,0,-4413.255000001468,0.16699999853153713,0.5491803278688525
0.001,8,69.79,33,95,13.762481607617138,0,0,0,-4484.280000001825,0.4339999981748406,0.559871703492516
0.001,9,52.8,25,80,11.986659251017358,0,0,0,-4339.760000001462,0.28299999853788904,0.5457947255880257
0.001,10,70.7,38,116,13.471822445385774,0,0,0,-4475.406000001349,0.4059999986511684,0.5514967925873129
0.001,11,54.69,28,86,11.753037905154565,0,0,0,-4409.976000001668,0.35199999833275797,0.5450819672131147
0.001,12,63.07,32,111,14.676004224583748,0,0,0,-4424.702000001699,0.46899999830111483,0.5543478260869565
0.001,13,68.69,34,100,14.886702119677143,0,0,0,-4441.83700000158,0.4249999984194801,0.5523877405559515
0.001,14,67.63,37,96,12.504923030550806,0,0,0,-4451.497000001993,0.7289999980066568,0.5564861012116893
0.001,15,88.85,46,123,15.138939857202683,0,0,0,-4424.827000001304,0.5239999986952171,0.5541696364932288
0.001,16,58.63,32,90,11.928667151027392,0,0,0,-4319.828000001624,0.532999998375999,0.546863863150392
0.001,17,47.55,19,72,10.785522704069562,0,0,0,-4466.063000001628,0.24599999837209907,0.5591589451176051
0.001,18,44.57,26,76,10.710980347288478,0,0,0,-4393.922000001618,0.2949999983820817,0.5495367070563079
0.001,19,51.5,21,110,13.586390249069103,0,0,0,-4395.523000002001,0.3489999979992717,0.5545260156806843
0.001,20,62.91,34,83,10.047979896476704,0,0,0,-4572.625000001649,0.45199999835131166,0.5648610121168923
0.001,21,76.6,50,112,13.560973416388665,0,0,0,-4381.509000001631,0.6549999983690213,0.5450819672131147
0.001,22,68.93,40,108,13.286274872965711,0,0,0,-4482.470000001401,0.4299999985987597,0.5595153243050606
0.001,23,42.01,20,64,8.960463157672153,0,0,0,-4520.469000001855,0.31899999814413604,0.5580898075552387
0.001,24,60.3,23,102,13.593748563218316,0,0,0,-4586.465000001695,0.3149999983043017,0.5630791161796151
0.001,25,70.59,29,112,15.03003326676292,0,0,0,-4563.26500000148,0.28999999852021574,0.5627227369921597
0.001,26,39.49,20,69,10.467564186571774,0,0,0,-4458.487000001716,0.2529999982834852,0.554704205274412
0.001,27,60.87,34,92,11.476632781438989,0,0,0,-4645.292000001367,0.30599999863261473,0.5641482537419815
0.001,28,57.93,31,95,13.04856697112752,0,0,0,-4406.211000001499,0.3419999985007962,0.5575552387740556
0.001,29,69.61,33,103,13.914664925897426,0,0,0,-4355.182000001309,0.2779999986914845,0.5550605844618675
0.001,30,72.02,43,97,11.665316112304886,0,0,0,-4511.693000001312,0.39299999868853774,0.5614754098360656
0.001,31,81.41,48,114,12.159025454369276,0,0,0,-4406.374000001438,0.47799999856215436,0.5506058446186742
0.001,32,56.51,15,80,11.658040144037935,0,0,0,-4504.059000001727,0.21999999827312422,0.5539914468995011
0.001,33,87.23,61,113,12.356257524024011,0,0,0,-4422.471000001387,0.6219999986124094,0.5486457590876693
0.001,34,73.87,42,120,12.788788058295438,0,0,0,-4442.196000001257,0.33599999874331843,0.5498930862437633
0.001,35,67.23,36,100,13.603569384540224,0,0,0,-4608.438000001885,0.613999998115105,0.571632216678546
0.001,36,65.33,31,99,13.653611243916387,0,0,0,-4512.720000001332,0.26699999866832513,0.5545260156806843
0.001,37,49.96,18,79,11.3902765550271,0,0,0,-4535.763000001744,0.21099999825582927,0.5605844618674269
0.001,38,62.58,35,102,12.930723104296991,0,0,0,-4440.130000001294,0.3099999987052797,0.5602280826799715
0.001,39,74.11,44,107,15.043201122101639,0,0,0,-4374.087000001326,0.39799999867409497,0.547576621525303
0.001,40,84.26,39,124,14.799743241016039,0,0,0,-4333.2560000014055,0.40899999859448144,0.550071275837491
0.001,41,59.93,30,101,11.264328652875855,0,0,0,-4463.559000001792,0.4459999982082081,0.5577334283677833
0.001,42,52.99,27,78,11.504342658318205,0,0,0,-4565.779000001815,0.36299999818493234,0.5646828225231646
0.001,43,69.04,44,102,10.926042284377267,0,0,0,-4389.177000001713,0.5949999982867666,0.552744119743407
0.001,44,86.37,47,119,14.285415639735513,0,0,0,-4348.060000001544,0.5419999984560491,0.5465074839629366
0.001,45,76.31,43,107,13.493476201483443,0,0,0,-4380.508000001687,0.5559999983133821,0.544903777619387
0.001,46,59.8,25,97,12.933676971379795,0,0,0,-4379.345000001714,0.3609999982863883,0.5506058446186742
0.001,47,69.86,29,96,13.14992015184883,0,0,0,-4532.620000001398,0.30699999860189564,0.5564861012116893
0.001,48,64.19,31,95,13.767131146320935,0,0,0,-4385.827000001673,0.4019999983274829,0.5539914468995011
0.001,49,59.03,24,93,12.656583267217105,0,0,0,-4323.87100000184,0.40499999815983756,0.5484675694939416
0.001,50,70.3,20,106,14.775994044395116,0,0,0,-4405.866000001606,0.24299999839422526,0.5525659301496793
0.001,51,64.89,27,99,12.428913870487637,0,0,0,-4513.179000001356,0.278999998643485,0.5621881682109765
0.001,52,60.79,32,98,12.668302964485813,0,0,0,-4447.544000001969,0.7649999980312714,0.5582679971489665
0.001,53,85.06,54,126,14.727403029726592,0,0,0,-4430.446000001605,0.6439999983949747,0.5506058446186742
0.001,54,69.95,35,112,14.558416809529804,0,0,0,-4514.177000001697,0.46299999830353045,0.5602280826799715
0.001,55,65.37,38,99,13.12680844683886,0,0,0,-4431.476000001234,0.3329999987663541,0.550784034212402
0.001,56,63.35,25,97,14.911321202361647,0,0,0,-4495.087000001828,0.35699999817279604,0.5600498930862438
0.001,57,50.08,25,81,11.303698509779885,0,0,0,-4415.355000002146,0.6659999978537599,0.5418745545260156
0.001,58,78.99,44,117,12.49119289739775,0,0,0,-4417.2650000014055,0.42299999859460513,0.561831789023521
0.001,59,57.41,29,95,11.799233025921643,0,0,0,-4319.012000001365,0.23599999863472476,0.5418745545260156
0.001,60,81.98,43,114,13.829663770316326,0,0,0,-4515.986000001468,0.49299999853246845,0.5497148966500356
0.001,61,47.18,17,77,11.353748279753255,0,0,0,-4450.901000001685,0.22899999831497553,0.5548823948681397
0.001,62,52.48,23,83,12.460722290461336,0,0,0,-4552.556000001634,0.2679999983656671,0.5564861012116893
0.001,63,61.92,32,103,14.792349373916233,0,0,0,-4511.4970000015355,0.4009999984646129,0.5543478260869565
0.001,64,47.35,19,70,10.123611015838172,0,0,0,-4461.10500000193,0.3369999980695866,0.5470420527441198
0.001,65,73.47,25,116,15.335876238415594,0,0,0,-4463.218000001507,0.25199999849337473,0.5555951532430506
0.001,66,74.46,44,104,14.360654581181178,0,0,0,-4378.120000001633,0.5809999983666785,0.550784034212402
0.001,67,46.23,15,70,11.25864556685217,0,0,0,-4447.045000001682,0.24099999831832974,0.5563079116179616
0.001,68,66.56,33,107,13.813268983119093,0,0,0,-4316.059000001731,0.3999999982688678,0.5450819672131147
0.001,69,76.4,50,114,12.330450113438681,0,0,0,-4475.820000001443,0.5359999985566901,0.5573770491803278
0.001,70,65.62,24,93,12.528990382309342,0,0,0,-4476.019000001698,0.26599999830159504,0.5506058446186742
0.001,71,59.1,36,98,11.667476162392619,0,0,0,-4386.909000001807,0.6029999981928995,0.5513186029935851
0.001,72,60.23,30,95,12.521864877086001,0,0,0,-4300.941000001602,0.3769999983978778,0.5408054169636494
0.001,73,47.22,9,79,12.580604119039753,0,0,0,-4496.215000001462,0.26899999853867484,0.5607626514611547
0.001,74,59.93,34,92,12.551697096408915,0,0,0,-4378.725000001862,0.5519999981379442,0.5416963649322879
0.001,75,88.89,49,125,14.962549916374549,0,0,0,-4329.935000001529,0.5799999984710666,0.5481111903064861
0.001,76,96.56,61,124,13.931489511175752,0,0,0,-4330.913000001485,0.7109999985150353,0.5436564504632929
0.001,77,45.53,13,77,12.739273919654918,0,0,0,-4542.492000001824,0.1989999981760775,0.5623663578047042
0.001,78,67.06,35,96,12.268512542276671,0,0,0,-4518.9790000017565,0.5829999982433947,0.5678902352102637
0.001,79,75.9,41,119,14.728543716199509,0,0,0,-4533.46200000143,0.41199999856962677,0.5621881682109765
0.001,80,74.13,39,109,13.894354968835366,0,0,0,-4562.803000001609,0.5009999983913076,0.5575552387740556
0.001,81,73.86,37,102,13.324428693193566,0,0,0,-4423.808000001469,0.36799999853155896,0.5607626514611547
0.001,82,84.52,41,125,14.457855995962886,0,0,0,-4356.216000001867,0.6529999981330548,0.5506058446186742
0.001,83,51.69,25,77,10.613854153887738,0,0,0,-4405.802000001725,0.2939999982745576,0.5516749821810406
0.001,84,87.47,57,119,13.68901384322479,0,0,0,-4420.954000001412,0.6279999985881659,0.5509622238061297
0.001,85,48.99,18,76,11.745207533287779,0,0,0,-4497.205000001785,0.23499999821433448,0.5573770491803278
0.001,86,54.84,26,93,12.324544616333702,0,0,0,-4414.7690000016355,0.34999999836418283,0.5582679971489665
0.001,87,75.74,43,103,12.851941487572997,0,0,0,-4474.97500000179,0.6599999982099689,0.5621881682109765
0.001,88,44.59,17,76,11.82209372319472,0,0,0,-4555.0220000012905,0.16599999870959437,0.5596935138987883
0.001,89,77.11,43,132,15.260337479885562,0,0,0,-4492.959000001577,0.5049999984230453,0.5584461867426942
0.001,90,65.17,30,108,13.798590507729404,0,0,0,-4487.769000001283,0.315999998717416,0.5573770491803278
0.001,91,71.22,47,106,12.865131169171963,0,0,0,-4519.209000001828,0.7189999981719666,0.5641482537419815
0.001,92,60.53,27,94,12.503163599665486,0,0,0,-4401.25800000131,0.25099999868962186,0.5481111903064861
0.001,93,57.84,30,90,13.376636348499572,0,0,0,-4585.33200000143,0.30799999857026705,0.561831789023521
0.001,94,68.43,46,101,11.372119415482763,0,0,0,-4481.641000001645,0.5359999983547823,0.5621881682109765
0.001,95,50.99,19,82,11.132380697766314,0,0,0,-4505.051000001594,0.2219999984063179,0.5538132573057734
0.001,96,48.41,20,71,10.936265358887374,0,0,0,-4608.237000001602,0.20799999839800876,0.5648610121168923
0.001,97,49.13,26,78,11.0459540104058,0,0,0,-4569.961000001375,0.22699999862470577,0.5709194583036351
0.001,98,64.29,24,96,15.012857822546646,0,0,0,-4445.671000001302,0.21999999869785825,0.5620099786172488
0.001,99,57.06,24,97,13.923232383322487,0,0,0,-4539.951000001277,0.20499999872299668,0.5671774768353528
0.001,100,70.6,41,97,11.890332207301864,0,0,0,-4378.413000001587,0.49699999841323006,0.5434782608695652
0.001,101,62.42,34,99,12.95776215247062,0,0,0,-4539.590000001615,0.36999999838462827,0.5609408410548824
0.001,102,81.76,43,118,14.388967996350537,0,0,0,-4412.238000001343,0.4389999986569819,0.5609408410548824
0.001,103,67.09,30,98,13.420204916468302,0,0,0,-4398.396000001696,0.38499999830401066,0.550071275837491
0.001,104,59.19,26,82,10.905682005266796,0,0,0,-4489.005000001683,0.3279999983169546,0.550071275837491
0.001,105,69.97,46,106,13.245720063477107,0,0,0,-4482.2240000015745,0.48199999842563557,0.5616535994297933
0.001,106,81.64,51,122,15.710200507950239,0,0,0,-4456.43300000163,0.6019999983700473,0.5600498930862438
0.001,107,58.26,30,92,12.013009614580353,0,0,0,-4470.15400000145,0.30699999855005444,0.5552387740555952
0.001,108,57.31,30,92,11.226482084785063,0,0,0,-4418.9560000016945,0.4189999983054804,0.5518531717747683
0.001,109,48.8,21,71,11.066164647247934,0,0,0,-4486.838000001992,0.36799999800769,0.552744119743407
0.001,110,97.77,62,129,15.190691228512284,0,0,0,-4300.104000001217,0.5419999987825577,0.5443692088382038
0.001,111,51.96,25,84,11.432340092911861,0,0,0,-4373.033000001309,0.23199999869120802,0.5497148966500356
0.001,112,65.14,39,117,12.610329099591336,0,0,0,-4399.873000001222,0.2989999987776173,0.5506058446186742
0.001,113,60.16,29,103,14.194167816395577,0,0,0,-4481.911000001702,0.40799999829869193,0.5484675694939416
0.001,114,55.34,27,89,11.98600850992523,0,0,0,-4616.01300000152,0.2979999984800088,0.5689593727726301
0.001,115,81.89,49,123,15.046524515648125,0,0,0,-4523.912000001488,0.4769999985119284,0.5671774768353528
0.001,116,80.43,47,121,13.970866114883503,0,0,0,-4289.044000001421,0.5099999985786781,0.5445473984319316
0.001,117,68.89,40,108,13.40887392736616,0,0,0,-4450.895000001978,0.7229999980227149,0.5514967925873129
0.001,118,67.25,37,96,12.894475561262661,0,0,0,-4443.7970000012765,0.31899999872348417,0.5582679971489665
0.001,119,65.31,39,102,13.422142153918651,0,0,0,-4459.945000001822,0.5419999981777437,0.5573770491803278
0.001,120,59.22,36,94,12.826987175482792,0,0,0,-4495.789000001711,0.47499999828869477,0.5514967925873129
0.001,121,37.76,16,65,10.172629945102692,0,0,0,-4612.556000001997,0.28599999800280784,0.5627227369921597
0.001,122,60.02,35,103,13.969237631309735,0,0,0,-4381.634000001831,0.5049999981692963,0.5509622238061297
0.001,123,87.48,61,129,14.844177309638956,0,0,0,-4379.95700000152,0.7619999984799506,0.5575552387740556
0.001,124,75.34,39,102,13.298285603791191,0,0,0,-4238.201000001569,0.4269999984308015,0.5359942979330007
0.001,125,66.67,37,94,12.828137043234298,0,0,0,-4420.631000001487,0.38199999851258326,0.5573770491803278
0.001,126,49.09,14,82,10.891368141790085,0,0,0,-4618.355000001798,0.1829999982019217,0.5611190306486101
0.001,127,69.29,25,102,13.523531343550767,0,0,0,-4554.098000001606,0.27799999839407974,0.5584461867426942
0.001,128,66.78,39,98,13.220121028190325,0,0,0,-4499.163000001793,0.5449999982065492,0.5612972202423379
0.001,129,46.34,23,70,10.185499496833721,0,0,0,-4447.433000001425,0.2109999985750619,0.5636136849607983
0.001,130,44.49,18,81,11.442460399756689,0,0,0,-4400.28900000165,0.2319999983501475,0.5504276550249465
0.001,131,54.63,29,88,10.902894111198183,0,0,0,-4392.788000001424,0.2499999985757313,0.5529223093371347
0.001,132,67.08,29,116,13.39154957426511,0,0,0,-4395.977000001477,0.527999998523228,0.5452601568068425
0.001,133,41.86,23,65,9.776522899272521,0,0,0,-4477.19800000183,0.4259999981695728,0.5531004989308624
0.001,134,69.88,34,100,12.676182390609565,0,0,0,-4336.305000001691,0.4989999983090456,0.5406272273699216
0.001,135,68.7,47,93,10.963119993870357,0,0,0,-4484.702000001652,0.5829999983479865,0.5604062722736992
0.001,136,71.99,41,94,12.142071487188668,0,0,0,-4514.307000001426,0.41199999857417424,0.556664290805417
0.001,137,54.76,25,84,10.47580068538916,0,0,0,-4451.750000001694,0.33799999830534944,0.5525659301496793
0.001,138,49.72,18,86,12.653916389798063,0,0,0,-4545.8660000020045,0.35299999799553916,0.5611190306486101
0.001,139,55.62,30,83,10.51454231053354,0,0,0,-4523.341000001658,0.35899999834146,0.567712045616536
0.001,140,72.03,39,98,13.10835992792386,0,0,0,-4429.563000001561,0.45499999843923433,0.5571988595866001
0.001,141,60.03,31,91,13.293197508500354,0,0,0,-4463.155000001647,0.37999999835301423,0.5584461867426942
0.001,142,50.73,17,76,10.70126628021189,0,0,0,-4460.150000001471,0.17199999852891779,0.5568424803991446
0.001,143,63.21,24,105,13.70422927420583,0,0,0,-4404.173000001945,0.5899999980547364,0.5481111903064861
0.001,144,55.22,24,96,14.332187551103285,0,0,0,-4452.802000002024,0.4459999979753775,0.5548823948681397
0.001,145,69.7,39,109,12.181543416168576,0,0,0,-4429.746000001434,0.4399999985653267,0.5637918745545261
0.001,146,53.34,19,81,13.5234758845498,0,0,0,-4640.348000001595,0.2749999984043825,0.5639700641482538
0.001,147,57.7,27,91,13.605513588247964,0,0,0,-4519.507000001286,0.21499999871412,0.5591589451176051
0.001,148,43.97,21,64,9.854394958595885,0,0,0,-4524.272000001618,0.23999999838179065,0.556664290805417
0.001,149,62.14,33,102,14.412508456198735,0,0,0,-4476.007000001811,0.48199999818825745,0.5550605844618675
0.001,150,58.28,34,98,12.352392480811156,0,0,0,-4541.409000001701,0.41899999829911394,0.5612972202423379
0.001,151,66.47,36,97,13.388394227837779,0,0,0,-4470.835000001915,0.5829999980842331,0.5550605844618675
0.001,152,72.31,33,105,13.509770538391836,0,0,0,-4318.061000001267,0.31999999873369234,0.5520313613684961
0.001,153,52.67,27,73,11.36226649925093,0,0,0,-4482.110000001797,0.383999998202853,0.5541696364932288
0.001,154,60.62,19,92,12.56087576564628,0,0,0,-4388.457000001319,0.1749999986805051,0.546863863150392
0.001,155,57.35,36,84,11.292807445449515,0,0,0,-4525.643000001695,0.4469999983048183,0.5563079116179616
0.001,156,65.04,27,100,15.04521186291506,0,0,0,-4447.280000001436,0.2689999985641407,0.5504276550249465
0.001,157,72.56,47,105,12.289279881262368,0,0,0,-4500.818000001511,0.5209999984890601,0.5518531717747683
0.001,158,76.02,42,113,13.655021054542537,0,0,0,-4416.553000001664,0.6049999983360976,0.5559515324305061
0.001,159,65.52,31,97,12.54390688740952,0,0,0,-4458.235000001334,0.2609999986661933,0.5538132573057734
0.001,160,68.98,32,106,13.227229490713466,0,0,0,-4438.629000001707,0.4339999982930749,0.5534568781183179
0.001,161,56.77,30,78,11.046135070693278,0,0,0,-4435.223000001697,0.4329999983028756,0.552744119743407
0.001,162,58.0,24,92,13.083577492413916,0,0,0,-4344.759000001375,0.23599999862472032,0.5548823948681397
0.001,163,66.37,42,98,12.679633275453986,0,0,0,-4507.928000001346,0.40399999865439895,0.5522095509622238
0.001,164,80.38,42,122,17.047451422426754,0,0,0,-4588.248000001758,0.5369999982422087,0.5600498930862438
0.001,165,72.7,35,105,14.104254677224175,0,0,0,-4445.03900000162,0.46499999838033546,0.5645046329294369
0.001,166,68.39,41,99,12.141577327513918,0,0,0,-4358.295000001378,0.4409999986219191,0.5538132573057734
0.001,167,69.08,42,115,15.412773922951054,0,0,0,-4320.117000001437,0.41999999856307113,0.5425873129009265
0.001,168,77.63,43,110,13.477874461501708,0,0,0,-4383.336000001369,0.4429999986314215,0.5502494654312188
0.001,169,77.81,40,120,16.947976280370465,0,0,0,-4408.113000001831,0.6499999981688234,0.5532786885245902
0.001,170,75.64,39,125,14.5681295985449,0,0,0,-4445.602000001501,0.4059999984983733,0.550784034212402
0.001,171,53.05,24,87,11.760420910834782,0,0,0,-4541.284000001536,0.2599999984640817,0.5543478260869565
0.001,172,55.62,26,89,10.859815836375864,0,0,0,-4467.093000001337,0.23699999866312282,0.554704205274412
0.001,173,59.23,29,83,12.11928628261582,0,0,0,-4346.285000001412,0.2569999985880713,0.5427655024946543
0.001,174,75.74,39,106,12.971214283944276,0,0,0,-4417.03500000142,0.3439999985803297,0.5541696364932288
0.001,175,86.84,57,128,14.951735685197221,0,0,0,-4418.03600000168,0.7479999983197558,0.5518531717747683
0.001,176,75.15,47,109,12.929327128663735,0,0,0,-4570.365000001565,0.5859999984349997,0.5636136849607983
0.001,177,69.24,36,105,13.46708580205829,0,0,0,-4449.024000001512,0.3459999984879687,0.5584461867426942
0.001,178,67.96,31,98,13.17036066324685,0,0,0,-4512.222000001456,0.3189999985443137,0.5605844618674269
0.001,179,69.36,46,94,10.820831761006175,0,0,0,-4500.353000001812,0.6519999981883302,0.5559515324305061
0.001,180,68.86,35,110,13.675540208708393,0,0,0,-4463.297000001432,0.48299999856772047,0.5609408410548824
0.001,181,78.76,49,108,13.358981997143346,0,0,0,-4510.928000001475,0.4929999985251925,0.5596935138987883
0.001,182,61.79,27,101,12.634314385830361,0,0,0,-4480.351000001555,0.3229999984450842,0.5539914468995011
0.001,183,61.22,36,89,12.09179887361678,0,0,0,-4516.105000001595,0.4599999984047827,0.5646828225231646
0.001,184,87.01,56,116,13.336787469252107,0,0,0,-4382.508000001465,0.5499999985349859,0.5536350677120456
0.001,185,84.62,39,131,16.181334926389724,0,0,0,-4462.888000001725,0.5109999982751106,0.562544547398432
0.001,186,72.81,33,105,13.566646601131762,0,0,0,-4383.003000001778,0.4659999982222871,0.5555951532430506
0.001,187,50.49,25,75,11.220066844720668,0,0,0,-4536.695000002124,0.6049999978758933,0.550784034212402
0.001,188,60.96,29,110,14.331727041776928,0,0,0,-4566.69000000143,0.2779999985696122,0.5545260156806843
0.001,189,56.66,29,87,11.876211517146366,0,0,0,-4568.932000001599,0.37999999840121745,0.5548823948681397
0.001,190,59.25,30,96,11.992810346203262,0,0,0,-4344.881000001585,0.30399999841574754,0.5491803278688525
0.001,191,88.45,60,138,15.464394588861214,0,0,0,-4362.145000001615,0.7519999983851449,0.550784034212402
0.001,192,54.07,26,82,10.023228022947496,0,0,0,-4251.660000001512,0.25899999848752486,0.5375980042765502
0.001,193,78.23,46,106,13.511369286641528,0,0,0,-4407.124000001421,0.4579999985789982,0.5495367070563079
0.001,194,59.34,28,94,11.501495554926759,0,0,0,-4580.071000001361,0.24599999863858102,0.5634354953670706
0.001,195,55.08,33,80,11.232702257248699,0,0,0,-4501.3240000015,0.39699999849926826,0.5602280826799715
0.001,196,63.86,37,112,14.20635069256,0,0,0,-4474.507000001417,0.31499999858351657,0.5477548111190307
0.001,197,63.95,38,95,12.431713478036725,0,0,0,-4415.050000001508,0.46999999849231244,0.5504276550249465
0.001,198,65.27,40,90,11.48638759575873,0,0,0,-4576.819000001437,0.48499999856267095,0.5675338560228083
0.001,199,64.08,32,91,11.755577399685647,0,0,0,-4520.515000001785,0.42999999821495294,0.5538132573057734
0.001,200,71.41,43,116,14.198658387326601,0,0,0,-4493.509000001604,0.4759999983953094,0.5593371347113328
0.001,201,54.0,27,78,12.4056438768812,0,0,0,-4474.75900000149,0.32099999851016037,0.5541696364932288
0.001,202,67.94,41,98,12.254648097762741,0,0,0,-4524.406000001546,0.4849999984535316,0.5614754098360656
0.001,203,54.98,29,84,12.82963756308026,0,0,0,-4575.037000001551,0.35399999844867125,0.5609408410548824
0.001,204,75.93,42,115,14.62549486342257,0,0,0,-4528.456000001849,0.627999998150699,0.5604062722736992
0.001,205,76.26,48,111,12.775460852744217,0,0,0,-4423.92700000127,0.39099999872996705,0.5561297220242338
0.001,206,55.75,32,87,12.3193952773665,0,0,0,-4413.546000001638,0.35799999836217467,0.5545260156806843
0.001,207,45.61,22,68,11.130943356247933,0,0,0,-4561.930000001661,0.29599999833862967,0.5680684248039914
0.001,208,52.08,22,81,11.872388133817054,0,0,0,-4448.917000001621,0.24399999837896758,0.5639700641482538
0.001,209,48.46,20,86,13.047927038422618,0,0,0,-4533.881000001353,0.2009999986476032,0.556664290805417
0.001,210,61.29,26,90,12.548541747948246,0,0,0,-4539.9870000012115,0.2229999987885094,0.5653955808980755
0.001,211,50.17,20,101,12.652315993524663,0,0,0,-4455.193000001466,0.17199999853346526,0.5552387740555952
0.001,212,90.07,57,126,15.31551827395991,0,0,0,-4518.1320000015385,0.6319999984616516,0.562544547398432
0.001,213,59.52,34,86,10.630597349161523,0,0,0,-4460.060000001336,0.3369999986634866,0.5564861012116893
0.001,214,94.85,57,131,14.895888694535818,0,0,0,-4516.5670000017335,0.7819999982666559,0.5568424803991446
0.001,215,65.81,30,92,13.433313068636494,0,0,0,-4519.210000001577,0.3759999984231399,0.5529223093371347
0.001,216,54.97,32,89,11.897440901303105,0,0,0,-4483.8060000018595,0.47999999814055627,0.5552387740555952
0.001,217,55.16,30,88,12.57594529250187,0,0,0,-4367.621000001396,0.3199999986036346,0.5477548111190307
0.001,218,63.0,37,90,12.517188182655081,0,0,0,-4428.764000001632,0.4989999983681628,0.5520313613684961
0.001,219,74.15,31,106,14.686984033490335,0,0,0,-4563.075000001476,0.26999999852432666,0.562544547398432
0.001,220,61.6,27,98,14.64308710620817,0,0,0,-4451.640000001355,0.27999999864550773,0.5577334283677833
0.001,221,76.42,35,111,14.84128026822484,0,0,0,-4381.261000001554,0.4329999984465758,0.5538132573057734
0.001,222,63.26,31,109,13.406431292480487,0,0,0,-4555.682000001951,0.5679999980493449,0.5648610121168923
0.001,223,89.76,43,118,14.035041859574198,0,0,0,-4421.687000001469,0.4589999985309987,0.5557733428367784
0.001,224,55.39,28,85,12.62924780024527,0,0,0,-4440.543000001394,0.3519999986065159,0.5588025659301497
0.001,225,59.79,34,85,10.500757115560763,0,0,0,-4498.74200000148,0.3739999985200484,0.5575552387740556
0.001,226,62.96,40,101,13.137671026479541,0,0,0,-4382.868000001267,0.3319999987324991,0.5531004989308624
0.001,227,72.43,38,108,14.493622735534412,0,0,0,-4535.876000001579,0.45899999842094985,0.5609408410548824
0.001,228,56.86,29,79,10.611333563694998,0,0,0,-4520.891000001711,0.3969999982882655,0.5661083392729864
0.001,229,69.47,37,112,14.635883984235459,0,0,0,-4443.38400000164,0.46699999835982453,0.5491803278688525
0.001,230,52.3,24,80,12.576565508913792,0,0,0,-4493.48700000151,0.22099999848978769,0.5573770491803278
0.001,231,85.53,43,116,14.49652027212048,0,0,0,-4354.008000001651,0.5609999983489615,0.5381325730577334
0.001,232,40.44,18,72,12.060116085676787,0,0,0,-4507.903000001614,0.19799999838596705,0.5602280826799715
0.001,233,64.65,31,104,15.490884416326914,0,0,0,-4463.262000001516,0.355999998484549,0.5511404133998574
0.001,234,61.66,36,85,11.821353560400771,0,0,0,-4406.976000001878,0.6609999981219516,0.5463292943692089
0.001,235,52.16,21,82,12.052983033257783,0,0,0,-4464.191000001337,0.285999998663101,0.5531004989308624
0.001,236,49.13,17,97,12.488919088536045,0,0,0,-4407.053000001787,0.21599999821319216,0.5568424803991446
0.001,237,83.58,46,113,15.455859730212357,0,0,0,-4407.096000001923,0.7289999980766879,0.5514967925873129
0.001,238,58.31,27,88,12.476133215063072,0,0,0,-4467.086000001501,0.28199999849948654,0.5525659301496793
0.001,239,71.55,51,99,12.139501637217238,0,0,0,-4393.350000001412,0.5269999985885079,0.5466856735566643
0.001,240,38.63,17,70,11.055907922916147,0,0,0,-4564.243000001581,0.21399999841924,0.5525659301496793
0.001,241,52.42,31,80,10.125393819501541,0,0,0,-4475.191000001656,0.3869999983444359,0.5564861012116893
0.001,242,52.27,29,81,11.411270744312397,0,0,0,-4564.458000001429,0.33999999857041985,0.5561297220242338
0.001,243,53.73,22,78,11.473321227961849,0,0,0,-4441.354000001476,0.23699999852397013,0.5516749821810406
0.001,244,62.25,35,99,12.980273494807419,0,0,0,-4480.098000001556,0.4299999984441456,0.5561297220242338
0.001,245,81.2,46,120,13.690142438996023,0,0,0,-4509.108000001333,0.3839999986676048,0.5570206699928724
0.001,246,65.4,28,102,14.136477637657833,0,0,0,-4451.514000001597,0.4669999984025708,0.5573770491803278
0.001,247,63.48,33,94,11.604723176362286,0,0,0,-4398.172000001351,0.31699999864849815,0.5595153243050606
0.001,248,74.66,40,113,14.944711439168037,0,0,0,-4363.615000001904,0.7489999980953144,0.5506058446186742
0.001,249,73.41,42,107,12.954609218343872,0,0,0,-4369.9620000014265,0.40799999857335933,0.5482893799002139
0.001,250,54.8,29,75,10.573551910309043,0,0,0,-4406.18100000196,0.49699999804033723,0.5550605844618675
0.001,251,69.39,29,112,14.57250493223454,0,0,0,-4505.184000001706,0.40399999829332955,0.5602280826799715
0.001,252,73.08,39,111,14.429608449296191,0,0,0,-4508.629000001854,0.5769999981457659,0.5630791161796151
0.001,253,68.09,43,98,13.580202502172051,0,0,0,-4539.086000001783,0.5779999982169102,0.5616535994297933
0.001,254,55.5,29,101,11.819898476721363,0,0,0,-4385.852000001387,0.3069999986128096,0.544903777619387
0.001,255,52.51,17,85,13.149520903820033,0,0,0,-4398.158000001535,0.28599999846574065,0.5575552387740556
0.001,256,63.36,34,108,16.735304000824126,0,0,0,-4558.45700000135,0.3399999986495459,0.5646828225231646
0.001,257,63.93,25,104,14.236751736263436,0,0,0,-4372.314000001604,0.30399999839664815,0.5548823948681397
0.001,258,74.05,37,106,11.96609794377432,0,0,0,-4333.334000001715,0.5249999982852387,0.5506058446186742
0.001,259,62.68,31,98,13.561622321831559,0,0,0,-4357.160000001666,0.38299999833361653,0.550071275837491
0.001,260,66.78,40,95,11.910146934442077,0,0,0,-4510.526000001735,0.5249999982652298,0.5577334283677833
0.001,261,51.75,19,83,11.130476180289863,0,0,0,-4473.454000001396,0.1949999986045441,0.5545260156806843
0.001,262,74.63,35,109,13.426581843492407,0,0,0,-4466.738000001764,0.5039999982363952,0.5611190306486101
0.001,263,68.71,38,99,13.405442924424394,0,0,0,-4623.59700000129,0.36199999870950705,0.5671774768353528
0.001,264,51.0,29,81,11.215168300119263,0,0,0,-4434.421000001414,0.3159999985864488,0.5520313613684961
0.001,265,50.28,28,87,11.962508098220875,0,0,0,-4369.584000001387,0.25899999861303513,0.5497148966500356
0.001,266,66.96,35,110,13.343103087363149,0,0,0,-4563.8510000018605,0.5519999981397632,0.5641482537419815
0.001,267,68.22,40,96,11.650390551393546,0,0,0,-4410.9620000015075,0.4689999984921087,0.5523877405559515
0.001,268,77.23,38,110,13.683460819544155,0,0,0,-4406.953000001528,0.4599999984711758,0.5532786885245902
0.001,269,49.21,23,80,11.809568154678646,0,0,0,-4422.710000001321,0.20799999867904262,0.5534568781183179
0.001,270,68.05,41,93,12.382548203015403,0,0,0,-4542.710000001712,0.5069999982879381,0.5604062722736992
0.001,271,48.92,27,84,10.95050683758519,0,0,0,-4364.043000001588,0.3199999984126407,0.5497148966500356
0.001,272,63.19,33,96,12.921064197658024,0,0,0,-4408.622000001213,0.3079999987876363,0.5454383464005702
0.001,273,69.13,45,106,13.788150709939314,0,0,0,-4485.904000001457,0.4899999985436807,0.5543478260869565
0.001,274,78.91,51,115,13.013911787007011,0,0,0,-4465.300000001418,0.5279999985823451,0.5563079116179616
0.001,275,72.1,36,103,12.686607111438423,0,0,0,-4483.132000001247,0.3009999987525589,0.5511404133998574
0.001,276,54.79,15,100,14.142344218693022,0,0,0,-4471.110000001748,0.18799999825205305,0.5514967925873129
0.001,277,66.24,28,103,16.36711336797054,0,0,0,-4458.457000001609,0.38199999839071097,0.5595153243050606
0.001,278,75.81,48,122,14.463536911834531,0,0,0,-4317.194000001389,0.503999998611107,0.5523877405559515
0.001,279,78.04,45,112,12.743563081022513,0,0,0,-4411.450000001311,0.38899999868863233,0.5511404133998574
0.001,280,53.61,21,90,12.922766731625234,0,0,0,-4499.409000001749,0.27799999825128907,0.5534568781183179
0.001,281,74.57,44,109,13.79873544930839,0,0,0,-4439.735000001339,0.39099999866084545,0.5495367070563079
0.001,282,69.25,34,97,12.937059171233624,0,0,0,-4560.1380000017225,0.4199999982774898,0.5637918745545261
0.001,283,60.2,24,89,12.626955294131678,0,0,0,-4476.567000001651,0.28399999834891787,0.562544547398432
0.001,284,66.52,35,96,12.754199308463075,0,0,0,-4422.574000001975,0.7559999980248904,0.5491803278688525
0.001,285,56.19,28,86,12.379575921654183,0,0,0,-4577.030000001296,0.2809999987039191,0.5611190306486101
0.001,286,37.42,7,64,11.539653374343615,0,0,0,-4635.164000001824,0.1349999981757719,0.5668210976478973
0.001,287,53.49,24,85,11.63915374930669,0,0,0,-4439.928000001838,0.40099999816175114,0.5532786885245902
0.001,288,53.03,29,92,11.893237574352915,0,0,0,-4463.1590000013975,0.25699999860262324,0.5559515324305061
0.001,289,62.82,36,102,13.96594429317259,0,0,0,-4594.35200000185,0.5589999981502842,0.5707412687099074
0.001,290,67.81,38,103,14.627163087899168,0,0,0,-4375.393000001462,0.39399999853867484,0.5555951532430506
0.001,291,60.4,31,88,12.976902558006667,0,0,0,-4514.5320000016,0.43599999839989323,0.5568424803991446
0.001,292,47.63,19,77,11.63585407264976,0,0,0,-4451.724000001711,0.22799999828930595,0.5479330007127584
0.001,293,49.6,24,84,12.396773773849388,0,0,0,-4489.706000001937,0.46599999806221604,0.5541696364932288
0.001,294,66.1,31,97,13.70218960604472,0,0,0,-4430.441000001518,0.3629999984823371,0.5612972202423379
0.001,295,63.89,37,101,11.60680403901091,0,0,0,-4444.533000001848,0.5879999981516448,0.5506058446186742
0.001,296,47.79,20,83,13.251637634647276,0,0,0,-4433.74800000129,0.22899999870969623,0.562544547398432
0.001,297,41.43,22,68,9.910857682360293,0,0,0,-4536.704000001778,0.2939999982218069,0.5612972202423379
0.001,298,66.05,39,101,12.82604771548898,0,0,0,-4370.526000001411,0.3849999985886825,0.5497148966500356
0.001,299,57.0,32,88,11.436782764396638,0,0,0,-4320.04800000149,0.34099999850968743,0.550784034212402
0.001,300,72.18,42,103,13.95448315058641,0,0,0,-4539.799000001757,0.544999998242929,0.5616535994297933
0.001,301,52.45,24,83,11.64935620538749,0,0,0,-4480.000000001746,0.3789999982536756,0.5541696364932288
0.001,302,56.3,27,84,11.816513868311585,0,0,0,-4435.078000001466,0.2239999985340546,0.5588025659301497
0.001,303,70.08,35,103,13.665050310920922,0,0,0,-4565.998000001606,0.4949999983946327,0.5570206699928724
0.001,304,48.71,22,86,11.930041911074747,0,0,0,-4451.268000001473,0.25999999852683686,0.5548823948681397
0.001,305,77.43,44,113,13.360580077227185,0,0,0,-4444.48600000177,0.6339999982301379,0.5561297220242338
0.001,306,73.62,30,110,14.531194032150285,0,0,0,-4344.040000001271,0.2559999987288393,0.5447255880256593
0.001,307,63.66,30,89,10.184517661627378,0,0,0,-4433.839000001493,0.2959999985068862,0.5529223093371347
0.001,308,53.9,24,79,11.196874563912912,0,0,0,-4435.9040000016585,0.32399999834160553,0.5548823948681397
0.001,309,81.41,48,115,13.810209991162335,0,0,0,-4386.251000001361,0.5519999986390758,0.552744119743407
0.001,310,48.28,20,82,12.805530055409655,0,0,0,-4547.909000001557,0.23499999844352715,0.5637918745545261
0.001,311,56.03,32,83,10.778177025823986,0,0,0,-4465.696000001688,0.4669999983116213,0.5571988595866001
0.001,312,76.63,47,120,14.374738258486657,0,0,0,-4430.437000001315,0.48899999868535815,0.5586243763364219
0.001,313,60.07,32,85,11.30420718139932,0,0,0,-4426.201000001379,0.3089999986214025,0.552744119743407
0.001,314,62.02,36,95,13.078210886814757,0,0,0,-4403.511000001845,0.6029999981547007,0.5561297220242338
0.001,315,62.1,29,97,14.04813154835902,0,0,0,-4592.949000001454,0.3149999985462273,0.5602280826799715
0.001,316,92.11,52,127,14.931105116500921,0,0,0,-4474.389000001484,0.573999998515319,0.5588025659301497
0.001,317,58.83,30,97,12.442712726732864,0,0,0,-4568.55100000173,0.3909999982697627,0.56503920171062
0.001,318,69.05,30,105,13.394308492789017,0,0,0,-4476.636000001634,0.4069999983657908,0.5623663578047042
0.001,319,67.54,39,97,12.888304776036298,0,0,0,-4384.02900000161,0.4799999983897578,0.5589807555238774
0.001,320,56.79,29,91,12.152608773428032,0,0,0,-4512.173000002118,0.8249999978816049,0.557911617961511
0.001,321,84.77,47,123,14.479540738573167,0,0,0,-4446.844000001534,0.532999998466039,0.5563079116179616
0.001,322,40.94,18,73,10.993470789518659,0,0,0,-4347.276000001596,0.20999999840387318,0.5554169636493229
0.001,323,60.57,37,102,13.070007651107172,0,0,0,-4358.75900000163,0.4639999983701273,0.5516749821810406
0.001,324,77.55,42,107,14.043770861132703,0,0,0,-4388.108000001866,0.6309999981340297,0.5532786885245902
0.001,325,68.38,37,101,12.55530166901616,0,0,0,-4339.914000001541,0.4319999984581955,0.5509622238061297
0.001,326,93.87,50,135,15.345132778832511,0,0,0,-4391.074000001267,0.47299999873212073,0.5586243763364219
0.001,327,60.65,30,92,11.796079857308527,0,0,0,-4334.532000001382,0.3129999986185794,0.5470420527441198
0.001,328,68.55,39,98,12.010308072651592,0,0,0,-4486.531000001528,0.4529999984724782,0.5571988595866001
0.001,329,75.5,49,101,11.295574354586844,0,0,0,-4523.834000001607,0.642999998392952,0.5614754098360656
0.001,330,63.76,34,107,14.159180767261924,0,0,0,-4412.737000001659,0.4299999983413727,0.550071275837491
0.001,331,66.29,30,93,12.962480472502167,0,0,0,-4476.920000001965,0.5009999980356952,0.5525659301496793
0.001,332,53.89,17,86,12.142400915799147,0,0,0,-4488.515000001406,0.17799999859380478,0.5545260156806843
0.001,333,74.41,48,103,12.960011574068906,0,0,0,-4498.408000001797,0.6849999982032386,0.5593371347113328
0.001,334,85.88,37,119,14.045127268914298,0,0,0,-4617.770000001468,0.39699999853201007,0.5630791161796151
0.001,335,64.0,33,109,14.71801617066648,0,0,0,-4453.372000001536,0.4079999984633105,0.5568424803991446
0.001,336,77.33,40,106,14.145002651113218,0,0,0,-4355.203000001538,0.43899999846144055,0.5518531717747683
0.001,337,70.39,47,99,10.207737261509036,0,0,0,-4495.728000001721,0.6529999982794834,0.5561297220242338
0.001,338,48.65,16,73,10.22093439955467,0,0,0,-4512.545000001825,0.2519999981741421,0.5557733428367784
0.001,339,63.1,36,96,12.586103447850729,0,0,0,-4422.10500000162,0.46499999837942596,0.5525659301496793
0.001,340,54.67,24,87,12.564278729795832,0,0,0,-4408.625000001997,0.45399999800247315,0.5450819672131147
0.001,341,59.61,30,98,13.895247388945615,0,0,0,-4479.976000001741,0.36099999825910345,0.5491803278688525
0.001,342,87.08,58,127,13.759127879338864,0,0,0,-4251.9340000014145,0.5919999985853792,0.5420527441197434
0.001,343,74.89,50,118,14.211189253542434,0,0,0,-4384.394000001377,0.4849999986226976,0.5484675694939416
0.001,344,76.6,47,112,14.647866738880444,0,0,0,-4506.5850000016935,0.6559999983064699,0.5561297220242338
0.001,345,62.52,31,103,13.446546024909146,0,0,0,-4450.107000001903,0.49099999809732253,0.5543478260869565
0.001,346,54.78,31,79,10.474330527532533,0,0,0,-4611.710000001749,0.46699999825068517,0.5682466143977192
0.001,347,110.18,68,148,18.03628564865837,0,0,0,-4379.719000001626,0.9299999983741145,0.5532786885245902
0.001,348,58.92,31,105,13.212630321022381,0,0,0,-4399.634000001424,0.29399999857560033,0.5538132573057734
0.001,349,106.68,65,144,16.978739646982046,0,0,0,-4505.349000001625,0.8089999983749294,0.5497148966500356
0.001,350,83.2,50,130,13.96710420953463,0,0,0,-4339.728000001309,0.5379999986907933,0.5381325730577334
0.001,351,41.7,20,67,10.143470806385752,0,0,0,-4494.9060000016825,0.26199999831715104,0.5557733428367784
0.001,352,61.13,38,85,11.546995280158384,0,0,0,-4364.597000001464,0.3999999985362592,0.550071275837491
0.001,353,52.83,28,73,10.023028484445208,0,0,0,-4503.833000001614,0.3859999983860689,0.5532786885245902
0.001,354,62.87,40,88,11.373350429842562,0,0,0,-4339.515000001606,0.46399999839468364,0.5561297220242338
0.001,355,58.44,33,85,10.554923021983626,0,0,0,-4476.346000001876,0.4839999981240908,0.5493585174625801
0.001,356,51.21,29,79,11.334279862435018,0,0,0,-4506.407000001582,0.2849999984182432,0.5557733428367784
0.001,357,87.63,54,132,16.32767895323766,0,0,0,-4410.021000001561,0.5809999984385286,0.5541696364932288
0.001,358,76.26,41,119,16.88586391038374,0,0,0,-4493.456000001243,0.32599999875674257,0.5506058446186742
0.001,359,61.67,28,104,12.642037019404745,0,0,0,-4511.003000001452,0.23199999854750786,0.5588025659301497
0.001,360,71.23,27,106,14.534686099121645,0,0,0,-4587.268000001868,0.44899999813151226,0.5614754098360656
0.001,361,70.66,39,109,12.832941985374983,0,0,0,-4506.101000001682,0.515999998317966,0.5595153243050606
0.001,362,91.27,61,125,13.51950812714723,0,0,0,-4428.004000001295,0.5539999987049669,0.5580898075552387
0.001,363,47.17,18,83,11.953288250519185,0,0,0,-4423.9670000014985,0.1949999985017712,0.5520313613684961
0.001,364,62.33,39,98,11.410569661502445,0,0,0,-4552.8100000013455,0.3559999986546245,0.5523877405559515
0.001,365,58.54,28,86,11.83335962438394,0,0,0,-4579.534000001661,0.34199999833890615,0.5641482537419815
0.001,366,56.75,27,83,12.39223547226246,0,0,0,-4521.672000001959,0.4709999980414068,0.5529223093371347
0.001,367,61.6,33,95,13.105723940324701,0,0,0,-4460.219000001441,0.2999999985595423,0.5563079116179616
0.001,368,64.39,39,91,12.0655667086134,0,0,0,-4385.97200000165,0.4919999983503658,0.5506058446186742
0.001,369,61.85,29,99,12.654939746992081,0,0,0,-4493.605000001639,0.32199999836029747,0.5600498930862438
0.001,370,69.99,41,104,12.968804879401956,0,0,0,-4366.5600000015775,0.5369999984222886,0.5511404133998574
0.001,371,77.76,48,106,12.40654665892165,0,0,0,-4391.098000001983,0.9769999980171633,0.5552387740555952
0.001,372,55.9,28,90,11.757976016304847,0,0,0,-4208.421000001605,0.3939999983949747,0.5379543834640057
0.001,373,61.61,37,93,11.10846073945441,0,0,0,-4472.140000001556,0.3759999984440583,0.5571988595866001
0.001,374,44.63,16,73,11.27799184252232,0,0,0,-4573.7780000018065,0.23299999819391815,0.5611190306486101
0.001,375,55.73,32,83,10.517466424952351,0,0,0,-4578.186000001859,0.5149999981413202,0.5623663578047042
0.001,376,82.37,42,117,14.928934992155334,0,0,0,-4442.433000001809,0.5909999981913643,0.5529223093371347
0.001,377,52.75,15,86,12.922364334749272,0,0,0,-4447.974000001636,0.17899999836390634,0.5623663578047042
0.001,378,58.99,36,88,11.780912528323093,0,0,0,-4511.83700000142,0.34199999857992225,0.5568424803991446
0.001,379,70.7,37,102,14.350261321662405,0,0,0,-4348.897000001867,0.7589999981328219,0.5445473984319316
0.001,380,82.28,45,126,15.566039958833459,0,0,0,-4363.063000001425,0.4359999985745162,0.5463292943692089
0.001,381,53.23,17,82,13.262620404731486,0,0,0,-4396.7090000016615,0.25899999833836773,0.5555951532430506
0.001,382,58.96,19,94,15.108884803320196,0,0,0,-4471.7140000012605,0.25799999873925117,0.5561297220242338
0.001,383,80.29,45,109,12.779119687991033,0,0,0,-4490.461000001791,0.6089999982086738,0.5614754098360656
0.001,384,84.35,52,126,16.35198764676637,0,0,0,-4409.654000001695,0.6959999983055241,0.5514967925873129
0.001,385,56.44,28,85,12.499855999170551,0,0,0,-4480.16800000155,0.33599999844955164,0.5605844618674269
0.001,386,83.83,52,126,12.757001998902407,0,0,0,-4399.431000001303,0.4859999986974799,0.561831789023521
0.001,387,58.89,33,82,9.893326033240793,0,0,0,-4413.240000001739,0.4349999982614463,0.5529223093371347
0.001,388,103.22,56,139,16.908920722506213,0,0,0,-4321.948000001672,0.6749999983276211,0.5447255880256593
0.001,389,61.48,37,98,13.044140446959318,0,0,0,-4546.424000001483,0.3839999985166287,0.5659301496792587
0.001,390,44.78,23,68,10.625987012979076,0,0,0,-4567.557000001631,0.2639999983684902,0.5602280826799715
0.001,391,77.48,41,118,14.5934779953238,0,0,0,-4445.118000001461,0.45499999853927875,0.557911617961511
0.001,392,60.52,32,88,12.313797139794044,0,0,0,-4436.745000001605,0.36799999839513475,0.5634354953670706
0.001,393,57.95,30,99,12.415615168005168,0,0,0,-4376.703000001387,0.35899999861248943,0.5550605844618675
0.001,394,73.92,41,102,13.575477892140666,0,0,0,-4398.363000001809,0.6309999981904184,0.5482893799002139
0.001,395,67.82,33,109,13.564202888485559,0,0,0,-4395.467000001465,0.3099999985352042,0.550071275837491
0.001,396,60.3,36,94,12.583719640869308,0,0,0,-4430.297000001567,0.3849999984331589,0.5481111903064861
0.001,397,76.99,49,108,12.418127878227056,0,0,0,-4404.604000001354,0.4999999986466719,0.5538132573057734
0.001,398,66.28,34,92,12.136787054241333,0,0,0,-4501.227000001589,0.37399999841090903,0.556664290805417
0.001,399,79.09,39,120,15.986303512694858,0,0,0,-4565.57200000129,0.5089999987103511,0.561831789023521
0.001,400,90.72,53,132,14.660886739894009,0,0,0,-4496.3020000018505,0.9699999981494329,0.5531004989308624
0.001,401,59.76,34,89,11.174184534005155,0,0,0,-4483.952000001625,0.4229999983754169,0.5532786885245902
0.001,402,86.2,52,126,15.903458743304865,0,0,0,-4451.155000001304,0.47999999869625753,0.5591589451176051
0.001,403,88.28,53,121,15.973152475325591,0,0,0,-4436.540000001734,0.7769999982656373,0.5588025659301497
0.001,404,68.94,39,117,14.810685331881167,0,0,0,-4329.422000001519,0.4159999984804017,0.5431218816821097
0.001,405,70.63,39,99,13.048873514598874,0,0,0,-4402.7900000014615,0.45799999853807094,0.5488239486813971
0.001,406,57.27,26,98,13.158157165804033,0,0,0,-4399.930000001515,0.2959999984850583,0.5522095509622238
0.001,407,71.84,42,104,12.708044696175726,0,0,0,-4422.719000001512,0.4779999984884853,0.5456165359942979
0.001,408,71.53,38,103,14.583864371283763,0,0,0,-4492.005000001372,0.4359999986281764,0.5570206699928724
0.001,409,68.59,44,107,12.259767534500808,0,0,0,-4406.752000001617,0.5129999983837479,0.5477548111190307
0.001,410,60.44,30,92,12.448550116379016,0,0,0,-4467.275000001661,0.3689999983389498,0.5523877405559515
0.001,411,70.41,32,106,14.164106043093577,0,0,0,-4367.0190000017255,0.42899999827477586,0.546863863150392
0.001,412,68.18,36,97,14.000271425940284,0,0,0,-4420.350000001843,0.5769999981566798,0.5550605844618675
0.001,413,60.87,24,101,13.576196079903974,0,0,0,-4520.806000001683,0.28399999831708556,0.5548823948681397
0.001,414,59.19,35,96,11.424268029068646,0,0,0,-4498.784000001433,0.37899999856654176,0.5596935138987883
0.001,415,68.67,39,105,13.526311396681653,0,0,0,-4395.82400000121,0.319999998790081,0.5532786885245902
0.001,416,73.9,41,115,13.480726983364066,0,0,0,-4455.204000001536,0.5459999984641399,0.5577334283677833
0.001,417,53.61,19,86,11.130943356247933,0,0,0,-4480.106000001613,0.22099999838701478,0.5561297220242338
0.001,418,56.06,24,79,11.80493117303104,0,0,0,-4457.595000001648,0.2999999983521775,0.5563079116179616
0.001,419,55.25,26,75,9.701932797128622,0,0,0,-4557.9820000016725,0.3409999983277885,0.5721667854597291
0.001,420,60.68,34,88,11.196320824270801,0,0,0,-4473.789000001713,0.49199999828670116,0.5557733428367784
0.001,421,48.61,24,81,11.69948289455564,0,0,0,-4490.1240000016,0.2559999984005117,0.5621881682109765
0.001,422,51.27,23,84,12.428077083764808,0,0,0,-4435.157000001774,0.3409999982259251,0.5520313613684961
0.001,423,52.6,29,81,11.569788243524599,0,0,0,-4652.5950000018365,0.42999999816311174,0.5689593727726301
0.001,424,58.87,38,85,11.046859282167036,0,0,0,-4379.537000001516,0.40099999848371226,0.5493585174625801
0.001,425,80.14,51,116,13.956374887484214,0,0,0,-4412.567000001393,0.5009999986068578,0.5543478260869565
0.001,426,52.57,20,81,12.611308417448207,0,0,0,-4393.583000001502,0.19999999849824235,0.5466856735566643
0.001,427,59.71,34,87,11.305127155410505,0,0,0,-4408.220000001701,0.4319999982990339,0.5580898075552387
0.001,428,52.36,26,83,11.95785934019965,0,0,0,-4509.002000001744,0.3449999982558438,0.5605844618674269
0.001,429,81.02,46,111,12.974575137552675,0,0,0,-4453.823000001595,0.5679999984049573,0.5561297220242338
0.001,430,73.58,45,125,15.379323782273394,0,0,0,-4324.509000001397,0.4529999986034454,0.5559515324305061
0.001,431,99.03,63,140,15.8249518166723,0,0,0,-4448.4290000018,1.0209999981998408,0.5511404133998574
0.001,432,73.65,28,121,16.54168975649102,0,0,0,-4429.94800000147,0.30299999853014015,0.5538132573057734
0.001,433,53.06,28,79,11.386676424664048,0,0,0,-4472.079000001666,0.36899999833440233,0.5614754098360656
0.001,434,64.61,32,97,12.720766486340356,0,0,0,-4462.086000001711,0.429999998288622,0.5488239486813971
0.001,435,62.18,41,95,10.954798035564142,0,0,0,-4474.384000001499,0.43999999850075255,0.5470420527441198
0.001,436,58.36,27,81,11.072054913158622,0,0,0,-4582.6220000015355,0.3119999984646711,0.5671774768353528
0.001,437,79.39,54,108,13.034488866081402,0,0,0,-4448.585000001467,0.5199999985325121,0.5602280826799715
0.001,438,92.91,62,124,12.600075396599816,0,0,0,-4367.833000001512,0.7239999984876704,0.5514967925873129
0.001,439,43.99,19,76,12.080972642962154,0,0,0,-4473.083000001763,0.23399999823686812,0.5548823948681397
0.001,440,61.78,38,91,12.267501783166773,0,0,0,-4453.29600000142,0.39599999858000956,0.5589807555238774
0.001,441,66.58,38,99,13.441859990343596,0,0,0,-4412.002000001242,0.33699999875807407,0.5495367070563079
0.001,442,45.3,14,75,13.572398461583715,0,0,0,-4462.867000001597,0.17199999840249802,0.5591589451176051
0.001,443,47.34,24,67,8.97130982632971,0,0,0,-4486.023000001702,0.3109999982980298,0.5607626514611547
0.001,444,67.45,40,118,14.50887659331349,0,0,0,-4522.260000001962,0.7509999980384237,0.554704205274412
0.001,445,60.99,35,88,11.66318567116206,0,0,0,-4308.955000001807,0.5349999981926885,0.5413399857448326
0.001,446,84.69,49,123,14.419219812458648,0,0,0,-4647.158000001565,0.5499999984349415,0.5643264433357092
0.001,447,55.03,24,84,10.510428154932605,0,0,0,-4372.137000001585,0.272999998414889,0.5443692088382038
0.001,448,73.16,37,113,14.410218596537668,0,0,0,-4410.458000001648,0.45899999835273775,0.5555951532430506
0.001,449,72.24,40,105,12.962345466774135,0,0,0,-4371.2420000012835,0.35299999871676846,0.5623663578047042
0.001,450,60.42,20,85,11.355333548601733,0,0,0,-4470.241000001602,0.2519999983987873,0.5545260156806843
0.001,451,65.09,39,100,11.63107475687436,0,0,0,-4393.351000001562,0.4789999984377573,0.5523877405559515
0.001,452,49.04,21,77,11.232025640996373,0,0,0,-4624.445000001365,0.19899999863537232,0.5710976478973628
0.001,453,51.49,24,77,11.176309766644803,0,0,0,-4350.456000001396,0.2489999986037219,0.5531004989308624
0.001,454,66.94,34,103,12.567274963173203,0,0,0,-4512.243000001286,0.3149999987135743,0.5589807555238774
0.001,455,55.84,25,106,12.170225963391148,0,0,0,-4562.188000001387,0.22099999861256947,0.5662865288667142
0.001,456,60.94,31,96,11.789673447555703,0,0,0,-4494.923000001445,0.3099999985552131,0.5571988595866001
0.001,457,58.8,34,86,11.065260954898443,0,0,0,-4465.19700000188,0.633999998120089,0.559871703492516
0.001,458,64.01,27,99,14.215129264273326,0,0,0,-4343.617000001771,0.38399999822922837,0.5454383464005702
0.001,459,53.64,27,78,10.985007965404485,0,0,0,-4418.784000001483,0.3869999985172399,0.5415181753385603
0.001,460,46.98,28,66,9.240108224474431,0,0,0,-4466.025000001244,0.22799999875587673,0.556664290805417
0.001,461,65.75,36,103,12.987205242083455,0,0,0,-4502.926000001336,0.3499999986634066,0.56503920171062
0.001,462,67.62,38,107,13.12080790195482,0,0,0,-4503.208000001317,0.3939999986832845,0.5605844618674269
0.001,463,51.5,21,86,13.42348687934696,0,0,0,-4436.674000001547,0.22699999845281127,0.5506058446186742
0.001,464,51.12,27,77,10.667970753615704,0,0,0,-4300.351000001835,0.42399999816461786,0.5470420527441198
0.001,465,61.01,30,89,13.111441568340227,0,0,0,-4522.814000001451,0.3019999985490358,0.5582679971489665
0.001,466,67.61,39,94,10.578180372824052,0,0,0,-4415.931000001197,0.42399999880217365,0.5441910192444761
0.001,467,47.77,23,81,10.41043226768226,0,0,0,-4546.940000001503,0.22199999849726737,0.5636136849607983
0.001,468,54.46,32,89,10.860405148980401,0,0,0,-4409.146000001777,0.4799999982233203,0.5466856735566643
0.001,469,40.1,16,64,11.015897603009932,0,0,0,-4427.880000001788,0.19799999821225356,0.5532786885245902
0.001,470,73.7,35,124,15.747063218263905,0,0,0,-4417.1420000017315,0.468999998268373,0.5473984319315752
0.001,471,69.11,36,103,13.709044459771802,0,0,0,-4495.790000001882,0.62099999811835,0.5523877405559515
0.001,472,80.15,48,118,12.64308111181764,0,0,0,-4396.6030000016835,0.671999998316096,0.5564861012116893
0.001,473,83.46,51,119,13.910729671731819,0,0,0,-4385.406000001822,0.7329999981784567,0.5488239486813971
0.001,474,56.59,24,99,14.363909634914862,0,0,0,-4493.732000001582,0.24699999841868703,0.5591589451176051
0.001,475,61.82,28,101,14.83467559470041,0,0,0,-4483.34000000169,0.355999998309926,0.5591589451176051
0.001,476,44.49,23,72,11.111701039894838,0,0,0,-4376.166000001955,0.5349999980453504,0.5441910192444761
0.001,477,77.2,47,108,13.49592531099665,0,0,0,-4418.081000001575,0.6989999984243696,0.5557733428367784
0.001,478,48.21,23,76,11.341335900148623,0,0,0,-4405.62200000142,0.2289999985796385,0.5509622238061297
0.001,479,68.77,44,103,11.265748976432947,0,0,0,-4450.520000001196,0.3609999988038908,0.5554169636493229
0.001,480,54.76,28,88,11.327064933158987,0,0,0,-4499.813000001617,0.39399999838315125,0.5488239486813971
0.001,481,63.54,42,95,11.266250485409953,0,0,0,-4484.642000001417,0.40999999858286174,0.561831789023521
0.001,482,74.0,42,115,12.918204209564115,0,0,0,-4457.838000001405,0.5109999985952527,0.5596935138987883
0.001,483,82.37,51,124,13.951096731081755,0,0,0,-4326.537000001288,0.5049999987122646,0.5463292943692089
0.001,484,61.14,36,96,12.907377735233442,0,0,0,-4557.075000001648,0.470999998352454,0.5646828225231646
0.001,485,64.45,34,97,14.596831848041548,0,0,0,-4477.042000001391,0.3609999986092589,0.5554169636493229
0.001,486,87.0,56,124,14.758726232300672,0,0,0,-4340.022000001401,0.5599999985997783,0.5513186029935851
0.001,487,85.62,45,124,15.090911171960427,0,0,0,-4497.714000001492,0.518999998507752,0.5584461867426942
0.001,488,80.33,48,107,13.73612390742017,0,0,0,-4357.96800000133,0.4629999986691473,0.5484675694939416
0.001,489,76.2,42,120,14.772271321635005,0,0,0,-4333.149000001824,0.6809999981760484,0.5502494654312188
0.001,490,66.71,37,95,11.264364163147425,0,0,0,-4454.63800000149,0.4039999985106988,0.554704205274412
0.001,491,46.03,20,78,11.144016331646323,0,0,0,-4520.387000001312,0.17399999868757732,0.5584461867426942
0.001,492,66.55,22,101,13.943726187787826,0,0,0,-4400.896000001362,0.21099999863781704,0.5580898075552387
0.001,493,57.99,31,96,14.424628244776363,0,0,0,-4474.139000001736,0.3819999982633817,0.5593371347113328
0.001,494,60.26,24,91,13.434001637635749,0,0,0,-4412.502000001641,0.31099999835896597,0.5511404133998574
0.001,495,68.09,30,97,12.374243411215089,0,0,0,-4403.240000001423,0.3079999985766335,0.5541696364932288
0.001,496,61.18,38,89,10.096910418538931,0,0,0,-4469.93700000181,0.5129999981900255,0.5548823948681397
0.001,497,63.92,33,96,12.03052783546923,0,0,0,-4460.813000001441,0.3569999985593313,0.5555951532430506
0.001,498,52.92,17,80,11.919463075155692,0,0,0,-4474.1100000015,0.20299999849976302,0.5559515324305061
0.001,499,51.75,21,102,12.165011302912957,0,0,0,-4586.557000001728,0.2619999982725858,0.5636136849607983
0.01,0,21.87,6,52,9.336653576094596,0,0,0,-4717.769999999957,0.7100000000427826,0.5525659301496793
0.01,1,13.11,0,35,6.808663598680728,1,1,1,-4922.010000000071,-7.09405867382884e-11,0.5673556664290805
0.01,2,14.41,0,33,7.3540397061751035,1,1,1,-4713.930000000154,-1.5370460459962487e-10,0.5434782608695652
0.01,3,26.71,4,46,8.871634573177595,0,0,0,-4697.6399999999585,0.31000000004132744,0.5600498930862438
0.01,4,19.73,3,41,8.269044684847216,0,0,0,-4785.829999999979,0.47000000002117304,0.5568424803991446
0.01,5,5.28,0,20,4.368249077147502,19,19,19,-4858.730000000011,-1.1823431123048067e-11,0.5577334283677833
0.01,6,21.65,6,43,8.353891308845238,0,0,0,-4723.920000000092,0.6599999999079955,0.5491803278688525
0.01,7,17.13,0,42,8.531887247262473,2,2,2,-4642.220000000149,-1.4915713109076023e-10,0.5491803278688525
0.01,8,21.44,6,53,8.263558555489276,0,0,0,-4814.450000000171,0.6899999998295243,0.559871703492516
0.01,9,24.47,8,48,8.542195268196577,0,0,0,-4564.6200000001945,0.8099999998057683,0.5457947255880257
0.01,10,31.27,10,69,10.349739127147119,0,0,0,-4689.190000000167,0.929999999832944,0.5514967925873129
0.01,11,18.19,3,35,7.189847008108032,0,0,0,-4691.900000000218,0.3799999997818304,0.5450819672131147
0.01,12,20.31,4,53,8.895723691752123,0,0,0,-4732.19000000015,0.5199999998503699,0.5543478260869565
0.01,13,27.56,7,54,10.489346976814142,0,0,0,-4704.8899999999885,0.7300000000113869,0.5523877405559515
0.01,14,12.88,0,28,6.120914964284343,1,1,1,-4877.260000000096,-9.549694368615746e-11,0.5564861012116893
0.01,15,42.46,14,71,12.356714773757625,0,0,0,-4634.200000000239,1.309999999761203,0.5541696364932288
0.01,16,18.36,3,35,6.805174501803757,0,0,0,-4611.300000000273,0.3099999997266423,0.546863863150392
0.01,17,15.83,3,34,7.545932679265036,0,0,0,-4738.750000000137,0.3399999998628118,0.5591589451176051
0.01,18,18.94,0,51,8.816824825298504,1,1,1,-4666.170000000107,-1.0732037480920553e-10,0.5495367070563079
0.01,19,10.79,0,29,6.066786628850564,4,4,4,-4799.720000000076,-7.548806024715304e-11,0.5545260156806843
0.01,20,24.23,3,49,9.110274419577053,0,0,0,-4861.320000000044,0.44999999995616236,0.5648610121168923
0.01,21,26.51,7,55,10.292225221010275,0,0,0,-4670.810000000186,0.8299999998143903,0.5450819672131147
0.01,22,33.47,6,61,10.588158480113528,0,0,0,-4706.439999999905,0.5600000000949876,0.5595153243050606
0.01,23,9.87,0,28,5.4692869736374226,4,4,4,-4860.880000000059,-5.911715561524034e-11,0.5580898075552387
0.01,24,20.53,0,48,8.489352154316606,1,1,1,-4872.799999999958,4.18367562815547e-11,0.5630791161796151
0.01,25,30.31,8,55,9.085917675171837,0,0,0,-4801.770000000039,0.7799999999615466,0.5627227369921597
0.01,26,12.42,0,30,5.906233994687308,3,3,3,-4762.400000000214,-2.1464074961841106e-10,0.554704205274412
0.01,27,32.13,8,68,10.680500924582143,0,0,0,-4857.329999999863,0.6500000001369699,0.5641482537419815
0.01,28,21.42,6,40,8.139017139679705,0,0,0,-4653.910000000196,0.61999999980344,0.5575552387740556
0.01,29,36.74,13,67,10.883583968528015,0,0,0,-4556.430000000259,1.1699999997417763,0.5550605844618675
0.01,30,35.55,14,61,11.388920054157902,0,0,0,-4718.630000000167,1.229999999833126,0.5614754098360656
0.01,31,40.66,11,70,11.949242653825388,0,0,0,-4629.500000000119,1.0199999998812928,0.5506058446186742
0.01,32,20.26,0,45,9.15381887520176,1,1,1,-4794.790000000024,-2.3646862246096134e-11,0.5539914468995011
0.01,33,44.34,19,80,11.60363736075891,0,0,0,-4647.060000000028,1.869999999972606,0.5486457590876693
0.01,34,39.49,14,77,13.581233375507543,0,0,0,-4635.360000000242,0.9599999997581108,0.5498930862437633
0.01,35,16.43,3,45,8.083631609617052,0,0,0,-4960.060000000022,0.4599999999782085,0.571632216678546
0.01,36,32.21,10,64,10.621012192818537,0,0,0,-4719.010000000028,0.8599999999714782,0.5545260156806843
0.01,37,17.13,0,33,7.069165438720472,1,1,1,-4832.74000000009,-9.00399754755199e-11,0.5605844618674269
0.01,38,31.34,6,54,10.48925164156147,0,0,0,-4641.890000000043,0.5099999999565625,0.5602280826799715
0.01,39,36.81,12,71,10.640202065750442,0,0,0,-4575.660000000117,1.1899999998831845,0.547576621525303
0.01,40,44.0,14,75,12.638037822383662,0,0,0,-4554.41000000014,1.2399999998597195,0.550071275837491
0.01,41,19.56,3,42,7.486414362029395,0,0,0,-4787.540000000086,0.5099999999138163,0.5577334283677833
0.01,42,20.2,6,37,7.379701890998037,0,0,0,-4890.639999999808,0.7800000001916487,0.5646828225231646
0.01,43,24.75,3,48,9.492497037134118,0,0,0,-4693.460000000273,0.25999999972736987,0.552744119743407
0.01,44,35.46,13,70,11.099927927693946,0,0,0,-4604.67000000022,1.349999999780266,0.5465074839629366
0.01,45,27.6,4,53,8.883692925805125,0,0,0,-4678.060000000186,0.5799999998143903,0.544903777619387
0.01,46,20.25,3,48,8.496322733983215,0,0,0,-4691.5600000001905,0.4999999998099156,0.5506058446186742
0.01,47,33.25,10,62,10.33477140530936,0,0,0,-4756.230000000036,1.0399999999644933,0.5564861012116893
0.01,48,24.61,0,54,10.326562835716443,1,1,1,-4676.290000000228,-2.28283170145005e-10,0.5539914468995011
0.01,49,15.59,0,38,7.758988336117022,1,1,1,-4659.760000000168,-1.673470251262188e-10,0.5484675694939416
0.01,50,26.89,3,52,9.983882010520757,0,0,0,-4667.680000000038,0.4099999999625652,0.5525659301496793
0.01,51,29.29,12,71,10.275499987835142,0,0,0,-4732.329999999971,1.2500000000291038,0.5621881682109765
0.01,52,1.76,0,11,2.4294855422496346,60,60,60,-5009.090000000191,-1.9099388737231493e-10,0.5582679971489665
0.01,53,35.45,15,61,9.38229716007759,0,0,0,-4700.130000000084,1.7699999999158536,0.5506058446186742
0.01,54,21.86,3,44,8.898336923268301,0,0,0,-4816.960000000176,0.43999999982406734,0.5602280826799715
0.01,55,32.63,7,58,10.921222459047339,0,0,0,-4618.549999999882,0.5400000001181979,0.550784034212402
0.01,56,15.94,0,37,8.154532482000425,2,2,2,-4823.440000000113,-1.1368683772161603e-10,0.5600498930862438
0.01,57,1.7,0,12,2.666458325194677,64,64,64,-4947.2100000000155,-1.546140993013978e-11,0.5418745545260156
0.01,58,38.15,7,71,12.273854325353549,0,0,0,-4648.260000000265,0.6199999997352279,0.561831789023521
0.01,59,30.06,7,52,9.119013104497657,0,0,0,-4527.950000000137,0.5299999998624116,0.5418745545260156
0.01,60,36.78,7,68,11.093764014075655,0,0,0,-4754.100000000093,0.6899999999068314,0.5497148966500356
0.01,61,16.32,0,33,6.570966443378021,1,1,1,-4740.300000000079,-7.912603905424476e-11,0.5548823948681397
0.01,62,20.21,4,39,7.583264468551786,0,0,0,-4820.600000000119,0.6399999998811836,0.5564861012116893
0.01,63,22.04,0,60,11.115682615116357,1,1,1,-4762.980000000047,-4.729372449219227e-11,0.5543478260869565
0.01,64,10.46,0,30,6.301460148251356,6,6,6,-4843.420000000016,-1.6370904631912708e-11,0.5470420527441198
0.01,65,32.69,5,61,10.891919022835232,0,0,0,-4700.590000000052,1.1099999999478314,0.5555951532430506
0.01,66,23.14,4,48,9.195672895443813,0,0,0,-4663.539999999997,0.47000000000298314,0.550784034212402
0.01,67,13.95,0,32,7.1977427017086395,2,2,2,-4737.8600000001325,-1.3278622645884752e-10,0.5563079116179616
0.01,68,19.44,6,41,7.0004571279310035,0,0,0,-4625.920000000241,0.6699999997590567,0.5450819672131147
0.01,69,30.81,8,55,9.432597733392429,0,0,0,-4712.640000000124,0.9199999998763815,0.5573770491803278
0.01,70,24.81,3,50,8.971839276313414,0,0,0,-4757.49000000013,0.35999999987052433,0.5506058446186742
0.01,71,17.08,0,35,7.849433100549364,1,1,1,-4716.120000000151,-1.509761204943061e-10,0.5513186029935851
0.01,72,22.39,6,39,8.539197854599692,0,0,0,-4564.460000000265,0.7199999997355917,0.5408054169636494
0.01,73,18.8,3,38,8.28854631404084,0,0,0,-4734.529999999947,0.31000000005315087,0.5607626514611547
0.01,74,15.98,0,31,7.34299666348828,4,4,4,-4723.7700000001205,-1.2005330063402653e-10,0.5416963649322879
0.01,75,36.98,13,71,11.508240525814534,0,0,0,-4576.740000000352,1.40999999964788,0.5481111903064861
0.01,76,43.16,18,71,10.913038073790451,0,0,0,-4578.430000000216,1.8099999997839404,0.5436564504632929
0.01,77,11.95,0,34,6.287089946867311,2,2,2,-4872.910000000038,-3.8198777474462986e-11,0.5623663578047042
0.01,78,18.67,0,41,7.739580091968815,1,1,1,-4848.62000000023,-2.3010215954855084e-10,0.5678902352102637
0.01,79,34.4,11,68,10.71820880557941,0,0,0,-4765.610000000057,1.129999999942811,0.5621881682109765
0.01,80,30.28,11,60,9.159781656786366,0,0,0,-4835.020000000086,1.0199999999140346,0.5575552387740556
0.01,81,34.62,7,66,12.077069180889874,0,0,0,-4659.0300000001625,0.7299999998376734,0.5607626514611547
0.01,82,22.61,4,66,9.975865877205848,0,0,0,-4732.990000000234,0.6999999997651685,0.5506058446186742
0.01,83,17.12,0,49,8.437155918910115,1,1,1,-4712.96000000011,-1.1004885891452432e-10,0.5516749821810406
0.01,84,37.25,13,63,11.564925421290013,0,0,0,-4650.5700000000525,1.2499999999472493,0.5509622238061297
0.01,85,15.31,0,48,8.95398793834345,2,2,2,-4798.400000000142,-1.4279066817834973e-10,0.5573770491803278
0.01,86,17.66,3,41,7.933750689302002,0,0,0,-4703.870000000212,0.3199999997877967,0.5582679971489665
0.01,87,22.2,6,49,10.493807697875924,0,0,0,-4804.470000000034,0.8799999999664578,0.5621881682109765
0.01,88,23.72,6,53,8.508912974052562,0,0,0,-4754.399999999873,0.4800000001268927,0.5596935138987883
0.01,89,28.43,5,54,9.374705328702337,0,0,0,-4758.260000000067,0.379999999933716,0.5584461867426942
0.01,90,31.9,8,60,11.226308386998818,0,0,0,-4686.1400000000995,0.7099999999009015,0.5573770491803278
0.01,91,22.63,3,51,8.107595204498063,0,0,0,-4878.830000000014,0.4499999999861757,0.5641482537419815
0.01,92,29.87,0,51,10.396783156342158,1,1,1,-4604.089999999925,7.548806024715304e-11,0.5481111903064861
0.01,93,27.51,9,50,8.532871732306774,0,0,0,-4806.46999999982,0.9300000001794615,0.561831789023521
0.01,94,26.08,9,47,8.894582620899083,0,0,0,-4770.740000000056,1.0299999999442662,0.5621881682109765
0.01,95,19.15,3,40,7.837569776403908,0,0,0,-4768.509999999973,0.22000000002663,0.5538132573057734
0.01,96,20.05,3,37,7.8884409105982405,0,0,0,-4864.020000000056,0.42999999994390237,0.5648610121168923
0.01,97,24.06,7,49,9.600854128670012,0,0,0,-4787.219999999962,0.6600000000380533,0.5709194583036351
0.01,98,34.29,10,58,10.007292341088071,0,0,0,-4642.190000000131,0.7199999998692874,0.5620099786172488
0.01,99,27.35,6,55,11.237771131323148,0,0,0,-4739.100000000014,0.45999999998639396,0.5671774768353528
0.01,100,27.53,9,49,8.370728761583425,0,0,0,-4637.990000000223,1.1099999997777559,0.5434782608695652
0.01,101,20.89,3,37,7.967301927252412,0,0,0,-4809.310000000181,0.2899999998189742,0.5609408410548824
0.01,102,40.12,15,69,11.53020381433043,0,0,0,-4624.320000000154,1.4499999998461135,0.5609408410548824
0.01,103,21.69,3,51,9.061672031143038,0,0,0,-4684.550000000128,0.2599999998719795,0.550071275837491
0.01,104,22.51,3,52,8.901117907319282,0,0,0,-4770.830000000106,0.4999999998935891,0.550071275837491
0.01,105,29.54,3,56,10.125630844544947,0,0,0,-4740.720000000081,0.3399999999192005,0.5616535994297933
0.01,106,28.15,6,65,10.852073534583148,0,0,0,-4735.480000000283,0.869999999717038,0.5600498930862438
0.01,107,26.65,6,54,9.494603730540838,0,0,0,-4699.02999999995,0.5800000000499494,0.5552387740555952
0.01,108,19.93,3,36,7.654090409709047,0,0,0,-4719.29000000026,0.4599999997399209,0.5518531717747683
0.01,109,5.2,0,19,4.149698784249286,18,18,18,-4930.0600000001505,-1.5006662579253316e-10,0.552744119743407
0.01,110,50.3,20,90,12.332477447779906,0,0,0,-4484.570000000382,1.8899999996183396,0.5443692088382038
0.01,111,27.54,9,48,8.717132556064522,0,0,0,-4572.840000000281,0.8099999997184568,0.5497148966500356
0.01,112,36.09,11,68,11.233071708130415,0,0,0,-4580.87000000015,0.8499999998502972,0.5506058446186742
0.01,113,17.93,4,43,6.986064700530622,0,0,0,-4772.760000000155,0.42999999984476744,0.5484675694939416
0.01,114,20.98,3,47,9.049839777587225,0,0,0,-4870.809999999959,0.30000000004110916,0.5689593727726301
0.01,115,35.64,6,74,11.329183553990111,0,0,0,-4770.27000000006,0.6199999999407737,0.5671774768353528
0.01,116,33.94,4,68,12.191652882197722,0,0,0,-4519.080000000047,0.45999999995274266,0.5445473984319316
0.01,117,15.18,0,42,8.466853016321943,2,2,2,-4853.179999999946,5.4569682106375694e-11,0.5514967925873129
0.01,118,34.19,8,70,10.835769469677729,0,0,0,-4642.459999999962,0.7000000000380169,0.5582679971489665
0.01,119,18.07,3,45,7.587166796637597,0,0,0,-4788.490000000043,0.3799999999564534,0.5573770491803278
0.01,120,18.27,0,56,9.057433411292628,1,1,1,-4795.640000000013,-1.2732925824820995e-11,0.5514967925873129
0.01,121,8.55,0,40,6.538157232737677,14,14,14,-5007.420000000066,-6.548361852765083e-11,0.5627227369921597
0.01,122,14.79,3,39,7.265390560733813,0,0,0,-4725.050000000179,0.33999999982097506,0.5509622238061297
0.01,123,37.96,6,66,11.006289111230906,0,0,0,-4638.560000000249,0.6299999997509076,0.5575552387740556
0.01,124,28.67,3,50,10.289854226372693,0,0,0,-4495.890000000304,0.3899999996956467,0.5359942979330007
0.01,125,32.73,12,58,9.82227570372569,0,0,0,-4662.740000000187,1.3899999998129715,0.5573770491803278
0.01,126,15.13,0,33,6.956514932061887,3,3,3,-4929.38000000007,-7.003109203651547e-11,0.5611190306486101
0.01,127,28.92,6,53,9.745439959283521,0,0,0,-4818.309999999989,0.45000000001164153,0.5584461867426942
0.01,128,21.48,3,44,8.81757336232594,0,0,0,-4829.6800000001,0.3999999998995918,0.5612972202423379
0.01,129,23.33,6,55,9.112688955516916,0,0,0,-4677.910000000064,0.5299999999351712,0.5636136849607983
0.01,130,15.71,3,37,7.9464394542461605,0,0,0,-4683.830000000102,0.37999999989824573,0.5504276550249465
0.01,131,27.21,8,48,8.984759317867118,0,0,0,-4617.830000000186,0.5499999998137355,0.5529223093371347
0.01,132,24.73,7,48,9.79168524820932,0,0,0,-4643.140000000141,0.9099999998588828,0.5452601568068425
0.01,133,9.34,0,24,5.779653968880836,10,10,10,-4816.2400000001035,-1.0368239600211382e-10,0.5531004989308624
0.01,134,21.62,4,41,7.811248299727771,0,0,0,-4631.650000000241,0.3899999997593113,0.5406272273699216
0.01,135,26.01,6,53,9.506308431773084,0,0,0,-4775.040000000099,0.8099999999012653,0.5604062722736992
0.01,136,32.27,12,69,11.62140697161923,0,0,0,-4745.010000000069,1.17999999993026,0.556664290805417
0.01,137,19.57,3,40,7.3881729811909524,0,0,0,-4731.450000000084,0.42999999991570803,0.5525659301496793
0.01,138,10.47,0,23,6.2649102148394755,9,9,9,-4962.1900000001015,-1.0186340659856796e-10,0.5611190306486101
0.01,139,23.16,3,41,8.489664304317339,0,0,0,-4808.560000000219,0.4399999997813211,0.567712045616536
0.01,140,28.18,9,51,8.62714321197927,0,0,0,-4689.980000000101,1.1999999998988642,0.5571988595866001
0.01,141,22.21,3,47,8.338219234344946,0,0,0,-4737.920000000065,0.4299999999357169,0.5584461867426942
0.01,142,24.12,9,50,9.24259703762963,0,0,0,-4687.380000000054,0.8399999999464853,0.5568424803991446
0.01,143,13.95,0,38,7.761926307302847,4,4,4,-4798.63000000021,-2.1009327610954642e-10,0.5481111903064861
0.01,144,7.61,0,29,5.772165971279759,14,14,14,-4869.4800000000605,-6.093614501878619e-11,0.5548823948681397
0.01,145,33.62,16,58,8.55544271209854,0,0,0,-4664.230000000231,1.6299999997690975,0.5637918745545261
0.01,146,19.35,0,48,9.634702901491046,1,1,1,-4907.229999999962,3.728928277269006e-11,0.5639700641482538
0.01,147,30.16,5,53,9.201869375295436,0,0,0,-4714.81000000016,0.4099999998406929,0.5591589451176051
0.01,148,16.87,3,37,7.724836567850481,0,0,0,-4789.79000000006,0.3299999999399006,0.556664290805417
0.01,149,7.88,0,26,5.227389405812428,8,8,8,-4804.889999999994,6.366462912410498e-12,0.5550605844618675
0.01,150,20.5,6,47,8.224962005991275,0,0,0,-4827.570000000101,0.7099999998990825,0.5612972202423379
0.01,151,14.59,0,32,6.934111334554703,1,1,1,-4826.180000000036,-3.54702933691442e-11,0.5550605844618675
0.01,152,38.36,14,73,12.490412323058035,0,0,0,-4509.6100000002,1.1999999998006388,0.5520313613684961
0.01,153,15.57,0,38,8.109568422548762,2,2,2,-4819.940000000205,-2.0554580260068178e-10,0.5541696364932288
0.01,154,30.22,8,71,11.809809481951858,0,0,0,-4591.560000000333,0.7599999996664337,0.546863863150392
0.01,155,18.47,3,35,7.511930510860706,0,0,0,-4823.500000000175,0.3999999998250132,0.5563079116179616
0.01,156,29.05,3,53,9.882686881612713,0,0,0,-4668.120000000179,0.3699999998207204,0.5504276550249465
0.01,157,33.6,12,66,11.050791826833043,0,0,0,-4746.100000000044,1.2899999999563079,0.5518531717747683
0.01,158,27.04,6,59,9.96887155098309,0,0,0,-4714.700000000174,0.8799999998254862,0.5559515324305061
0.01,159,35.62,12,64,10.816450434407768,0,0,0,-4660.070000000152,0.8899999998484418,0.5538132573057734
0.01,160,24.62,5,57,10.499314263322152,0,0,0,-4727.130000000278,0.4999999997216946,0.5534568781183179
0.01,161,21.64,3,41,8.36961169947567,0,0,0,-4720.220000000028,0.3399999999719512,0.552744119743407
0.01,162,29.42,4,52,10.394402339721127,0,0,0,-4560.620000000194,0.32999999980620487,0.5548823948681397
0.01,163,32.1,13,56,9.343982020530648,0,0,0,-4717.009999999958,1.3100000000413274,0.5522095509622238
0.01,164,26.3,7,55,9.82089608946149,0,0,0,-4891.799999999899,1.0500000001011358,0.5600498930862438
0.01,165,23.72,3,46,9.24238064569946,0,0,0,-4728.6900000001815,0.34999999981846486,0.5645046329294369
0.01,166,33.44,15,72,10.187561042761903,0,0,0,-4571.050000000217,1.309999999783031,0.5538132573057734
0.01,167,32.95,13,66,9.855328507969686,0,0,0,-4549.180000000193,1.189999999806787,0.5425873129009265
0.01,168,38.27,17,75,10.714340857000957,0,0,0,-4596.000000000171,1.7899999998289786,0.5502494654312188
0.01,169,11.07,0,34,6.4113259159085025,4,4,4,-4766.630000000339,-3.3924152376130223e-10,0.5532786885245902
0.01,170,31.7,8,57,9.486305919587455,0,0,0,-4688.180000000148,0.8999999998522981,0.550784034212402
0.01,171,24.94,6,49,9.276658881299882,0,0,0,-4788.829999999915,0.6100000000842556,0.5543478260869565
0.01,172,27.9,11,49,7.679192665899196,0,0,0,-4676.370000000081,0.929999999919346,0.554704205274412
0.01,173,31.83,11,50,9.635408657654327,0,0,0,-4557.650000000084,0.7699999999158536,0.5427655024946543
0.01,174,35.44,13,60,9.913949767877583,0,0,0,-4635.780000000061,1.0099999999392821,0.5541696364932288
0.01,175,32.23,12,64,10.722737523599092,0,0,0,-4721.330000000154,1.5099999998465137,0.5518531717747683
0.01,176,25.4,4,48,10.114346246792227,0,0,0,-4840.120000000022,0.38999999997849955,0.5636136849607983
0.01,177,31.42,9,65,10.999254520193631,0,0,0,-4685.500000000138,1.199999999861575,0.5584461867426942
0.01,178,34.48,13,62,11.501721610263395,0,0,0,-4749.990000000162,1.4199999998381827,0.5605844618674269
0.01,179,21.1,6,55,8.810788840960836,0,0,0,-4842.179999999982,0.8700000000180808,0.5559515324305061
0.01,180,32.02,3,64,10.796277136124285,0,0,0,-4695.520000000189,0.27999999981147994,0.5609408410548824
0.01,181,35.88,14,60,10.811364391232035,0,0,0,-4747.660000000077,1.5499999999228748,0.5596935138987883
0.01,182,23.81,6,49,9.58717372326172,0,0,0,-4738.030000000098,0.709999999901811,0.5539914468995011
0.01,183,14.67,3,44,6.782411075716363,0,0,0,-4782.350000000181,0.29999999981828296,0.5646828225231646
0.01,184,41.1,18,69,11.631422956801115,0,0,0,-4624.890000000324,1.6899999996758197,0.5536350677120456
0.01,185,26.46,4,55,9.798387622461156,0,0,0,-4772.660000000124,0.32999999987623596,0.562544547398432
0.01,186,20.1,0,43,9.355746896961247,1,1,1,-4711.690000000295,-2.955857780762017e-10,0.5555951532430506
0.01,187,3.56,0,13,3.3802958450407856,37,37,37,-5079.999999999941,5.911715561524034e-11,0.550784034212402
0.01,188,25.79,5,57,9.249102659177268,0,0,0,-4791.429999999918,0.2500000000818545,0.5545260156806843
0.01,189,22.41,9,44,7.387956415680861,0,0,0,-4832.0499999999565,1.0700000000433647,0.5548823948681397
0.01,190,20.95,6,43,9.20801281493461,0,0,0,-4598.190000000025,0.6599999999752981,0.5491803278688525
0.01,191,32.1,7,57,10.804165863221463,0,0,0,-4640.200000000193,0.7699999998076237,0.550784034212402
0.01,192,26.08,6,45,8.699057420203639,0,0,0,-4484.560000000214,0.6299999997854684,0.5375980042765502
0.01,193,39.22,16,69,11.709466255982807,0,0,0,-4636.470000000189,1.3499999998102794,0.5495367070563079
0.01,194,32.46,12,57,9.401510516932904,0,0,0,-4789.1799999998975,0.9900000001025546,0.5634354953670706
0.01,195,21.95,6,41,8.445560964198885,0,0,0,-4750.470000000136,0.739999999864267,0.5602280826799715
0.01,196,31.71,9,60,10.650159623216922,0,0,0,-4688.500000000033,0.7199999999675128,0.5477548111190307
0.01,197,29.42,10,56,10.524428725588862,0,0,0,-4662.250000000228,0.9499999997715349,0.5504276550249465
0.01,198,27.52,10,52,8.819841268412942,0,0,0,-4812.7699999999795,1.2700000000204454,0.5675338560228083
0.01,199,22.12,0,40,7.74503712063409,1,1,1,-4835.4499999999625,3.728928277269006e-11,0.5538132573057734
0.01,200,29.34,9,56,10.222739358899844,0,0,0,-4763.100000000155,0.7499999998453859,0.5593371347113328
0.01,201,20.86,4,41,7.886723020367839,0,0,0,-4718.3499999999985,0.4500000000016371,0.5541696364932288
0.01,202,27.17,4,57,10.837947222606319,0,0,0,-4775.559999999942,0.35000000005766196,0.5614754098360656
0.01,203,18.96,3,47,8.474573735592841,0,0,0,-4839.550000000102,0.3599999998978092,0.5609408410548824
0.01,204,20.72,6,44,8.802363319018365,0,0,0,-4871.210000000177,0.6299999998227577,0.5604062722736992
0.01,205,41.13,18,72,10.904728332241937,0,0,0,-4614.790000000147,1.3899999998529893,0.5561297220242338
0.01,206,22.78,5,53,10.092155369394588,0,0,0,-4682.520000000173,0.5199999998267231,0.5545260156806843
0.01,207,14.71,0,38,7.382811117724738,3,3,3,-4843.259999999941,5.911715561524034e-11,0.5680684248039914
0.01,208,19.16,0,42,8.373434181982923,1,1,1,-4720.61000000023,-2.3010215954855084e-10,0.5639700641482538
0.01,209,21.8,3,46,9.844795579391175,0,0,0,-4741.500000000002,0.31999999999789,0.556664290805417
0.01,210,31.03,9,62,10.724229576058134,0,0,0,-4721.500000000034,0.5999999999667125,0.5653955808980755
0.01,211,23.02,5,50,8.806792832808094,0,0,0,-4683.320000000084,0.32999999991534423,0.5552387740555952
0.01,212,32.7,8,69,11.25299960010663,0,0,0,-4777.040000000072,0.5999999999285137,0.562544547398432
0.01,213,28.98,9,63,9.594769408380797,0,0,0,-4670.130000000139,0.8399999998609928,0.5564861012116893
0.01,214,29.65,5,69,11.446724422296537,0,0,0,-4834.92000000023,0.5699999997696068,0.5568424803991446
0.01,215,25.9,7,48,9.257969539807311,0,0,0,-4776.129999999956,0.7300000000432192,0.5529223093371347
0.01,216,15.17,0,38,7.685121989923126,3,3,3,-4837.8600000002,-2.000888343900442e-10,0.5552387740555952
0.01,217,26.32,0,47,9.061876185426502,1,1,1,-4592.410000000074,-7.457856554538012e-11,0.5477548111190307
0.01,218,23.62,9,47,8.27620686063368,0,0,0,-4709.500000000051,1.1299999999491774,0.5520313613684961
0.01,219,35.93,13,68,11.677546831419688,0,0,0,-4799.299999999981,1.1500000000187356,0.562544547398432
0.01,220,27.14,6,57,9.87625435071414,0,0,0,-4666.600000000048,0.5999999999521606,0.5577334283677833
0.01,221,28.76,0,56,9.57404825557089,1,1,1,-4639.940000000133,-1.3369572116062045e-10,0.5538132573057734
0.01,222,10.44,0,30,5.972135296525021,4,4,4,-4954.50000000004,-4.001776687800884e-11,0.5648610121168923
0.01,223,41.65,18,67,10.913638256786781,0,0,0,-4655.860000000251,1.5999999997493433,0.5557733428367784
0.01,224,23.3,3,56,9.81885940422817,0,0,0,-4664.640000000133,0.30999999986670446,0.5588025659301497
0.01,225,29.96,9,51,9.410547274202495,0,0,0,-4733.189999999927,0.9700000000730142,0.5575552387740556
0.01,226,34.14,16,60,10.51857404784508,0,0,0,-4572.710000000075,1.289999999925385,0.5531004989308624
0.01,227,26.91,6,65,10.262645857672377,0,0,0,-4808.500000000139,0.8499999998612111,0.5609408410548824
0.01,228,12.34,3,35,5.512204640613408,0,0,0,-4820.490000000021,0.38999999997940904,0.5661083392729864
0.01,229,21.82,3,50,9.701937950739532,0,0,0,-4721.160000000165,0.34999999983483576,0.5491803278688525
0.01,230,22.4,3,49,9.279008567729637,0,0,0,-4733.810000000071,0.2699999999285865,0.5573770491803278
0.01,231,29.74,5,59,11.640979340244531,0,0,0,-4629.100000000255,0.5899999997445775,0.5381325730577334
0.01,232,9.86,0,25,5.630310826233308,5,5,5,-4779.010000000001,-9.094947017729282e-13,0.5602280826799715
0.01,233,25.95,0,55,9.908960591303206,1,1,1,-4703.18000000013,-1.3005774235352874e-10,0.5511404133998574
0.01,234,7.34,0,23,5.263496936448239,14,14,14,-4782.3700000001445,-1.446096575818956e-10,0.5463292943692089
0.01,235,29.01,6,60,9.106585529165145,0,0,0,-4666.310000000025,0.45999999997548,0.5531004989308624
0.01,236,13.54,0,38,7.967960843277281,8,8,8,-4733.690000000114,-1.1459633242338896e-10,0.5568424803991446
0.01,237,20.17,3,44,8.074719809380385,0,0,0,-4792.8100000001405,0.43999999985953764,0.5514967925873129
0.01,238,23.62,6,53,8.781548838331425,0,0,0,-4704.000000000091,0.6799999999093416,0.5525659301496793
0.01,239,31.6,13,59,9.584362263604188,0,0,0,-4625.500000000149,1.2699999998512794,0.5466856735566643
0.01,240,15.61,0,35,7.093511119325886,2,2,2,-4820.5699999999715,2.8194335754960775e-11,0.5525659301496793
0.01,241,21.04,6,43,7.716113011095678,0,0,0,-4759.150000000072,0.6299999999273496,0.5564861012116893
0.01,242,21.72,0,50,9.831663134993997,1,1,1,-4796.979999999968,3.183231456205249e-11,0.5561297220242338
0.01,243,25.5,3,50,8.057915363169311,0,0,0,-4671.510000000119,0.3999999998804924,0.5516749821810406
0.01,244,25.08,6,67,10.310848655663607,0,0,0,-4727.5200000001605,0.7599999998392377,0.5561297220242338
0.01,245,43.85,20,75,10.82346986876205,0,0,0,-4719.020000000038,1.899999999962347,0.5570206699928724
0.01,246,26.03,0,49,9.527281878899144,1,1,1,-4721.810000000199,-1.9826984498649836e-10,0.5573770491803278
0.01,247,30.0,9,59,10.781465577554844,0,0,0,-4608.890000000206,0.9999999997944542,0.5595153243050606
0.01,248,15.34,0,36,7.109458488520768,3,3,3,-4763.640000000304,-3.0377123039215803e-10,0.5506058446186742
0.01,249,37.86,14,59,9.883339516580415,0,0,0,-4597.600000000136,1.0999999998639396,0.5482893799002139
0.01,250,15.98,0,37,7.5378776853966,1,1,1,-4808.7800000000525,-5.275069270282984e-11,0.5550605844618675
0.01,251,21.66,0,49,9.614801089986209,1,1,1,-4798.879999999988,1.1823431123048067e-11,0.5602280826799715
0.01,252,21.2,3,43,9.05869747811461,0,0,0,-4843.6599999998625,0.4000000001378794,0.5630791161796151
0.01,253,19.62,3,41,7.684764147324237,0,0,0,-4851.239999999912,0.4000000000887667,0.5616535994297933
0.01,254,27.74,6,56,10.563730401709426,0,0,0,-4603.0200000000705,0.5699999999296779,0.544903777619387
0.01,255,21.58,4,45,8.206314641786532,0,0,0,-4653.950000000221,0.4899999997787745,0.5575552387740556
0.01,256,27.58,8,62,11.430817993477106,0,0,0,-4772.27000000003,0.6999999999698048,0.5646828225231646
0.01,257,26.82,10,51,8.140491385659713,0,0,0,-4638.080000000219,1.0999999997811756,0.5548823948681397
0.01,258,26.31,6,52,8.807604668693982,0,0,0,-4628.630000000275,0.959999999725369,0.5506058446186742
0.01,259,23.8,3,45,8.835157044444655,0,0,0,-4632.020000000188,0.4099999998124986,0.550071275837491
0.01,260,23.45,6,46,8.311889075294497,0,0,0,-4807.989999999943,0.5200000000568252,0.5577334283677833
0.01,261,26.16,9,49,9.252804980112787,0,0,0,-4685.6200000000545,0.8699999999453212,0.5545260156806843
0.01,262,23.29,3,55,8.925575611690263,0,0,0,-4802.010000000208,0.4099999997924897,0.5611190306486101
0.01,263,33.03,10,66,11.242290691847458,0,0,0,-4829.659999999912,0.930000000088512,0.5671774768353528
0.01,264,21.49,3,44,8.350443102015605,0,0,0,-4666.110000000193,0.2599999998064959,0.5520313613684961
0.01,265,23.43,0,45,9.9942533488,1,1,1,-4584.430000000199,-1.9826984498649836e-10,0.5497148966500356
0.01,266,16.7,3,49,8.060397012554656,0,0,0,-4909.650000000126,0.3799999998736894,0.5641482537419815
0.01,267,25.43,3,54,9.34799978605049,0,0,0,-4658.0500000001575,0.2599999998428757,0.5523877405559515
0.01,268,30.57,11,62,10.1520983052766,0,0,0,-4661.880000000181,1.2499999998190106,0.5532786885245902
0.01,269,26.71,10,52,9.393928890512212,0,0,0,-4628.680000000061,0.49999999993906385,0.5534568781183179
0.01,270,28.92,5,56,9.285127893572604,0,0,0,-4832.570000000106,0.5999999998939529,0.5604062722736992
0.01,271,19.31,6,46,8.691024105362958,0,0,0,-4628.060000000234,0.5699999997659688,0.5497148966500356
0.01,272,33.43,6,61,10.980214023415027,0,0,0,-4587.440000000044,0.8599999999560168,0.5454383464005702
0.01,273,29.29,7,59,9.315895018730084,0,0,0,-4723.170000000107,0.7699999998922067,0.5543478260869565
0.01,274,36.83,6,64,9.950934629470742,0,0,0,-4688.690000000221,0.5899999997791383,0.5563079116179616
0.01,275,38.71,11,75,12.010241463018136,0,0,0,-4666.379999999928,0.9500000000716682,0.5511404133998574
0.01,276,18.09,0,39,8.84092189763036,3,3,3,-4779.98000000005,-5.002220859751105e-11,0.5514967925873129
0.01,277,26.76,6,50,8.821700516340373,0,0,0,-4726.770000000156,0.6199999998443673,0.5595153243050606
0.01,278,33.9,9,68,10.24255827418131,0,0,0,-4539.170000000258,0.8099999997411942,0.5523877405559515
0.01,279,39.57,16,67,11.33689110823598,0,0,0,-4615.950000000007,1.4399999999932334,0.5511404133998574
0.01,280,17.19,0,33,6.70178334475235,2,2,2,-4802.870000000123,-1.227817847393453e-10,0.5534568781183179
0.01,281,35.36,9,74,11.327418064148599,0,0,0,-4647.350000000014,0.9099999999862121,0.5495367070563079
0.01,282,22.37,8,43,8.154330138030959,0,0,0,-4852.440000000182,1.139999999817519,0.5637918745545261
0.01,283,19.89,3,41,7.192906227666255,0,0,0,-4754.100000000118,0.40999999988252966,0.562544547398432
0.01,284,3.96,0,15,3.4406976036844616,28,28,28,-4885.3000000002085,-2.0827428670600057e-10,0.5491803278688525
0.01,285,25.56,4,73,12.419597416985786,0,0,0,-4777.279999999849,0.8300000001509034,0.5611190306486101
0.01,286,5.31,0,19,4.428758290988569,20,20,20,-4970.989999999856,1.4370016288012266e-10,0.5668210976478973
0.01,287,15.7,0,40,7.879720807236764,2,2,2,-4785.290000000276,-2.764863893389702e-10,0.5532786885245902
0.01,288,24.29,0,52,10.248214478629924,2,2,2,-4683.160000000188,-1.8826540326699615e-10,0.5559515324305061
0.01,289,16.64,0,49,8.835745582575361,5,5,5,-4936.110000000044,-4.4565240386873484e-11,0.5707412687099074
0.01,290,30.69,3,55,10.231026341477182,0,0,0,-4598.5600000003205,0.30999999967934855,0.5555951532430506
0.01,291,21.75,4,47,8.63872097014367,0,0,0,-4775.110000000004,0.569999999996071,0.5568424803991446
0.01,292,15.64,0,38,7.188212573373162,1,1,1,-4739.519999999963,3.728928277269006e-11,0.5479330007127584
0.01,293,9.73,0,33,7.139824927825612,15,15,15,-4869.7200000000175,-1.7280399333685637e-11,0.5541696364932288
0.01,294,25.83,8,61,9.095114072951477,0,0,0,-4671.2100000001665,0.8299999998334897,0.5612972202423379
0.01,295,15.7,0,34,7.523961722390672,1,1,1,-4788.210000000006,-6.366462912410498e-12,0.5506058446186742
0.01,296,25.88,8,57,9.918951557498405,0,0,0,-4631.18000000001,0.5899999999901411,0.562544547398432
0.01,297,16.35,3,42,7.40050673940643,0,0,0,-4860.660000000084,0.31999999991512595,0.5612972202423379
0.01,298,31.68,11,58,10.05870767047139,0,0,0,-4594.260000000162,0.8499999998375642,0.5497148966500356
0.01,299,23.28,8,52,9.114910860781908,0,0,0,-4566.180000000251,0.7099999997490158,0.550784034212402
0.01,300,23.44,0,53,10.418560361201543,1,1,1,-4858.440000000071,-7.185008144006133e-11,0.5616535994297933
0.01,301,16.29,0,40,7.153034321181466,1,1,1,-4789.789999999915,8.458300726488233e-11,0.5541696364932288
0.01,302,28.54,10,46,7.637303188953545,0,0,0,-4662.040000000112,0.9799999998886051,0.5588025659301497
0.01,303,27.48,3,52,10.47232543420992,0,0,0,-4831.59,0.3400000000001455,0.5570206699928724
0.01,304,19.57,5,39,7.212842712828278,0,0,0,-4680.750000000028,0.529999999971551,0.5548823948681397
0.01,305,22.79,0,48,8.994770703025175,1,1,1,-4770.200000000164,-1.646185410209e-10,0.5561297220242338
0.01,306,36.9,11,68,11.889070611279925,0,0,0,-4544.050000000146,0.9099999998543353,0.5447255880256593
0.01,307,33.15,9,56,9.235123171891104,0,0,0,-4668.560000000162,0.7899999998380736,0.5529223093371347
0.01,308,21.18,6,42,8.054042463260297,0,0,0,-4707.420000000024,0.8599999999760257,0.5548823948681397
0.01,309,38.43,18,64,10.465424023898889,0,0,0,-4608.460000000206,1.5699999997941632,0.552744119743407
0.01,310,19.51,4,43,9.03492667374783,0,0,0,-4801.0199999999295,0.42000000007010385,0.5637918745545261
0.01,311,18.57,0,43,8.427639052546093,1,1,1,-4764.630000000022,-2.1827872842550278e-11,0.5571988595866001
0.01,312,36.09,9,61,11.25263969031267,0,0,0,-4636.470000000141,0.7899999998589919,0.5586243763364219
0.01,313,27.45,10,56,9.542929319658615,0,0,0,-4646.220000000118,0.8799999998827843,0.552744119743407
0.01,314,17.73,3,42,6.92655036796817,0,0,0,-4755.6800000001695,0.45999999983087037,0.5561297220242338
0.01,315,25.53,9,47,8.504651668351855,0,0,0,-4828.8999999999005,0.7400000000998261,0.5602280826799715
0.01,316,44.04,15,86,12.020748728760617,0,0,0,-4715.84000000014,1.7899999998599014,0.5588025659301497
0.01,317,23.71,3,46,8.785550637267992,0,0,0,-4865.020000000004,0.3999999999959982,0.56503920171062
0.01,318,25.17,7,56,8.589592539812353,0,0,0,-4755.50000000007,0.92999999993026,0.5623663578047042
0.01,319,12.85,0,31,6.986236468943777,5,5,5,-4659.090000000215,-2.1464074961841106e-10,0.5589807555238774
0.01,320,5.58,0,16,3.929834602117499,17,17,17,-5070.9800000000605,-6.093614501878619e-11,0.557911617961511
0.01,321,37.09,16,63,10.813967819445367,0,0,0,-4701.000000000064,1.769999999936772,0.5563079116179616
0.01,322,15.2,0,35,7.126008700527947,1,1,1,-4612.860000000324,-3.246896085329354e-10,0.5554169636493229
0.01,323,20.35,3,48,8.934623663031365,0,0,0,-4639.92000000028,0.3099999997193663,0.5516749821810406
0.01,324,8.67,0,23,5.744658388450961,10,10,10,-4755.390000000163,-1.6279955161735415e-10,0.5532786885245902
0.01,325,25.83,8,47,7.992565295322898,0,0,0,-4603.49000000029,0.9699999997101258,0.5509622238061297
0.01,326,51.04,26,86,13.918994216537344,0,0,0,-4583.2400000000225,2.2299999999777356,0.5586243763364219
0.01,327,26.48,7,55,10.047367814507439,0,0,0,-4548.880000000227,0.5699999997732448,0.5470420527441198
0.01,328,30.88,10,56,8.893008489819405,0,0,0,-4737.640000000107,1.1999999998934072,0.5571988595866001
0.01,329,29.0,8,52,8.618584570566098,0,0,0,-4806.880000000122,0.8899999998784551,0.5614754098360656
0.01,330,19.65,4,53,8.912210724618218,0,0,0,-4702.200000000091,0.4699999999093052,0.550071275837491
0.01,331,16.55,3,33,7.188010851410841,0,0,0,-4849.750000000044,0.45999999995638063,0.5525659301496793
0.01,332,27.07,7,64,11.163561259741446,0,0,0,-4710.340000000002,0.5899999999983265,0.5545260156806843
0.01,333,21.79,5,41,8.389630504378605,0,0,0,-4823.270000000195,0.6599999998052226,0.5593371347113328
0.01,334,35.47,10,58,11.479072262164742,0,0,0,-4861.589999999988,1.0800000000117507,0.5630791161796151
0.01,335,26.12,7,48,9.142516065066552,0,0,0,-4703.070000000068,0.7299999999322608,0.5568424803991446
0.01,336,29.01,7,56,11.29645519621089,0,0,0,-4603.470000000104,0.9499999998961357,0.5518531717747683
0.01,337,25.91,6,47,8.292279541838903,0,0,0,-4804.869999999971,0.9400000000296131,0.5561297220242338
0.01,338,12.04,0,36,6.583190715754785,5,5,5,-4843.970000000047,-4.638422979041934e-11,0.5557733428367784
0.01,339,16.59,0,41,8.655743757759929,1,1,1,-4697.700000000092,-9.185896487906575e-11,0.5525659301496793
0.01,340,11.53,0,35,6.7918406930669395,3,3,3,-4823.7900000000245,-2.4556356947869062e-11,0.5450819672131147
0.01,341,17.65,0,47,8.849152501793606,2,2,2,-4780.370000000163,-1.6279955161735415e-10,0.5491803278688525
0.01,342,37.53,14,71,11.322062532948669,0,0,0,-4480.9100000003,1.3499999997002305,0.5420527441197434
0.01,343,37.8,15,60,10.02796090937734,0,0,0,-4607.640000000202,1.1499999997977284,0.5484675694939416
0.01,344,24.16,3,55,10.264229147870774,0,0,0,-4797.040000000023,0.3699999999771535,0.5561297220242338
0.01,345,16.66,0,35,6.851598353669018,1,1,1,-4815.98000000024,-2.4010660126805305e-10,0.5543478260869565
0.01,346,17.5,3,40,6.793379129711516,0,0,0,-4937.440000000123,0.32999999987714546,0.5682466143977192
0.01,347,35.99,15,63,10.14346587710532,0,0,0,-4672.570000000305,1.9199999996944825,0.5532786885245902
0.01,348,24.6,6,47,8.893818077743664,0,0,0,-4623.840000000158,0.43999999984134774,0.5538132573057734
0.01,349,36.85,9,78,10.71575942245812,0,0,0,-4785.450000000025,1.1299999999746433,0.5497148966500356
0.01,350,43.28,16,90,13.476705828947964,0,0,0,-4539.190000000286,1.4699999997137638,0.5381325730577334
0.01,351,12.73,0,32,7.110351608746224,3,3,3,-4784.680000000017,-1.6370904631912708e-11,0.5557733428367784
0.01,352,27.67,7,61,10.640540399810527,0,0,0,-4598.140000000182,0.8299999998180283,0.550071275837491
0.01,353,23.73,9,41,6.734767998973683,0,0,0,-4774.950000000044,1.2399999999552165,0.5532786885245902
0.01,354,25.23,6,48,8.630011587477735,0,0,0,-4600.300000000166,0.4899999998342537,0.5561297220242338
0.01,355,15.88,0,32,7.365161233808803,1,1,1,-4817.300000000045,-4.4565240386873484e-11,0.5493585174625801
0.01,356,18.7,0,36,7.434379597518545,2,2,2,-4764.919999999976,2.3646862246096134e-11,0.5557733428367784
0.01,357,37.62,12,68,10.810901905021616,0,0,0,-4675.620000000208,1.3999999997922714,0.5541696364932288
0.01,358,35.61,15,66,10.454563596822204,0,0,0,-4679.740000000111,1.0799999998889689,0.5506058446186742
0.01,359,30.09,7,56,10.265568664228981,0,0,0,-4737.880000000021,0.4699999999793363,0.5588025659301497
0.01,360,19.81,3,46,8.811010157751493,0,0,0,-4944.759999999955,0.4100000000453292,0.5614754098360656
0.01,361,24.1,6,46,8.773254812211944,0,0,0,-4790.440000000035,0.7299999999650026,0.5595153243050606
0.01,362,47.87,20,85,11.51317071878985,0,0,0,-4630.080000000197,1.4999999998026396,0.5580898075552387
0.01,363,16.5,0,40,7.8287930104199335,2,2,2,-4668.620000000203,-2.02817318495363e-10,0.5520313613684961
0.01,364,33.51,7,58,9.75037947979462,0,0,0,-4761.269999999939,0.39000000006126356,0.5523877405559515
0.01,365,22.01,6,49,9.123042255739037,0,0,0,-4866.190000000111,0.5699999998896601,0.5641482537419815
0.01,366,11.46,0,28,6.161850371438761,1,1,1,-4901.430000000097,-9.640643838793039e-11,0.5529223093371347
0.01,367,31.37,7,57,10.832040435670466,0,0,0,-4689.490000000035,0.6999999999643478,0.5563079116179616
0.01,368,21.05,5,42,8.639878471367522,0,0,0,-4668.940000000201,0.6999999997997293,0.5506058446186742
0.01,369,22.31,4,44,8.013357598410295,0,0,0,-4771.889999999989,0.3800000000110231,0.5600498930862438
0.01,370,25.93,9,47,8.980261688837357,0,0,0,-4627.990000000247,0.9799999997530904,0.5511404133998574
0.01,371,13.03,0,38,6.117932657360655,1,1,1,-4815.750000000059,-5.911715561524034e-11,0.5552387740555952
0.01,372,21.14,6,51,8.264405604760695,0,0,0,-4485.300000000352,0.8499999996474799,0.5379543834640057
0.01,373,23.78,0,48,8.649369919248453,1,1,1,-4729.160000000044,-4.4565240386873484e-11,0.5571988595866001
0.01,374,13.11,0,32,6.6240395530220075,1,1,1,-4889.109999999939,6.093614501878619e-11,0.5611190306486101
0.01,375,11.7,0,26,5.874521257089806,1,1,1,-4936.00999999995,5.002220859751105e-11,0.5623663578047042
0.01,376,22.85,4,50,9.641965567248205,0,0,0,-4793.770000000242,0.4699999997574196,0.5529223093371347
0.01,377,18.24,3,39,7.993897672600019,0,0,0,-4719.230000000069,0.2999999999310603,0.5623663578047042
0.01,378,25.81,8,52,9.073802951353969,0,0,0,-4738.040000000091,0.7499999999090505,0.5568424803991446
0.01,379,15.76,3,40,7.100873185742723,0,0,0,-4724.110000000261,0.4499999997397026,0.5445473984319316
0.01,380,36.42,7,69,11.371174081861556,0,0,0,-4592.250000000137,0.739999999862448,0.5463292943692089
0.01,381,17.93,4,37,6.961688013693231,0,0,0,-4675.310000000133,0.36999999986710463,0.5555951532430506
0.01,382,32.43,14,65,9.755260119545762,0,0,0,-4659.610000000208,1.1099999997923078,0.5561297220242338
0.01,383,22.06,3,51,9.683821559694293,0,0,0,-4833.270000000259,0.42999999974108505,0.5614754098360656
0.01,384,26.01,4,50,8.930279950819012,0,0,0,-4710.100000000114,0.39999999988594936,0.5514967925873129
0.01,385,22.1,6,43,8.968277426574181,0,0,0,-4736.48000000018,0.5599999998203202,0.5605844618674269
0.01,386,43.5,15,75,12.590075456485556,0,0,0,-4604.790000000189,1.3799999998109342,0.561831789023521
0.01,387,19.67,6,49,8.115485198064253,0,0,0,-4716.000000000074,0.7499999999263309,0.5529223093371347
0.01,388,35.74,12,66,11.349555057357975,0,0,0,-4605.630000000248,1.5999999997511622,0.5447255880256593
0.01,389,27.19,12,54,9.047314518684537,0,0,0,-4787.019999999975,1.0600000000249565,0.5659301496792587
0.01,390,17.35,0,40,7.554303409315779,1,1,1,-4845.209999999985,1.546140993013978e-11,0.5602280826799715
0.01,391,31.29,9,62,10.631363976461346,0,0,0,-4683.680000000132,1.0499999998673957,0.557911617961511
0.01,392,26.85,9,47,8.41590755652651,0,0,0,-4707.210000000236,0.9199999997645136,0.5634354953670706
0.01,393,28.41,6,57,9.886450323548893,0,0,0,-4593.080000000095,0.5399999999044667,0.5550605844618675
0.01,394,19.97,0,48,9.468320864863,2,2,2,-4740.940000000172,-1.7280399333685637e-10,0.5482893799002139
0.01,395,27.79,7,53,8.691714445378427,0,0,0,-4636.089999999999,0.6800000000012005,0.550071275837491
0.01,396,27.6,3,54,9.96794863550169,0,0,0,-4688.540000000047,0.2799999999524516,0.5481111903064861
0.01,397,35.39,14,66,9.820280036740296,0,0,0,-4620.870000000292,1.169999999708125,0.5538132573057734
0.01,398,25.77,6,57,9.54343229661111,0,0,0,-4758.320000000069,0.6899999999313877,0.556664290805417
0.01,399,39.83,15,73,11.461287013245938,0,0,0,-4763.579999999846,1.2300000001541775,0.561831789023521
0.01,400,22.65,3,48,9.055799246891464,0,0,0,-4850.170000000134,0.5499999998664862,0.5531004989308624
0.01,401,23.02,3,50,9.728288647033454,0,0,0,-4748.370000000087,0.37999999991279765,0.5532786885245902
0.01,402,39.92,11,73,11.37864666821147,0,0,0,-4654.500000000044,0.849999999956708,0.5591589451176051
0.01,403,28.22,8,61,9.593310169070945,0,0,0,-4744.91000000025,1.2599999997501072,0.5588025659301497
0.01,404,27.16,7,51,10.294386820010214,0,0,0,-4570.610000000276,0.7699999997239502,0.5431218816821097
0.01,405,29.99,6,61,11.508688022533237,0,0,0,-4638.869999999949,0.6100000000506043,0.5488239486813971
0.01,406,21.94,3,47,9.057394768916723,0,0,0,-4644.910000000288,0.349999999712054,0.5522095509622238
0.01,407,32.35,12,64,10.774390934062119,0,0,0,-4667.040000000113,0.9299999998875137,0.5456165359942979
0.01,408,32.26,9,67,11.06401373824165,0,0,0,-4711.610000000056,0.7999999999437932,0.5570206699928724
0.01,409,27.45,9,55,8.620179812509713,0,0,0,-4678.450000000229,1.1999999997706254,0.5477548111190307
0.01,410,20.84,3,46,7.8571241558219,0,0,0,-4743.010000000046,0.4299999999539068,0.5523877405559515
0.01,411,24.6,7,43,8.662563131083086,0,0,0,-4667.600000000258,0.8799999997418126,0.546863863150392
0.01,412,14.82,0,39,7.3340029997266845,1,1,1,-4807.270000000207,-2.064552973024547e-10,0.5550605844618675
0.01,413,19.13,3,40,8.256700309445655,0,0,0,-4809.479999999943,0.42000000005646143,0.5548823948681397
0.01,414,29.18,6,53,8.862708389651551,0,0,0,-4724.900000000041,0.7299999999595457,0.5596935138987883
0.01,415,38.67,17,74,11.712433564379351,0,0,0,-4576.09000000012,1.349999999879401,0.5532786885245902
0.01,416,31.42,10,56,9.585593356699418,0,0,0,-4704.440000000179,1.0599999998212297,0.5577334283677833
0.01,417,19.4,0,35,7.106335201775948,1,1,1,-4753.2700000000195,-1.9099388737231493e-11,0.5561297220242338
0.01,418,19.53,0,44,7.892344391877486,1,1,1,-4735.950000000219,-2.191882231272757e-10,0.5563079116179616
0.01,419,19.45,3,42,8.212642692824279,0,0,0,-4848.920000000032,0.30999999996765837,0.5721667854597291
0.01,420,20.49,6,42,7.7388565046781945,0,0,0,-4772.950000000293,0.8599999997077248,0.5557733428367784
0.01,421,18.45,0,40,7.921331958704925,1,1,1,-4754.800000000111,-1.1095835361629725e-10,0.5621881682109765
0.01,422,7.77,0,26,6.120220584260014,20,20,20,-4763.98000000017,-1.7007550923153758e-10,0.5520313613684961
0.01,423,18.19,3,37,6.550870171206266,0,0,0,-4976.960000000034,0.2899999999663123,0.5689593727726301
0.01,424,28.25,7,50,8.402826905274202,0,0,0,-4621.740000000244,0.6399999997556733,0.5493585174625801
0.01,425,37.63,11,74,10.95322326988727,0,0,0,-4628.620000000191,1.0599999998094063,0.5543478260869565
0.01,426,20.3,3,55,8.926925562588725,0,0,0,-4634.430000000148,0.39999999985229806,0.5466856735566643
0.01,427,19.92,3,42,7.392807315222005,0,0,0,-4711.220000000174,0.2999999998264684,0.5580898075552387
0.01,428,15.09,0,38,8.627971951739296,2,2,2,-4809.469999999986,1.4551915228366852e-11,0.5605844618674269
0.01,429,31.18,7,61,10.738137641136847,0,0,0,-4718.2000000000135,0.709999999986394,0.5561297220242338
0.01,430,36.43,3,70,10.133365679772936,0,0,0,-4549.400000000161,0.2199999998392741,0.5559515324305061
0.01,431,26.89,6,49,8.227873358286454,0,0,0,-4785.660000000267,0.8399999997327541,0.5511404133998574
0.01,432,34.65,7,65,11.842613731773913,0,0,0,-4665.790000000283,0.7199999997174018,0.5538132573057734
0.01,433,18.16,0,45,7.863485232389007,1,1,1,-4755.48000000015,-1.5006662579253316e-10,0.5614754098360656
0.01,434,21.24,3,52,8.560514003259383,0,0,0,-4754.71000000011,0.44999999988976924,0.5488239486813971
0.01,435,25.32,4,49,9.435973717640378,0,0,0,-4715.780000000071,0.4599999999290958,0.5470420527441198
0.01,436,23.31,0,47,11.307249886687744,1,1,1,-4834.339999999919,8.094502845779061e-11,0.5671774768353528
0.01,437,34.49,11,64,10.598580093578573,0,0,0,-4683.080000000132,0.9699999998683779,0.5602280826799715
0.01,438,38.7,14,73,11.27874106449829,0,0,0,-4624.020000000189,1.549999999811007,0.5514967925873129
0.01,439,14.27,0,33,7.305963317728881,2,2,2,-4782.169999999999,9.094947017729282e-13,0.5548823948681397
0.01,440,29.52,6,61,10.706521377179424,0,0,0,-4675.350000000064,0.5699999999360443,0.5589807555238774
0.01,441,34.46,11,62,11.237811174779546,0,0,0,-4603.500000000034,0.8899999999666761,0.5495367070563079
0.01,442,14.31,0,43,8.387723171397587,3,3,3,-4733.390000000044,-4.3655745685100555e-11,0.5591589451176051
0.01,443,18.13,5,36,6.919038950605785,0,0,0,-4776.730000000041,0.6099999999587453,0.5607626514611547
0.01,444,15.65,0,38,8.016701316626435,3,3,3,-4919.110000000166,-1.6643753042444587e-10,0.554704205274412
0.01,445,8.28,0,28,6.028399455908675,11,11,11,-4664.900000000268,-2.6830093702301383e-10,0.5413399857448326
0.01,446,31.33,11,58,9.197885626599192,0,0,0,-4913.919999999993,1.1600000000071304,0.5643264433357092
0.01,447,20.31,3,45,7.855819498944715,0,0,0,-4636.720000000153,0.37999999984731403,0.5443692088382038
0.01,448,28.35,10,51,8.795879717231244,0,0,0,-4697.110000000246,1.0599999997539271,0.5555951532430506
0.01,449,37.41,19,66,9.97907310324962,0,0,0,-4573.510000000204,1.439999999795873,0.5623663578047042
0.01,450,25.46,3,45,8.822040580273931,0,0,0,-4735.650000000072,0.27999999992789526,0.5545260156806843
0.01,451,27.17,6,53,9.819424626728392,0,0,0,-4652.61000000022,0.6899999997804116,0.5523877405559515
0.01,452,22.6,6,53,8.176796438703853,0,0,0,-4836.859999999894,0.5800000001054286,0.5710976478973628
0.01,453,25.96,3,50,9.703525132651535,0,0,0,-4572.780000000416,0.269999999583888,0.5531004989308624
0.01,454,35.61,18,63,9.73333961187012,0,0,0,-4714.16000000018,1.4199999998199928,0.5589807555238774
0.01,455,30.76,4,58,10.017105370315319,0,0,0,-4781.749999999941,0.3400000000592627,0.5662865288667142
0.01,456,23.87,6,52,9.307690368721985,0,0,0,-4730.75000000008,0.5799999999198917,0.5571988595866001
0.01,457,13.32,0,32,5.936126683284312,1,1,1,-4869.310000000151,-1.509761204943061e-10,0.559871703492516
0.01,458,17.54,3,38,7.534480738577809,0,0,0,-4667.600000000171,0.4099999998288695,0.5454383464005702
0.01,459,24.15,6,49,9.177554140401462,0,0,0,-4654.130000000107,0.5799999998926069,0.5415181753385603
0.01,460,25.47,5,48,8.430249106639732,0,0,0,-4657.020000000054,0.5099999999456486,0.556664290805417
0.01,461,37.39,13,64,9.53403901817063,0,0,0,-4719.800000000092,1.9599999999081774,0.56503920171062
0.01,462,32.18,11,67,10.634265371900401,0,0,0,-4715.110000000022,0.9099999999780266,0.5605844618674269
0.01,463,19.8,3,38,8.23407554009556,0,0,0,-4687.650000000174,0.3599999998259591,0.5506058446186742
0.01,464,8.19,0,21,4.765910196384318,8,8,8,-4640.750000000212,-2.1191226551309228e-10,0.5470420527441198
0.01,465,26.88,7,50,9.550162302285758,0,0,0,-4757.549999999996,0.61000000000422,0.5582679971489665
0.01,466,37.53,18,59,9.187442516826975,0,0,0,-4598.170000000002,1.3799999999982901,0.5441910192444761
0.01,467,22.64,7,50,8.904515708335856,0,0,0,-4782.059999999927,0.5600000000731598,0.5636136849607983
0.01,468,18.32,0,44,7.843315625422708,1,1,1,-4721.260000000141,-1.4097167877480388e-10,0.5466856735566643
0.01,469,10.29,0,28,5.862243597804513,6,6,6,-4734.780000000016,-1.6370904631912708e-11,0.5532786885245902
0.01,470,24.76,6,53,8.681151997286996,0,0,0,-4710.270000000161,0.8399999998382555,0.5473984319315752
0.01,471,20.4,0,39,8.604649905719581,2,2,2,-4851.110000000163,-1.6370904631912708e-10,0.5523877405559515
0.01,472,24.81,4,48,9.362366153916433,0,0,0,-4696.380000000223,0.36999999977706466,0.5564861012116893
0.01,473,24.62,6,48,9.5223736536643,0,0,0,-4728.560000000065,0.8299999999353531,0.5488239486813971
0.01,474,22.69,0,50,9.250616195692048,1,1,1,-4754.790000000114,-1.1368683772161603e-10,0.5591589451176051
0.01,475,20.81,3,55,9.396483384756236,0,0,0,-4768.7400000000725,0.21999999992749508,0.5591589451176051
0.01,476,6.31,0,17,3.814957404742548,9,9,9,-4842.010000000185,-1.8462742445990443e-10,0.5441910192444761
0.01,477,27.39,10,52,8.226657887623626,0,0,0,-4694.430000000255,1.3699999997452323,0.5557733428367784
0.01,478,24.92,3,49,8.221532703821106,0,0,0,-4629.090000000091,0.4199999999091233,0.5509622238061297
0.01,479,41.7,15,74,11.21739720255996,0,0,0,-4628.800000000129,1.00999999987107,0.5554169636493229
0.01,480,21.04,0,46,9.212947411116597,1,1,1,-4772.070000000047,-4.729372449219227e-11,0.5488239486813971
0.01,481,33.43,13,57,10.164895474130564,0,0,0,-4709.299999999926,1.2200000000748332,0.561831789023521
0.01,482,34.43,11,64,10.864856188647874,0,0,0,-4685.6100000001825,0.8799999998173007,0.5596935138987883
0.01,483,38.58,18,67,11.648330352458245,0,0,0,-4532.740000000249,1.6799999997510895,0.5463292943692089
0.01,484,18.04,3,36,8.018628311625374,0,0,0,-4832.210000000064,0.24999999993633537,0.5646828225231646
0.01,485,27.79,3,63,10.117603471178342,0,0,0,-4696.699999999997,0.3300000000026557,0.5554169636493229
0.01,486,40.9,15,86,12.406046912695437,0,0,0,-4569.310000000286,1.5099999997137274,0.5513186029935851
0.01,487,36.03,12,69,11.167322866291634,0,0,0,-4742.150000000008,1.1799999999921056,0.5584461867426942
0.01,488,39.22,12,68,10.79498031494268,0,0,0,-4568.230000000179,1.0799999998216663,0.5484675694939416
0.01,489,20.64,0,48,9.735008988182805,1,1,1,-4665.300000000264,-2.637534635141492e-10,0.5502494654312188
0.01,490,30.1,6,58,9.644169222903548,0,0,0,-4697.8100000000795,0.6099999999205465,0.554704205274412
0.01,491,23.47,10,53,7.7116211006506274,0,0,0,-4722.799999999938,0.8100000000613363,0.5584461867426942
0.01,492,30.02,10,61,9.729316522757392,0,0,0,-4617.170000000093,0.8999999999068677,0.5580898075552387
0.01,493,19.11,0,49,9.149748630426958,2,2,2,-4785.210000000318,-3.183231456205249e-10,0.5593371347113328
0.01,494,19.92,4,49,10.353434212859035,0,0,0,-4689.840000000089,0.28999999991083314,0.5511404133998574
0.01,495,33.01,9,56,11.235208053258292,0,0,0,-4623.820000000184,0.6599999998152271,0.5541696364932288
0.01,496,21.72,6,45,8.042487177484338,0,0,0,-4797.710000000072,0.7899999999281135,0.5548823948681397
0.01,497,29.36,11,61,9.437711587032103,0,0,0,-4686.480000000022,1.2199999999775173,0.5555951532430506
0.01,498,21.26,6,41,7.790532716059923,0,0,0,-4710.510000000078,0.6199999999216743,0.5559515324305061
0.01,499,17.9,0,43,8.193289937503737,1,1,1,-4882.189999999923,7.639755494892597e-11,0.5636136849607983
0.02,0,7.3,0,21,5.320714237769211,14,14,14,-4968.960000002244,-2.243723429273814e-09,0.5525659301496793
0.02,1,2.77,0,14,3.2460899556235345,47,47,47,-5260.0200000025525,-2.5520421331748366e-09,0.5673556664290805
0.02,2,1.51,0,9,2.0322155397496595,60,60,60,-5105.860000002745,-2.7457645046524704e-09,0.5434782608695652
0.02,3,11.41,0,26,5.986810503097622,4,4,4,-4926.900000002185,-2.1855157683603466e-09,0.5600498930862438
0.02,4,5.13,0,22,4.9752487375004675,27,27,27,-5059.600000002314,-2.3137545213103294e-09,0.5568424803991446
0.02,5,0.3,0,4,0.9643650760992956,91,91,91,-5219.460000002757,-2.7566784410737455e-09,0.5577334283677833
0.02,6,4.67,0,14,3.714983176274154,24,24,24,-5046.160000002546,-2.546585164964199e-09,0.5491803278688525
0.02,7,4.96,0,16,4.091258974936688,22,22,22,-4896.440000002242,-2.242813934572041e-09,0.5491803278688525
0.02,8,3.83,0,18,3.7042003185573,35,35,35,-5182.280000002709,-2.7093847165815532e-09,0.559871703492516
0.02,9,8.57,0,25,5.637827595803192,10,10,10,-4815.860000002208,-2.2082531359046698e-09,0.5457947255880257
0.02,10,11.12,0,26,5.790129532229827,6,6,6,-4928.240000002123,-2.1236701286397874e-09,0.5514967925873129
0.02,11,4.13,0,17,3.9991374069916623,34,34,34,-5005.560000002515,-2.5147528504021466e-09,0.5450819672131147
0.02,12,3.13,0,13,3.217623346509035,40,40,40,-5074.420000002543,-2.5429471861571074e-09,0.5543478260869565
0.02,13,5.55,0,18,4.479676327593323,23,23,23,-4998.240000002437,-2.4374458007514477e-09,0.5523877405559515
0.02,14,0.62,0,5,1.405560386465128,83,83,83,-5349.520000003026,-3.0258888727985322e-09,0.5564861012116893
0.02,15,17.64,0,40,9.452534051776803,1,1,1,-4869.020000002042,-2.041815605480224e-09,0.5541696364932288
0.02,16,3.91,0,19,3.9397842580527174,34,34,34,-4935.220000002447,-2.446540747769177e-09,0.546863863150392
0.02,17,3.58,0,16,3.6364268176329357,37,37,37,-5042.18000000246,-2.459273673593998e-09,0.5591589451176051
0.02,18,5.35,0,21,4.817416319978999,26,26,26,-4968.34000000243,-2.4301698431372643e-09,0.5495367070563079
0.02,19,1.37,0,11,2.423447956940689,72,72,72,-5248.440000002968,-2.967681211885065e-09,0.5545260156806843
0.02,20,5.03,0,25,5.072386026319369,31,31,31,-5182.540000002473,-2.472916094120592e-09,0.5648610121168923
0.02,21,5.68,0,20,4.715675985476525,22,22,22,-4993.280000002491,-2.4911059881560504e-09,0.5450819672131147
0.02,22,12.6,0,34,7.319836063738039,6,6,6,-4956.000000002238,-2.2382664610631764e-09,0.5595153243050606
0.02,23,0.97,0,9,1.7745703705404303,74,74,74,-5238.760000002783,-2.7830537874251604e-09,0.5580898075552387
0.02,24,4.85,0,16,4.488596662655267,26,26,26,-5190.600000002573,-2.572960511315614e-09,0.5630791161796151
0.02,25,8.49,0,26,5.964050636941306,11,11,11,-5068.100000002314,-2.3137545213103294e-09,0.5627227369921597
0.02,26,2.61,0,10,2.8031946061591944,44,44,44,-5099.800000002569,-2.5684130378067493e-09,0.554704205274412
0.02,27,12.31,0,27,6.238100672480367,3,3,3,-5093.960000002173,-2.1727828425355256e-09,0.5641482537419815
0.02,28,6.8,0,25,4.770744176750625,12,12,12,-4930.060000002259,-2.258275344502181e-09,0.5575552387740556
0.02,29,13.53,0,34,7.777473882951971,4,4,4,-4782.200000001993,-1.9936123862862587e-09,0.5550605844618675
0.02,30,13.52,3,31,6.16032466676879,0,0,0,-4950.220000002078,0.4999999979218046,0.5614754098360656
0.02,31,16.24,0,36,7.155585231132391,1,1,1,-4879.040000002231,-2.230990503448993e-09,0.5506058446186742
0.02,32,5.4,0,16,4.17612260356422,22,22,22,-5117.580000002599,-2.599335857667029e-09,0.5539914468995011
0.02,33,15.85,0,44,7.68944081191864,2,2,2,-4899.860000002232,-2.231899998150766e-09,0.5486457590876693
0.02,34,17.57,0,36,8.166094537782428,2,2,2,-4851.640000001951,-1.950866135302931e-09,0.5498930862437633
0.02,35,1.8,0,9,2.465765601187591,61,61,61,-5351.040000002823,-2.8230715543031693e-09,0.571632216678546
0.02,36,13.06,0,29,6.576959783973139,3,3,3,-4949.740000002067,-2.067281457129866e-09,0.5545260156806843
0.02,37,3.61,0,15,3.5011283895338665,38,38,38,-5162.480000002657,-2.6575435185804963e-09,0.5605844618674269
0.02,38,10.38,0,36,6.640451791858744,9,9,9,-4866.800000002031,-2.0309016690589488e-09,0.5602280826799715
0.02,39,13.74,0,39,7.510818863479534,4,4,4,-4801.700000002055,-2.055458026006818e-09,0.547576621525303
0.02,40,15.79,0,39,7.760534775387582,2,2,2,-4802.3000000021675,-2.167325874324888e-09,0.550071275837491
0.02,41,3.82,0,17,3.374551822094306,31,31,31,-5148.100000002655,-2.6548150344751775e-09,0.5577334283677833
0.02,42,3.91,0,13,3.3048297989457796,29,29,29,-5252.840000002838,-2.837623469531536e-09,0.5646828225231646
0.02,43,4.42,0,16,4.171762217576644,33,33,33,-5031.440000002548,-2.547494659665972e-09,0.552744119743407
0.02,44,6.93,0,25,4.648128655706509,11,11,11,-4892.040000002391,-2.3910615709610283e-09,0.5465074839629366
0.02,45,5.98,0,23,5.1922634755952055,24,24,24,-5009.280000002527,-2.5274857762269676e-09,0.544903777619387
0.02,46,2.8,0,18,3.5071355833500366,50,50,50,-5039.120000002563,-2.5629560695961118e-09,0.5506058446186742
0.02,47,12.22,0,30,5.925504197956492,1,1,1,-5006.54000000222,-2.220076567027718e-09,0.5564861012116893
0.02,48,4.22,0,19,4.260469457700642,36,36,36,-4998.580000002521,-2.521119313314557e-09,0.5539914468995011
0.02,49,2.04,0,16,3.094899029047636,60,60,60,-5032.5200000026825,-2.6820998755283654e-09,0.5484675694939416
0.02,50,7.32,0,25,5.145638930200991,11,11,11,-4959.1800000023995,-2.3992470232769847e-09,0.5525659301496793
0.02,51,10.99,0,29,6.972080033964039,6,6,6,-4978.160000002174,-2.1736923372372985e-09,0.5621881682109765
0.02,52,0.0,0,0,0.0,100,100,100,-5632.180000003002,-3.001332515850663e-09,0.5582679971489665
0.02,53,10.02,0,24,5.870229978459106,5,5,5,-5002.800000002447,-2.446540747769177e-09,0.5506058446186742
0.02,54,3.15,0,14,3.564758056306206,47,47,47,-5153.800000002529,-2.5283952709287405e-09,0.5602280826799715
0.02,55,12.32,0,35,6.387299899018363,4,4,4,-4827.180000002052,-2.051820047199726e-09,0.550784034212402
0.02,56,1.83,0,13,2.8950129533388966,65,65,65,-5187.880000002768,-2.7675923774950206e-09,0.5600498930862438
0.02,57,0.03,0,3,0.29849623113198603,99,99,99,-5537.420000003202,-3.2023308449424803e-09,0.5418745545260156
0.02,58,13.18,0,43,7.221329517478066,3,3,3,-4905.7600000021375,-2.1373125491663814e-09,0.561831789023521
0.02,59,13.24,0,32,6.678502826232837,3,3,3,-4760.960000002084,-2.0836523617617786e-09,0.5418745545260156
0.02,60,12.63,0,30,6.96944043664913,4,4,4,-5019.580000002272,-2.2719177650287747e-09,0.5497148966500356
0.02,61,3.39,0,17,3.8416012286545307,44,44,44,-5061.600000002556,-2.5556801119819283e-09,0.5548823948681397
0.02,62,4.33,0,18,4.223872630655427,29,29,29,-5119.480000002458,-2.458364178892225e-09,0.5564861012116893
0.02,63,5.45,0,19,4.669850104660748,22,22,22,-5041.9600000023975,-2.397428033873439e-09,0.5543478260869565
0.02,64,1.16,0,11,2.0674622124720927,71,71,71,-5267.840000002903,-2.903107088059187e-09,0.5470420527441198
0.02,65,10.75,0,40,6.650375929223851,4,4,4,-4966.400000002335,-2.3355823941528797e-09,0.5555951532430506
0.02,66,3.96,0,19,3.9822606644969887,32,32,32,-4981.02000000249,-2.4892869987525046e-09,0.550784034212402
0.02,67,2.46,0,13,3.011378421919105,50,50,50,-5060.7200000024895,-2.4892869987525046e-09,0.5563079116179616
0.02,68,4.02,0,16,4.223695064750769,38,38,38,-4971.180000002574,-2.573870006017387e-09,0.5450819672131147
0.02,69,9.75,0,26,5.517925334761245,7,7,7,-4977.120000002303,-2.3028405848890543e-09,0.5573770491803278
0.02,70,6.24,0,22,4.866456616471577,20,20,20,-5070.700000002564,-2.5638655642978847e-09,0.5506058446186742
0.02,71,2.66,0,14,2.984024128588775,44,44,44,-5081.240000002703,-2.7030182536691427e-09,0.5513186029935851
0.02,72,5.8,0,18,3.802630668366309,15,15,15,-4858.360000002373,-2.3737811716273427e-09,0.5408054169636494
0.02,73,4.9,0,25,4.693612681080535,28,28,28,-4999.680000002244,-2.243723429273814e-09,0.5607626514611547
0.02,74,1.79,0,9,2.558495651745377,63,63,63,-5106.540000002822,-2.8221620596013963e-09,0.5416963649322879
0.02,75,9.64,0,36,6.843274070209377,9,9,9,-4853.300000002293,-2.292836143169552e-09,0.5481111903064861
0.02,76,15.13,0,35,7.4641208457527,1,1,1,-4856.480000002248,-2.2482709027826786e-09,0.5436564504632929
0.02,77,1.88,0,17,2.888875213642846,60,60,60,-5239.820000002782,-2.7821442927233875e-09,0.5623663578047042
0.02,78,3.71,0,19,3.729061544142172,31,31,31,-5214.240000002654,-2.6539055397734046e-09,0.5678902352102637
0.02,79,12.41,0,32,6.852875308948793,5,5,5,-5025.480000002219,-2.219167072325945e-09,0.5621881682109765
0.02,80,7.91,0,35,5.632219811051412,9,9,9,-5139.08000000247,-2.470187610015273e-09,0.5575552387740556
0.02,81,12.16,0,31,7.4104250890215475,6,6,6,-4921.520000002233,-2.232809492852539e-09,0.5607626514611547
0.02,82,3.65,0,16,4.089926649709014,42,42,42,-5152.38000000282,-2.8203430701978505e-09,0.5506058446186742
0.02,83,3.32,0,14,3.49822812292166,40,40,40,-5053.920000002621,-2.621163730509579e-09,0.5516749821810406
0.02,84,9.39,0,27,6.254430429703411,7,7,7,-4907.640000002204,-2.203705662395805e-09,0.5509622238061297
0.02,85,3.1,0,13,3.1827660925679098,42,42,42,-5132.800000002673,-2.673004928510636e-09,0.5573770491803278
0.02,86,4.18,0,19,4.215163104792031,36,36,36,-5025.380000002467,-2.4665496312081814e-09,0.5582679971489665
0.02,87,3.43,0,14,3.9351111801320173,47,47,47,-5171.700000002671,-2.6711859391070902e-09,0.5621881682109765
0.02,88,9.03,0,23,5.372997301320744,6,6,6,-4976.7600000021,-2.1000232663936913e-09,0.5596935138987883
0.02,89,8.44,0,27,5.571929647797072,8,8,8,-5053.2800000024245,-2.4247128749266267e-09,0.5584461867426942
0.02,90,13.42,0,37,8.203877132185733,3,3,3,-4907.700000002077,-2.077285898849368e-09,0.5573770491803278
0.02,91,3.66,0,14,3.507762819804098,34,34,34,-5278.560000002755,-2.7548594516701996e-09,0.5641482537419815
0.02,92,11.05,0,27,6.203829462517487,8,8,8,-4829.180000002125,-2.1245796233415604e-09,0.5481111903064861
0.02,93,10.47,0,28,6.668515576948142,5,5,5,-5053.80000000228,-2.280103217344731e-09,0.561831789023521
0.02,94,5.97,0,29,4.946625112134535,14,14,14,-5093.540000002561,-2.561137080192566e-09,0.5621881682109765
0.02,95,5.22,0,19,4.08308706740378,21,21,21,-5061.4600000024875,-2.4874680093489587e-09,0.5538132573057734
0.02,96,2.31,0,10,2.862498908296735,53,53,53,-5148.900000002436,-2.4365363060496747e-09,0.5648610121168923
0.02,97,9.03,0,23,5.244911820040448,6,6,6,-5029.760000002159,-2.1591404220089316e-09,0.5709194583036351
0.02,98,11.05,0,28,6.037176492367935,5,5,5,-4861.820000002063,-2.063643478322774e-09,0.5620099786172488
0.02,99,11.34,0,40,7.952634783516717,8,8,8,-4961.120000002028,-2.02817318495363e-09,0.5671774768353528
0.02,100,6.8,0,24,5.31224999411737,16,16,16,-4928.200000002397,-2.397428033873439e-09,0.5434782608695652
0.02,101,5.39,0,20,4.816419832199016,24,24,24,-5109.200000002409,-2.409251464996487e-09,0.5609408410548824
0.02,102,12.76,0,33,6.63493782939976,3,3,3,-4862.540000002053,-2.052729541901499e-09,0.5609408410548824
0.02,103,4.73,0,17,4.36086000692524,29,29,29,-5002.62000000259,-2.5902409106492996e-09,0.550071275837491
0.02,104,5.16,0,19,4.32601433192263,23,23,23,-5084.660000002527,-2.5274857762269676e-09,0.550071275837491
0.02,105,9.86,0,31,6.490023112439585,11,11,11,-5028.12000000238,-2.380147634539753e-09,0.5616535994297933
0.02,106,7.44,0,26,6.129143496443855,15,15,15,-5046.700000002398,-2.3983375285752118e-09,0.5600498930862438
0.02,107,9.15,0,27,5.3969899017878475,10,10,10,-4954.220000002301,-2.3010215954855084e-09,0.5552387740555952
0.02,108,4.19,0,17,3.6295867533370796,25,25,25,-5053.500000002509,-2.509295882191509e-09,0.5518531717747683
0.02,109,0.66,0,6,1.3131641176943571,79,79,79,-5422.12000000295,-2.950400812551379e-09,0.552744119743407
0.02,110,19.09,3,46,9.433021785196937,0,0,0,-4692.420000001925,0.4999999980755092,0.5443692088382038
0.02,111,10.7,0,31,6.570388116390081,7,7,7,-4796.300000002009,-2.0090737962163985e-09,0.5497148966500356
0.02,112,17.81,4,39,7.1030908765128435,0,0,0,-4782.9200000019755,0.5199999980241046,0.5506058446186742
0.02,113,3.36,0,14,3.3720023724784056,39,39,39,-5096.380000002591,-2.5911504053510725e-09,0.5484675694939416
0.02,114,5.47,0,34,5.411940502259795,22,22,22,-5154.220000002388,-2.3874235921539366e-09,0.5689593727726301
0.02,115,10.98,0,26,5.917736053593468,7,7,7,-5044.780000002321,-2.321030478924513e-09,0.5671774768353528
0.02,116,9.45,0,34,6.5717197140474575,10,10,10,-4775.080000002184,-2.1836967789568007e-09,0.5445473984319316
0.02,117,1.65,0,9,2.342541355024496,61,61,61,-5299.360000003019,-3.0195224098861217e-09,0.5514967925873129
0.02,118,14.07,3,42,7.6553967891938814,0,0,0,-4863.960000002073,0.35999999792693416,0.5582679971489665
0.02,119,2.56,0,14,3.1506189868024346,49,49,49,-5153.740000002749,-2.749402483459562e-09,0.5573770491803278
0.02,120,3.59,0,19,3.7949835309260567,37,37,37,-5128.280000002625,-2.624801709316671e-09,0.5514967925873129
0.02,121,0.89,0,10,2.1582168565739637,83,83,83,-5445.840000002995,-2.9949660529382527e-09,0.5627227369921597
0.02,122,2.58,0,23,3.5501549261968837,51,51,51,-5106.780000002757,-2.7575879357755184e-09,0.5509622238061297
0.02,123,10.17,0,31,6.606141082356628,6,6,6,-4926.380000002311,-2.3110260372050107e-09,0.5575552387740556
0.02,124,8.34,0,27,6.163148545994977,16,16,16,-4782.560000002319,-2.318301994819194e-09,0.5359942979330007
0.02,125,10.04,0,35,6.878837111023927,11,11,11,-4934.26000000225,-2.2500898921862245e-09,0.5573770491803278
0.02,126,3.66,0,18,4.41637860695842,45,45,45,-5274.76000000264,-2.6393536245450377e-09,0.5611190306486101
0.02,127,10.65,0,28,5.41548705104167,3,3,3,-5112.520000002443,-2.4429027689620852e-09,0.5584461867426942
0.02,128,4.4,0,21,4.456455991031438,37,37,37,-5197.160000002751,-2.751221472863108e-09,0.5612972202423379
0.02,129,7.58,0,22,4.722668737059586,11,11,11,-4934.880000002218,-2.218257577624172e-09,0.5636136849607983
0.02,130,3.31,0,13,3.2115261169730505,38,38,38,-4999.420000002479,-2.4792825570330024e-09,0.5504276550249465
0.02,131,9.56,0,25,5.826353919905656,5,5,5,-4868.760000002248,-2.2473614080809057e-09,0.5529223093371347
0.02,132,6.88,0,23,5.250295229794226,18,18,18,-4919.100000002268,-2.26737029151991e-09,0.5452601568068425
0.02,133,1.53,0,9,2.317131847780786,64,64,64,-5192.480000002751,-2.751221472863108e-09,0.5531004989308624
0.02,134,3.79,0,18,3.8943420496920913,37,37,37,-4960.0800000025065,-2.5065673980861902e-09,0.5406272273699216
0.02,135,6.86,0,24,5.097097213120425,17,17,17,-5098.700000002524,-2.523847797419876e-09,0.5604062722736992
0.02,136,9.18,0,22,5.555861769338759,7,7,7,-5003.38000000219,-2.190063241869211e-09,0.556664290805417
0.02,137,4.18,0,17,3.7453437759436716,28,28,28,-5042.760000002514,-2.5138433557003736e-09,0.5525659301496793
0.02,138,0.58,0,11,1.7156922801015337,88,88,88,-5424.380000003014,-3.014065441675484e-09,0.5611190306486101
0.02,139,5.57,0,21,4.528255734827705,18,18,18,-5126.000000002477,-2.4765540729276836e-09,0.567712045616536
0.02,140,7.45,0,19,4.238808794932841,7,7,7,-4981.360000002456,-2.456545189488679e-09,0.5571988595866001
0.02,141,3.97,0,17,3.899884613677692,33,33,33,-5043.700000002484,-2.483830030541867e-09,0.5584461867426942
0.02,142,9.69,0,30,5.967738265038104,7,7,7,-4941.440000002273,-2.2737367544323206e-09,0.5568424803991446
0.02,143,1.42,0,9,2.1687784580265457,65,65,65,-5236.260000002925,-2.9249349609017372e-09,0.5481111903064861
0.02,144,0.41,0,6,1.209090567327361,89,89,89,-5331.960000003084,-3.0840965337119997e-09,0.5548823948681397
0.02,145,10.7,0,29,6.640030120413612,8,8,8,-4927.720000002248,-2.2473614080809057e-09,0.5637918745545261
0.02,146,5.69,0,24,5.025325860081114,26,26,26,-5203.460000002475,-2.4747350835241377e-09,0.5639700641482538
0.02,147,12.62,0,32,7.529648066144924,5,5,5,-4932.440000002043,-2.0436345948837698e-09,0.5591589451176051
0.02,148,3.93,0,15,3.886528013535989,35,35,35,-5085.24000000243,-2.4301698431372643e-09,0.556664290805417
0.02,149,0.53,0,10,1.627605603332699,88,88,88,-5169.780000002729,-2.7293936000205576e-09,0.5550605844618675
0.02,150,4.51,0,16,3.656487385456156,24,24,24,-5146.560000002596,-2.595697878859937e-09,0.5612972202423379
0.02,151,1.92,0,12,2.512687803926305,56,56,56,-5220.360000002847,-2.8476279112510383e-09,0.5550605844618675
0.02,152,12.82,0,32,7.248972340959786,5,5,5,-4724.620000001962,-1.9617800717242062e-09,0.5520313613684961
0.02,153,1.8,0,12,2.785677655436824,65,65,65,-5194.8800000027095,-2.7093847165815532e-09,0.5541696364932288
0.02,154,12.74,0,34,7.263084744101503,4,4,4,-4818.640000002015,-2.014530764427036e-09,0.546863863150392
0.02,155,3.54,0,18,3.7132734884465486,37,37,37,-5154.8000000025795,-2.5793269742280245e-09,0.5563079116179616
0.02,156,10.01,0,27,6.614370718367696,9,9,9,-4913.980000002155,-2.15550244320184e-09,0.5504276550249465
0.02,157,10.03,0,30,5.781790380150425,1,1,1,-5020.780000002349,-2.3492248146794736e-09,0.5518531717747683
0.02,158,5.4,0,17,4.014971979976947,19,19,19,-5047.160000002535,-2.534761733841151e-09,0.5559515324305061
0.02,159,15.01,0,35,7.342336140493705,1,1,1,-4885.920000002079,-2.079104888252914e-09,0.5538132573057734
0.02,160,5.25,0,22,4.684815898197068,29,29,29,-5048.2600000024995,-2.499291440472007e-09,0.5534568781183179
0.02,161,5.04,0,19,4.338017980598973,24,24,24,-5037.120000002567,-2.5675035431049764e-09,0.552744119743407
0.02,162,11.08,0,36,7.207884571772776,9,9,9,-4800.90000000211,-2.1100277081131935e-09,0.5548823948681397
0.02,163,13.1,0,40,7.3966208500909385,2,2,2,-4951.640000002151,-2.1509549696929753e-09,0.5522095509622238
0.02,164,5.19,0,36,5.859513631693333,38,38,38,-5230.700000002707,-2.7075657271780074e-09,0.5600498930862438
0.02,165,5.81,0,18,4.502654772464796,17,17,17,-5044.080000002474,-2.473825588822365e-09,0.5645046329294369
0.02,166,14.89,4,35,6.054576781245737,0,0,0,-4809.200000002146,0.5199999978540291,0.5538132573057734
0.02,167,13.15,0,39,7.068769341264432,2,2,2,-4805.740000002234,-2.2346284822560847e-09,0.5425873129009265
0.02,168,13.34,0,46,8.18073346344935,5,5,5,-4835.5800000021845,-2.1846062736585736e-09,0.5502494654312188
0.02,169,0.77,0,6,1.4618823482072694,77,77,77,-5164.260000002731,-2.7312125894241035e-09,0.5532786885245902
0.02,170,7.83,0,25,5.359207030895522,10,10,10,-4959.16000000226,-2.2600943339057267e-09,0.550784034212402
0.02,171,7.96,0,23,5.522535649500146,14,14,14,-5064.88000000238,-2.380147634539753e-09,0.5543478260869565
0.02,172,10.0,0,27,6.131883886702357,9,9,9,-4910.600000002091,-2.090928319375962e-09,0.554704205274412
0.02,173,13.72,0,31,6.8484742826413525,1,1,1,-4793.840000002212,-2.2118911147117615e-09,0.5427655024946543
0.02,174,14.7,0,33,7.338255923582933,1,1,1,-4880.580000002216,-2.216438588220626e-09,0.5541696364932288
0.02,175,6.77,0,20,4.738892275627291,13,13,13,-5060.680000002579,-2.5784174795262516e-09,0.5518531717747683
0.02,176,5.0,0,20,4.545327270945404,31,31,31,-5140.020000002406,-2.405613486189395e-09,0.5636136849607983
0.02,177,10.02,0,34,7.218005264614316,9,9,9,-4950.400000002311,-2.3110260372050107e-09,0.5584461867426942
0.02,178,9.76,0,24,5.4829189306426915,3,3,3,-5016.820000002227,-2.2273525246419013e-09,0.5605844618674269
0.02,179,4.25,0,16,3.734635189680513,28,28,28,-5223.100000002749,-2.748492988757789e-09,0.5559515324305061
0.02,180,10.06,0,28,6.427783443769711,9,9,9,-4953.60000000219,-2.190063241869211e-09,0.5609408410548824
0.02,181,10.07,0,37,6.639661135931562,7,7,7,-5013.42000000231,-2.3101165425032377e-09,0.5596935138987883
0.02,182,5.53,0,23,5.292362421452257,27,27,27,-5025.480000002421,-2.421074896119535e-09,0.5539914468995011
0.02,183,2.31,0,9,2.3609108411797344,43,43,43,-5078.300000002377,-2.3765096557326615e-09,0.5646828225231646
0.02,184,13.03,0,30,6.422546224045414,1,1,1,-4897.160000002184,-2.1836967789568007e-09,0.5536350677120456
0.02,185,6.35,0,23,5.093868863643822,17,17,17,-5116.980000002628,-2.6284396881237626e-09,0.562544547398432
0.02,186,2.34,0,11,3.0861626658360053,55,55,55,-5076.380000002648,-2.647539076860994e-09,0.5555951532430506
0.02,187,0.12,0,8,0.8863407922464136,98,98,98,-5683.000000003082,-3.082277544308454e-09,0.550784034212402
0.02,188,8.74,0,30,5.959228137938671,11,11,11,-5041.360000002263,-2.2637323127128184e-09,0.5545260156806843
0.02,189,7.33,0,19,4.554239782883637,8,8,8,-5126.240000002476,-2.4765540729276836e-09,0.5548823948681397
0.02,190,5.19,0,21,4.555644850073368,22,22,22,-4880.700000002402,-2.4019755073823035e-09,0.5491803278688525
0.02,191,8.73,0,22,5.449504564637046,7,7,7,-4949.9400000024925,-2.4920154828578234e-09,0.550784034212402
0.02,192,8.92,0,26,5.166584945590269,5,5,5,-4744.380000002275,-2.2746462491340935e-09,0.5375980042765502
0.02,193,13.31,0,33,6.658370671568233,1,1,1,-4893.640000002212,-2.2118911147117615e-09,0.5495367070563079
0.02,194,12.41,0,31,6.505528418199401,1,1,1,-5023.340000002177,-2.1764208213426173e-09,0.5634354953670706
0.02,195,5.79,0,17,3.9148307753975775,14,14,14,-5028.420000002299,-2.2992026060819626e-09,0.5602280826799715
0.02,196,13.19,0,29,6.123226273787373,1,1,1,-4927.440000002221,-2.2209860617294908e-09,0.5477548111190307
0.02,197,8.87,0,21,5.23957059309253,5,5,5,-4938.400000002303,-2.3037500795908272e-09,0.5504276550249465
0.02,198,8.9,0,24,5.223983154643591,6,6,6,-5077.080000002221,-2.2209860617294908e-09,0.5675338560228083
0.02,199,4.18,0,16,3.9455798053011164,33,33,33,-5184.900000002753,-2.7530404622666538e-09,0.5538132573057734
0.02,200,7.8,0,23,5.385164807134503,8,8,8,-5063.700000002421,-2.421074896119535e-09,0.5593371347113328
0.02,201,5.59,0,18,4.3499310339360555,21,21,21,-4989.600000002351,-2.3510438040830195e-09,0.5541696364932288
0.02,202,7.98,0,31,6.431142977729542,15,15,15,-5054.820000002449,-2.4492692318744957e-09,0.5614754098360656
0.02,203,4.75,0,15,3.6259481518631786,21,21,21,-5133.8200000024,-2.4001565179787576e-09,0.5609408410548824
0.02,204,2.86,0,12,3.3106494831075066,46,46,46,-5252.6800000027515,-2.751221472863108e-09,0.5604062722736992
0.02,205,17.16,0,37,8.10644188284848,1,1,1,-4829.360000002061,-2.0609149942174554e-09,0.5561297220242338
0.02,206,6.01,0,18,4.733909589335225,25,25,25,-4982.08000000247,-2.470187610015273e-09,0.5545260156806843
0.02,207,2.77,0,14,3.1649802527030086,47,47,47,-5155.5200000025425,-2.5420376914553344e-09,0.5680684248039914
0.02,208,4.46,0,16,4.257745882506376,33,33,33,-5022.220000002345,-2.344677341170609e-09,0.5639700641482538
0.02,209,7.87,0,31,5.518432748525617,10,10,10,-4972.640000002085,-2.0845618564635515e-09,0.556664290805417
0.02,210,13.73,0,33,7.205352177374816,1,1,1,-4924.200000001943,-1.9435901776887476e-09,0.5653955808980755
0.02,211,8.11,0,24,5.371954951412009,7,7,7,-4937.300000002234,-2.2337189875543118e-09,0.5552387740555952
0.02,212,7.63,0,32,6.026035180780145,17,17,17,-5065.280000002383,-2.382876118645072e-09,0.562544547398432
0.02,213,9.93,0,29,6.150211378481231,5,5,5,-4904.940000002118,-2.11821316042915e-09,0.5564861012116893
0.02,214,5.86,0,21,4.921422558569828,17,17,17,-5188.980000002575,-2.5756889954209328e-09,0.5568424803991446
0.02,215,8.21,0,21,5.441130397261216,10,10,10,-5062.720000002419,-2.418346412014216e-09,0.5529223093371347
0.02,216,1.93,0,18,2.9841414175605014,61,61,61,-5230.720000002749,-2.748492988757789e-09,0.5552387740555952
0.02,217,8.1,0,22,5.090186637049765,10,10,10,-4841.820000002162,-2.1618689061142504e-09,0.5477548111190307
0.02,218,4.89,0,22,4.251811378694967,25,25,25,-5023.260000002509,-2.508386387489736e-09,0.5520313613684961
0.02,219,13.39,0,29,6.215939188891731,2,2,2,-5063.900000002286,-2.2864696802571416e-09,0.562544547398432
0.02,220,8.23,0,27,5.458671999671715,12,12,12,-4906.400000002192,-2.19279172597453e-09,0.5577334283677833
0.02,221,8.33,0,23,5.259382092983928,9,9,9,-4926.880000002375,-2.3746906663291156e-09,0.5538132573057734
0.02,222,0.74,0,8,1.659035864591239,81,81,81,-5397.000000002944,-2.9440343496389687e-09,0.5648610121168923
0.02,223,11.5,0,24,5.86770824087224,3,3,3,-4918.920000002204,-2.203705662395805e-09,0.5557733428367784
0.02,224,6.79,0,26,4.889366012071504,15,15,15,-4913.900000002162,-2.1627784008160233e-09,0.5588025659301497
0.02,225,9.3,0,23,5.246903848937962,2,2,2,-4995.320000002299,-2.2992026060819626e-09,0.5575552387740556
0.02,226,13.27,0,34,6.896165601259878,2,2,2,-4786.00000000199,-1.989974407479167e-09,0.5531004989308624
0.02,227,6.12,0,20,5.105448070443964,23,23,23,-5112.700000002458,-2.458364178892225e-09,0.5609408410548824
0.02,228,1.55,0,10,2.273213584333861,63,63,63,-5153.760000002626,-2.625711204018444e-09,0.5661083392729864
0.02,229,4.14,0,15,3.8859233137055087,33,33,33,-5030.020000002524,-2.523847797419876e-09,0.5491803278688525
0.02,230,6.9,0,23,5.330103188494571,18,18,18,-5001.160000002331,-2.331034920644015e-09,0.5573770491803278
0.02,231,5.9,0,22,4.519955751995809,15,15,15,-4935.380000002401,-2.4010660126805305e-09,0.5381325730577334
0.02,232,1.88,0,14,2.530928683309745,54,54,54,-5080.02000000245,-2.4492692318744957e-09,0.5602280826799715
0.02,233,6.98,0,21,5.095056427557991,13,13,13,-4969.360000002322,-2.3219399736262858e-09,0.5511404133998574
0.02,234,0.3,0,5,1.118033988749895,93,93,93,-5198.740000002859,-2.8594513423740864e-09,0.5463292943692089
0.02,235,11.15,0,24,5.58994633247941,2,2,2,-4891.540000002135,-2.1345840650610626e-09,0.5531004989308624
0.02,236,0.54,0,10,1.785609139761555,90,90,90,-5096.380000002631,-2.6311681722290814e-09,0.5568424803991446
0.02,237,2.99,0,19,3.448173429513081,46,46,46,-5221.500000002899,-2.8985596145503223e-09,0.5514967925873129
0.02,238,6.47,0,23,4.863034032371149,15,15,15,-4968.360000002317,-2.317392500117421e-09,0.5525659301496793
0.02,239,9.3,0,28,5.965735495309862,10,10,10,-4885.540000002147,-2.1473169908858836e-09,0.5466856735566643
0.02,240,4.51,0,20,4.596727096532923,34,34,34,-5105.140000002435,-2.434717316646129e-09,0.5525659301496793
0.02,241,4.75,0,21,4.443815927780988,28,28,28,-5075.560000002508,-2.507476892787963e-09,0.5564861012116893
0.02,242,6.95,0,26,5.150485414016819,12,12,12,-5054.960000002269,-2.269189280923456e-09,0.5561297220242338
0.02,243,6.9,0,24,5.050742519669756,15,15,15,-4927.820000002231,-2.230990503448993e-09,0.5516749821810406
0.02,244,6.21,0,25,5.376420742464265,20,20,20,-5003.560000002356,-2.355591277591884e-09,0.5561297220242338
0.02,245,18.26,3,40,7.780257065161793,0,0,0,-4955.400000002135,0.43999999786501576,0.5570206699928724
0.02,246,6.75,0,21,4.926205436235886,21,21,21,-5021.620000002373,-2.3728716769255698e-09,0.5573770491803278
0.02,247,11.26,0,28,6.424359890292573,2,2,2,-4844.780000002041,-2.040906110778451e-09,0.5595153243050606
0.02,248,2.62,0,17,3.183645708931821,46,46,46,-5207.280000002784,-2.7839632821269333e-09,0.5506058446186742
0.02,249,13.57,0,35,6.997506698817801,2,2,2,-4852.400000002219,-2.219167072325945e-09,0.5482893799002139
0.02,250,1.49,0,12,2.368522746354782,66,66,66,-5255.560000002994,-2.993147063534707e-09,0.5550605844618675
0.02,251,5.0,0,16,4.1400483088968905,23,23,23,-5124.760000002597,-2.59660737356171e-09,0.5602280826799715
0.02,252,3.48,0,18,3.650972473191218,37,37,37,-5216.12000000282,-2.8203430701978505e-09,0.5630791161796151
0.02,253,4.14,0,16,4.261502082599514,38,38,38,-5198.280000002773,-2.773049345705658e-09,0.5616535994297933
0.02,254,10.22,0,35,6.2202572294078005,3,3,3,-4845.180000002211,-2.2109816200099885e-09,0.544903777619387
0.02,255,6.46,0,22,4.708333038348073,13,13,13,-4938.880000002271,-2.271008270327002e-09,0.5575552387740556
0.02,256,9.77,0,29,6.415379957570713,5,5,5,-5010.940000002154,-2.154592948500067e-09,0.5646828225231646
0.02,257,7.61,0,29,5.384969823499477,9,9,9,-4935.360000002389,-2.3892425815574825e-09,0.5548823948681397
0.02,258,5.21,0,23,5.006585662904411,23,23,23,-4958.180000002544,-2.5438566808588803e-09,0.5506058446186742
0.02,259,5.99,0,21,4.633562344460254,17,17,17,-4937.860000002501,-2.5011104298755527e-09,0.550071275837491
0.02,260,5.61,0,24,4.7093417799093755,20,20,20,-5139.020000002679,-2.6784618967212737e-09,0.5577334283677833
0.02,261,9.7,0,22,5.56506963119061,6,6,6,-4922.980000002163,-2.1636878955177963e-09,0.5545260156806843
0.02,262,4.85,0,18,3.9379563227643852,23,23,23,-5174.840000002638,-2.637534635141492e-09,0.5611190306486101
0.02,263,11.29,0,30,6.5883154144287905,3,3,3,-5060.180000002114,-2.1136656869202852e-09,0.5671774768353528
0.02,264,7.51,0,23,5.066547147713125,12,12,12,-4923.740000002174,-2.1746018319390714e-09,0.5520313613684961
0.02,265,8.78,0,30,6.296951643454157,12,12,12,-4822.860000002169,-2.169144863728434e-09,0.5497148966500356
0.02,266,2.2,0,16,3.1559467676119,57,57,57,-5294.06000000275,-2.749402483459562e-09,0.5641482537419815
0.02,267,7.2,0,23,5.0,10,10,10,-4932.6200000022845,-2.2846506908535957e-09,0.5523877405559515
0.02,268,7.6,0,21,5.081338406365,9,9,9,-4947.260000002356,-2.355591277591884e-09,0.5532786885245902
0.02,269,10.5,0,37,6.655073252789935,6,6,6,-4858.360000002058,-2.0581865101121366e-09,0.5534568781183179
0.02,270,7.98,0,25,5.422139799009243,10,10,10,-5155.340000002661,-2.661181497387588e-09,0.5604062722736992
0.02,271,5.34,0,20,4.537003416353133,22,22,22,-4922.260000002301,-2.3010215954855084e-09,0.5497148966500356
0.02,272,16.53,3,43,8.224907294310373,0,0,0,-4787.220000002002,0.3799999979983113,0.5454383464005702
0.02,273,9.06,0,32,5.049396003483981,5,5,5,-4987.880000002274,-2.2737367544323206e-09,0.5543478260869565
0.02,274,12.55,0,28,5.303536555921906,1,1,1,-4937.560000002174,-2.1736923372372985e-09,0.5563079116179616
0.02,275,18.27,0,42,8.578875217649456,3,3,3,-4871.660000002107,-2.1072992240078747e-09,0.5511404133998574
0.02,276,3.93,0,21,4.072480816406629,39,39,39,-5122.960000002586,-2.585693437140435e-09,0.5514967925873129
0.02,277,7.31,0,28,5.3323447000358115,15,15,15,-5025.780000002451,-2.4510882212780416e-09,0.5595153243050606
0.02,278,13.17,0,29,6.395396782061297,2,2,2,-4786.960000002131,-2.130946086253971e-09,0.5523877405559515
0.02,279,15.05,0,37,7.144753319744496,1,1,1,-4845.780000002074,-2.0745574147440493e-09,0.5511404133998574
0.02,280,2.95,0,10,2.772634126602354,37,37,37,-5139.740000002559,-2.55931809078902e-09,0.5534568781183179
0.02,281,13.66,0,39,7.950119495957278,1,1,1,-4879.520000002141,-2.140950527973473e-09,0.5495367070563079
0.02,282,4.52,0,15,3.6289943510565017,24,24,24,-5179.1600000025555,-2.5556801119819283e-09,0.5637918745545261
0.02,283,5.46,0,20,4.663517985383995,21,21,21,-5063.020000002506,-2.5056579033844173e-09,0.562544547398432
0.02,284,0.03,0,3,0.29849623113198603,99,99,99,-5398.600000002986,-2.9858711059205234e-09,0.5491803278688525
0.02,285,8.06,0,22,6.009692171817123,13,13,13,-5001.220000002113,-2.1127561922185123e-09,0.5611190306486101
0.02,286,0.37,0,4,1.0065286881157436,88,88,88,-5343.980000002817,-2.8176145860925317e-09,0.5668210976478973
0.02,287,2.07,0,14,3.0174658241643764,61,61,61,-5168.580000002698,-2.698470780160278e-09,0.5532786885245902
0.02,288,7.28,0,25,5.481021802547404,14,14,14,-4927.320000002154,-2.154592948500067e-09,0.5559515324305061
0.02,289,0.33,0,6,1.0959470790143109,91,91,91,-5315.220000002845,-2.8448994271457195e-09,0.5707412687099074
0.02,290,9.29,0,34,6.63520157945484,7,7,7,-4846.740000002192,-2.191882231272757e-09,0.5555951532430506
0.02,291,4.6,0,14,3.88329756778952,28,28,28,-5065.360000002465,-2.4656401365064085e-09,0.5568424803991446
0.02,292,3.16,0,18,3.807151165898197,46,46,46,-5059.040000002584,-2.583874447736889e-09,0.5479330007127584
0.02,293,1.35,0,11,2.2907422377910613,69,69,69,-5291.440000002972,-2.9713191906921566e-09,0.5541696364932288
0.02,294,5.53,0,18,4.385099770814799,19,19,19,-4940.080000002269,-2.269189280923456e-09,0.5612972202423379
0.02,295,1.6,0,12,2.5019992006393608,63,63,63,-5169.420000002781,-2.7812347980216146e-09,0.5506058446186742
0.02,296,9.14,0,23,5.971632942504085,12,12,12,-4851.540000002055,-2.055458026006818e-09,0.562544547398432
0.02,297,3.17,0,18,3.7418043775697307,43,43,43,-5220.9600000026685,-2.6684574550017715e-09,0.5612972202423379
0.02,298,11.04,0,29,6.338643387981375,4,4,4,-4844.22000000217,-2.1700543584302068e-09,0.5497148966500356
0.02,299,7.21,0,24,5.0602272676234605,10,10,10,-4840.780000002258,-2.258275344502181e-09,0.550784034212402
0.02,300,4.99,0,20,4.622758916491319,28,28,28,-5211.880000002725,-2.724846126511693e-09,0.5616535994297933
0.02,301,2.71,0,12,2.9027400848164135,44,44,44,-5133.580000002674,-2.673914423212409e-09,0.5541696364932288
0.02,302,10.76,0,31,6.3499921259793695,4,4,4,-4916.04000000224,-2.2400854504667222e-09,0.5588025659301497
0.02,303,7.64,0,29,5.947301909269447,17,17,17,-5126.8600000025,-2.5002009351737797e-09,0.5570206699928724
0.02,304,6.08,0,28,4.8532051265117575,16,16,16,-4936.560000002282,-2.281922206748277e-09,0.5548823948681397
0.02,305,3.79,0,14,3.5701400532752214,32,32,32,-5131.400000002654,-2.6548150344751775e-09,0.5561297220242338
0.02,306,16.07,0,32,7.531606734289836,4,4,4,-4767.920000002029,-2.029082679655403e-09,0.5447255880256593
0.02,307,11.64,0,30,5.905116425609236,1,1,1,-4930.7000000022545,-2.254637365695089e-09,0.5529223093371347
0.02,308,4.72,0,32,5.03205723337881,33,33,33,-5010.560000002544,-2.5438566808588803e-09,0.5548823948681397
0.02,309,13.36,0,33,6.0191693779125375,1,1,1,-4858.060000002133,-2.1327650756575167e-09,0.552744119743407
0.02,310,6.18,0,21,4.537356058322953,15,15,15,-5082.880000002419,-2.419255906715989e-09,0.5637918745545261
0.02,311,3.25,0,14,3.404041715373065,40,40,40,-5096.260000002591,-2.5911504053510725e-09,0.5571988595866001
0.02,312,12.24,0,29,7.064163078525297,6,6,6,-4866.5200000020905,-2.090018824674189e-09,0.5586243763364219
0.02,313,9.41,0,29,6.25475019485191,5,5,5,-4892.200000002109,-2.1091182134114206e-09,0.552744119743407
0.02,314,2.91,0,12,3.175200781053066,46,46,46,-5147.280000002746,-2.7466739993542433e-09,0.5561297220242338
0.02,315,7.99,0,30,5.650654829309608,11,11,11,-5092.280000002318,-2.318301994819194e-09,0.5602280826799715
0.02,316,14.19,0,35,7.217610407884315,2,2,2,-4987.260000002239,-2.2391759557649493e-09,0.5588025659301497
0.02,317,5.11,0,17,3.924015800172064,22,22,22,-5194.840000002625,-2.624801709316671e-09,0.56503920171062
0.02,318,5.77,0,21,4.610542267456183,18,18,18,-5066.860000002484,-2.48473952524364e-09,0.5623663578047042
0.02,319,4.93,0,19,3.891670592431996,23,23,23,-4964.180000002464,-2.4638211471028626e-09,0.5589807555238774
0.02,320,0.24,0,3,0.8138795979750321,92,92,92,-5690.96000000304,-3.039531293325126e-09,0.557911617961511
0.02,321,8.84,0,33,6.722678037806064,13,13,13,-4986.540000002353,-2.3528627934865654e-09,0.5563079116179616
0.02,322,4.07,0,16,4.461513196214934,40,40,40,-4907.720000002358,-2.35741026699543e-09,0.5554169636493229
0.02,323,4.41,0,20,4.113623706660588,29,29,29,-4952.460000002432,-2.43198883254081e-09,0.5516749821810406
0.02,324,0.42,0,5,1.1061645447219868,87,87,87,-5162.780000002751,-2.751221472863108e-09,0.5532786885245902
0.02,325,6.81,0,17,4.5971621681206765,11,11,11,-4897.9200000023275,-2.3273969418369234e-09,0.5509622238061297
0.02,326,22.86,3,49,10.231343997735587,0,0,0,-4800.500000002076,0.4399999979232234,0.5586243763364219
0.02,327,8.91,0,30,6.136929199526421,11,11,11,-4787.900000002123,-2.1236701286397874e-09,0.5470420527441198
0.02,328,9.93,0,27,6.247007283491832,4,4,4,-5018.680000002399,-2.3983375285752118e-09,0.5571988595866001
0.02,329,7.38,0,25,5.839143772848892,23,23,23,-5122.540000002484,-2.483830030541867e-09,0.5614754098360656
0.02,330,3.39,0,16,3.417294251304678,37,37,37,-5024.340000002544,-2.5438566808588803e-09,0.550071275837491
0.02,331,2.35,0,11,2.761792895928295,48,48,48,-5264.420000002939,-2.938577381428331e-09,0.5525659301496793
0.02,332,10.43,0,29,6.612495746690504,6,6,6,-4957.860000002226,-2.2264430299401283e-09,0.5545260156806843
0.02,333,4.9,0,17,4.712748667179271,34,34,34,-5184.860000002652,-2.6520865503698587e-09,0.5593371347113328
0.02,334,10.8,0,27,6.852736679604726,7,7,7,-5134.340000002363,-2.3628672352060676e-09,0.5630791161796151
0.02,335,7.18,0,24,5.884522070652807,18,18,18,-4981.600000002395,-2.39469954976812e-09,0.5568424803991446
0.02,336,7.7,0,25,5.3188344587888805,12,12,12,-4880.84000000234,-2.3401298676617444e-09,0.5518531717747683
0.02,337,5.54,0,20,4.37131559144384,21,21,21,-5149.620000002661,-2.661181497387588e-09,0.5561297220242338
0.02,338,1.49,0,9,2.0760298649104256,60,60,60,-5211.940000002784,-2.7830537874251604e-09,0.5557733428367784
0.02,339,1.31,0,8,2.0624984848479286,68,68,68,-5003.400000002488,-2.4883775040507317e-09,0.5525659301496793
0.02,340,0.41,0,4,1.1233432244866213,88,88,88,-5284.580000003064,-3.0640876502729952e-09,0.5450819672131147
0.02,341,3.96,0,17,3.8959466115438492,35,35,35,-5113.740000002594,-2.5938788894563913e-09,0.5491803278688525
0.02,342,12.26,0,30,6.910311136265863,3,3,3,-4737.520000002198,-2.1973391994833946e-09,0.5420527441197434
0.02,343,13.11,0,40,6.8438220315843985,3,3,3,-4857.580000002148,-2.1482264855876565e-09,0.5484675694939416
0.02,344,5.58,0,18,4.2123152778489885,17,17,17,-5119.820000002621,-2.621163730509579e-09,0.5561297220242338
0.02,345,2.3,0,12,2.9916550603303182,53,53,53,-5221.9600000028395,-2.839442458935082e-09,0.5543478260869565
0.02,346,3.46,0,12,2.9746260269149802,30,30,30,-5299.540000002675,-2.674823917914182e-09,0.5682466143977192
0.02,347,1.31,0,14,2.5717503766889975,73,73,73,-5000.980000002458,-2.458364178892225e-09,0.5532786885245902
0.02,348,9.66,0,26,5.970293125132132,4,4,4,-4873.560000002205,-2.204615157097578e-09,0.5538132573057734
0.02,349,9.2,0,27,5.429548784199292,6,6,6,-5098.160000002545,-2.5447661755606532e-09,0.5497148966500356
0.02,350,15.51,0,40,7.946691135309086,2,2,2,-4763.320000002078,-2.078195393551141e-09,0.5381325730577334
0.02,351,2.59,0,11,2.7279846040621276,42,42,42,-5106.360000002572,-2.572051016613841e-09,0.5557733428367784
0.02,352,6.96,0,21,5.308333071690208,19,19,19,-4858.940000002228,-2.2273525246419013e-09,0.550071275837491
0.02,353,6.57,0,17,4.4457957667891135,9,9,9,-5078.380000002488,-2.4874680093489587e-09,0.5532786885245902
0.02,354,6.74,0,20,4.795039103073092,15,15,15,-4890.580000002392,-2.3919710656628013e-09,0.5561297220242338
0.02,355,2.69,0,12,3.097402137275688,47,47,47,-5195.600000002836,-2.8358044801279902e-09,0.5493585174625801
0.02,356,4.98,0,15,4.022387350815434,24,24,24,-5051.840000002447,-2.446540747769177e-09,0.5557733428367784
0.02,357,10.52,0,30,7.066088026624067,11,11,11,-4973.040000002351,-2.3510438040830195e-09,0.5541696364932288
0.02,358,16.16,0,42,8.614778000621955,5,5,5,-4888.640000002003,-2.002707333303988e-09,0.5506058446186742
0.02,359,11.89,0,29,6.5159726825701165,4,4,4,-4990.700000002265,-2.2655513021163642e-09,0.5588025659301497
0.02,360,2.38,0,12,3.015891244723522,54,54,54,-5342.340000002835,-2.8348949854262173e-09,0.5614754098360656
0.02,361,4.84,0,20,4.795247647410925,31,31,31,-5107.340000002587,-2.586602931842208e-09,0.5595153243050606
0.02,362,22.88,4,41,8.144053045013889,0,0,0,-4856.400000002054,0.7599999979456697,0.5580898075552387
0.02,363,4.64,0,19,4.290734202907469,26,26,26,-4940.240000002253,-2.2528183762915432e-09,0.5520313613684961
0.02,364,13.63,0,30,6.872634138378093,2,2,2,-4993.320000002159,-2.1591404220089316e-09,0.5523877405559515
0.02,365,5.84,0,19,4.27953268476828,13,13,13,-5185.520000002504,-2.5038389139808714e-09,0.5641482537419815
0.02,366,1.53,0,11,2.368353858695951,65,65,65,-5322.860000002969,-2.9695002012886107e-09,0.5529223093371347
0.02,367,11.37,0,28,6.017732130960965,2,2,2,-4945.380000002183,-2.1827872842550278e-09,0.5563079116179616
0.02,368,4.13,0,19,3.740735221851448,27,27,27,-4984.280000002495,-2.495653461664915e-09,0.5506058446186742
0.02,369,5.48,0,18,3.9736129655516277,18,18,18,-5081.540000002548,-2.548404154367745e-09,0.5600498930862438
0.02,370,5.58,0,17,4.600391287705862,21,21,21,-4919.940000002413,-2.4128894438035786e-09,0.5511404133998574
0.02,371,0.72,0,6,1.6618062462272791,83,83,83,-5286.5000000029795,-2.979504643008113e-09,0.5552387740555952
0.02,372,4.62,0,13,3.5630885478752843,21,21,21,-4794.30000000235,-2.3501343093812466e-09,0.5379543834640057
0.02,373,6.2,0,23,4.975942121849893,19,19,19,-5014.320000002415,-2.4156179279088974e-09,0.5571988595866001
0.02,374,2.77,0,14,3.2057916339026153,48,48,48,-5239.220000002727,-2.726665115915239e-09,0.5611190306486101
0.02,375,1.45,0,11,2.3510635891017495,66,66,66,-5333.020000002796,-2.7957867132499814e-09,0.5623663578047042
0.02,376,3.37,0,17,3.979082808889506,45,45,45,-5184.480000002696,-2.6966517907567322e-09,0.5529223093371347
0.02,377,3.47,0,25,4.15561066511289,38,38,38,-5021.0600000024615,-2.461092662997544e-09,0.5623663578047042
0.02,378,8.19,0,31,5.785663315472133,8,8,8,-4990.580000002217,-2.217348082922399e-09,0.5568424803991446
0.02,379,2.07,0,11,2.2372080815158877,45,45,45,-5141.120000002787,-2.786691766232252e-09,0.5445473984319316
0.02,380,11.43,0,31,6.912676760850315,4,4,4,-4847.980000002186,-2.1864252630621195e-09,0.5463292943692089
0.02,381,3.23,0,16,3.7758575184982814,44,44,44,-4985.3600000025635,-2.5638655642978847e-09,0.5555951532430506
0.02,382,15.61,0,42,7.692717335246369,1,1,1,-4870.440000001946,-1.9463186617940664e-09,0.5561297220242338
0.02,383,3.01,0,18,3.9761664955079534,50,50,50,-5214.4000000026745,-2.674823917914182e-09,0.5614754098360656
0.02,384,4.44,0,17,3.871227195606065,26,26,26,-5044.000000002551,-2.5511326384730637e-09,0.5514967925873129
0.02,385,5.52,0,15,4.246127647633783,20,20,20,-5022.08000000237,-2.370143192820251e-09,0.5605844618674269
0.02,386,18.65,3,41,7.283371472058802,0,0,0,-4834.800000002015,0.5399999979854329,0.561831789023521
0.02,387,4.93,0,20,3.883954170687394,18,18,18,-5053.50000000268,-2.6802808861248195e-09,0.5529223093371347
0.02,388,6.53,0,25,5.85227306266548,25,25,25,-4923.460000002518,-2.5183908292092383e-09,0.5447255880256593
0.02,389,9.84,0,36,6.5646325106589165,6,6,6,-5056.1600000023145,-2.3146640160121024e-09,0.5659301496792587
0.02,390,3.94,0,16,3.703565849286334,33,33,33,-5153.420000002499,-2.499291440472007e-09,0.5602280826799715
0.02,391,9.05,0,33,6.651879433663843,8,8,8,-4950.4600000023,-2.3001121007837355e-09,0.557911617961511
0.02,392,7.51,0,20,5.233536089490547,14,14,14,-5009.260000002359,-2.359229256398976e-09,0.5634354953670706
0.02,393,11.2,0,32,6.6798203568658945,1,1,1,-4834.2400000021735,-2.1736923372372985e-09,0.5550605844618675
0.02,394,2.45,0,15,3.688834504284517,60,60,60,-5120.880000002731,-2.7312125894241035e-09,0.5482893799002139
0.02,395,6.79,0,22,5.461309366809393,20,20,20,-4904.540000002292,-2.291926648467779e-09,0.550071275837491
0.02,396,7.85,0,24,4.889529629729223,9,9,9,-4975.640000002415,-2.4147084332071245e-09,0.5481111903064861
0.02,397,12.85,0,31,6.6020830046281604,1,1,1,-4863.0800000020845,-2.0845618564635515e-09,0.5538132573057734
0.02,398,5.87,0,19,5.123777903071131,28,28,28,-5045.020000002403,-2.4028850020840764e-09,0.556664290805417
0.02,399,14.89,0,34,7.9710664280258,3,3,3,-4985.620000002166,-2.166416379623115e-09,0.561831789023521
0.02,400,2.95,0,19,3.7506666074179402,52,52,52,-5243.440000002774,-2.773049345705658e-09,0.5531004989308624
0.02,401,6.02,0,21,5.319736835596287,22,22,22,-5042.5000000024875,-2.4874680093489587e-09,0.5532786885245902
0.02,402,12.89,0,29,7.012695630069795,3,3,3,-4881.700000002086,-2.0863808458670974e-09,0.5591589451176051
0.02,403,4.7,0,19,4.435087372307337,29,29,29,-5089.340000002609,-2.608430804684758e-09,0.5588025659301497
0.02,404,6.82,0,20,5.076179665851082,16,16,16,-4839.760000002294,-2.293745637871325e-09,0.5431218816821097
0.02,405,7.65,0,29,5.53782448259242,10,10,10,-4901.960000002265,-2.2646418074145913e-09,0.5488239486813971
0.02,406,5.61,0,20,5.719956293539314,35,35,35,-4917.520000002281,-2.281012712046504e-09,0.5522095509622238
0.02,407,9.57,0,26,5.7589148283335465,6,6,6,-4939.940000002325,-2.3246684577316046e-09,0.5456165359942979
0.02,408,11.07,0,30,6.161582588913339,6,6,6,-4956.820000002148,-2.1482264855876565e-09,0.5570206699928724
0.02,409,7.4,0,22,4.896937818678118,11,11,11,-4982.300000002513,-2.5129338609986007e-09,0.5477548111190307
0.02,410,4.82,0,18,4.264692251499515,26,26,26,-5049.880000002524,-2.523847797419876e-09,0.5523877405559515
0.02,411,5.39,0,20,4.351769754938789,23,23,23,-5002.960000002569,-2.5693225325085223e-09,0.546863863150392
0.02,412,1.34,0,13,2.5267370262850863,72,72,72,-5236.540000002833,-2.8330759960226715e-09,0.5550605844618675
0.02,413,2.22,0,12,2.6327931935493907,51,51,51,-5130.800000002536,-2.535671228542924e-09,0.5548823948681397
0.02,414,9.02,0,21,5.14971843890518,11,11,11,-4977.260000002255,-2.254637365695089e-09,0.5596935138987883
0.02,415,18.05,0,43,8.458575530194194,1,1,1,-4778.880000001968,-1.9681465346366167e-09,0.5532786885245902
0.02,416,8.08,0,29,5.844108144105481,11,11,11,-4983.000000002364,-2.3637767299078405e-09,0.5577334283677833
0.02,417,4.83,0,15,3.9574107696826215,28,28,28,-5056.540000002484,-2.483830030541867e-09,0.5561297220242338
0.02,418,5.82,0,25,5.6716487902549115,29,29,29,-5044.900000002449,-2.4492692318744957e-09,0.5563079116179616
0.02,419,3.95,0,15,3.9226904032819108,36,36,36,-5172.460000002556,-2.5556801119819283e-09,0.5721667854597291
0.02,420,2.79,0,16,3.4591762025083375,47,47,47,-5106.620000002517,-2.5174813345074654e-09,0.5557733428367784
0.02,421,4.86,0,15,4.352056984921038,32,32,32,-5048.600000002399,-2.3983375285752118e-09,0.5621881682109765
0.02,422,1.13,0,7,2.1617354139672136,78,78,78,-5128.960000002631,-2.6311681722290814e-09,0.5520313613684961
0.02,423,4.13,0,13,3.2362169272160974,25,25,25,-5337.500000002765,-2.764863893389702e-09,0.5689593727726301
0.02,424,8.28,0,26,4.937772777275196,9,9,9,-4891.760000002308,-2.307388058397919e-09,0.5493585174625801
0.02,425,13.06,0,54,8.750794249666713,5,5,5,-4870.3600000021415,-2.141860022675246e-09,0.5543478260869565
0.02,426,6.8,0,19,5.199999999999999,18,18,18,-4902.6600000023245,-2.3246684577316046e-09,0.5466856735566643
0.02,427,4.59,0,18,4.079448492137141,25,25,25,-5048.040000002559,-2.55931809078902e-09,0.5580898075552387
0.02,428,2.77,0,15,3.2858940944589192,47,47,47,-5142.94000000265,-2.64935806626454e-09,0.5605844618674269
0.02,429,8.04,0,25,4.906974628016737,3,3,3,-5012.82000000246,-2.460183168295771e-09,0.5561297220242338
0.02,430,14.03,0,41,8.16633944922693,3,3,3,-4799.240000002147,-2.1473169908858836e-09,0.5559515324305061
0.02,431,3.72,0,22,4.541101188037985,45,45,45,-5161.000000002719,-2.7193891583010554e-09,0.5511404133998574
0.02,432,10.79,0,40,7.956500487023174,11,11,11,-4929.02000000225,-2.2491803974844515e-09,0.5538132573057734
0.02,433,4.78,0,20,4.013925759153998,26,26,26,-5069.960000002532,-2.5320332497358322e-09,0.5614754098360656
0.02,434,5.35,0,18,4.191360161093294,21,21,21,-5080.320000002575,-2.5756889954209328e-09,0.5488239486813971
0.02,435,8.33,0,27,5.746398872337354,10,10,10,-4984.480000002373,-2.3737811716273427e-09,0.5470420527441198
0.02,436,5.59,0,19,4.98215816689916,30,30,30,-5113.680000002371,-2.371052687522024e-09,0.5671774768353528
0.02,437,10.46,0,32,6.78884378963016,9,9,9,-4945.100000002288,-2.2873791749589145e-09,0.5602280826799715
0.02,438,11.83,0,29,6.53919719843346,5,5,5,-4911.140000002352,-2.3519532987847924e-09,0.5514967925873129
0.02,439,3.08,0,15,3.8410415254198957,51,51,51,-5125.340000002667,-2.6666384655982256e-09,0.5548823948681397
0.02,440,9.62,0,21,5.114254588891718,4,4,4,-4922.840000002175,-2.1746018319390714e-09,0.5589807555238774
0.02,441,14.03,0,42,8.11474583705491,2,2,2,-4817.780000002024,-2.0245352061465383e-09,0.5495367070563079
0.02,442,3.98,0,15,3.799947368056563,34,34,34,-5033.780000002422,-2.421984390821308e-09,0.5591589451176051
0.02,443,4.99,0,15,3.689159795942702,19,19,19,-5100.680000002552,-2.5520421331748366e-09,0.5607626514611547
0.02,444,1.79,0,14,2.936988253296223,66,66,66,-5359.220000002903,-2.903107088059187e-09,0.554704205274412
0.02,445,0.24,0,7,1.1056219968868202,95,95,95,-5059.800000002676,-2.675733412615955e-09,0.5413399857448326
0.02,446,7.67,0,21,5.314235598842039,13,13,13,-5212.160000002414,-2.4137989385053515e-09,0.5643264433357092
0.02,447,6.07,0,19,4.9824793025159675,21,21,21,-4931.2000000024145,-2.4147084332071245e-09,0.5443692088382038
0.02,448,6.4,0,22,5.145872132107443,16,16,16,-5017.340000002483,-2.482920535840094e-09,0.5555951532430506
0.02,449,15.57,0,35,8.308134568000208,4,4,4,-4800.900000002032,-2.0327206584624946e-09,0.5623663578047042
0.02,450,7.34,0,22,5.51039018582169,12,12,12,-5030.86000000245,-2.4501787265762687e-09,0.5545260156806843
0.02,451,7.24,0,22,4.728889933166133,13,13,13,-4941.600000002307,-2.306478563696146e-09,0.5523877405559515
0.02,452,7.74,0,22,5.377025199866559,15,15,15,-5073.880000002163,-2.1627784008160233e-09,0.5710976478973628
0.02,453,9.17,0,30,5.912791219043675,6,6,6,-4820.100000002038,-2.0372681319713593e-09,0.5531004989308624
0.02,454,15.98,0,39,8.130166049964785,1,1,1,-4941.160000002047,-2.0472725736908615e-09,0.5589807555238774
0.02,455,10.62,0,41,5.967880695858455,3,3,3,-5026.180000002189,-2.1891537471674383e-09,0.5662865288667142
0.02,456,6.51,0,21,5.012973169686828,14,14,14,-4993.660000002234,-2.2337189875543118e-09,0.5571988595866001
0.02,457,1.46,0,7,1.987058126980688,61,61,61,-5317.620000002887,-2.8867361834272742e-09,0.559871703492516
0.02,458,2.59,0,16,3.2957396741854477,49,49,49,-5028.02000000266,-2.659362507984042e-09,0.5454383464005702
0.02,459,8.38,0,26,6.139674258460296,14,14,14,-4916.420000002254,-2.253727870993316e-09,0.5415181753385603
0.02,460,11.26,0,27,6.196160101223984,4,4,4,-4870.060000001995,-1.9945218809880316e-09,0.556664290805417
0.02,461,14.92,3,30,6.5919344656936625,0,0,0,-4964.300000002125,0.21999999787567504,0.56503920171062
0.02,462,12.31,0,35,6.6040820709618675,2,2,2,-4952.0400000021555,-2.15550244320184e-09,0.5605844618674269
0.02,463,6.38,0,21,5.418080841035874,20,20,20,-4967.020000002315,-2.3146640160121024e-09,0.5506058446186742
0.02,464,0.42,0,6,1.1240996397117118,87,87,87,-5018.500000002704,-2.7039277483709157e-09,0.5470420527441198
0.02,465,8.48,0,28,6.073680926752738,17,17,17,-5019.320000002296,-2.296474121976644e-09,0.5582679971489665
0.02,466,18.34,6,32,6.411271324784189,0,0,0,-4802.140000002001,0.959999997999148,0.5441910192444761
0.02,467,7.47,0,26,5.616858552607499,16,16,16,-5044.240000002345,-2.345586835872382e-09,0.5636136849607983
0.02,468,3.98,0,18,4.004946940971877,33,33,33,-5067.520000002667,-2.6666384655982256e-09,0.5466856735566643
0.02,469,1.92,0,9,2.4967178454923573,57,57,57,-5075.56000000259,-2.5893314159475267e-09,0.5532786885245902
0.02,470,4.76,0,25,4.649989247299396,31,31,31,-5037.220000002586,-2.585693437140435e-09,0.5473984319315752
0.02,471,2.84,0,14,3.360714209807195,44,44,44,-5245.220000002842,-2.8421709430404007e-09,0.5523877405559515
0.02,472,5.04,0,21,5.013820898277081,30,30,30,-5029.500000002485,-2.48473952524364e-09,0.5564861012116893
0.02,473,4.39,0,21,4.168680846502884,27,27,27,-5110.780000002765,-2.764863893389702e-09,0.5488239486813971
0.02,474,6.66,0,18,4.767011642528262,14,14,14,-5044.580000002405,-2.4047039914876223e-09,0.5591589451176051
0.02,475,5.56,0,25,4.5919930313535975,21,21,21,-5085.920000002565,-2.5647750589996576e-09,0.5591589451176051
0.02,476,0.33,0,4,1.0005498488331304,90,90,90,-5359.020000002991,-2.990418579429388e-09,0.5441910192444761
0.02,477,5.27,0,19,4.491892696848401,23,23,23,-5003.600000002353,-2.3528627934865654e-09,0.5557733428367784
0.02,478,9.56,0,24,5.928439929694827,8,8,8,-4878.020000002194,-2.193701220676303e-09,0.5509622238061297
0.02,479,18.62,0,33,8.133609284936178,3,3,3,-4828.6200000019,-1.899934432003647e-09,0.5554169636493229
0.02,480,4.7,0,19,4.47548880012005,31,31,31,-5074.1400000024805,-2.4801920517347753e-09,0.5488239486813971
0.02,481,12.9,0,30,6.746109990209172,3,3,3,-4961.040000002284,-2.283741196151823e-09,0.561831789023521
0.02,482,9.09,0,23,5.699289429393809,5,5,5,-4939.980000002173,-2.1736923372372985e-09,0.5596935138987883
0.02,483,13.7,0,39,7.864477096412704,3,3,3,-4764.840000002032,-2.0318111637607217e-09,0.5463292943692089
0.02,484,3.44,0,15,3.4302186519229356,36,36,36,-5137.920000002495,-2.494743966963142e-09,0.5646828225231646
0.02,485,8.26,0,23,5.412245375073085,7,7,7,-4941.060000002178,-2.17733031604439e-09,0.5554169636493229
0.02,486,12.8,0,29,6.300793600809346,1,1,1,-4826.640000002129,-2.129127096850425e-09,0.5513186029935851
0.02,487,9.97,0,26,5.838587157866191,4,4,4,-5015.660000002313,-2.3128450266085565e-09,0.5584461867426942
0.02,488,15.67,0,36,6.826499835201052,1,1,1,-4803.620000002053,-2.052729541901499e-09,0.5484675694939416
0.02,489,3.25,0,18,4.058016756988566,43,43,43,-5033.600000002738,-2.737579052336514e-09,0.5502494654312188
0.02,490,9.48,0,27,5.668297804455937,5,5,5,-4968.8400000022875,-2.2873791749589145e-09,0.554704205274412
0.02,491,9.18,0,25,5.000759942248777,3,3,3,-4949.220000002123,-2.1227606339380145e-09,0.5584461867426942
0.02,492,11.32,0,28,6.7422251519806125,6,6,6,-4859.140000002115,-2.114575181622058e-09,0.5580898075552387
0.02,493,4.4,0,15,3.8392707640904935,25,25,25,-5130.420000002569,-2.5693225325085223e-09,0.5593371347113328
0.02,494,3.7,0,18,4.313930922024598,45,45,45,-4998.260000002522,-2.52202880801633e-09,0.5511404133998574
0.02,495,10.43,0,34,6.12414075605713,4,4,4,-4869.960000002173,-2.1727828425355256e-09,0.5541696364932288
0.02,496,4.8,0,13,4.017461885320134,27,27,27,-5163.000000002745,-2.7448550099506974e-09,0.5548823948681397
0.02,497,10.8,0,25,5.9531504264548865,5,5,5,-4939.400000002226,-2.2264430299401283e-09,0.5555951532430506
0.02,498,7.3,0,22,4.873397172404482,14,14,14,-4974.260000002309,-2.309207047801465e-09,0.5559515324305061
0.02,499,2.47,0,11,3.0608985608804486,54,54,54,-5210.380000002631,-2.6311681722290814e-09,0.5636136849607983
0.04,0,0.57,0,6,1.457772273024837,86,86,86,-5469.920000002412,-2.4119799491018057e-09,0.5525659301496793
0.04,1,0.03,0,3,0.29849623113198603,99,99,99,-5936.040000002503,-2.5029294192790985e-09,0.5673556664290805
0.04,2,0.0,0,0,0.0,100,100,100,-5889.720000002527,-2.5265762815251946e-09,0.5434782608695652
0.04,3,0.82,0,10,1.9818173477896492,82,82,82,-5384.800000002365,-2.3646862246096134e-09,0.5600498930862438
0.04,4,0.2,0,4,0.7999999999999999,94,94,94,-5606.200000002487,-2.4874680093489587e-09,0.5568424803991446
0.04,5,0.0,0,0,0.0,100,100,100,-5940.920000002509,-2.509295882191509e-09,0.5577334283677833
0.04,6,0.03,0,3,0.29849623113198603,99,99,99,-5689.320000002459,-2.459273673593998e-09,0.5491803278688525
0.04,7,0.25,0,6,0.9526279441628825,93,93,93,-5404.880000002527,-2.5265762815251946e-09,0.5491803278688525
0.04,8,0.08,0,5,0.5775811631277461,98,98,98,-5916.560000002431,-2.431079337839037e-09,0.559871703492516
0.04,9,0.58,0,6,1.3797101144805743,84,84,84,-5316.720000002525,-2.5247572921216488e-09,0.5457947255880257
0.04,10,0.88,0,7,1.6630093204789926,76,76,76,-5404.480000002385,-2.3856046027503908e-09,0.5514967925873129
0.04,11,0.03,0,3,0.29849623113198603,99,99,99,-5632.1200000024055,-2.405613486189395e-09,0.5450819672131147
0.04,12,0.04,0,4,0.39799497484264795,99,99,99,-5757.84000000242,-2.420165401417762e-09,0.5543478260869565
0.04,13,0.18,0,8,1.061885116196663,97,97,97,-5583.480000002481,-2.4811015464365482e-09,0.5523877405559515
0.04,14,0.0,0,0,0.0,100,100,100,-6294.040000002361,-2.3610482458025217e-09,0.5564861012116893
0.04,15,1.29,0,8,2.3549734605723267,74,74,74,-5336.040000002336,-2.3355823941528797e-09,0.5541696364932288
0.04,16,0.08,0,5,0.5775811631277461,98,98,98,-5582.440000002474,-2.473825588822365e-09,0.546863863150392
0.04,17,0.03,0,3,0.29849623113198603,99,99,99,-5648.3600000024135,-2.4128894438035786e-09,0.5591589451176051
0.04,18,0.07,0,4,0.49507575177946256,98,98,98,-5572.680000002507,-2.5065673980861902e-09,0.5495367070563079
0.04,19,0.0,0,0,0.0,100,100,100,-6145.880000002381,-2.381057129241526e-09,0.5545260156806843
0.04,20,0.0,0,0,0.0,100,100,100,-5824.080000002402,-2.4019755073823035e-09,0.5648610121168923
0.04,21,0.17,0,6,0.8608716512930368,96,96,96,-5636.5600000024415,-2.4419932742603123e-09,0.5450819672131147
0.04,22,0.54,0,6,1.2760877712759415,84,84,84,-5454.000000002467,-2.4665496312081814e-09,0.5595153243050606
0.04,23,0.0,0,0,0.0,100,100,100,-5994.520000002451,-2.4501787265762687e-09,0.5580898075552387
0.04,24,0.0,0,0,0.0,100,100,100,-5826.2000000024445,-2.444721758365631e-09,0.5630791161796151
0.04,25,0.62,0,9,1.5986244086714052,85,85,85,-5599.200000002491,-2.4911059881560504e-09,0.5627227369921597
0.04,26,0.0,0,0,0.0,100,100,100,-5774.6000000024915,-2.4911059881560504e-09,0.554704205274412
0.04,27,0.63,0,8,1.6288339387426822,85,85,85,-5565.920000002471,-2.471097104717046e-09,0.5641482537419815
0.04,28,0.22,0,5,0.9008884503644167,94,94,94,-5481.1200000024,-2.4001565179787576e-09,0.5575552387740556
0.04,29,1.63,0,11,2.3223048895440064,60,60,60,-5231.400000002346,-2.346496330574155e-09,0.5550605844618675
0.04,30,0.7,0,7,1.479864858694874,80,80,80,-5412.44000000238,-2.3792381398379803e-09,0.5614754098360656
0.04,31,0.98,0,9,2.0492925608609425,79,79,79,-5376.08000000244,-2.4401742848567665e-09,0.5506058446186742
0.04,32,0.1,0,4,0.5744562646538028,97,97,97,-5763.160000002469,-2.4692781153135e-09,0.5539914468995011
0.04,33,1.33,0,9,2.049658508142271,66,66,66,-5401.720000002485,-2.48473952524364e-09,0.5486457590876693
0.04,34,3.35,0,20,3.6397115270306792,40,40,40,-5282.280000002333,-2.332853910047561e-09,0.5498930862437633
0.04,35,0.0,0,0,0.0,100,100,100,-6132.080000002503,-2.5029294192790985e-09,0.571632216678546
0.04,36,0.95,0,11,1.909842925478428,76,76,76,-5409.480000002335,-2.3355823941528797e-09,0.5545260156806843
0.04,37,0.04,0,4,0.39799497484264795,99,99,99,-5821.960000002555,-2.5547706172801554e-09,0.5605844618674269
0.04,38,1.17,0,10,2.408547280000955,77,77,77,-5315.600000002318,-2.317392500117421e-09,0.5602280826799715
0.04,39,1.55,0,9,2.511473670974872,68,68,68,-5251.40000000245,-2.4501787265762687e-09,0.547576621525303
0.04,40,2.59,0,14,3.349910446564207,53,53,53,-5295.600000002416,-2.4156179279088974e-09,0.550071275837491
0.04,41,0.05,0,5,0.49749371855331,99,99,99,-5868.2000000024245,-2.4247128749266267e-09,0.5577334283677833
0.04,42,0.15,0,3,0.653834841531101,95,95,95,-5975.680000002527,-2.5265762815251946e-09,0.5646828225231646
0.04,43,0.03,0,3,0.29849623113198603,99,99,99,-5706.880000002403,-2.4028850020840764e-09,0.552744119743407
0.04,44,0.32,0,5,1.1124747188138704,92,92,92,-5464.080000002508,-2.508386387489736e-09,0.5465074839629366
0.04,45,0.05,0,5,0.49749371855331,99,99,99,-5670.560000002451,-2.4510882212780416e-09,0.544903777619387
0.04,46,0.0,0,0,0.0,100,100,100,-5733.24000000245,-2.4501787265762687e-09,0.5506058446186742
0.04,47,1.65,0,10,2.286372673034735,61,61,61,-5505.0800000025,-2.5002009351737797e-09,0.5564861012116893
0.04,48,0.0,0,0,0.0,100,100,100,-5643.160000002369,-2.369233698118478e-09,0.5539914468995011
0.04,49,0.03,0,3,0.29849623113198603,99,99,99,-5778.040000002457,-2.457454684190452e-09,0.5484675694939416
0.04,50,0.2,0,5,0.8831760866327847,95,95,95,-5541.360000002535,-2.534761733841151e-09,0.5525659301496793
0.04,51,0.81,0,8,1.7475411297019592,81,81,81,-5467.3200000024035,-2.4037944967858493e-09,0.5621881682109765
0.04,52,0.0,0,0,0.0,100,100,100,-6878.360000002285,-2.2846506908535957e-09,0.5582679971489665
0.04,53,0.87,0,9,2.0477060335897823,83,83,83,-5604.600000002498,-2.497472451068461e-09,0.5506058446186742
0.04,54,0.11,0,4,0.6307931515164065,97,97,97,-5826.600000002504,-2.5038389139808714e-09,0.5602280826799715
0.04,55,1.23,0,9,2.190228298602682,73,73,73,-5243.360000002394,-2.39469954976812e-09,0.550784034212402
0.04,56,0.0,0,0,0.0,100,100,100,-5916.760000002543,-2.5429471861571074e-09,0.5600498930862438
0.04,57,0.0,0,0,0.0,100,100,100,-6717.840000002248,-2.2482709027826786e-09,0.5418745545260156
0.04,58,0.77,0,6,1.5090062955468408,78,78,78,-5419.520000002371,-2.370143192820251e-09,0.561831789023521
0.04,59,1.88,0,7,2.277191252398445,54,54,54,-5225.920000002396,-2.395609044469893e-09,0.5418745545260156
0.04,60,0.99,0,9,1.9874355335456795,76,76,76,-5549.160000002484,-2.483830030541867e-09,0.5497148966500356
0.04,61,0.03,0,3,0.29849623113198603,99,99,99,-5704.2000000024955,-2.495653461664915e-09,0.5548823948681397
0.04,62,0.0,0,0,0.0,100,100,100,-5715.9600000024175,-2.4174369173124433e-09,0.5564861012116893
0.04,63,0.41,0,5,1.1322102278287365,88,88,88,-5599.920000002433,-2.432898327242583e-09,0.5543478260869565
0.04,64,0.0,0,0,0.0,100,100,100,-6116.680000002476,-2.4756445782259107e-09,0.5470420527441198
0.04,65,1.05,0,7,1.8076227482525218,72,72,72,-5495.800000002526,-2.5256667868234217e-09,0.5555951532430506
0.04,66,0.0,0,0,0.0,100,100,100,-5615.04000000246,-2.460183168295771e-09,0.550784034212402
0.04,67,0.06,0,3,0.42,98,98,98,-5706.440000002515,-2.5147528504021466e-09,0.5563079116179616
0.04,68,0.17,0,5,0.762299153875957,95,95,95,-5660.360000002513,-2.5120243662968278e-09,0.5450819672131147
0.04,69,0.3,0,4,0.9643650760992956,91,91,91,-5504.240000002448,-2.448359737172723e-09,0.5573770491803278
0.04,70,0.09,0,5,0.6339558344238185,98,98,98,-5696.400000002575,-2.5756889954209328e-09,0.5506058446186742
0.04,71,0.08,0,4,0.5599999999999999,98,98,98,-5811.480000002556,-2.5565896066837013e-09,0.5513186029935851
0.04,72,0.15,0,3,0.653834841531101,95,95,95,-5444.720000002494,-2.4938344722613692e-09,0.5408054169636494
0.04,73,0.15,0,4,0.7399324293474371,96,96,96,-5529.360000002432,-2.431079337839037e-09,0.5607626514611547
0.04,74,0.0,0,0,0.0,100,100,100,-5872.080000002465,-2.4647306418046355e-09,0.5416963649322879
0.04,75,0.52,0,8,1.3746272221951668,86,86,86,-5403.60000000243,-2.4292603484354913e-09,0.5481111903064861
0.04,76,1.18,0,10,2.2243201208459182,72,72,72,-5408.960000002403,-2.4028850020840764e-09,0.5436564504632929
0.04,77,0.0,0,0,0.0,100,100,100,-5973.640000002467,-2.4665496312081814e-09,0.5623663578047042
0.04,78,0.0,0,0,0.0,100,100,100,-5945.480000002479,-2.4792825570330024e-09,0.5678902352102637
0.04,79,1.9,0,11,2.9580398915498076,67,67,67,-5542.960000002405,-2.4047039914876223e-09,0.5621881682109765
0.04,80,0.38,0,4,1.1469960767151735,90,90,90,-5745.160000002534,-2.533852239139378e-09,0.5575552387740556
0.04,81,0.55,0,7,1.3883443376914821,85,85,85,-5445.040000002516,-2.5156623451039195e-09,0.5607626514611547
0.04,82,0.09,0,3,0.5117616632769595,97,97,97,-5989.760000002387,-2.3865140974521637e-09,0.5506058446186742
0.04,83,0.03,0,3,0.29849623113198603,99,99,99,-5735.8400000025185,-2.5183908292092383e-09,0.5516749821810406
0.04,84,0.08,0,5,0.5775811631277461,98,98,98,-5419.280000002406,-2.406522980891168e-09,0.5509622238061297
0.04,85,0.03,0,3,0.29849623113198603,99,99,99,-5801.600000002611,-2.610249794088304e-09,0.5573770491803278
0.04,86,0.04,0,4,0.39799497484264795,99,99,99,-5667.760000002419,-2.418346412014216e-09,0.5582679971489665
0.04,87,0.04,0,4,0.39799497484264795,99,99,99,-5904.400000002497,-2.497472451068461e-09,0.5621881682109765
0.04,88,1.22,0,9,2.2608847825574836,73,73,73,-5420.520000002371,-2.370143192820251e-09,0.5596935138987883
0.04,89,0.62,0,9,1.5542200616386344,84,84,84,-5642.560000002441,-2.4410837795585394e-09,0.5584461867426942
0.04,90,2.13,0,18,3.599041539076758,65,65,65,-5349.400000002336,-2.3364918888546526e-09,0.5573770491803278
0.04,91,0.0,0,0,0.0,100,100,100,-6077.120000002484,-2.483830030541867e-09,0.5641482537419815
0.04,92,0.88,0,9,2.079807683416907,83,83,83,-5279.3600000024235,-2.4238033802248538e-09,0.5481111903064861
0.04,93,1.0,0,8,1.6733200530681511,71,71,71,-5546.600000002489,-2.4883775040507317e-09,0.561831789023521
0.04,94,0.13,0,4,0.6427285585688565,96,96,96,-5737.080000002507,-2.507476892787963e-09,0.5621881682109765
0.04,95,0.12,0,3,0.5878775382679627,96,96,96,-5646.920000002554,-2.5538611225783825e-09,0.5538132573057734
0.04,96,0.27,0,3,0.8585452812752511,91,91,91,-5717.800000002527,-2.5265762815251946e-09,0.5648610121168923
0.04,97,0.98,0,8,1.8866902236456307,76,76,76,-5513.520000002462,-2.4620021576993167e-09,0.5709194583036351
0.04,98,1.09,0,7,1.8766725873204413,73,73,73,-5299.640000002438,-2.4374458007514477e-09,0.5620099786172488
0.04,99,1.17,0,11,2.6078918689240167,79,79,79,-5404.240000002391,-2.3910615709610283e-09,0.5671774768353528
0.04,100,0.03,0,3,0.29849623113198603,99,99,99,-5506.40000000255,-2.5502231437712908e-09,0.5434782608695652
0.04,101,0.49,0,6,1.2041179344233686,85,85,85,-5708.400000002521,-2.521119313314557e-09,0.5609408410548824
0.04,102,1.61,0,12,2.723582199971207,69,69,69,-5336.08000000237,-2.370143192820251e-09,0.5609408410548824
0.04,103,0.06,0,3,0.42,98,98,98,-5638.240000002419,-2.419255906715989e-09,0.550071275837491
0.04,104,0.0,0,0,0.0,100,100,100,-5711.320000002455,-2.4556356947869062e-09,0.550071275837491
0.04,105,0.66,0,10,1.8451016232175397,86,86,86,-5602.2400000024645,-2.4647306418046355e-09,0.5616535994297933
0.04,106,0.23,0,8,1.0756858277396797,95,95,95,-5667.400000002376,-2.3765096557326615e-09,0.5600498930862438
0.04,107,0.5,0,4,1.3,87,87,87,-5463.44000000247,-2.4692781153135e-09,0.5552387740555952
0.04,108,0.66,0,2,0.9404254356406997,67,67,67,-5721.000000002462,-2.4620021576993167e-09,0.5518531717747683
0.04,109,0.36,0,3,0.9748846085563152,88,88,88,-6406.240000002316,-2.3164830054156482e-09,0.552744119743407
0.04,110,1.28,0,11,2.5261828912412496,74,74,74,-5105.840000002228,-2.228262019343674e-09,0.5443692088382038
0.04,111,0.71,0,11,1.7905027227010855,83,83,83,-5241.600000002352,-2.3519532987847924e-09,0.5497148966500356
0.04,112,3.16,0,14,3.3428131865241886,41,41,41,-5186.880000002349,-2.3492248146794736e-09,0.5506058446186742
0.04,113,0.09,0,5,0.6339558344238185,98,98,98,-5742.760000002537,-2.536580723244697e-09,0.5484675694939416
0.04,114,0.16,0,5,0.8089499366462674,96,96,96,-5720.4400000025125,-2.5120243662968278e-09,0.5689593727726301
0.04,115,0.65,0,7,1.5058220346375597,82,82,82,-5592.5600000025115,-2.5120243662968278e-09,0.5671774768353528
0.04,116,0.41,0,5,1.2497599769555752,90,90,90,-5286.160000002423,-2.422893885523081e-09,0.5445473984319316
0.04,117,0.06,0,3,0.42,98,98,98,-6191.720000002474,-2.473825588822365e-09,0.5514967925873129
0.04,118,2.11,0,14,2.8979130421736263,58,58,58,-5306.640000002429,-2.4283508537337184e-09,0.5582679971489665
0.04,119,0.0,0,0,0.0,100,100,100,-5883.480000002478,-2.4783730623312294e-09,0.5573770491803278
0.04,120,0.07,0,4,0.49507575177946256,98,98,98,-5793.560000002518,-2.5183908292092383e-09,0.5514967925873129
0.04,121,0.0,0,0,0.0,100,100,100,-6322.6800000024605,-2.460183168295771e-09,0.5627227369921597
0.04,122,0.0,0,0,0.0,100,100,100,-5869.5600000024715,-2.472006599418819e-09,0.5509622238061297
0.04,123,0.59,0,7,1.7893853693377513,89,89,89,-5500.7600000025,-2.5002009351737797e-09,0.5575552387740556
0.04,124,0.55,0,8,1.5708278072405009,88,88,88,-5355.120000002389,-2.3892425815574825e-09,0.5359942979330007
0.04,125,0.32,0,5,1.0380751417888785,91,91,91,-5474.520000002421,-2.420165401417762e-09,0.5573770491803278
0.04,126,0.06,0,6,0.5969924622639721,99,99,99,-5965.520000002505,-2.5047484086826444e-09,0.5611190306486101
0.04,127,0.91,0,9,1.7268178826963774,75,75,75,-5700.040000002418,-2.418346412014216e-09,0.5584461867426942
0.04,128,0.03,0,3,0.29849623113198603,99,99,99,-5931.320000002585,-2.585693437140435e-09,0.5612972202423379
0.04,129,0.64,0,6,1.3676256797823008,81,81,81,-5447.760000002362,-2.3619577405042946e-09,0.5636136849607983
0.04,130,0.0,0,0,0.0,100,100,100,-5629.840000002401,-2.4010660126805305e-09,0.5504276550249465
0.04,131,1.67,0,8,2.073909351924524,54,54,54,-5369.520000002526,-2.5256667868234217e-09,0.5529223093371347
0.04,132,0.29,0,10,1.3586390249069105,95,95,95,-5469.200000002412,-2.4119799491018057e-09,0.5452601568068425
0.04,133,0.0,0,0,0.0,100,100,100,-5944.960000002577,-2.5765984901227057e-09,0.5531004989308624
0.04,134,0.04,0,4,0.39799497484264795,99,99,99,-5616.16000000249,-2.4901964934542775e-09,0.5406272273699216
0.04,135,0.08,0,4,0.5599999999999999,98,98,98,-5744.4000000024835,-2.483830030541867e-09,0.5604062722736992
0.04,136,0.32,0,8,1.182201336490532,92,92,92,-5517.760000002349,-2.3492248146794736e-09,0.556664290805417
0.04,137,0.03,0,3,0.29849623113198603,99,99,99,-5664.520000002551,-2.5502231437712908e-09,0.5525659301496793
0.04,138,0.0,0,0,0.0,100,100,100,-6348.760000002494,-2.4938344722613692e-09,0.5611190306486101
0.04,139,0.21,0,3,0.7654410493303845,93,93,93,-5760.000000002441,-2.4410837795585394e-09,0.567712045616536
0.04,140,0.33,0,5,1.077543502602099,91,91,91,-5561.720000002479,-2.4783730623312294e-09,0.5571988595866001
0.04,141,0.03,0,3,0.29849623113198603,99,99,99,-5654.400000002509,-2.509295882191509e-09,0.5584461867426942
0.04,142,0.91,0,6,1.6005936398724068,74,74,74,-5447.8800000024485,-2.448359737172723e-09,0.5568424803991446
0.04,143,0.0,0,0,0.0,100,100,100,-6111.520000002437,-2.4365363060496747e-09,0.5481111903064861
0.04,144,0.0,0,0,0.0,100,100,100,-6256.9200000024175,-2.4174369173124433e-09,0.5548823948681397
0.04,145,0.69,0,7,1.671496335622666,84,84,84,-5451.440000002485,-2.48473952524364e-09,0.5637918745545261
0.04,146,0.04,0,4,0.39799497484264795,99,99,99,-5795.920000002567,-2.5665940484032035e-09,0.5639700641482538
0.04,147,1.14,0,8,1.9800000000000002,72,72,72,-5366.880000002328,-2.3283064365386963e-09,0.5591589451176051
0.04,148,0.08,0,5,0.5775811631277461,98,98,98,-5675.480000002529,-2.5293047656305134e-09,0.556664290805417
0.04,149,0.03,0,3,0.29849623113198603,99,99,99,-5899.560000002446,-2.446540747769177e-09,0.5550605844618675
0.04,150,0.24,0,4,0.9499473669630333,94,94,94,-5783.120000002568,-2.5684130378067493e-09,0.5612972202423379
0.04,151,0.0,0,0,0.0,100,100,100,-6008.720000002427,-2.4265318643301725e-09,0.5550605844618675
0.04,152,1.12,0,9,1.9559141085436242,71,71,71,-5152.240000002311,-2.3110260372050107e-09,0.5520313613684961
0.04,153,0.0,0,0,0.0,100,100,100,-5944.760000002418,-2.4174369173124433e-09,0.5541696364932288
0.04,154,1.08,0,11,2.1008569680013913,75,75,75,-5271.280000002276,-2.2764652385376394e-09,0.546863863150392
0.04,155,0.04,0,4,0.39799497484264795,99,99,99,-5816.600000002478,-2.4774635676294565e-09,0.5563079116179616
0.04,156,0.85,0,12,1.9254869513969706,80,80,80,-5404.960000002404,-2.4037944967858493e-09,0.5504276550249465
0.04,157,0.54,0,5,1.3222707740852475,85,85,85,-5567.560000002468,-2.4683686206117272e-09,0.5518531717747683
0.04,158,0.09,0,3,0.5117616632769595,97,97,97,-5710.320000002497,-2.497472451068461e-09,0.5559515324305061
0.04,159,1.68,0,10,2.599538420566236,65,65,65,-5335.840000002394,-2.393790055066347e-09,0.5538132573057734
0.04,160,0.15,0,3,0.653834841531101,95,95,95,-5689.520000002497,-2.496562956366688e-09,0.5534568781183179
0.04,161,0.32,0,7,1.1651609330903607,92,92,92,-5670.240000002465,-2.4656401365064085e-09,0.552744119743407
0.04,162,1.16,0,11,2.239285600364545,74,74,74,-5280.800000002378,-2.3774191504344344e-09,0.5548823948681397
0.04,163,1.34,0,12,2.4503877244224026,72,72,72,-5418.280000002452,-2.4519977159798145e-09,0.5522095509622238
0.04,164,0.0,0,0,0.0,100,100,100,-5906.400000002662,-2.662090992089361e-09,0.5600498930862438
0.04,165,0.21,0,6,0.9412226091632097,95,95,95,-5674.160000002515,-2.5147528504021466e-09,0.5645046329294369
0.04,166,1.98,0,9,2.4123847122712414,55,55,55,-5284.440000002457,-2.456545189488679e-09,0.5538132573057734
0.04,167,1.06,0,11,2.3741103596926574,78,78,78,-5316.480000002378,-2.3783286451362073e-09,0.5425873129009265
0.04,168,1.0,0,7,1.816590212458495,74,74,74,-5311.160000002408,-2.408341970294714e-09,0.5502494654312188
0.04,169,0.24,0,3,0.8138795979750321,92,92,92,-5959.520000002507,-2.5065673980861902e-09,0.5532786885245902
0.04,170,0.24,0,5,0.8957678270623477,93,93,93,-5499.320000002396,-2.396518539171666e-09,0.550784034212402
0.04,171,0.43,0,4,1.1247666424641158,87,87,87,-5615.7600000025495,-2.549313649069518e-09,0.5543478260869565
0.04,172,1.18,0,14,2.4551171051499767,75,75,75,-5377.200000002382,-2.381966623943299e-09,0.554704205274412
0.04,173,1.09,0,14,2.549882350227163,81,81,81,-5264.6800000024805,-2.4801920517347753e-09,0.5427655024946543
0.04,174,1.25,0,8,2.026696819951124,69,69,69,-5368.160000002459,-2.459273673593998e-09,0.5541696364932288
0.04,175,0.23,0,4,0.8468175718535841,93,93,93,-5736.360000002386,-2.3856046027503908e-09,0.5518531717747683
0.04,176,0.15,0,4,0.7399324293474372,96,96,96,-5739.040000002447,-2.44745024247095e-09,0.5636136849607983
0.04,177,0.45,0,11,1.5960889699512368,91,91,91,-5477.80000000252,-2.520209818612784e-09,0.5584461867426942
0.04,178,0.37,0,9,1.3612861565446113,92,92,92,-5547.6400000024505,-2.4501787265762687e-09,0.5605844618674269
0.04,179,0.13,0,4,0.6427285585688565,96,96,96,-5983.2000000024955,-2.495653461664915e-09,0.5559515324305061
0.04,180,0.66,0,6,1.5376605607220342,83,83,83,-5469.200000002463,-2.4629116524010897e-09,0.5609408410548824
0.04,181,1.02,0,5,1.8972611839174913,77,77,77,-5541.840000002458,-2.457454684190452e-09,0.5596935138987883
0.04,182,0.21,0,9,1.0610843510296435,95,95,95,-5598.960000002539,-2.5393092073500156e-09,0.5539914468995011
0.04,183,0.72,0,6,1.349666625504239,77,77,77,-5669.60000000244,-2.4392647901549935e-09,0.5646828225231646
0.04,184,0.78,0,6,1.6406096427852666,80,80,80,-5438.320000002404,-2.4047039914876223e-09,0.5536350677120456
0.04,185,0.18,0,7,0.9421252570651102,96,96,96,-5804.960000002435,-2.434717316646129e-09,0.562544547398432
0.04,186,0.12,0,4,0.6823488843692792,97,97,97,-5805.760000002468,-2.4674591259099543e-09,0.5555951532430506
0.04,187,0.0,0,0,0.0,100,100,100,-6889.000000002355,-2.3546817828901112e-09,0.550784034212402
0.04,188,1.21,0,9,2.434317152714494,78,78,78,-5540.720000002354,-2.3537722881883383e-09,0.5545260156806843
0.04,189,0.66,0,6,1.3131641176943571,79,79,79,-5712.480000002534,-2.534761733841151e-09,0.5548823948681397
0.04,190,0.21,0,3,0.7654410493303845,93,93,93,-5444.400000002383,-2.383785613346845e-09,0.5491803278688525
0.04,191,0.27,0,5,0.9365361712181757,92,92,92,-5567.880000002503,-2.5029294192790985e-09,0.550784034212402
0.04,192,0.4,0,5,1.1135528725660044,88,88,88,-5262.760000002451,-2.4510882212780416e-09,0.5375980042765502
0.04,193,1.07,0,8,2.006265186858407,75,75,75,-5405.280000002352,-2.3519532987847924e-09,0.5495367070563079
0.04,194,1.34,0,12,2.494874746355015,73,73,73,-5489.680000002422,-2.421984390821308e-09,0.5634354953670706
0.04,195,0.42,0,10,1.3651373557265218,89,89,89,-5582.840000002434,-2.433807821944356e-09,0.5602280826799715
0.04,196,0.94,0,7,1.6298466185503468,73,73,73,-5403.880000002452,-2.4519977159798145e-09,0.5477548111190307
0.04,197,0.54,0,6,1.2839003076563225,84,84,84,-5488.800000002446,-2.445631253067404e-09,0.5504276550249465
0.04,198,0.26,0,7,1.0160708636704432,93,93,93,-5603.160000002419,-2.419255906715989e-09,0.5675338560228083
0.04,199,0.21,0,3,0.7654410493303845,93,93,93,-5883.800000002569,-2.5684130378067493e-09,0.5538132573057734
0.04,200,1.17,0,6,1.5814866423716643,63,63,63,-5663.400000002504,-2.5047484086826444e-09,0.5593371347113328
0.04,201,0.3,0,8,1.118033988749895,92,92,92,-5531.20000000252,-2.520209818612784e-09,0.5541696364932288
0.04,202,0.24,0,5,0.8957678270623476,93,93,93,-5612.640000002576,-2.5756889954209328e-09,0.5614754098360656
0.04,203,0.18,0,4,0.7922120928135343,95,95,95,-5721.640000002497,-2.496562956366688e-09,0.5609408410548824
0.04,204,0.18,0,3,0.712460525222275,94,94,94,-6014.360000002506,-2.5056579033844173e-09,0.5604062722736992
0.04,205,1.8,0,10,2.4083189157584592,58,58,58,-5255.7200000024295,-2.4292603484354913e-09,0.5561297220242338
0.04,206,0.39,0,8,1.3106868428423322,91,91,91,-5580.160000002519,-2.5193003239110112e-09,0.5545260156806843
0.04,207,0.0,0,0,0.0,100,100,100,-5780.040000002508,-2.508386387489736e-09,0.5680684248039914
0.04,208,0.27,0,3,0.8585452812752511,91,91,91,-5625.440000002512,-2.511114871595055e-09,0.5639700641482538
0.04,209,0.19,0,5,0.8449260322655469,95,95,95,-5434.280000002416,-2.4165274226106703e-09,0.556664290805417
0.04,210,1.61,0,12,2.4367806630880837,62,62,62,-5328.400000002326,-2.3264874471351504e-09,0.5653955808980755
0.04,211,0.84,0,9,1.820549367636044,80,80,80,-5444.600000002486,-2.485649019945413e-09,0.5552387740555952
0.04,212,0.17,0,4,0.7490660852021002,95,95,95,-5640.560000002484,-2.48473952524364e-09,0.562544547398432
0.04,213,0.87,0,8,1.7700564962734948,78,78,78,-5372.880000002388,-2.3883330868557096e-09,0.5564861012116893
0.04,214,0.23,0,4,0.9149316914393117,94,94,94,-5895.9600000024,-2.4001565179787576e-09,0.5568424803991446
0.04,215,0.06,0,3,0.42,98,98,98,-5634.440000002509,-2.508386387489736e-09,0.5529223093371347
0.04,216,0.04,0,4,0.39799497484264795,99,99,99,-6016.440000002467,-2.4665496312081814e-09,0.5552387740555952
0.04,217,0.37,0,5,1.073824939177704,89,89,89,-5340.6400000024105,-2.41016095969826e-09,0.5477548111190307
0.04,218,0.07,0,4,0.49507575177946256,98,98,98,-5648.520000002525,-2.5247572921216488e-09,0.5520313613684961
0.04,219,1.56,0,10,2.1555509736491967,60,60,60,-5590.800000002518,-2.5174813345074654e-09,0.562544547398432
0.04,220,0.73,0,8,1.8646983670288337,85,85,85,-5384.800000002348,-2.3474058252759278e-09,0.5577334283677833
0.04,221,0.21,0,5,0.8519976525789258,94,94,94,-5500.760000002469,-2.4683686206117272e-09,0.5538132573057734
0.04,222,0.0,0,0,0.0,100,100,100,-6282.000000002476,-2.4756445782259107e-09,0.5648610121168923
0.04,223,0.55,0,6,1.3219304066402287,84,84,84,-5441.840000002529,-2.5293047656305134e-09,0.5557733428367784
0.04,224,0.74,0,9,1.8580635080642427,85,85,85,-5411.80000000239,-2.3901520762592554e-09,0.5588025659301497
0.04,225,0.56,0,8,1.5383107618423528,86,86,86,-5517.6400000025415,-2.5411281967535615e-09,0.5575552387740556
0.04,226,1.21,0,11,2.041053649466373,69,69,69,-5210.0000000023865,-2.3865140974521637e-09,0.5531004989308624
0.04,227,0.38,0,8,1.34,92,92,92,-5719.400000002464,-2.4647306418046355e-09,0.5609408410548824
0.04,228,0.23,0,6,1.0378342834961658,95,95,95,-5819.520000002618,-2.6175257517024875e-09,0.5661083392729864
0.04,229,0.1,0,4,0.5744562646538028,97,97,97,-5647.040000002534,-2.533852239139378e-09,0.5491803278688525
0.04,230,0.98,0,8,1.679166459884189,72,72,72,-5535.320000002473,-2.472916094120592e-09,0.5573770491803278
0.04,231,0.31,0,5,1.0168087332433766,91,91,91,-5546.760000002466,-2.4656401365064085e-09,0.5381325730577334
0.04,232,0.38,0,4,1.037111372997134,88,88,88,-5682.040000002532,-2.5320332497358322e-09,0.5602280826799715
0.04,233,0.27,0,6,1.0183810681665288,93,93,93,-5501.720000002525,-2.5247572921216488e-09,0.5511404133998574
0.04,234,0.1,0,5,0.7000000000000001,98,98,98,-6031.48000000237,-2.370143192820251e-09,0.5463292943692089
0.04,235,1.52,0,11,2.229259966894844,63,63,63,-5341.080000002416,-2.4165274226106703e-09,0.5531004989308624
0.04,236,0.0,0,0,0.0,100,100,100,-5821.7600000024495,-2.4492692318744957e-09,0.5568424803991446
0.04,237,0.08,0,4,0.5599999999999999,98,98,98,-6078.000000002467,-2.4665496312081814e-09,0.5514967925873129
0.04,238,0.29,0,7,1.1161989070053777,93,93,93,-5495.720000002452,-2.4519977159798145e-09,0.5525659301496793
0.04,239,0.97,0,6,1.6519987893458037,73,73,73,-5403.080000002341,-2.3410393623635173e-09,0.5466856735566643
0.04,240,0.15,0,5,0.7533259586659682,96,96,96,-5674.280000002607,-2.6075213099829853e-09,0.5525659301496793
0.04,241,0.15,0,4,0.7399324293474372,96,96,96,-5707.1200000025,-2.5002009351737797e-09,0.5564861012116893
0.04,242,0.31,0,6,1.0926573113286708,92,92,92,-5570.920000002502,-2.5020199245773256e-09,0.5561297220242338
0.04,243,0.45,0,8,1.306713434537198,88,88,88,-5439.6400000024305,-2.4301698431372643e-09,0.5516749821810406
0.04,244,0.19,0,4,0.7575618786607469,94,94,94,-5554.120000002439,-2.4392647901549935e-09,0.5561297220242338
0.04,245,1.82,0,10,2.515472122683931,59,59,59,-5425.680000002349,-2.3483153199777007e-09,0.5570206699928724
0.04,246,1.15,0,8,2.535251466817444,82,82,82,-5621.240000002423,-2.422893885523081e-09,0.5573770491803278
0.04,247,1.08,0,8,1.983330532210907,75,75,75,-5314.560000002405,-2.4047039914876223e-09,0.5595153243050606
0.04,248,0.09,0,3,0.5117616632769595,97,97,97,-6094.560000002408,-2.408341970294714e-09,0.5506058446186742
0.04,249,0.95,0,6,1.5771810295587503,72,72,72,-5359.800000002513,-2.5129338609986007e-09,0.5482893799002139
0.04,250,0.0,0,0,0.0,100,100,100,-6149.120000002473,-2.472916094120592e-09,0.5550605844618675
0.04,251,0.13,0,4,0.6427285585688565,96,96,96,-5776.520000002604,-2.6038833311758935e-09,0.5602280826799715
0.04,252,0.03,0,3,0.29849623113198603,99,99,99,-5960.2400000024645,-2.4647306418046355e-09,0.5630791161796151
0.04,253,0.03,0,3,0.29849623113198603,99,99,99,-5891.560000002631,-2.6311681722290814e-09,0.5616535994297933
0.04,254,0.86,0,6,1.6614451540752107,78,78,78,-5328.360000002401,-2.4010660126805305e-09,0.544903777619387
0.04,255,0.59,0,6,1.477125587077822,85,85,85,-5507.760000002405,-2.4047039914876223e-09,0.5575552387740556
0.04,256,1.09,0,11,2.0400735280866718,73,73,73,-5486.880000002417,-2.4165274226106703e-09,0.5646828225231646
0.04,257,0.18,0,5,0.8047359815492283,95,95,95,-5527.72000000248,-2.4801920517347753e-09,0.5548823948681397
0.04,258,0.03,0,3,0.29849623113198603,99,99,99,-5615.360000002423,-2.421984390821308e-09,0.5506058446186742
0.04,259,0.0,0,0,0.0,100,100,100,-5548.7200000025205,-2.520209818612784e-09,0.550071275837491
0.04,260,0.19,0,5,0.8566796367370944,95,95,95,-5800.04000000247,-2.470187610015273e-09,0.5577334283677833
0.04,261,0.35,0,7,1.116915395184434,90,90,90,-5395.960000002491,-2.4911059881560504e-09,0.5545260156806843
0.04,262,0.15,0,3,0.653834841531101,95,95,95,-5919.680000002439,-2.4383552954532206e-09,0.5611190306486101
0.04,263,0.96,0,9,1.9022092419079455,76,76,76,-5519.360000002381,-2.381057129241526e-09,0.5671774768353528
0.04,264,1.06,0,7,1.8483506160899232,72,72,72,-5438.4800000024625,-2.4629116524010897e-09,0.5520313613684961
0.04,265,0.32,0,7,1.2480384609458155,93,93,93,-5299.720000002514,-2.5138433557003736e-09,0.5497148966500356
0.04,266,0.0,0,0,0.0,100,100,100,-6062.120000002516,-2.5156623451039195e-09,0.5641482537419815
0.04,267,0.61,0,5,1.2875946567146044,81,81,81,-5481.240000002339,-2.3392203729599714e-09,0.5523877405559515
0.04,268,0.27,0,3,0.8585452812752511,91,91,91,-5515.520000002468,-2.4674591259099543e-09,0.5532786885245902
0.04,269,1.42,0,10,2.218918655561758,65,65,65,-5316.720000002344,-2.343767846468836e-09,0.5534568781183179
0.04,270,0.54,0,6,1.2839003076563225,84,84,84,-5799.680000002566,-2.5656845537014306e-09,0.5604062722736992
0.04,271,0.23,0,5,0.8585452812752511,93,93,93,-5509.520000002343,-2.342858351767063e-09,0.5497148966500356
0.04,272,2.62,0,12,3.032424772356274,49,49,49,-5186.200000002386,-2.3865140974521637e-09,0.5454383464005702
0.04,273,0.36,0,5,1.044222198576529,89,89,89,-5515.7600000024995,-2.499291440472007e-09,0.5543478260869565
0.04,274,1.62,0,13,2.6712543869875067,67,67,67,-5434.1200000024655,-2.4656401365064085e-09,0.5563079116179616
0.04,275,2.16,0,10,2.621907702418222,52,52,52,-5280.32000000244,-2.4401742848567665e-09,0.5511404133998574
0.04,276,0.03,0,3,0.29849623113198603,99,99,99,-5808.920000002544,-2.5438566808588803e-09,0.5514967925873129
0.04,277,1.04,0,8,1.933494246177112,76,76,76,-5622.560000002485,-2.485649019945413e-09,0.5595153243050606
0.04,278,0.55,0,6,1.3955285736952863,86,86,86,-5280.920000002428,-2.4283508537337184e-09,0.5523877405559515
0.04,279,1.35,0,9,2.094636006565341,66,66,66,-5302.560000002496,-2.495653461664915e-09,0.5511404133998574
0.04,280,0.28,0,5,0.980612053770501,92,92,92,-5813.480000002453,-2.4538167053833604e-09,0.5534568781183179
0.04,281,0.81,0,10,1.8476742137076008,80,80,80,-5342.040000002369,-2.369233698118478e-09,0.5495367070563079
0.04,282,0.0,0,0,0.0,100,100,100,-5830.320000002492,-2.4920154828578234e-09,0.5637918745545261
0.04,283,0.33,0,3,0.938669270829721,89,89,89,-5680.040000002558,-2.558408596087247e-09,0.562544547398432
0.04,284,0.0,0,0,0.0,100,100,100,-6425.2000000023645,-2.3646862246096134e-09,0.5491803278688525
0.04,285,0.43,0,7,1.2268251709188231,88,88,88,-5447.440000002388,-2.3874235921539366e-09,0.5611190306486101
0.04,286,0.03,0,3,0.29849623113198603,99,99,99,-6089.9600000025,-2.5002009351737797e-09,0.5668210976478973
0.04,287,0.03,0,3,0.29849623113198603,99,99,99,-5935.160000002433,-2.432898327242583e-09,0.5532786885245902
0.04,288,0.65,0,11,1.8993419913222578,88,88,88,-5415.640000002454,-2.4538167053833604e-09,0.5559515324305061
0.04,289,0.05,0,5,0.49749371855331,99,99,99,-6073.440000002525,-2.5247572921216488e-09,0.5707412687099074
0.04,290,0.27,0,6,0.9576533819707421,92,92,92,-5342.480000002478,-2.4783730623312294e-09,0.5555951532430506
0.04,291,0.15,0,3,0.653834841531101,95,95,95,-5644.720000002469,-2.4683686206117272e-09,0.5568424803991446
0.04,292,0.12,0,4,0.6823488843692792,97,97,97,-5698.080000002494,-2.4938344722613692e-09,0.5479330007127584
0.04,293,0.03,0,3,0.29849623113198603,99,99,99,-6134.880000002445,-2.444721758365631e-09,0.5541696364932288
0.04,294,0.15,0,3,0.653834841531101,95,95,95,-5476.160000002547,-2.547494659665972e-09,0.5612972202423379
0.04,295,0.06,0,3,0.42,98,98,98,-5931.840000002452,-2.4519977159798145e-09,0.5506058446186742
0.04,296,1.57,0,11,2.6277556964071067,66,66,66,-5291.08000000231,-2.3101165425032377e-09,0.562544547398432
0.04,297,0.03,0,3,0.29849623113198603,99,99,99,-5940.920000002475,-2.4747350835241377e-09,0.5612972202423379
0.04,298,0.88,0,11,1.882976367350371,79,79,79,-5342.440000002448,-2.44745024247095e-09,0.5497148966500356
0.04,299,0.22,0,7,0.9754998718605759,94,94,94,-5388.560000002473,-2.473825588822365e-09,0.550784034212402
0.04,300,0.11,0,7,0.7986864215698174,98,98,98,-5918.760000002514,-2.5138433557003736e-09,0.5616535994297933
0.04,301,0.0,0,0,0.0,100,100,100,-5821.16000000252,-2.520209818612784e-09,0.5541696364932288
0.04,302,1.45,0,9,2.108909670896314,63,63,63,-5422.080000002459,-2.459273673593998e-09,0.5588025659301497
0.04,303,0.23,0,6,1.0474254150057654,95,95,95,-5716.720000002466,-2.4656401365064085e-09,0.5570206699928724
0.04,304,0.07,0,4,0.49507575177946256,98,98,98,-5447.120000002549,-2.549313649069518e-09,0.5548823948681397
0.04,305,0.0,0,0,0.0,100,100,100,-5853.800000002482,-2.482011041138321e-09,0.5561297220242338
0.04,306,1.27,0,9,2.0873667622150163,71,71,71,-5213.840000002279,-2.279193722642958e-09,0.5447255880256593
0.04,307,0.63,0,6,1.4046707799338605,82,82,82,-5453.400000002442,-2.4419932742603123e-09,0.5529223093371347
0.04,308,0.45,0,5,1.1346805717910216,86,86,86,-5615.120000002507,-2.507476892787963e-09,0.5548823948681397
0.04,309,0.85,0,7,1.6393596310755,77,77,77,-5354.120000002425,-2.4247128749266267e-09,0.552744119743407
0.04,310,0.53,0,6,1.2605950975630515,84,84,84,-5645.760000002594,-2.5938788894563913e-09,0.5637918745545261
0.04,311,0.0,0,0,0.0,100,100,100,-5759.520000002421,-2.420165401417762e-09,0.5571988595866001
0.04,312,1.23,0,7,2.158031510427964,73,73,73,-5325.040000002368,-2.368324203416705e-09,0.5586243763364219
0.04,313,1.21,0,8,2.0654055291879123,72,72,72,-5382.400000002373,-2.3737811716273427e-09,0.552744119743407
0.04,314,0.05,0,5,0.49749371855331,99,99,99,-5929.560000002422,-2.422893885523081e-09,0.5561297220242338
0.04,315,0.57,0,7,1.365686640485291,84,84,84,-5617.560000002467,-2.4674591259099543e-09,0.5602280826799715
0.04,316,0.91,0,7,1.9447107754110893,79,79,79,-5526.520000002477,-2.4765540729276836e-09,0.5588025659301497
0.04,317,0.09,0,5,0.6339558344238185,98,98,98,-5853.680000002563,-2.5629560695961118e-09,0.56503920171062
0.04,318,0.22,0,8,1.1881077392223318,96,96,96,-5687.720000002433,-2.432898327242583e-09,0.5623663578047042
0.04,319,0.15,0,7,0.8874119674649424,97,97,97,-5574.360000002443,-2.4419932742603123e-09,0.5589807555238774
0.04,320,0.0,0,0,0.0,100,100,100,-6930.9200000023675,-2.367414708714932e-09,0.557911617961511
0.04,321,0.37,0,6,1.221924711264978,91,91,91,-5554.080000002477,-2.4774635676294565e-09,0.5563079116179616
0.04,322,0.04,0,4,0.39799497484264795,99,99,99,-5497.440000002486,-2.485649019945413e-09,0.5554169636493229
0.04,323,0.12,0,3,0.5878775382679627,96,96,96,-5576.9200000024375,-2.4374458007514477e-09,0.5516749821810406
0.04,324,0.0,0,0,0.0,100,100,100,-5977.560000002367,-2.367414708714932e-09,0.5532786885245902
0.04,325,0.51,0,7,1.3303758867327684,86,86,86,-5484.84000000245,-2.4501787265762687e-09,0.5509622238061297
0.04,326,2.43,0,9,2.9163504590498035,51,51,51,-5231.880000002401,-2.4010660126805305e-09,0.5586243763364219
0.04,327,0.55,0,11,1.8459414941974732,90,90,90,-5264.800000002369,-2.369233698118478e-09,0.5470420527441198
0.04,328,2.01,0,8,2.2022488506070337,52,52,52,-5578.3600000026145,-2.6138877728953958e-09,0.5571988595866001
0.04,329,0.29,0,5,1.070467187726929,93,93,93,-5752.080000002494,-2.4938344722613692e-09,0.5614754098360656
0.04,330,0.08,0,5,0.5775811631277461,98,98,98,-5667.680000002482,-2.482011041138321e-09,0.550071275837491
0.04,331,0.0,0,0,0.0,100,100,100,-6092.840000002398,-2.397428033873439e-09,0.5525659301496793
0.04,332,0.66,0,7,1.62,84,84,84,-5451.720000002407,-2.406522980891168e-09,0.5545260156806843
0.04,333,0.21,0,7,1.1941105476462386,97,97,97,-5906.720000002437,-2.4365363060496747e-09,0.5593371347113328
0.04,334,0.4,0,7,1.3490737563232043,91,91,91,-5677.68000000248,-2.4792825570330024e-09,0.5630791161796151
0.04,335,0.15,0,6,0.7794228634059948,96,96,96,-5537.200000002526,-2.5265762815251946e-09,0.5568424803991446
0.04,336,0.21,0,5,0.8519976525789258,94,94,94,-5433.68000000252,-2.5193003239110112e-09,0.5518531717747683
0.04,337,0.2,0,5,0.9797958971132712,96,96,96,-5837.240000002539,-2.5393092073500156e-09,0.5561297220242338
0.04,338,0.03,0,3,0.29849623113198603,99,99,99,-5947.880000002533,-2.532942744437605e-09,0.5557733428367784
0.04,339,0.04,0,4,0.39799497484264795,99,99,99,-5614.8000000024485,-2.448359737172723e-09,0.5525659301496793
0.04,340,0.03,0,3,0.29849623113198603,99,99,99,-6206.160000002457,-2.457454684190452e-09,0.5450819672131147
0.04,341,0.18,0,3,0.712460525222275,94,94,94,-5780.480000002504,-2.5047484086826444e-09,0.5491803278688525
0.04,342,1.03,0,12,2.260331834045612,79,79,79,-5248.040000002393,-2.392880560364574e-09,0.5420527441197434
0.04,343,1.21,0,8,2.0312311537587244,72,72,72,-5355.160000002389,-2.3892425815574825e-09,0.5484675694939416
0.04,344,0.09,0,3,0.5117616632769595,97,97,97,-5764.640000002627,-2.6266206987202168e-09,0.5561297220242338
0.04,345,0.0,0,0,0.0,100,100,100,-6033.920000002469,-2.4692781153135e-09,0.5543478260869565
0.04,346,0.21,0,3,0.7654410493303845,93,93,93,-6023.080000002448,-2.448359737172723e-09,0.5682466143977192
0.04,347,0.03,0,3,0.29849623113198603,99,99,99,-5653.960000002433,-2.432898327242583e-09,0.5532786885245902
0.04,348,0.71,0,5,1.3659795020423988,78,78,78,-5372.1200000023955,-2.395609044469893e-09,0.5538132573057734
0.04,349,0.79,0,6,1.402105559506844,75,75,75,-5721.320000002526,-2.5265762815251946e-09,0.5497148966500356
0.04,350,1.84,0,16,3.2395061352002408,67,67,67,-5208.640000002411,-2.4110704544000328e-09,0.5381325730577334
0.04,351,0.07,0,4,0.49507575177946256,98,98,98,-5749.720000002494,-2.4938344722613692e-09,0.5557733428367784
0.04,352,0.04,0,4,0.39799497484264795,99,99,99,-5378.880000002443,-2.4429027689620852e-09,0.550071275837491
0.04,353,0.69,0,3,1.2624975247500485,77,77,77,-5682.76000000247,-2.470187610015273e-09,0.5532786885245902
0.04,354,0.93,0,7,1.6078246173012778,73,73,73,-5470.16000000247,-2.470187610015273e-09,0.5561297220242338
0.04,355,0.0,0,0,0.0,100,100,100,-5952.200000002489,-2.4892869987525046e-09,0.5493585174625801
0.04,356,0.22,0,4,0.8072174428244225,93,93,93,-5625.680000002589,-2.5884219212457538e-09,0.5557733428367784
0.04,357,0.79,0,9,2.264045052555271,88,88,88,-5565.080000002409,-2.409251464996487e-09,0.5541696364932288
0.04,358,1.96,0,9,2.5648391762447798,57,57,57,-5304.280000002353,-2.3528627934865654e-09,0.5506058446186742
0.04,359,1.24,0,9,2.131290688761155,71,71,71,-5495.4000000025435,-2.5438566808588803e-09,0.5588025659301497
0.04,360,0.0,0,0,0.0,100,100,100,-6136.680000002409,-2.408341970294714e-09,0.5614754098360656
0.04,361,0.12,0,6,0.7249827584156743,97,97,97,-5739.680000002545,-2.5447661755606532e-09,0.5595153243050606
0.04,362,2.92,0,13,3.3307056309436898,46,46,46,-5308.320000002337,-2.3374013835564256e-09,0.5580898075552387
0.04,363,0.05,0,5,0.49749371855331,99,99,99,-5483.4800000024325,-2.432898327242583e-09,0.5520313613684961
0.04,364,1.61,0,11,2.3870274401439127,63,63,63,-5456.640000002485,-2.48473952524364e-09,0.5523877405559515
0.04,365,0.34,0,4,0.9718024490605074,89,89,89,-5823.040000002502,-2.5020199245773256e-09,0.5641482537419815
0.04,366,0.0,0,0,0.0,100,100,100,-6165.720000002472,-2.472006599418819e-09,0.5529223093371347
0.04,367,1.04,0,8,1.7939899665271264,72,72,72,-5455.760000002433,-2.432898327242583e-09,0.5563079116179616
0.04,368,0.0,0,0,0.0,100,100,100,-5613.560000002459,-2.459273673593998e-09,0.5506058446186742
0.04,369,0.22,0,4,0.8072174428244225,93,93,93,-5700.08000000248,-2.4801920517347753e-09,0.5600498930862438
0.04,370,0.04,0,4,0.39799497484264795,99,99,99,-5501.880000002437,-2.4365363060496747e-09,0.5511404133998574
0.04,371,0.0,0,0,0.0,100,100,100,-6228.000000002391,-2.3910615709610283e-09,0.5552387740555952
0.04,372,0.28,0,5,1.1232096865679178,94,94,94,-5410.600000002448,-2.44745024247095e-09,0.5379543834640057
0.04,373,0.23,0,6,0.9471536306217698,94,94,94,-5584.640000002484,-2.483830030541867e-09,0.5571988595866001
0.04,374,0.06,0,3,0.42,98,98,98,-5939.440000002467,-2.4665496312081814e-09,0.5611190306486101
0.04,375,0.0,0,0,0.0,100,100,100,-6127.040000002369,-2.369233698118478e-09,0.5623663578047042
0.04,376,0.04,0,4,0.39799497484264795,99,99,99,-5964.960000002493,-2.4929249775595963e-09,0.5529223093371347
0.04,377,0.09,0,6,0.6647555941848101,98,98,98,-5624.12000000256,-2.560227585490793e-09,0.5623663578047042
0.04,378,0.75,0,7,1.7284386017443605,83,83,83,-5494.160000002469,-2.4692781153135e-09,0.5568424803991446
0.04,379,0.0,0,0,0.0,100,100,100,-5974.24000000247,-2.470187610015273e-09,0.5445473984319316
0.04,380,0.43,0,7,1.2510395677195825,88,88,88,-5357.9600000023975,-2.397428033873439e-09,0.5463292943692089
0.04,381,0.0,0,0,0.0,100,100,100,-5604.72000000254,-2.5393092073500156e-09,0.5555951532430506
0.04,382,2.37,0,16,3.3664669907783145,55,55,55,-5289.880000002282,-2.281922206748277e-09,0.5561297220242338
0.04,383,0.0,0,0,0.0,100,100,100,-5975.800000002553,-2.5529516278766096e-09,0.5614754098360656
0.04,384,0.15,0,3,0.653834841531101,95,95,95,-5711.000000002526,-2.5256667868234217e-09,0.5514967925873129
0.04,385,0.15,0,3,0.653834841531101,95,95,95,-5592.16000000253,-2.5302142603322864e-09,0.5605844618674269
0.04,386,1.85,0,11,2.680951323690902,60,60,60,-5293.680000002376,-2.3756001610308886e-09,0.561831789023521
0.04,387,0.03,0,3,0.29849623113198603,99,99,99,-5727.0000000024675,-2.4674591259099543e-09,0.5529223093371347
0.04,388,0.0,0,0,0.0,100,100,100,-5555.920000002526,-2.5256667868234217e-09,0.5447255880256593
0.04,389,0.97,0,9,1.9516915739942111,76,76,76,-5592.320000002455,-2.4556356947869062e-09,0.5659301496792587
0.04,390,0.09,0,5,0.6339558344238185,98,98,98,-5769.84000000251,-2.510205376893282e-09,0.5602280826799715
0.04,391,0.78,0,7,1.8845689162246095,84,84,84,-5481.920000002449,-2.4492692318744957e-09,0.557911617961511
0.04,392,0.36,0,6,1.1447270417003348,90,90,90,-5611.520000002481,-2.4801920517347753e-09,0.5634354953670706
0.04,393,1.19,0,9,2.086600105434676,71,71,71,-5315.480000002359,-2.359229256398976e-09,0.5550605844618675
0.04,394,0.03,0,3,0.29849623113198603,99,99,99,-5880.760000002442,-2.4419932742603123e-09,0.5482893799002139
0.04,395,0.25,0,4,0.9205976319760985,93,93,93,-5440.080000002456,-2.4556356947869062e-09,0.550071275837491
0.04,396,0.44,0,7,1.2026637102698325,87,87,87,-5549.2800000025345,-2.534761733841151e-09,0.5481111903064861
0.04,397,1.71,0,14,2.2463080821650445,54,54,54,-5345.160000002386,-2.3865140974521637e-09,0.5538132573057734
0.04,398,0.36,0,5,1.2370933675353692,92,92,92,-5617.040000002429,-2.4292603484354913e-09,0.556664290805417
0.04,399,0.92,0,11,1.9322525714823102,78,78,78,-5427.240000002451,-2.4510882212780416e-09,0.561831789023521
0.04,400,0.0,0,0,0.0,100,100,100,-6028.880000002439,-2.4392647901549935e-09,0.5531004989308624
0.04,401,0.14,0,7,0.98,98,98,98,-5630.000000002564,-2.5638655642978847e-09,0.5532786885245902
0.04,402,0.97,0,11,2.308484351257335,81,81,81,-5334.400000002429,-2.4292603484354913e-09,0.5591589451176051
0.04,403,0.07,0,4,0.49507575177946256,98,98,98,-5775.680000002557,-2.5565896066837013e-09,0.5588025659301497
0.04,404,0.22,0,7,1.0156771140475698,95,95,95,-5376.520000002439,-2.4383552954532206e-09,0.5431218816821097
0.04,405,0.7,0,7,1.6155494421403511,83,83,83,-5426.920000002417,-2.4165274226106703e-09,0.5488239486813971
0.04,406,0.08,0,4,0.5599999999999999,98,98,98,-5462.040000002458,-2.458364178892225e-09,0.5522095509622238
0.04,407,0.56,0,8,1.3951344021276229,84,84,84,-5483.880000002436,-2.435626811347902e-09,0.5456165359942979
0.04,408,0.6,0,7,1.469693845669907,84,84,84,-5445.640000002423,-2.422893885523081e-09,0.5570206699928724
0.04,409,0.16,0,4,0.7031358332498778,95,95,95,-5587.600000002502,-2.5020199245773256e-09,0.5477548111190307
0.04,410,0.04,0,4,0.39799497484264795,99,99,99,-5662.760000002474,-2.473825588822365e-09,0.5523877405559515
0.04,411,0.07,0,4,0.49507575177946256,98,98,98,-5671.920000002416,-2.4156179279088974e-09,0.546863863150392
0.04,412,0.0,0,0,0.0,100,100,100,-6095.080000002521,-2.521119313314557e-09,0.5550605844618675
0.04,413,0.12,0,9,0.9410632284814874,98,98,98,-5772.600000002498,-2.497472451068461e-09,0.5548823948681397
0.04,414,1.15,0,8,2.2062411472910206,77,77,77,-5480.520000002519,-2.5183908292092383e-09,0.5596935138987883
0.04,415,2.75,0,17,3.9073648409126065,59,59,59,-5181.760000002385,-2.384695108048618e-09,0.5532786885245902
0.04,416,0.17,0,4,0.7490660852021002,95,95,95,-5538.000000002498,-2.498381945770234e-09,0.5577334283677833
0.04,417,0.28,0,5,1.1142710621747294,94,94,94,-5663.080000002451,-2.4510882212780416e-09,0.5561297220242338
0.04,418,0.4,0,7,1.3416407864998738,91,91,91,-5662.8000000024595,-2.459273673593998e-09,0.5563079116179616
0.04,419,0.21,0,3,0.7654410493303845,93,93,93,-5818.920000002419,-2.419255906715989e-09,0.5721667854597291
0.04,420,0.0,0,0,0.0,100,100,100,-5772.240000002466,-2.4665496312081814e-09,0.5557733428367784
0.04,421,0.25,0,4,0.9205976319760985,93,93,93,-5636.2000000023945,-2.39469954976812e-09,0.5621881682109765
0.04,422,0.21,0,6,1.0324243313676795,96,96,96,-5858.92000000248,-2.4801920517347753e-09,0.5520313613684961
0.04,423,0.0,0,0,0.0,100,100,100,-6058.000000002525,-2.5247572921216488e-09,0.5689593727726301
0.04,424,0.55,0,7,1.4097872179871684,85,85,85,-5430.520000002514,-2.5138433557003736e-09,0.5493585174625801
0.04,425,1.18,0,10,2.09465987692513,71,71,71,-5351.7200000024295,-2.4292603484354913e-09,0.5543478260869565
0.04,426,0.55,0,7,1.532155344604456,87,87,87,-5438.320000002501,-2.5011104298755527e-09,0.5466856735566643
0.04,427,0.3,0,3,0.9000000000000001,90,90,90,-5721.080000002487,-2.4874680093489587e-09,0.5580898075552387
0.04,428,0.0,0,0,0.0,100,100,100,-5809.880000002521,-2.521119313314557e-09,0.5605844618674269
0.04,429,0.23,0,8,1.0756858277396797,95,95,95,-5600.640000002463,-2.4629116524010897e-09,0.5561297220242338
0.04,430,0.7,0,7,1.4866068747318504,80,80,80,-5298.48000000239,-2.3901520762592554e-09,0.5559515324305061
0.04,431,0.0,0,0,0.0,100,100,100,-5910.000000002486,-2.485649019945413e-09,0.5511404133998574
0.04,432,0.39,0,8,1.3482952198980755,91,91,91,-5454.0400000024165,-2.4165274226106703e-09,0.5538132573057734
0.04,433,0.0,0,0,0.0,100,100,100,-5698.92000000253,-2.5302142603322864e-09,0.5614754098360656
0.04,434,0.06,0,6,0.5969924622639721,99,99,99,-5730.640000002503,-2.5029294192790985e-09,0.5488239486813971
0.04,435,0.32,0,5,0.9785703858180056,90,90,90,-5520.9600000024375,-2.4374458007514477e-09,0.5470420527441198
0.04,436,0.36,0,9,1.2208193969625483,90,90,90,-5672.360000002443,-2.4419932742603123e-09,0.5671774768353528
0.04,437,0.85,0,9,1.904599695474091,81,81,81,-5467.200000002519,-2.5193003239110112e-09,0.5602280826799715
0.04,438,1.06,0,9,1.8805318396666404,72,72,72,-5482.280000002452,-2.4519977159798145e-09,0.5514967925873129
0.04,439,0.0,0,0,0.0,100,100,100,-5811.680000002469,-2.4683686206117272e-09,0.5548823948681397
0.04,440,0.74,0,9,1.7124251808473268,82,82,82,-5416.680000002368,-2.367414708714932e-09,0.5589807555238774
0.04,441,1.46,0,9,2.0318464508914054,61,61,61,-5244.560000002378,-2.3774191504344344e-09,0.5495367070563079
0.04,442,0.08,0,5,0.5775811631277461,98,98,98,-5634.56000000242,-2.420165401417762e-09,0.5591589451176051
0.04,443,0.43,0,7,1.3210223313782397,90,90,90,-5747.360000002556,-2.5556801119819283e-09,0.5607626514611547
0.04,444,0.05,0,5,0.49749371855331,99,99,99,-6239.4400000024925,-2.4920154828578234e-09,0.554704205274412
0.04,445,0.0,0,0,0.0,100,100,100,-5849.600000002432,-2.43198883254081e-09,0.5413399857448326
0.04,446,0.3,0,3,0.9000000000000001,90,90,90,-5806.320000002508,-2.508386387489736e-09,0.5643264433357092
0.04,447,0.36,0,6,1.360294085850556,93,93,93,-5519.40000000247,-2.470187610015273e-09,0.5443692088382038
0.04,448,0.11,0,4,0.6307931515164065,97,97,97,-5655.68000000246,-2.459273673593998e-09,0.5555951532430506
0.04,449,1.14,0,15,2.387551046574712,76,76,76,-5252.800000002333,-2.332853910047561e-09,0.5623663578047042
0.04,450,0.21,0,6,0.8751571287488893,94,94,94,-5620.720000002508,-2.507476892787963e-09,0.5545260156806843
0.04,451,0.34,0,10,1.266649122685521,91,91,91,-5518.200000002472,-2.472006599418819e-09,0.5523877405559515
0.04,452,0.46,0,7,1.3222707740852475,88,88,88,-5546.76000000242,-2.420165401417762e-09,0.5710976478973628
0.04,453,0.58,0,8,1.4154857823376397,84,84,84,-5314.200000002339,-2.3392203729599714e-09,0.5531004989308624
0.04,454,1.6,0,15,2.5099800796022267,61,61,61,-5392.320000002313,-2.3128450266085565e-09,0.5589807555238774
0.04,455,1.13,0,7,1.9982742554514383,73,73,73,-5514.3600000024735,-2.473825588822365e-09,0.5662865288667142
0.04,456,0.47,0,6,1.3300751858447704,88,88,88,-5518.320000002381,-2.381057129241526e-09,0.5571988595866001
0.04,457,0.12,0,3,0.5878775382679627,96,96,96,-6214.24000000241,-2.41016095969826e-09,0.559871703492516
0.04,458,0.09,0,3,0.5117616632769595,97,97,97,-5748.040000002457,-2.457454684190452e-09,0.5454383464005702
0.04,459,0.45,0,10,1.4517231140957976,89,89,89,-5439.840000002376,-2.3756001610308886e-09,0.5415181753385603
0.04,460,1.39,0,11,2.314713805203572,68,68,68,-5295.120000002341,-2.3410393623635173e-09,0.556664290805417
0.04,461,2.6,0,13,2.664582518894845,39,39,39,-5450.040000002349,-2.3492248146794736e-09,0.56503920171062
0.04,462,1.1,0,12,2.179449471770337,75,75,75,-5424.080000002422,-2.421984390821308e-09,0.5605844618674269
0.04,463,0.88,0,6,1.544538766104626,74,74,74,-5525.040000002464,-2.4638211471028626e-09,0.5506058446186742
0.04,464,0.0,0,0,0.0,100,100,100,-5774.000000002457,-2.457454684190452e-09,0.5470420527441198
0.04,465,0.33,0,7,1.288836684766538,93,93,93,-5541.640000002455,-2.4547262000851333e-09,0.5582679971489665
0.04,466,3.03,0,16,3.6261687770979445,46,46,46,-5210.200000002407,-2.407432475592941e-09,0.5441910192444761
0.04,467,0.53,0,7,1.2763620176109909,84,84,84,-5567.480000002483,-2.483830030541867e-09,0.5636136849607983
0.04,468,0.1,0,5,0.7000000000000001,98,98,98,-5760.040000002534,-2.533852239139378e-09,0.5466856735566643
0.04,469,0.18,0,3,0.6690291473471092,93,93,93,-5757.120000002521,-2.521119313314557e-09,0.5532786885245902
0.04,470,0.0,0,0,0.0,100,100,100,-5689.440000002466,-2.4656401365064085e-09,0.5473984319315752
0.04,471,0.03,0,3,0.29849623113198603,99,99,99,-6033.440000002396,-2.395609044469893e-09,0.5523877405559515
0.04,472,0.07,0,4,0.49507575177946256,98,98,98,-5695.000000002542,-2.5420376914553344e-09,0.5564861012116893
0.04,473,0.15,0,3,0.653834841531101,95,95,95,-5873.560000002495,-2.495653461664915e-09,0.5488239486813971
0.04,474,0.37,0,7,1.2700787377166818,91,91,91,-5624.160000002479,-2.4792825570330024e-09,0.5591589451176051
0.04,475,0.3,0,3,0.9000000000000001,90,90,90,-5719.840000002516,-2.5156623451039195e-09,0.5591589451176051
0.04,476,0.0,0,0,0.0,100,100,100,-6393.040000002381,-2.381057129241526e-09,0.5441910192444761
0.04,477,0.07,0,4,0.49507575177946256,98,98,98,-5619.200000002393,-2.392880560364574e-09,0.5557733428367784
0.04,478,0.54,0,4,1.344767637921139,86,86,86,-5375.04000000242,-2.420165401417762e-09,0.5509622238061297
0.04,479,2.7,0,19,3.6124783736376886,51,51,51,-5226.24000000233,-2.330125425942242e-09,0.5554169636493229
0.04,480,0.15,0,6,0.8874119674649424,97,97,97,-5678.280000002452,-2.4519977159798145e-09,0.5488239486813971
0.04,481,1.3,0,8,1.9209372712298547,63,63,63,-5462.080000002502,-2.5020199245773256e-09,0.561831789023521
0.04,482,0.35,0,4,1.0037429949942367,89,89,89,-5446.96000000239,-2.3901520762592554e-09,0.5596935138987883
0.04,483,0.93,0,10,1.9352260849833542,77,77,77,-5225.680000002305,-2.3046595742926e-09,0.5463292943692089
0.04,484,0.07,0,4,0.49507575177946256,98,98,98,-5748.840000002534,-2.533852239139378e-09,0.5646828225231646
0.04,485,0.56,0,6,1.4786480311419616,86,86,86,-5429.120000002414,-2.4137989385053515e-09,0.5554169636493229
0.04,486,0.8,0,6,1.6,79,79,79,-5338.280000002408,-2.408341970294714e-09,0.5513186029935851
0.04,487,0.28,0,5,0.980612053770501,92,92,92,-5560.32000000245,-2.4501787265762687e-09,0.5584461867426942
0.04,488,1.8,0,11,2.5729360660537215,60,60,60,-5272.240000002353,-2.3528627934865654e-09,0.5484675694939416
0.04,489,0.0,0,0,0.0,100,100,100,-5770.200000002524,-2.523847797419876e-09,0.5502494654312188
0.04,490,0.7,0,6,1.466287829861518,80,80,80,-5509.680000002469,-2.4683686206117272e-09,0.554704205274412
0.04,491,1.27,0,9,2.1253470304870214,70,70,70,-5400.440000002447,-2.446540747769177e-09,0.5584461867426942
0.04,492,0.53,0,7,1.4591435844357468,87,87,87,-5341.280000002362,-2.3619577405042946e-09,0.5580898075552387
0.04,493,0.13,0,4,0.6427285585688565,96,96,96,-5820.840000002478,-2.4774635676294565e-09,0.5593371347113328
0.04,494,0.13,0,5,0.7570336848516056,97,97,97,-5614.52000000252,-2.5193003239110112e-09,0.5511404133998574
0.04,495,0.6,0,7,1.5033296378372907,85,85,85,-5360.920000002399,-2.3992470232769847e-09,0.5541696364932288
0.04,496,0.09,0,3,0.5117616632769595,97,97,97,-5892.000000002474,-2.473825588822365e-09,0.5548823948681397
0.04,497,1.08,0,6,1.604244370412438,67,67,67,-5442.800000002552,-2.5520421331748366e-09,0.5555951532430506
0.04,498,0.39,0,5,1.2481586437628833,91,91,91,-5500.520000002476,-2.4756445782259107e-09,0.5559515324305061
0.04,499,0.22,0,4,0.8072174428244225,93,93,93,-5866.760000002465,-2.4647306418046355e-09,0.5636136849607983
0.07,0,0.0,0,0,0.0,100,100,100,-6221.359999997747,2.253727870993316e-09,0.5525659301496793
0.07,1,0.0,0,0,0.0,100,100,100,-6950.069999997074,2.92584445560351e-09,0.5673556664290805
0.07,2,0.0,0,0,0.0,100,100,100,-7065.50999999658,3.420609573367983e-09,0.5434782608695652
0.07,3,0.0,0,0,0.0,100,100,100,-6071.649999997944,2.055458026006818e-09,0.5600498930862438
0.07,4,0.0,0,0,0.0,100,100,100,-6426.099999997606,2.39469954976812e-09,0.5568424803991446
0.07,5,0.0,0,0,0.0,100,100,100,-7023.109999996848,3.1523086363449693e-09,0.5577334283677833
0.07,6,0.0,0,0,0.0,100,100,100,-6654.05999999713,2.8703652787953615e-09,0.5491803278688525
0.07,7,0.0,0,0,0.0,100,100,100,-6167.5399999977035,2.296474121976644e-09,0.5491803278688525
0.07,8,0.0,0,0,0.0,100,100,100,-7017.979999996809,3.1905074138194323e-09,0.559871703492516
0.07,9,0.0,0,0,0.0,100,100,100,-6068.009999997711,2.2891981643624604e-09,0.5457947255880257
0.07,10,0.0,0,0,0.0,100,100,100,-6118.839999997856,2.1445885067805648e-09,0.5514967925873129
0.07,11,0.0,0,0,0.0,100,100,100,-6571.959999997244,2.7557689463719726e-09,0.5450819672131147
0.07,12,0.0,0,0,0.0,100,100,100,-6782.969999997043,2.9576767701655626e-09,0.5543478260869565
0.07,13,0.0,0,0,0.0,100,100,100,-6461.339999997411,2.5893314159475267e-09,0.5523877405559515
0.07,14,0.0,0,0,0.0,100,100,100,-7710.819999996188,3.811692295130342e-09,0.5564861012116893
0.07,15,0.07,0,7,0.696491205974634,99,99,99,-6036.569999997923,2.076376404147595e-09,0.5541696364932288
0.07,16,0.0,0,0,0.0,100,100,100,-6553.269999997122,2.878550731111318e-09,0.546863863150392
0.07,17,0.0,0,0,0.0,100,100,100,-6557.629999997315,2.684828359633684e-09,0.5591589451176051
0.07,18,0.0,0,0,0.0,100,100,100,-6479.189999997337,2.663909981492907e-09,0.5495367070563079
0.07,19,0.0,0,0,0.0,100,100,100,-7492.039999996302,3.698914952110499e-09,0.5545260156806843
0.07,20,0.0,0,0,0.0,100,100,100,-6786.38999999724,2.760316419880837e-09,0.5648610121168923
0.07,21,0.0,0,0,0.0,100,100,100,-6601.479999997166,2.8339854907244444e-09,0.5450819672131147
0.07,22,0.03,0,3,0.29849623113198603,99,99,99,-6200.999999997775,2.2246240405365825e-09,0.5595153243050606
0.07,23,0.0,0,0,0.0,100,100,100,-7128.159999996768,3.231434675399214e-09,0.5580898075552387
0.07,24,0.0,0,0,0.0,100,100,100,-6779.599999997228,2.7721398510038853e-09,0.5630791161796151
0.07,25,0.0,0,0,0.0,100,100,100,-6395.849999997648,2.3519532987847924e-09,0.5627227369921597
0.07,26,0.0,0,0,0.0,100,100,100,-6786.799999997079,2.9212969820946455e-09,0.554704205274412
0.07,27,0.0,0,0,0.0,100,100,100,-6273.859999997882,2.11821316042915e-09,0.5641482537419815
0.07,28,0.0,0,0,0.0,100,100,100,-6307.7099999975735,2.4265318643301725e-09,0.5575552387740556
0.07,29,0.0,0,0,0.0,100,100,100,-5905.199999998013,1.987245923373848e-09,0.5550605844618675
0.07,30,0.0,0,0,0.0,100,100,100,-6105.019999997963,2.0372681319713593e-09,0.5614754098360656
0.07,31,0.0,0,0,0.0,100,100,100,-6121.639999997727,2.2737367544323206e-09,0.5506058446186742
0.07,32,0.0,0,0,0.0,100,100,100,-6731.529999997157,2.8439899324439466e-09,0.5539914468995011
0.07,33,0.0,0,0,0.0,100,100,100,-6154.509999997754,2.2464519133791327e-09,0.5486457590876693
0.07,34,0.22,0,4,0.87840765023991,94,94,94,-5928.239999998109,1.890839484985918e-09,0.5498930862437633
0.07,35,0.0,0,0,0.0,100,100,100,-7303.639999996719,3.281456883996725e-09,0.571632216678546
0.07,36,0.06,0,3,0.42,98,98,98,-6099.089999997982,2.0181687432341278e-09,0.5545260156806843
0.07,37,0.0,0,0,0.0,100,100,100,-6811.179999997121,2.879460225813091e-09,0.5605844618674269
0.07,38,0.0,0,0,0.0,100,100,100,-5988.79999999804,1.9599610823206604e-09,0.5602280826799715
0.07,39,0.0,0,0,0.0,100,100,100,-5925.949999997982,2.0181687432341278e-09,0.547576621525303
0.07,40,0.06,0,3,0.42,98,98,98,-6035.549999997792,2.2082531359046698e-09,0.550071275837491
0.07,41,0.0,0,0,0.0,100,100,100,-6948.349999996887,3.1132003641687334e-09,0.5577334283677833
0.07,42,0.0,0,0,0.0,100,100,100,-7059.939999996933,3.067725629080087e-09,0.5646828225231646
0.07,43,0.0,0,0,0.0,100,100,100,-6720.039999997029,2.9722286853939295e-09,0.552744119743407
0.07,44,0.0,0,0,0.0,100,100,100,-6322.139999997448,2.5520421331748366e-09,0.5465074839629366
0.07,45,0.0,0,0,0.0,100,100,100,-6662.479999997096,2.90401658276096e-09,0.544903777619387
0.07,46,0.0,0,0,0.0,100,100,100,-6774.419999996976,3.0240698833949864e-09,0.5506058446186742
0.07,47,0.24,0,4,0.9499473669630333,94,94,94,-6252.8899999977775,2.2228050511330366e-09,0.5564861012116893
0.07,48,0.0,0,0,0.0,100,100,100,-6610.029999997169,2.8312570066191256e-09,0.5539914468995011
0.07,49,0.0,0,0,0.0,100,100,100,-6896.319999996761,3.2387106330133975e-09,0.5484675694939416
0.07,50,0.0,0,0,0.0,100,100,100,-6414.6299999973835,2.6166162570007145e-09,0.5525659301496793
0.07,51,0.0,0,0,0.0,100,100,100,-6201.059999997858,2.142769517377019e-09,0.5621881682109765
0.07,52,0.0,0,0,0.0,100,100,100,-8747.629999995468,4.532921593636274e-09,0.5582679971489665
0.07,53,0.0,0,0,0.0,100,100,100,-6507.299999997314,2.685737854335457e-09,0.5506058446186742
0.07,54,0.0,0,0,0.0,100,100,100,-6835.7999999970925,2.9076545615680516e-09,0.5602280826799715
0.07,55,0.05,0,5,0.49749371855331,99,99,99,-5867.629999998127,1.873559085652232e-09,0.550784034212402
0.07,56,0.0,0,0,0.0,100,100,100,-7010.079999996827,3.1732270144857466e-09,0.5600498930862438
0.07,57,0.0,0,0,0.0,100,100,100,-8488.469999995568,4.432877176441252e-09,0.5418745545260156
0.07,58,0.03,0,3,0.29849623113198603,99,99,99,-6190.1599999977625,2.2373569663614035e-09,0.561831789023521
0.07,59,0.24,0,4,0.8845337754998391,93,93,93,-5923.359999997917,2.0836523617617786e-09,0.5418745545260156
0.07,60,0.03,0,3,0.29849623113198603,99,99,99,-6343.529999997609,2.3919710656628013e-09,0.5497148966500356
0.07,61,0.0,0,0,0.0,100,100,100,-6668.09999999717,2.8303475119173527e-09,0.5548823948681397
0.07,62,0.0,0,0,0.0,100,100,100,-6610.679999997371,2.6293491828255355e-09,0.5564861012116893
0.07,63,0.0,0,0,0.0,100,100,100,-6436.859999997507,2.4938344722613692e-09,0.5543478260869565
0.07,64,0.0,0,0,0.0,100,100,100,-7389.939999996436,3.5643097362481058e-09,0.5470420527441198
0.07,65,0.0,0,0,0.0,100,100,100,-6289.89999999759,2.409251464996487e-09,0.5555951532430506
0.07,66,0.0,0,0,0.0,100,100,100,-6566.069999997233,2.7666828827932477e-09,0.550784034212402
0.07,67,0.0,0,0,0.0,100,100,100,-6675.019999997165,2.8358044801279902e-09,0.5563079116179616
0.07,68,0.0,0,0,0.0,100,100,100,-6694.129999996964,3.0358933145180345e-09,0.5450819672131147
0.07,69,0.0,0,0,0.0,100,100,100,-6294.919999997657,2.342858351767063e-09,0.5573770491803278
0.07,70,0.0,0,0,0.0,100,100,100,-6634.949999997203,2.7976057026535273e-09,0.5506058446186742
0.07,71,0.0,0,0,0.0,100,100,100,-6906.839999996828,3.1723175197839737e-09,0.5513186029935851
0.07,72,0.0,0,0,0.0,100,100,100,-6324.259999997365,2.634806151036173e-09,0.5408054169636494
0.07,73,0.0,0,0,0.0,100,100,100,-6323.87999999769,2.3101165425032377e-09,0.5607626514611547
0.07,74,0.0,0,0,0.0,100,100,100,-7020.38999999664,3.36058292305097e-09,0.5416963649322879
0.07,75,0.03,0,3,0.29849623113198603,99,99,99,-6229.049999997486,2.5138433557003736e-09,0.5481111903064861
0.07,76,0.03,0,3,0.29849623113198603,99,99,99,-6237.679999997506,2.494743966963142e-09,0.5436564504632929
0.07,77,0.0,0,0,0.0,100,100,100,-7074.369999996866,3.1350282370112836e-09,0.5623663578047042
0.07,78,0.0,0,0,0.0,100,100,100,-7042.339999996847,3.153218131046742e-09,0.5678902352102637
0.07,79,0.0,0,0,0.0,100,100,100,-6319.179999997692,2.308297553099692e-09,0.5621881682109765
0.07,80,0.0,0,0,0.0,100,100,100,-6654.279999997326,2.674823917914182e-09,0.5575552387740556
0.07,81,0.0,0,0,0.0,100,100,100,-6230.319999997676,2.3237589630298316e-09,0.5607626514611547
0.07,82,0.0,0,0,0.0,100,100,100,-7245.829999996505,3.4951881389133632e-09,0.5506058446186742
0.07,83,0.0,0,0,0.0,100,100,100,-6758.71999999704,2.9604052542708814e-09,0.5516749821810406
0.07,84,0.0,0,0,0.0,100,100,100,-6186.739999997695,2.3046595742926e-09,0.5509622238061297
0.07,85,0.0,0,0,0.0,100,100,100,-6804.799999997018,2.9822331271134317e-09,0.5573770491803278
0.07,86,0.0,0,0,0.0,100,100,100,-6631.329999997203,2.7966962079517543e-09,0.5582679971489665
0.07,87,0.0,0,0,0.0,100,100,100,-7003.449999996792,3.208697307854891e-09,0.5621881682109765
0.07,88,0.0,0,0,0.0,100,100,100,-6086.159999998033,1.9672370399348438e-09,0.5596935138987883
0.07,89,0.0,0,0,0.0,100,100,100,-6526.479999997397,2.6029738364741206e-09,0.5584461867426942
0.07,90,0.09,0,9,0.895488693395958,99,99,99,-6011.94999999803,1.9699655240401626e-09,0.5573770491803278
0.07,91,0.0,0,0,0.0,100,100,100,-7274.9599999966385,3.3624019124545157e-09,0.5641482537419815
0.07,92,0.06,0,3,0.42,98,98,98,-5954.629999997949,2.050910552497953e-09,0.5481111903064861
0.07,93,0.0,0,0,0.0,100,100,100,-6285.7999999977455,2.254637365695089e-09,0.561831789023521
0.07,94,0.0,0,0,0.0,100,100,100,-6702.389999997208,2.7921487344428897e-09,0.5621881682109765
0.07,95,0.0,0,0,0.0,100,100,100,-6525.109999997412,2.5884219212457538e-09,0.5538132573057734
0.07,96,0.03,0,3,0.29849623113198603,99,99,99,-6571.149999997502,2.497472451068461e-09,0.5648610121168923
0.07,97,0.0,0,0,0.0,100,100,100,-6239.159999997892,2.1082087187096477e-09,0.5709194583036351
0.07,98,0.0,0,0,0.0,100,100,100,-5956.369999998051,1.9490471458993852e-09,0.5620099786172488
0.07,99,0.05,0,5,0.49749371855331,99,99,99,-6068.919999998068,1.9317667465656996e-09,0.5671774768353528
0.07,100,0.0,0,0,0.0,100,100,100,-6373.699999997369,2.6320776669308543e-09,0.5434782608695652
0.07,101,0.0,0,0,0.0,100,100,100,-6607.199999997329,2.672095433808863e-09,0.5609408410548824
0.07,102,0.03,0,3,0.29849623113198603,99,99,99,-6046.389999997905,2.0954757928848267e-09,0.5609408410548824
0.07,103,0.0,0,0,0.0,100,100,100,-6591.669999997171,2.8294380172155797e-09,0.550071275837491
0.07,104,0.0,0,0,0.0,100,100,100,-6651.309999997219,2.7812347980216146e-09,0.550071275837491
0.07,105,0.03,0,3,0.29849623113198603,99,99,99,-6463.419999997434,2.5656845537014306e-09,0.5616535994297933
0.07,106,0.0,0,0,0.0,100,100,100,-6598.449999997261,2.73939804174006e-09,0.5600498930862438
0.07,107,0.0,0,0,0.0,100,100,100,-6227.269999997716,2.2846506908535957e-09,0.5552387740555952
0.07,108,0.74,0,2,0.9656086163658648,63,63,63,-6722.249999997101,2.8985596145503223e-09,0.5518531717747683
0.07,109,0.0,0,0,0.0,100,100,100,-7882.419999996072,3.928107616957277e-09,0.552744119743407
0.07,110,0.0,0,0,0.0,100,100,100,-5725.219999998162,1.838088792283088e-09,0.5443692088382038
0.07,111,0.03,0,3,0.29849623113198603,99,99,99,-5909.549999998015,1.9854269339703023e-09,0.5497148966500356
0.07,112,0.35,0,4,1.0037429949942367,89,89,89,-5792.039999998192,1.8080754671245813e-09,0.5506058446186742
0.07,113,0.0,0,0,0.0,100,100,100,-6712.329999997079,2.9212969820946455e-09,0.5484675694939416
0.07,114,0.0,0,0,0.0,100,100,100,-6569.769999997543,2.457454684190452e-09,0.5689593727726301
0.07,115,0.0,0,0,0.0,100,100,100,-6414.2299999975585,2.4419932742603123e-09,0.5671774768353528
0.07,116,0.0,0,0,0.0,100,100,100,-6052.779999997696,2.3046595742926e-09,0.5445473984319316
0.07,117,0.0,0,0,0.0,100,100,100,-7530.25999999624,3.759851097129285e-09,0.5514967925873129
0.07,118,0.03,0,3,0.29849623113198603,99,99,99,-5970.119999998015,1.9845174392685294e-09,0.5582679971489665
0.07,119,0.0,0,0,0.0,100,100,100,-6978.08999999686,3.140485205221921e-09,0.5573770491803278
0.07,120,0.0,0,0,0.0,100,100,100,-6791.479999997044,2.9558577807620168e-09,0.5514967925873129
0.07,121,0.0,0,0,0.0,100,100,100,-7637.939999996337,3.663444658741355e-09,0.5627227369921597
0.07,122,0.0,0,0,0.0,100,100,100,-7013.729999996708,3.2923708204180002e-09,0.5509622238061297
0.07,123,0.0,0,0,0.0,100,100,100,-6362.329999997422,2.5775079848244786e-09,0.5575552387740556
0.07,124,0.0,0,0,0.0,100,100,100,-6213.959999997381,2.6193447411060333e-09,0.5359942979330007
0.07,125,0.0,0,0,0.0,100,100,100,-6284.909999997578,2.421984390821308e-09,0.5573770491803278
0.07,126,0.0,0,0,0.0,100,100,100,-7001.659999996992,3.0076989787630737e-09,0.5611190306486101
0.07,127,0.06,0,3,0.42,98,98,98,-6581.319999997454,2.545675670262426e-09,0.5584461867426942
0.07,128,0.0,0,0,0.0,100,100,100,-7032.55999999684,3.1604940886609256e-09,0.5612972202423379
0.07,129,0.03,0,3,0.29849623113198603,99,99,99,-6217.079999997758,2.241904439870268e-09,0.5636136849607983
0.07,130,0.0,0,0,0.0,100,100,100,-6575.46999999723,2.7703208616003394e-09,0.5504276550249465
0.07,131,0.15,0,3,0.653834841531101,95,95,95,-6120.659999997724,2.2755557438358665e-09,0.5529223093371347
0.07,132,0.0,0,0,0.0,100,100,100,-6294.349999997527,2.472916094120592e-09,0.5452601568068425
0.07,133,0.0,0,0,0.0,100,100,100,-7073.679999996717,3.283275873400271e-09,0.5531004989308624
0.07,134,0.0,0,0,0.0,100,100,100,-6600.279999997066,2.9349394026212394e-09,0.5406272273699216
0.07,135,0.0,0,0,0.0,100,100,100,-6712.949999997231,2.7694113668985665e-09,0.5604062722736992
0.07,136,0.0,0,0,0.0,100,100,100,-6289.32999999774,2.2600943339057267e-09,0.556664290805417
0.07,137,0.0,0,0,0.0,100,100,100,-6597.159999997186,2.81397660728544e-09,0.5525659301496793
0.07,138,0.0,0,0,0.0,100,100,100,-7735.329999996206,3.793502401094884e-09,0.5611190306486101
0.07,139,0.0,0,0,0.0,100,100,100,-6710.99999999723,2.7703208616003394e-09,0.567712045616536
0.07,140,0.0,0,0,0.0,100,100,100,-6432.259999997428,2.572051016613841e-09,0.5571988595866001
0.07,141,0.0,0,0,0.0,100,100,100,-6570.449999997306,2.6948328013531864e-09,0.5584461867426942
0.07,142,0.0,0,0,0.0,100,100,100,-6207.539999997704,2.295564627274871e-09,0.5568424803991446
0.07,143,0.0,0,0,0.0,100,100,100,-7424.409999996403,3.597051545511931e-09,0.5481111903064861
0.07,144,0.0,0,0,0.0,100,100,100,-7644.359999996251,3.749846655409783e-09,0.5548823948681397
0.07,145,0.0,0,0,0.0,100,100,100,-6237.019999997699,2.3010215954855084e-09,0.5637918745545261
0.07,146,0.0,0,0,0.0,100,100,100,-6684.609999997365,2.635715645737946e-09,0.5639700641482538
0.07,147,0.0,0,0,0.0,100,100,100,-6018.539999998077,1.9226717995479703e-09,0.5591589451176051
0.07,148,0.0,0,0,0.0,100,100,100,-6560.839999997377,2.622982719913125e-09,0.556664290805417
0.07,149,0.0,0,0,0.0,100,100,100,-6994.2299999968245,3.1750460038892925e-09,0.5550605844618675
0.07,150,0.0,0,0,0.0,100,100,100,-6737.959999997176,2.823981049004942e-09,0.5612972202423379
0.07,151,0.0,0,0,0.0,100,100,100,-7191.259999996597,3.4033291740342975e-09,0.5550605844618675
0.07,152,0.0,0,0,0.0,100,100,100,-5793.669999998104,1.8962964531965554e-09,0.5520313613684961
0.07,153,0.0,0,0,0.0,100,100,100,-7069.57999999679,3.2096068025566638e-09,0.5541696364932288
0.07,154,0.0,0,0,0.0,100,100,100,-5950.23999999798,2.0199877326376736e-09,0.546863863150392
0.07,155,0.0,0,0,0.0,100,100,100,-6809.299999997055,2.9449438443407416e-09,0.5563079116179616
0.07,156,0.03,0,3,0.29849623113198603,99,99,99,-6141.429999997788,2.2118911147117615e-09,0.5504276550249465
0.07,157,0.0,0,0,0.0,100,100,100,-6387.729999997589,2.4110704544000328e-09,0.5518531717747683
0.07,158,0.0,0,0,0.0,100,100,100,-6705.059999997125,2.875822247005999e-09,0.5559515324305061
0.07,159,0.16,0,5,0.8089499366462674,96,96,96,-6010.719999997992,2.0081643015146255e-09,0.5538132573057734
0.07,160,0.0,0,0,0.0,100,100,100,-6651.409999997131,2.8685462893918157e-09,0.5534568781183179
0.07,161,0.0,0,0,0.0,100,100,100,-6619.919999997166,2.8339854907244444e-09,0.552744119743407
0.07,162,0.0,0,0,0.0,100,100,100,-6000.649999997887,2.1127561922185123e-09,0.5548823948681397
0.07,163,0.02,0,2,0.19899748742132398,99,99,99,-6118.239999997912,2.0881998352706432e-09,0.5522095509622238
0.07,164,0.0,0,0,0.0,100,100,100,-6919.949999997027,2.9740476747974753e-09,0.5600498930862438
0.07,165,0.0,0,0,0.0,100,100,100,-6619.279999997242,2.7584974304772913e-09,0.5645046329294369
0.07,166,0.04,0,4,0.39799497484264795,99,99,99,-5996.519999997828,2.1727828425355256e-09,0.5538132573057734
0.07,167,0.06,0,3,0.42,98,98,98,-6082.589999997653,2.3474058252759278e-09,0.5425873129009265
0.07,168,0.0,0,0,0.0,100,100,100,-6024.529999997847,2.153683453798294e-09,0.5502494654312188
0.07,169,0.0,0,0,0.0,100,100,100,-7152.409999996616,3.384229785297066e-09,0.5532786885245902
0.07,170,0.0,0,0,0.0,100,100,100,-6309.559999997584,2.4165274226106703e-09,0.550784034212402
0.07,171,0.03,0,3,0.29849623113198603,99,99,99,-6442.079999997543,2.456545189488679e-09,0.5543478260869565
0.07,172,0.19,0,7,0.9021640649017229,95,95,95,-6077.099999997956,2.0445440895855427e-09,0.554704205274412
0.07,173,0.0,0,0,0.0,100,100,100,-5970.9399999977995,2.2009771782904863e-09,0.5427655024946543
0.07,174,0.0,0,0,0.0,100,100,100,-6099.529999997789,2.2118911147117615e-09,0.5541696364932288
0.07,175,0.0,0,0,0.0,100,100,100,-6749.879999997044,2.9558577807620168e-09,0.5518531717747683
0.07,176,0.0,0,0,0.0,100,100,100,-6637.569999997371,2.6284396881237626e-09,0.5636136849607983
0.07,177,0.0,0,0,0.0,100,100,100,-6268.899999997599,2.4010660126805305e-09,0.5584461867426942
0.07,178,0.0,0,0,0.0,100,100,100,-6343.869999997641,2.359229256398976e-09,0.5605844618674269
0.07,179,0.03,0,3,0.29849623113198603,99,99,99,-7123.349999996693,3.306922735646367e-09,0.5559515324305061
0.07,180,0.0,0,0,0.0,100,100,100,-6242.599999997691,2.309207047801465e-09,0.5609408410548824
0.07,181,0.0,0,0,0.0,100,100,100,-6334.469999997651,2.3492248146794736e-09,0.5596935138987883
0.07,182,0.0,0,0,0.0,100,100,100,-6459.179999997434,2.5665940484032035e-09,0.5539914468995011
0.07,183,0.03,0,3,0.29849623113198603,99,99,99,-6556.549999997375,2.624801709316671e-09,0.5646828225231646
0.07,184,0.0,0,0,0.0,100,100,100,-6250.059999997598,2.4019755073823035e-09,0.5536350677120456
0.07,185,0.0,0,0,0.0,100,100,100,-6836.929999997015,2.9849616112187505e-09,0.562544547398432
0.07,186,0.04,0,4,0.39799497484264795,99,99,99,-6899.829999996826,3.1741365091875196e-09,0.5555951532430506
0.07,187,0.0,0,0,0.0,100,100,100,-8697.999999995438,4.562025424093008e-09,0.550784034212402
0.07,188,0.17,0,5,0.8373171442171717,96,96,96,-6289.7599999977565,2.243723429273814e-09,0.5545260156806843
0.07,189,0.0,0,0,0.0,100,100,100,-6591.8399999974,2.600245352368802e-09,0.5548823948681397
0.07,190,0.0,0,0,0.0,100,100,100,-6289.9499999974505,2.5502231437712908e-09,0.5491803278688525
0.07,191,0.0,0,0,0.0,100,100,100,-6494.789999997261,2.7403075364418328e-09,0.550784034212402
0.07,192,0.0,0,0,0.0,100,100,100,-6040.329999997606,2.393790055066347e-09,0.5375980042765502
0.07,193,0.04,0,4,0.39799497484264795,99,99,99,-6172.73999999772,2.280103217344731e-09,0.5495367070563079
0.07,194,0.05,0,5,0.49749371855331,99,99,99,-6189.189999997937,2.063643478322774e-09,0.5634354953670706
0.07,195,0.0,0,0,0.0,100,100,100,-6414.469999997587,2.4128894438035786e-09,0.5602280826799715
0.07,196,0.03,0,3,0.29849623113198603,99,99,99,-6118.539999997804,2.1955202100798488e-09,0.5477548111190307
0.07,197,0.0,0,0,0.0,100,100,100,-6314.399999997545,2.4547262000851333e-09,0.5504276550249465
0.07,198,0.0,0,0,0.0,100,100,100,-6392.279999997702,2.2982931113801897e-09,0.5675338560228083
0.07,199,0.0,0,0,0.0,100,100,100,-6932.149999996971,3.028617356903851e-09,0.5538132573057734
0.07,200,0.12,0,3,0.5878775382679627,96,96,96,-6562.9499999973295,2.6711859391070902e-09,0.5593371347113328
0.07,201,0.0,0,0,0.0,100,100,100,-6343.599999997565,2.435626811347902e-09,0.5541696364932288
0.07,202,0.0,0,0,0.0,100,100,100,-6449.369999997513,2.486558514647186e-09,0.5614754098360656
0.07,203,0.0,0,0,0.0,100,100,100,-6603.369999997436,2.5647750589996576e-09,0.5609408410548824
0.07,204,0.0,0,0,0.0,100,100,100,-7156.879999996706,3.294189809821546e-09,0.5604062722736992
0.07,205,0.03,0,3,0.29849623113198603,99,99,99,-5895.259999998083,1.9172148313373327e-09,0.5561297220242338
0.07,206,0.0,0,0,0.0,100,100,100,-6477.279999997315,2.685737854335457e-09,0.5545260156806843
0.07,207,0.0,0,0,0.0,100,100,100,-6716.819999997258,2.7421265258453786e-09,0.5680684248039914
0.07,208,0.0,0,0,0.0,100,100,100,-6530.269999997369,2.6311681722290814e-09,0.5639700641482538
0.07,209,0.0,0,0,0.0,100,100,100,-6126.739999997922,2.078195393551141e-09,0.556664290805417
0.07,210,0.09,0,3,0.5117616632769595,97,97,97,-5934.699999998209,1.7907950677908957e-09,0.5653955808980755
0.07,211,0.03,0,3,0.29849623113198603,99,99,99,-6205.549999997696,2.3037500795908272e-09,0.5552387740555952
0.07,212,0.0,0,0,0.0,100,100,100,-6503.479999997446,2.5547706172801554e-09,0.562544547398432
0.07,213,0.0,0,0,0.0,100,100,100,-6074.78999999797,2.029992174357176e-09,0.5564861012116893
0.07,214,0.0,0,0,0.0,100,100,100,-6956.429999996982,3.018612915184349e-09,0.5568424803991446
0.07,215,0.0,0,0,0.0,100,100,100,-6492.019999997448,2.5520421331748366e-09,0.5529223093371347
0.07,216,0.0,0,0,0.0,100,100,100,-7195.019999996605,3.395143721718341e-09,0.5552387740555952
0.07,217,0.0,0,0,0.0,100,100,100,-6088.869999997758,2.241904439870268e-09,0.5477548111190307
0.07,218,0.0,0,0,0.0,100,100,100,-6586.409999997262,2.737579052336514e-09,0.5520313613684961
0.07,219,0.0,0,0,0.0,100,100,100,-6381.149999997674,2.3255779524333775e-09,0.562544547398432
0.07,220,0.0,0,0,0.0,100,100,100,-6102.399999997903,2.0963852875865996e-09,0.5577334283677833
0.07,221,0.0,0,0,0.0,100,100,100,-6361.57999999744,2.560227585490793e-09,0.5538132573057734
0.07,222,0.0,0,0,0.0,100,100,100,-7609.499999996381,3.6188794183544815e-09,0.5648610121168923
0.07,223,0.03,0,3,0.29849623113198603,99,99,99,-6226.219999997683,2.317392500117421e-09,0.5557733428367784
0.07,224,0.0,0,0,0.0,100,100,100,-6158.649999997789,2.2109816200099885e-09,0.5588025659301497
0.07,225,0.0,0,0,0.0,100,100,100,-6301.119999997651,2.3492248146794736e-09,0.5575552387740556
0.07,226,0.0,0,0,0.0,100,100,100,-5845.999999998119,1.8808350432664156e-09,0.5531004989308624
0.07,227,0.0,0,0,0.0,100,100,100,-6629.44999999737,2.6311681722290814e-09,0.5609408410548824
0.07,228,0.0,0,0,0.0,100,100,100,-6818.159999997107,2.8931026463396847e-09,0.5661083392729864
0.07,229,0.0,0,0,0.0,100,100,100,-6572.569999997231,2.7685018721967936e-09,0.5491803278688525
0.07,230,0.0,0,0,0.0,100,100,100,-6336.559999997638,2.3619577405042946e-09,0.5573770491803278
0.07,231,0.0,0,0,0.0,100,100,100,-6463.8299999972,2.800334186758846e-09,0.5381325730577334
0.07,232,0.0,0,0,0.0,100,100,100,-6585.069999997388,2.61206878349185e-09,0.5602280826799715
0.07,233,0.0,0,0,0.0,100,100,100,-6300.259999997579,2.421074896119535e-09,0.5511404133998574
0.07,234,0.0,0,0,0.0,100,100,100,-7280.589999996508,3.4924596548080444e-09,0.5463292943692089
0.07,235,0.03,0,3,0.29849623113198603,99,99,99,-6015.389999997971,2.029082679655403e-09,0.5531004989308624
0.07,236,0.0,0,0,0.0,100,100,100,-6909.829999996885,3.1150193535722792e-09,0.5568424803991446
0.07,237,0.0,0,0,0.0,100,100,100,-7362.749999996369,3.6307028494775295e-09,0.5514967925873129
0.07,238,0.0,0,0,0.0,100,100,100,-6286.759999997625,2.3756001610308886e-09,0.5525659301496793
0.07,239,0.11,0,4,0.6307931515164065,97,97,97,-6179.389999997711,2.2891981643624604e-09,0.5466856735566643
0.07,240,0.0,0,0,0.0,100,100,100,-6527.989999997439,2.561137080192566e-09,0.5525659301496793
0.07,241,0.04,0,4,0.39799497484264795,99,99,99,-6654.459999997242,2.7575879357755184e-09,0.5564861012116893
0.07,242,0.0,0,0,0.0,100,100,100,-6344.859999997701,2.2992026060819626e-09,0.5561297220242338
0.07,243,0.0,0,0,0.0,100,100,100,-6207.369999997653,2.346496330574155e-09,0.5516749821810406
0.07,244,0.0,0,0,0.0,100,100,100,-6379.959999997474,2.5256667868234217e-09,0.5561297220242338
0.07,245,0.06,0,3,0.42,98,98,98,-6130.439999997927,2.0736479200422764e-09,0.5570206699928724
0.07,246,0.21,0,7,1.1941105476462386,97,97,97,-6520.669999997358,2.6420821086503565e-09,0.5573770491803278
0.07,247,0.11,0,4,0.6307931515164065,97,97,97,-6019.229999997954,2.0463630789890885e-09,0.5595153243050606
0.07,248,0.0,0,0,0.0,100,100,100,-7425.479999996343,3.6570781958289444e-09,0.5506058446186742
0.07,249,0.0,0,0,0.0,100,100,100,-6120.899999997704,2.295564627274871e-09,0.5482893799002139
0.07,250,0.0,0,0,0.0,100,100,100,-7489.459999996313,3.688001015689224e-09,0.5550605844618675
0.07,251,0.0,0,0,0.0,100,100,100,-6754.159999997153,2.8467184165492654e-09,0.5602280826799715
0.07,252,0.0,0,0,0.0,100,100,100,-7076.4199999967905,3.2096068025566638e-09,0.5630791161796151
0.07,253,0.0,0,0,0.0,100,100,100,-6931.479999996944,3.055902197957039e-09,0.5616535994297933
0.07,254,0.04,0,4,0.39799497484264795,99,99,99,-6053.1299999978055,2.194610715378076e-09,0.544903777619387
0.07,255,0.0,0,0,0.0,100,100,100,-6361.079999997498,2.5020199245773256e-09,0.5575552387740556
0.07,256,0.0,0,0,0.0,100,100,100,-6200.78999999792,2.080014382954687e-09,0.5646828225231646
0.07,257,0.0,0,0,0.0,100,100,100,-6416.25999999739,2.610249794088304e-09,0.5548823948681397
0.07,258,0.0,0,0,0.0,100,100,100,-6601.129999997073,2.926753950305283e-09,0.5506058446186742
0.07,259,0.0,0,0,0.0,100,100,100,-6465.009999997219,2.7812347980216146e-09,0.550071275837491
0.07,260,0.0,0,0,0.0,100,100,100,-6791.569999997061,2.938577381428331e-09,0.5577334283677833
0.07,261,0.0,0,0,0.0,100,100,100,-6105.429999997838,2.1618689061142504e-09,0.5545260156806843
0.07,262,0.0,0,0,0.0,100,100,100,-7036.939999996869,3.131390258204192e-09,0.5611190306486101
0.07,263,0.03,0,3,0.29849623113198603,99,99,99,-6208.129999998031,1.9690560293383896e-09,0.5671774768353528
0.07,264,0.09,0,3,0.5117616632769595,97,97,97,-6210.5899999977255,2.2746462491340935e-09,0.5520313613684961
0.07,265,0.0,0,0,0.0,100,100,100,-6015.0099999978665,2.1336745703592896e-09,0.5497148966500356
0.07,266,0.0,0,0,0.0,100,100,100,-7214.2099999967,3.2996467780321836e-09,0.5641482537419815
0.07,267,0.0,0,0,0.0,100,100,100,-6304.169999997528,2.472006599418819e-09,0.5523877405559515
0.07,268,0.0,0,0,0.0,100,100,100,-6367.909999997445,2.5547706172801554e-09,0.5532786885245902
0.07,269,0.06,0,3,0.42,98,98,98,-6004.259999997993,2.0072548068128526e-09,0.5534568781183179
0.07,270,0.03,0,3,0.29849623113198603,99,99,99,-6766.189999997117,2.8830982046201825e-09,0.5604062722736992
0.07,271,0.0,0,0,0.0,100,100,100,-6390.409999997408,2.5920599000528455e-09,0.5497148966500356
0.07,272,0.3,0,6,1.0535653752852738,92,92,92,-5784.099999998173,1.8271748558618128e-09,0.5454383464005702
0.07,273,0.0,0,0,0.0,100,100,100,-6307.579999997632,2.368324203416705e-09,0.5543478260869565
0.07,274,0.13,0,5,0.7437069315261221,97,97,97,-6178.959999997803,2.1973391994833946e-09,0.5563079116179616
0.07,275,0.06,0,3,0.42,98,98,98,-5893.309999998145,1.8553691916167736e-09,0.5511404133998574
0.07,276,0.0,0,0,0.0,100,100,100,-6837.859999996989,3.0113369575701654e-09,0.5514967925873129
0.07,277,0.24,0,4,0.9499473669630333,94,94,94,-6517.729999997348,2.651177055668086e-09,0.5595153243050606
0.07,278,0.0,0,0,0.0,100,100,100,-6021.8599999977905,2.2100721253082156e-09,0.5523877405559515
0.07,279,0.1,0,4,0.5744562646538028,97,97,97,-5987.729999997969,2.0318111637607217e-09,0.5511404133998574
0.07,280,0.0,0,0,0.0,100,100,100,-6824.089999997049,2.951310307253152e-09,0.5534568781183179
0.07,281,0.0,0,0,0.0,100,100,100,-6035.8199999979115,2.0881998352706432e-09,0.5495367070563079
0.07,282,0.0,0,0,0.0,100,100,100,-6807.059999997124,2.876731741707772e-09,0.5637918745545261
0.07,283,0.0,0,0,0.0,100,100,100,-6605.5699999972385,2.76122591458261e-09,0.562544547398432
0.07,284,0.0,0,0,0.0,100,100,100,-7965.099999995942,4.058165359310806e-09,0.5491803278688525
0.07,285,0.0,0,0,0.0,100,100,100,-6116.769999997987,2.013621269725263e-09,0.5611190306486101
0.07,286,0.0,0,0,0.0,100,100,100,-7208.92999999687,3.130480763502419e-09,0.5668210976478973
0.07,287,0.0,0,0,0.0,100,100,100,-7085.029999996693,3.30783223034814e-09,0.5532786885245902
0.07,288,0.08,0,4,0.5599999999999999,98,98,98,-6148.1199999978335,2.166416379623115e-09,0.5559515324305061
0.07,289,0.0,0,0,0.0,100,100,100,-7210.769999996724,3.2759999157860875e-09,0.5707412687099074
0.07,290,0.0,0,0,0.0,100,100,100,-6086.089999997731,2.269189280923456e-09,0.5555951532430506
0.07,291,0.0,0,0,0.0,100,100,100,-6513.759999997399,2.6011548470705748e-09,0.5568424803991446
0.07,292,0.0,0,0,0.0,100,100,100,-6656.639999997177,2.8230715543031693e-09,0.5479330007127584
0.07,293,0.0,0,0,0.0,100,100,100,-7400.039999996449,3.5515768104232848e-09,0.5541696364932288
0.07,294,0.0,0,0,0.0,100,100,100,-6280.279999997573,2.4274413590319455e-09,0.5612972202423379
0.07,295,0.0,0,0,0.0,100,100,100,-7075.469999996692,3.30783223034814e-09,0.5506058446186742
0.07,296,0.09,0,3,0.5117616632769595,97,97,97,-5950.38999999806,1.939952198881656e-09,0.562544547398432
0.07,297,0.0,0,0,0.0,100,100,100,-7020.859999996899,3.1013769330456853e-09,0.5612972202423379
0.07,298,0.0,0,0,0.0,100,100,100,-6089.769999997753,2.2473614080809057e-09,0.5497148966500356
0.07,299,0.02,0,2,0.19899748742132398,99,99,99,-6210.229999997549,2.4510882212780416e-09,0.550784034212402
0.07,300,0.0,0,0,0.0,100,100,100,-6979.0799999969195,3.080458554904908e-09,0.5616535994297933
0.07,301,0.0,0,0,0.0,100,100,100,-6852.529999997025,2.975866664201021e-09,0.5541696364932288
0.07,302,0.06,0,3,0.42,98,98,98,-6181.139999997716,2.2846506908535957e-09,0.5588025659301497
0.07,303,0.0,0,0,0.0,100,100,100,-6601.509999997383,2.6175257517024875e-09,0.5570206699928724
0.07,304,0.0,0,0,0.0,100,100,100,-6212.9599999976435,2.356500772293657e-09,0.5548823948681397
0.07,305,0.0,0,0,0.0,100,100,100,-6937.399999996917,3.082277544308454e-09,0.5561297220242338
0.07,306,0.0,0,0,0.0,100,100,100,-5882.719999998018,1.9826984498649836e-09,0.5447255880256593
0.07,307,0.0,0,0,0.0,100,100,100,-6237.449999997642,2.358319761697203e-09,0.5529223093371347
0.07,308,0.03,0,3,0.29849623113198603,99,99,99,-6521.959999997274,2.725755621213466e-09,0.5548823948681397
0.07,309,0.15,0,5,0.698212002188447,95,95,95,-6098.2099999978345,2.165506884921342e-09,0.552744119743407
0.07,310,0.0,0,0,0.0,100,100,100,-6490.079999997553,2.446540747769177e-09,0.5637918745545261
0.07,311,0.0,0,0,0.0,100,100,100,-6754.409999997117,2.8830982046201825e-09,0.5571988595866001
0.07,312,0.0,0,0,0.0,100,100,100,-6012.819999997953,2.0463630789890885e-09,0.5586243763364219
0.07,313,0.06,0,6,0.5969924622639721,99,99,99,-6117.699999997849,2.1518644643947482e-09,0.552744119743407
0.07,314,0.0,0,0,0.0,100,100,100,-7102.97999999667,3.3305695978924632e-09,0.5561297220242338
0.07,315,0.0,0,0,0.0,100,100,100,-6405.479999997708,2.292836143169552e-09,0.5602280826799715
0.07,316,0.0,0,0,0.0,100,100,100,-6335.409999997584,2.4156179279088974e-09,0.5588025659301497
0.07,317,0.0,0,0,0.0,100,100,100,-6841.939999997078,2.9222064767964184e-09,0.56503920171062
0.07,318,0.0,0,0,0.0,100,100,100,-6619.009999997286,2.713932190090418e-09,0.5623663578047042
0.07,319,0.0,0,0,0.0,100,100,100,-6489.629999997296,2.7039277483709157e-09,0.5589807555238774
0.07,320,0.0,0,0,0.0,100,100,100,-8790.859999995419,4.5820343075320125e-09,0.557911617961511
0.07,321,0.0,0,0,0.0,100,100,100,-6405.389999997484,2.5165718398056924e-09,0.5563079116179616
0.07,322,0.0,0,0,0.0,100,100,100,-6382.019999997356,2.6448105927556753e-09,0.5554169636493229
0.07,323,0.0,0,0,0.0,100,100,100,-6513.609999997185,2.815795596688986e-09,0.5516749821810406
0.07,324,0.0,0,0,0.0,100,100,100,-7199.729999996523,3.4779077395796776e-09,0.5532786885245902
0.07,325,0.0,0,0,0.0,100,100,100,-6365.219999997415,2.585693437140435e-09,0.5509622238061297
0.07,326,0.08,0,8,0.7959899496852959,99,99,99,-5878.289999998094,1.9063008949160576e-09,0.5586243763364219
0.07,327,0.0,0,0,0.0,100,100,100,-5980.149999997861,2.1382220438681543e-09,0.5470420527441198
0.07,328,0.88,0,4,1.6569852141766384,78,78,78,-6417.8799999974735,2.5265762815251946e-09,0.5571988595866001
0.07,329,0.0,0,0,0.0,100,100,100,-6696.389999997244,2.7566784410737455e-09,0.5614754098360656
0.07,330,0.0,0,0,0.0,100,100,100,-6632.689999997182,2.8185240807943046e-09,0.550071275837491
0.07,331,0.0,0,0,0.0,100,100,100,-7335.469999996496,3.5042830859310925e-09,0.5525659301496793
0.07,332,0.0,0,0,0.0,100,100,100,-6192.509999997811,2.1891537471674383e-09,0.5545260156806843
0.07,333,0.0,0,0,0.0,100,100,100,-6989.509999996878,3.1222953111864626e-09,0.5593371347113328
0.07,334,0.0,0,0,0.0,100,100,100,-6492.689999997626,2.3746906663291156e-09,0.5630791161796151
0.07,335,0.0,0,0,0.0,100,100,100,-6370.599999997508,2.4920154828578234e-09,0.5568424803991446
0.07,336,0.0,0,0,0.0,100,100,100,-6262.939999997508,2.4929249775595963e-09,0.5518531717747683
0.07,337,0.0,0,0,0.0,100,100,100,-6868.669999997046,2.954038791358471e-09,0.5561297220242338
0.07,338,0.0,0,0,0.0,100,100,100,-7051.789999996819,3.182321961503476e-09,0.5557733428367784
0.07,339,0.0,0,0,0.0,100,100,100,-6531.8999999973,2.699380274862051e-09,0.5525659301496793
0.07,340,0.0,0,0,0.0,100,100,100,-7588.529999996114,3.886270860675722e-09,0.5450819672131147
0.07,341,0.0,0,0,0.0,100,100,100,-6780.589999997073,2.926753950305283e-09,0.5491803278688525
0.07,342,0.05,0,5,0.49749371855331,99,99,99,-6013.819999997676,2.3237589630298316e-09,0.5420527441197434
0.07,343,0.0,0,0,0.0,100,100,100,-6101.529999997787,2.2137101041153073e-09,0.5484675694939416
0.07,344,0.0,0,0,0.0,100,100,100,-6731.869999997153,2.8476279112510383e-09,0.5561297220242338
0.07,345,0.0,0,0,0.0,100,100,100,-7251.859999996555,3.445165930315852e-09,0.5543478260869565
0.07,346,0.0,0,0,0.0,100,100,100,-7108.389999996921,3.079549060203135e-09,0.5682466143977192
0.07,347,0.0,0,0,0.0,100,100,100,-6633.42999999714,2.8603608370758593e-09,0.5532786885245902
0.07,348,0.06,0,3,0.42,98,98,98,-6119.959999997784,2.216438588220626e-09,0.5538132573057734
0.07,349,0.09,0,3,0.5117616632769595,97,97,97,-6656.059999997252,2.748492988757789e-09,0.5497148966500356
0.07,350,0.05,0,5,0.49749371855331,99,99,99,-5876.6199999979535,2.0463630789890885e-09,0.5381325730577334
0.07,351,0.0,0,0,0.0,100,100,100,-6714.759999997214,2.785782271530479e-09,0.5557733428367784
0.07,352,0.0,0,0,0.0,100,100,100,-6158.7899999976735,2.3264874471351504e-09,0.550071275837491
0.07,353,0.03,0,3,0.29849623113198603,99,99,99,-6589.329999997332,2.6675479602999985e-09,0.5532786885245902
0.07,354,0.03,0,3,0.29849623113198603,99,99,99,-6339.529999997378,2.622982719913125e-09,0.5561297220242338
0.07,355,0.0,0,0,0.0,100,100,100,-7087.09999999668,3.320565156172961e-09,0.5493585174625801
0.07,356,0.0,0,0,0.0,100,100,100,-6486.439999997435,2.5656845537014306e-09,0.5557733428367784
0.07,357,0.0,0,0,0.0,100,100,100,-6453.139999997412,2.5884219212457538e-09,0.5541696364932288
0.07,358,0.06,0,3,0.42,98,98,98,-5927.739999998131,1.8690116121433675e-09,0.5506058446186742
0.07,359,0.06,0,3,0.42,98,98,98,-6252.449999997735,2.2655513021163642e-09,0.5588025659301497
0.07,360,0.0,0,0,0.0,100,100,100,-7328.18999999667,3.3305695978924632e-09,0.5614754098360656
0.07,361,0.0,0,0,0.0,100,100,100,-6688.189999997159,2.841261448338628e-09,0.5595153243050606
0.07,362,0.14,0,7,0.98,98,98,98,-5985.059999997973,2.027263690251857e-09,0.5580898075552387
0.07,363,0.0,0,0,0.0,100,100,100,-6298.339999997595,2.4047039914876223e-09,0.5520313613684961
0.07,364,0.03,0,3,0.29849623113198603,99,99,99,-6151.619999997941,2.0590960048139095e-09,0.5523877405559515
0.07,365,0.0,0,0,0.0,100,100,100,-6779.319999997178,2.8221620596013963e-09,0.5641482537419815
0.07,366,0.0,0,0,0.0,100,100,100,-7430.009999996445,3.5552147892303765e-09,0.5529223093371347
0.07,367,0.06,0,3,0.42,98,98,98,-6221.329999997707,2.292836143169552e-09,0.5563079116179616
0.07,368,0.0,0,0,0.0,100,100,100,-6557.479999997221,2.7785063139162958e-09,0.5506058446186742
0.07,369,0.0,0,0,0.0,100,100,100,-6627.889999997265,2.735760062932968e-09,0.5600498930862438
0.07,370,0.0,0,0,0.0,100,100,100,-6374.789999997391,2.609340299386531e-09,0.5511404133998574
0.07,371,0.0,0,0,0.0,100,100,100,-7640.2499999961465,3.853529051411897e-09,0.5552387740555952
0.07,372,0.0,0,0,0.0,100,100,100,-6335.049999997245,2.7548594516701996e-09,0.5379543834640057
0.07,373,0.0,0,0,0.0,100,100,100,-6440.119999997465,2.534761733841151e-09,0.5571988595866001
0.07,374,0.0,0,0,0.0,100,100,100,-6989.769999996943,3.0577211873605847e-09,0.5611190306486101
0.07,375,0.0,0,0,0.0,100,100,100,-7318.06999999664,3.359673428349197e-09,0.5623663578047042
0.07,376,0.0,0,0,0.0,100,100,100,-7135.67999999667,3.3305695978924632e-09,0.5529223093371347
0.07,377,0.0,0,0,0.0,100,100,100,-6528.709999997325,2.674823917914182e-09,0.5623663578047042
0.07,378,0.0,0,0,0.0,100,100,100,-6249.529999997756,2.244632923975587e-09,0.5568424803991446
0.07,379,0.0,0,0,0.0,100,100,100,-7223.919999996466,3.534296411089599e-09,0.5445473984319316
0.07,380,0.0,0,0,0.0,100,100,100,-6122.9299999977,2.3001121007837355e-09,0.5463292943692089
0.07,381,0.0,0,0,0.0,100,100,100,-6533.759999997213,2.787601260934025e-09,0.5555951532430506
0.07,382,0.13,0,4,0.6427285585688565,96,96,96,-5919.039999998134,1.8662831280380487e-09,0.5561297220242338
0.07,383,0.0,0,0,0.0,100,100,100,-7117.899999996778,3.221430233679712e-09,0.5614754098360656
0.07,384,0.0,0,0,0.0,100,100,100,-6711.499999997066,2.9340299079194665e-09,0.5514967925873129
0.07,385,0.0,0,0,0.0,100,100,100,-6447.2799999975,2.5002009351737797e-09,0.5605844618674269
0.07,386,0.03,0,3,0.29849623113198603,99,99,99,-5981.189999997968,2.0327206584624946e-09,0.561831789023521
0.07,387,0.0,0,0,0.0,100,100,100,-6737.2499999970005,2.9995135264471173e-09,0.5529223093371347
0.07,388,0.0,0,0,0.0,100,100,100,-6504.609999997136,2.864908310584724e-09,0.5447255880256593
0.07,389,0.03,0,3,0.29849623113198603,99,99,99,-6396.5599999976175,2.382876118645072e-09,0.5659301496792587
0.07,390,0.0,0,0,0.0,100,100,100,-6694.469999997325,2.674823917914182e-09,0.5602280826799715
0.07,391,0.0,0,0,0.0,100,100,100,-6279.109999997628,2.3728716769255698e-09,0.557911617961511
0.07,392,0.06,0,3,0.42,98,98,98,-6514.909999997339,2.661181497387588e-09,0.5634354953670706
0.07,393,0.07,0,4,0.49507575177946256,98,98,98,-6037.339999997837,2.1627784008160233e-09,0.5550605844618675
0.07,394,0.0,0,0,0.0,100,100,100,-7020.579999996678,3.321474650874734e-09,0.5482893799002139
0.07,395,0.0,0,0,0.0,100,100,100,-6243.389999997613,2.3874235921539366e-09,0.550071275837491
0.07,396,0.0,0,0,0.0,100,100,100,-6409.739999997444,2.5556801119819283e-09,0.5481111903064861
0.07,397,0.6,0,3,1.2,80,80,80,-6068.279999997869,2.1318555809557438e-09,0.5538132573057734
0.07,398,0.0,0,0,0.0,100,100,100,-6475.069999997414,2.585693437140435e-09,0.556664290805417
0.07,399,0.0,0,0,0.0,100,100,100,-6089.669999997997,2.002707333303988e-09,0.561831789023521
0.07,400,0.0,0,0,0.0,100,100,100,-7207.0399999966,3.4006006899289787e-09,0.5531004989308624
0.07,401,0.0,0,0,0.0,100,100,100,-6511.24999999735,2.650267560966313e-09,0.5532786885245902
0.07,402,0.14,0,7,0.98,98,98,98,-6013.449999997987,2.01271177502349e-09,0.5591589451176051
0.07,403,0.0,0,0,0.0,100,100,100,-6805.18999999695,3.0504452297464013e-09,0.5588025659301497
0.07,404,0.0,0,0,0.0,100,100,100,-6181.659999997512,2.4874680093489587e-09,0.5431218816821097
0.07,405,0.04,0,4,0.39799497484264795,99,99,99,-6214.359999997652,2.3483153199777007e-09,0.5488239486813971
0.07,406,0.0,0,0,0.0,100,100,100,-6278.8199999975695,2.4301698431372643e-09,0.5522095509622238
0.07,407,0.0,0,0,0.0,100,100,100,-6299.789999997516,2.483830030541867e-09,0.5456165359942979
0.07,408,0.0,0,0,0.0,100,100,100,-6178.869999997843,2.1573214326053858e-09,0.5570206699928724
0.07,409,0.0,0,0,0.0,100,100,100,-6495.5499999972435,2.7566784410737455e-09,0.5477548111190307
0.07,410,0.0,0,0,0.0,100,100,100,-6582.079999997239,2.76122591458261e-09,0.5523877405559515
0.07,411,0.0,0,0,0.0,100,100,100,-6675.359999997058,2.942215360235423e-09,0.546863863150392
0.07,412,0.0,0,0,0.0,100,100,100,-7382.889999996406,3.5943230614066124e-09,0.5550605844618675
0.07,413,0.0,0,0,0.0,100,100,100,-6735.299999997202,2.7985151973553e-09,0.5548823948681397
0.07,414,0.0,0,0,0.0,100,100,100,-6235.409999997728,2.2719177650287747e-09,0.5596935138987883
0.07,415,0.06,0,6,0.5969924622639721,99,99,99,-5786.0799999982,1.799890014808625e-09,0.5532786885245902
0.07,416,0.0,0,0,0.0,100,100,100,-6370.499999997509,2.4911059881560504e-09,0.5577334283677833
0.07,417,0.0,0,0,0.0,100,100,100,-6572.889999997299,2.701199264265597e-09,0.5561297220242338
0.07,418,0.0,0,0,0.0,100,100,100,-6589.64999999725,2.749402483459562e-09,0.5563079116179616
0.07,419,0.0,0,0,0.0,100,100,100,-6788.609999997204,2.7966962079517543e-09,0.5721667854597291
0.07,420,0.0,0,0,0.0,100,100,100,-6770.669999997063,2.9367583920247853e-09,0.5557733428367784
0.07,421,0.0,0,0,0.0,100,100,100,-6517.5999999974,2.600245352368802e-09,0.5621881682109765
0.07,422,0.0,0,0,0.0,100,100,100,-6953.859999996848,3.1523086363449693e-09,0.5520313613684961
0.07,423,0.0,0,0,0.0,100,100,100,-7138.749999996908,3.092281986027956e-09,0.5689593727726301
0.07,424,0.0,0,0,0.0,100,100,100,-6238.659999997537,2.4629116524010897e-09,0.5493585174625801
0.07,425,0.0,0,0,0.0,100,100,100,-6073.759999997834,2.166416379623115e-09,0.5543478260869565
0.07,426,0.0,0,0,0.0,100,100,100,-6241.809999997606,2.39469954976812e-09,0.5466856735566643
0.07,427,0.0,0,0,0.0,100,100,100,-6730.639999997057,2.9431248549371958e-09,0.5580898075552387
0.07,428,0.0,0,0,0.0,100,100,100,-6810.289999997088,2.913111529778689e-09,0.5605844618674269
0.07,429,0.04,0,4,0.39799497484264795,99,99,99,-6482.369999997381,2.6202542358078063e-09,0.5561297220242338
0.07,430,0.0,0,0,0.0,100,100,100,-6047.33999999779,2.2100721253082156e-09,0.5559515324305061
0.07,431,0.0,0,0,0.0,100,100,100,-7033.499999996715,3.285094862803817e-09,0.5511404133998574
0.07,432,0.0,0,0,0.0,100,100,100,-6241.569999997644,2.355591277591884e-09,0.5538132573057734
0.07,433,0.0,0,0,0.0,100,100,100,-6642.359999997235,2.7657733880914748e-09,0.5614754098360656
0.07,434,0.0,0,0,0.0,100,100,100,-6706.119999997088,2.913111529778689e-09,0.5488239486813971
0.07,435,0.0,0,0,0.0,100,100,100,-6325.679999997569,2.431079337839037e-09,0.5470420527441198
0.07,436,0.03,0,3,0.29849623113198603,99,99,99,-6510.379999997524,2.4765540729276836e-09,0.5671774768353528
0.07,437,0.03,0,3,0.29849623113198603,99,99,99,-6250.349999997615,2.3856046027503908e-09,0.5602280826799715
0.07,438,0.0,0,0,0.0,100,100,100,-6338.989999997485,2.5147528504021466e-09,0.5514967925873129
0.07,439,0.0,0,0,0.0,100,100,100,-6841.189999997028,2.9722286853939295e-09,0.5548823948681397
0.07,440,0.12,0,4,0.6823488843692792,97,97,97,-6157.439999997793,2.207343641202897e-09,0.5589807555238774
0.07,441,0.06,0,3,0.42,98,98,98,-5884.729999998118,1.8826540326699615e-09,0.5495367070563079
0.07,442,0.0,0,0,0.0,100,100,100,-6535.729999997351,2.648448571562767e-09,0.5591589451176051
0.07,443,0.0,0,0,0.0,100,100,100,-6717.3799999971825,2.8176145860925317e-09,0.5607626514611547
0.07,444,0.0,0,0,0.0,100,100,100,-7559.769999996334,3.6661731428466737e-09,0.554704205274412
0.07,445,0.0,0,0,0.0,100,100,100,-7034.299999996618,3.38241079589352e-09,0.5413399857448326
0.07,446,0.0,0,0,0.0,100,100,100,-6697.559999997374,2.6266206987202168e-09,0.5643264433357092
0.07,447,0.0,0,0,0.0,100,100,100,-6401.6999999973905,2.610249794088304e-09,0.5443692088382038
0.07,448,0.0,0,0,0.0,100,100,100,-6613.18999999719,2.8103386284783483e-09,0.5555951532430506
0.07,449,0.08,0,5,0.5775811631277461,98,98,98,-5930.649999998018,1.9817889551632106e-09,0.5623663578047042
0.07,450,0.0,0,0,0.0,100,100,100,-6505.50999999741,2.5902409106492996e-09,0.5545260156806843
0.07,451,0.0,0,0,0.0,100,100,100,-6383.099999997422,2.5784174795262516e-09,0.5523877405559515
0.07,452,0.0,0,0,0.0,100,100,100,-6256.0799999978935,2.106389729306102e-09,0.5710976478973628
0.07,453,0.0,0,0,0.0,100,100,100,-6055.349999997829,2.1709638531319797e-09,0.5531004989308624
0.07,454,0.06,0,3,0.42,98,98,98,-6069.059999998027,1.9736035028472543e-09,0.5589807555238774
0.07,455,0.0,0,0,0.0,100,100,100,-6246.629999997835,2.165506884921342e-09,0.5662865288667142
0.07,456,0.0,0,0,0.0,100,100,100,-6305.309999997694,2.306478563696146e-09,0.5571988595866001
0.07,457,0.0,0,0,0.0,100,100,100,-7559.169999996313,3.687091520987451e-09,0.559871703492516
0.07,458,0.0,0,0,0.0,100,100,100,-6828.069999996833,3.166860551573336e-09,0.5454383464005702
0.07,459,0.0,0,0,0.0,100,100,100,-6224.969999997607,2.392880560364574e-09,0.5415181753385603
0.07,460,0.03,0,3,0.29849623113198603,99,99,99,-5932.709999998114,1.886292011477053e-09,0.556664290805417
0.07,461,0.24,0,3,0.8138795979750321,92,92,92,-6178.319999997901,2.0991137716919184e-09,0.56503920171062
0.07,462,0.0,0,0,0.0,100,100,100,-6132.139999997917,2.0836523617617786e-09,0.5605844618674269
0.07,463,0.18,0,3,0.712460525222275,94,94,94,-6362.069999997481,2.5183908292092383e-09,0.5506058446186742
0.07,464,0.0,0,0,0.0,100,100,100,-6907.249999996711,3.2887328416109085e-09,0.5470420527441198
0.07,465,0.0,0,0,0.0,100,100,100,-6325.119999997693,2.306478563696146e-09,0.5582679971489665
0.07,466,0.19,0,4,0.7575618786607469,94,94,94,-5820.849999998159,1.8417267710901797e-09,0.5441910192444761
0.07,467,0.0,0,0,0.0,100,100,100,-6352.339999997654,2.346496330574155e-09,0.5636136849607983
0.07,468,0.0,0,0,0.0,100,100,100,-6798.819999996936,3.0640876502729952e-09,0.5466856735566643
0.07,469,0.08,0,2,0.39191835884530846,96,96,96,-6779.459999997011,2.988599590025842e-09,0.5532786885245902
0.07,470,0.0,0,0,0.0,100,100,100,-6667.769999997088,2.9122020350769162e-09,0.5473984319315752
0.07,471,0.0,0,0,0.0,100,100,100,-7215.769999996571,3.4297045203857124e-09,0.5523877405559515
0.07,472,0.0,0,0,0.0,100,100,100,-6693.2499999971105,2.889464667532593e-09,0.5564861012116893
0.07,473,0.0,0,0,0.0,100,100,100,-7017.7299999966845,3.3160176826640964e-09,0.5488239486813971
0.07,474,0.0,0,0,0.0,100,100,100,-6493.529999997458,2.5429471861571074e-09,0.5591589451176051
0.07,475,0.0,0,0,0.0,100,100,100,-6670.7199999971735,2.826709533110261e-09,0.5591589451176051
0.07,476,0.0,0,0,0.0,100,100,100,-7944.069999995909,4.090907168574631e-09,0.5441910192444761
0.07,477,0.0,0,0,0.0,100,100,100,-6542.599999997338,2.662090992089361e-09,0.5557733428367784
0.07,478,0.04,0,4,0.39799497484264795,99,99,99,-6120.569999997758,2.241904439870268e-09,0.5509622238061297
0.07,479,0.11,0,8,0.8472897969408105,98,98,98,-5822.669999998245,1.7553247744217515e-09,0.5554169636493229
0.07,480,0.0,0,0,0.0,100,100,100,-6584.489999997341,2.6584530132822692e-09,0.5488239486813971
0.07,481,0.0,0,0,0.0,100,100,100,-6213.63999999777,2.23008100874722e-09,0.561831789023521
0.07,482,0.0,0,0,0.0,100,100,100,-6207.429999997752,2.2482709027826786e-09,0.5596935138987883
0.07,483,0.0,0,0,0.0,100,100,100,-5916.9399999979905,2.0099832909181714e-09,0.5463292943692089
0.07,484,0.0,0,0,0.0,100,100,100,-6665.2199999972845,2.7157511794939637e-09,0.5646828225231646
0.07,485,0.0,0,0,0.0,100,100,100,-6161.209999997807,2.19279172597453e-09,0.5554169636493229
0.07,486,0.0,0,0,0.0,100,100,100,-6105.739999997719,2.281012712046504e-09,0.5513186029935851
0.07,487,0.0,0,0,0.0,100,100,100,-6377.309999997562,2.4383552954532206e-09,0.5584461867426942
0.07,488,0.09,0,6,0.6647555941848101,98,98,98,-5975.1699999979255,2.0745574147440493e-09,0.5484675694939416
0.07,489,0.0,0,0,0.0,100,100,100,-6875.099999996771,3.229615685995668e-09,0.5502494654312188
0.07,490,0.0,0,0,0.0,100,100,100,-6320.939999997615,2.3856046027503908e-09,0.554704205274412
0.07,491,0.0,0,0,0.0,100,100,100,-6077.269999997973,2.027263690251857e-09,0.5584461867426942
0.07,492,0.0,0,0,0.0,100,100,100,-6064.489999997887,2.1127561922185123e-09,0.5580898075552387
0.07,493,0.0,0,0,0.0,100,100,100,-6856.469999997013,2.9876900953240693e-09,0.5593371347113328
0.07,494,0.0,0,0,0.0,100,100,100,-6538.909999997267,2.7330315788276494e-09,0.5511404133998574
0.07,495,0.0,0,0,0.0,100,100,100,-6097.359999997778,2.2228050511330366e-09,0.5541696364932288
0.07,496,0.0,0,0,0.0,100,100,100,-6985.499999996846,3.154127625748515e-09,0.5548823948681397
0.07,497,0.03,0,3,0.29849623113198603,99,99,99,-6197.899999997764,2.2355379769578576e-09,0.5555951532430506
0.07,498,0.0,0,0,0.0,100,100,100,-6289.909999997623,2.3765096557326615e-09,0.5559515324305061
0.07,499,0.0,0,0,0.0,100,100,100,-6851.329999997125,2.874912752304226e-09,0.5636136849607983
0.1,0,0.0,0,0,0.0,100,100,100,-6972.799999998877,1.1232259566895664e-09,0.5525659301496793
0.1,1,0.0,0,0,0.0,100,100,100,-7964.099999999282,7.185008144006133e-10,0.5673556664290805
0.1,2,0.0,0,0,0.0,100,100,100,-8241.299999999437,5.620677256956697e-10,0.5434782608695652
0.1,3,0.0,0,0,0.0,100,100,100,-6758.49999999879,1.2096279533579946e-09,0.5600498930862438
0.1,4,0.0,0,0,0.0,100,100,100,-7245.999999998919,1.0813892004080117e-09,0.5568424803991446
0.1,5,0.0,0,0,0.0,100,100,100,-8105.299999999339,6.612026481889188e-10,0.5577334283677833
0.1,6,0.0,0,0,0.0,100,100,100,-7618.7999999990825,9.176801540888846e-10,0.5491803278688525
0.1,7,0.0,0,0,0.0,100,100,100,-6930.199999998875,1.1259544407948852e-09,0.5491803278688525
0.1,8,0.0,0,0,0.0,100,100,100,-8119.399999999297,7.030394044704735e-10,0.559871703492516
0.1,9,0.0,0,0,0.0,100,100,100,-6819.299999998831,1.1696101864799857e-09,0.5457947255880257
0.1,10,0.0,0,0,0.0,100,100,100,-6833.199999998993,1.0077201295644045e-09,0.5514967925873129
0.1,11,0.0,0,0,0.0,100,100,100,-7511.79999999923,7.703420124016702e-10,0.5450819672131147
0.1,12,0.0,0,0,0.0,100,100,100,-7808.099999999243,7.576090865768492e-10,0.5543478260869565
0.1,13,0.0,0,0,0.0,100,100,100,-7339.199999998995,1.0059011401608586e-09,0.5523877405559515
0.1,14,0.0,0,0,0.0,100,100,100,-9127.59999999942,5.802576197311282e-10,0.5564861012116893
0.1,15,0.0,0,0,0.0,100,100,100,-6737.099999998828,1.1723386705853045e-09,0.5541696364932288
0.1,16,0.0,0,0,0.0,100,100,100,-7524.099999999247,7.530616130679846e-10,0.546863863150392
0.1,17,0.0,0,0,0.0,100,100,100,-7466.899999999099,9.00399754755199e-10,0.5591589451176051
0.1,18,0.0,0,0,0.0,100,100,100,-7385.699999999095,9.058567229658365e-10,0.5495367070563079
0.1,19,0.0,0,0,0.0,100,100,100,-8838.199999999475,5.256879376247525e-10,0.5545260156806843
0.1,20,0.0,0,0,0.0,100,100,100,-7748.699999999098,9.031282388605177e-10,0.5648610121168923
0.1,21,0.0,0,0,0.0,100,100,100,-7566.399999999109,8.903953130356967e-10,0.5450819672131147
0.1,22,0.0,0,0,0.0,100,100,100,-6947.999999998874,1.1259544407948852e-09,0.5595153243050606
0.1,23,0.0,0,0,0.0,100,100,100,-8261.799999999286,7.130438461899757e-10,0.5580898075552387
0.1,24,0.0,0,0,0.0,100,100,100,-7732.999999999083,9.167706593871117e-10,0.5630791161796151
0.1,25,0.0,0,0,0.0,100,100,100,-7192.499999998958,1.0422809282317758e-09,0.5627227369921597
0.1,26,0.0,0,0,0.0,100,100,100,-7798.999999999327,6.730260793119669e-10,0.554704205274412
0.1,27,0.0,0,0,0.0,100,100,100,-6981.79999999878,1.2205418897792697e-09,0.5641482537419815
0.1,28,0.0,0,0,0.0,100,100,100,-7134.299999998971,1.0295480024069548e-09,0.5575552387740556
0.1,29,0.0,0,0,0.0,100,100,100,-6578.999999998776,1.2241798685863614e-09,0.5550605844618675
0.1,30,0.0,0,0,0.0,100,100,100,-6797.599999998731,1.2696546036750078e-09,0.5614754098360656
0.1,31,0.0,0,0,0.0,100,100,100,-6867.199999998784,1.216903910972178e-09,0.5506058446186742
0.1,32,0.0,0,0,0.0,100,100,100,-7699.899999999155,8.449205779470503e-10,0.5539914468995011
0.1,33,0.0,0,0,0.0,100,100,100,-6907.299999998844,1.1559677659533918e-09,0.5486457590876693
0.1,34,0.0,0,0,0.0,100,100,100,-6574.1999999987265,1.2742020771838725e-09,0.5498930862437633
0.1,35,0.0,0,0,0.0,100,100,100,-8475.199999999448,5.529727786779404e-10,0.571632216678546
0.1,36,0.0,0,0,0.0,100,100,100,-6788.699999998816,1.1850715964101255e-09,0.5545260156806843
0.1,37,0.0,0,0,0.0,100,100,100,-7800.399999999217,7.830749382264912e-10,0.5605844618674269
0.1,38,0.0,0,0,0.0,100,100,100,-6661.999999998787,1.2132659321650863e-09,0.5602280826799715
0.1,39,0.0,0,0,0.0,100,100,100,-6600.499999998747,1.2532836990430951e-09,0.547576621525303
0.1,40,0.0,0,0,0.0,100,100,100,-6775.499999998874,1.1259544407948852e-09,0.550071275837491
0.1,41,0.0,0,0,0.0,100,100,100,-8028.499999999287,7.130438461899757e-10,0.5577334283677833
0.1,42,0.0,0,0,0.0,100,100,100,-8144.199999999304,6.96672941558063e-10,0.5646828225231646
0.1,43,0.0,0,0,0.0,100,100,100,-7733.19999999925,7.503331289626658e-10,0.552744119743407
0.1,44,0.0,0,0,0.0,100,100,100,-7180.199999999107,8.940332918427885e-10,0.5465074839629366
0.1,45,0.0,0,0,0.0,100,100,100,-7654.399999999247,7.530616130679846e-10,0.544903777619387
0.1,46,0.0,0,0,0.0,100,100,100,-7815.599999999258,7.421476766467094e-10,0.5506058446186742
0.1,47,0.0,0,0,0.0,100,100,100,-7000.699999998858,1.1423253454267979e-09,0.5564861012116893
0.1,48,0.0,0,0,0.0,100,100,100,-7576.899999999222,7.776179700158536e-10,0.5539914468995011
0.1,49,0.0,0,0,0.0,100,100,100,-8014.599999999361,6.393747753463686e-10,0.5484675694939416
0.1,50,0.0,0,0,0.0,100,100,100,-7287.8999999990065,9.931682143360376e-10,0.5525659301496793
0.1,51,0.0,0,0,0.0,100,100,100,-6934.799999998756,1.2441887520253658e-09,0.5621881682109765
0.1,52,0.0,0,0,0.0,100,100,100,-10616.899999999767,2.346496330574155e-10,0.5582679971489665
0.1,53,0.0,0,0,0.0,100,100,100,-7409.999999999034,9.658833732828498e-10,0.5506058446186742
0.1,54,0.0,0,0,0.0,100,100,100,-7844.999999999237,7.630660547874868e-10,0.5602280826799715
0.1,55,0.0,0,0,0.0,100,100,100,-6491.8999999986545,1.3451426639221609e-09,0.550784034212402
0.1,56,0.0,0,0,0.0,100,100,100,-8103.399999999327,6.730260793119669e-10,0.5600498930862438
0.1,57,0.0,0,0,0.0,100,100,100,-10259.099999999831,1.6916601452976465e-10,0.5418745545260156
0.1,58,0.0,0,0,0.0,100,100,100,-6960.799999998997,1.0031726560555398e-09,0.561831789023521
0.1,59,0.0,0,0,0.0,100,100,100,-6620.79999999883,1.1705196811817586e-09,0.5418745545260156
0.1,60,0.0,0,0,0.0,100,100,100,-7137.899999999066,9.340510587207973e-10,0.5497148966500356
0.1,61,0.0,0,0,0.0,100,100,100,-7631.999999999135,8.649294613860548e-10,0.5548823948681397
0.1,62,0.0,0,0,0.0,100,100,100,-7505.399999999136,8.640199666842818e-10,0.5564861012116893
0.1,63,0.0,0,0,0.0,100,100,100,-7273.799999998993,1.0068106348626316e-09,0.5543478260869565
0.1,64,0.0,0,0,0.0,100,100,100,-8663.199999999344,6.566551746800542e-10,0.5470420527441198
0.1,65,0.0,0,0,0.0,100,100,100,-7083.999999998969,1.0313669918105006e-09,0.5555951532430506
0.1,66,0.0,0,0,0.0,100,100,100,-7517.0999999990945,9.058567229658365e-10,0.550784034212402
0.1,67,0.0,0,0,0.0,100,100,100,-7643.5999999991545,8.458300726488233e-10,0.5563079116179616
0.1,68,0.0,0,0,0.0,100,100,100,-7727.89999999926,7.394191925413907e-10,0.5450819672131147
0.1,69,0.0,0,0,0.0,100,100,100,-7085.599999998979,1.0213625500909984e-09,0.5573770491803278
0.1,70,0.0,0,0,0.0,100,100,100,-7573.499999999132,8.676579454913735e-10,0.5506058446186742
0.1,71,0.0,0,0,0.0,100,100,100,-8002.19999999938,6.202753866091371e-10,0.5513186029935851
0.1,72,0.0,0,0,0.0,100,100,100,-7203.799999999135,8.649294613860548e-10,0.5408054169636494
0.1,73,0.0,0,0,0.0,100,100,100,-7118.39999999891,1.089574652723968e-09,0.5607626514611547
0.1,74,0.0,0,0,0.0,100,100,100,-8168.6999999994505,5.502442945726216e-10,0.5416963649322879
0.1,75,0.0,0,0,0.0,100,100,100,-7054.499999999093,9.067662176676095e-10,0.5481111903064861
0.1,76,0.0,0,0,0.0,100,100,100,-7066.399999999055,9.449649951420724e-10,0.5436564504632929
0.1,77,0.0,0,0,0.0,100,100,100,-8175.099999999326,6.739355740137398e-10,0.5623663578047042
0.1,78,0.0,0,0,0.0,100,100,100,-8139.1999999993195,6.812115316279233e-10,0.5678902352102637
0.1,79,0.0,0,0,0.0,100,100,100,-7095.399999998928,1.0713847586885095e-09,0.5621881682109765
0.1,80,0.0,0,0,0.0,100,100,100,-7563.399999999194,8.058123057708144e-10,0.5575552387740556
0.1,81,0.0,0,0,0.0,100,100,100,-7015.599999998972,1.0286385077051818e-09,0.5607626514611547
0.1,82,0.0,0,0,0.0,100,100,100,-8501.899999999465,5.366018740460277e-10,0.5506058446186742
0.1,83,0.0,0,0,0.0,100,100,100,-7781.5999999991545,8.458300726488233e-10,0.5516749821810406
0.1,84,0.0,0,0,0.0,100,100,100,-6954.199999998958,1.0422809282317758e-09,0.5509622238061297
0.1,85,0.0,0,0,0.0,100,100,100,-7807.999999999202,7.976268534548581e-10,0.5573770491803278
0.1,86,0.0,0,0,0.0,100,100,100,-7594.8999999992075,7.921698852442205e-10,0.5582679971489665
0.1,87,0.0,0,0,0.0,100,100,100,-8102.499999999249,7.512426236644387e-10,0.5621881682109765
0.1,88,0.0,0,0,0.0,100,100,100,-6751.799999998788,1.2123564374633133e-09,0.5596935138987883
0.1,89,0.0,0,0,0.0,100,100,100,-7410.3999999990465,9.531504474580288e-10,0.5584461867426942
0.1,90,0.0,0,0,0.0,100,100,100,-6674.49999999882,1.179614628199488e-09,0.5573770491803278
0.1,91,0.0,0,0,0.0,100,100,100,-8472.799999999354,6.45741238258779e-10,0.5641482537419815
0.1,92,0.0,0,0,0.0,100,100,100,-6629.89999999874,1.2596501619555056e-09,0.5481111903064861
0.1,93,0.0,0,0,0.0,100,100,100,-7024.999999998838,1.1623342288658023e-09,0.561831789023521
0.1,94,0.0,0,0,0.0,100,100,100,-7667.699999999242,7.585185812786222e-10,0.5621881682109765
0.1,95,0.0,0,0,0.0,100,100,100,-7403.299999999028,9.722498361952603e-10,0.5538132573057734
0.1,96,0.0,0,0,0.0,100,100,100,-7424.499999999104,8.958522812463343e-10,0.5648610121168923
0.1,97,0.0,0,0,0.0,100,100,100,-6964.799999998793,1.2068994692526758e-09,0.5709194583036351
0.1,98,0.0,0,0,0.0,100,100,100,-6613.099999998701,1.2996679288335145e-09,0.5620099786172488
0.1,99,0.0,0,0,0.0,100,100,100,-6733.599999998731,1.2696546036750078e-09,0.5671774768353528
0.1,100,0.0,0,0,0.0,100,100,100,-7240.99999999905,9.5042196335271e-10,0.5434782608695652
0.1,101,0.0,0,0,0.0,100,100,100,-7505.999999999038,9.62245394475758e-10,0.5609408410548824
0.1,102,0.0,0,0,0.0,100,100,100,-6756.699999998856,1.1450538295321167e-09,0.5609408410548824
0.1,103,0.0,0,0,0.0,100,100,100,-7545.099999999137,8.631104719825089e-10,0.550071275837491
0.1,104,0.0,0,0,0.0,100,100,100,-7591.299999999186,8.139977580867708e-10,0.550071275837491
0.1,105,0.0,0,0,0.0,100,100,100,-7324.599999998947,1.053194864653051e-09,0.5616535994297933
0.1,106,0.0,0,0,0.0,100,100,100,-7529.499999999107,8.931237971410155e-10,0.5600498930862438
0.1,107,0.0,0,0,0.0,100,100,100,-6991.0999999989635,1.0368239600211382e-09,0.5552387740555952
0.1,108,0.72,0,2,0.9600000000000001,64,64,64,-7723.499999999315,6.84849510435015e-10,0.5518531717747683
0.1,109,0.0,0,0,0.0,100,100,100,-9358.59999999958,4.2018655221909285e-10,0.552744119743407
0.1,110,0.0,0,0,0.0,100,100,100,-6344.599999998725,1.2751115718856454e-09,0.5443692088382038
0.1,111,0.0,0,0,0.0,100,100,100,-6577.499999998809,1.191438059322536e-09,0.5497148966500356
0.1,112,0.03,0,3,0.29849623113198603,99,99,99,-6397.199999998818,1.1814336176030338e-09,0.5506058446186742
0.1,113,0.0,0,0,0.0,100,100,100,-7681.899999999199,8.003553375601768e-10,0.5484675694939416
0.1,114,0.0,0,0,0.0,100,100,100,-7419.099999999065,9.349605534225702e-10,0.5689593727726301
0.1,115,0.0,0,0,0.0,100,100,100,-7235.899999998974,1.025910023599863e-09,0.5671774768353528
0.1,116,0.0,0,0,0.0,100,100,100,-6819.399999998838,1.1614247341640294e-09,0.5445473984319316
0.1,117,0.0,0,0,0.0,100,100,100,-8868.79999999935,6.493792170658708e-10,0.5514967925873129
0.1,118,0.0,0,0,0.0,100,100,100,-6633.599999998754,1.2460077414289117e-09,0.5582679971489665
0.1,119,0.0,0,0,0.0,100,100,100,-8072.69999999935,6.502887117676437e-10,0.5573770491803278
0.1,120,0.0,0,0,0.0,100,100,100,-7789.399999999114,8.858478395268321e-10,0.5514967925873129
0.1,121,0.0,0,0,0.0,100,100,100,-8953.199999999406,5.948095349594951e-10,0.5627227369921597
0.1,122,0.0,0,0,0.0,100,100,100,-8157.899999999367,6.330083124339581e-10,0.5509622238061297
0.1,123,0.0,0,0,0.0,100,100,100,-7223.899999999066,9.340510587207973e-10,0.5575552387740556
0.1,124,0.0,0,0,0.0,100,100,100,-7072.79999999913,8.703864295966923e-10,0.5359942979330007
0.1,125,0.0,0,0,0.0,100,100,100,-7095.299999999065,9.349605534225702e-10,0.5573770491803278
0.1,126,0.0,0,0,0.0,100,100,100,-8037.7999999992535,7.466951501555741e-10,0.5611190306486101
0.1,127,0.0,0,0,0.0,100,100,100,-7462.599999999061,9.395080269314349e-10,0.5584461867426942
0.1,128,0.0,0,0,0.0,100,100,100,-8133.799999999334,6.657501216977835e-10,0.5612972202423379
0.1,129,0.0,0,0,0.0,100,100,100,-6986.399999998945,1.0550138540565968e-09,0.5636136849607983
0.1,130,0.0,0,0,0.0,100,100,100,-7521.099999999157,8.431015885435045e-10,0.5504276550249465
0.1,131,0.06,0,3,0.42,98,98,98,-6871.799999998942,1.0577423381619155e-09,0.5529223093371347
0.1,132,0.0,0,0,0.0,100,100,100,-7119.499999999067,9.331415640190244e-10,0.5452601568068425
0.1,133,0.0,0,0,0.0,100,100,100,-8202.399999999287,7.130438461899757e-10,0.5531004989308624
0.1,134,0.0,0,0,0.0,100,100,100,-7584.399999999206,7.939888746477664e-10,0.5406272273699216
0.1,135,0.0,0,0,0.0,100,100,100,-7681.499999999188,8.121787686832249e-10,0.5604062722736992
0.1,136,0.0,0,0,0.0,100,100,100,-7060.899999998912,1.0877556633204222e-09,0.556664290805417
0.1,137,0.0,0,0,0.0,100,100,100,-7529.799999999084,9.158611646853387e-10,0.5525659301496793
0.1,138,0.0,0,0,0.0,100,100,100,-9121.899999999509,4.929461283609271e-10,0.5611190306486101
0.1,139,0.0,0,0,0.0,100,100,100,-7661.99999999914,8.603819878771901e-10,0.567712045616536
0.1,140,0.0,0,0,0.0,100,100,100,-7302.7999999990925,9.076757123693824e-10,0.5571988595866001
0.1,141,0.0,0,0,0.0,100,100,100,-7486.499999999136,8.640199666842818e-10,0.5584461867426942
0.1,142,0.0,0,0,0.0,100,100,100,-6967.199999998911,1.089574652723968e-09,0.5568424803991446
0.1,143,0.0,0,0,0.0,100,100,100,-8737.299999999463,5.366018740460277e-10,0.5481111903064861
0.1,144,0.0,0,0,0.0,100,100,100,-9031.799999999503,4.965841071680188e-10,0.5548823948681397
0.1,145,0.0,0,0,0.0,100,100,100,-7022.599999998932,1.0686562745831907e-09,0.5637918745545261
0.1,146,0.0,0,0,0.0,100,100,100,-7573.299999999024,9.75887815002352e-10,0.5639700641482538
0.1,147,0.0,0,0,0.0,100,100,100,-6670.199999998901,1.0995790944434702e-09,0.5591589451176051
0.1,148,0.0,0,0,0.0,100,100,100,-7446.1999999990285,9.722498361952603e-10,0.556664290805417
0.1,149,0.0,0,0,0.0,100,100,100,-8088.899999999392,6.075424607843161e-10,0.5550605844618675
0.1,150,0.0,0,0,0.0,100,100,100,-7692.799999999134,8.658389560878277e-10,0.5612972202423379
0.1,151,0.0,0,0,0.0,100,100,100,-8373.799999999452,5.475158104673028e-10,0.5550605844618675
0.1,152,0.0,0,0,0.0,100,100,100,-6435.0999999987,1.3005774235352874e-09,0.5520313613684961
0.1,153,0.0,0,0,0.0,100,100,100,-8194.399999999352,6.475602276623249e-10,0.5541696364932288
0.1,154,0.0,0,0,0.0,100,100,100,-6629.199999998809,1.191438059322536e-09,0.546863863150392
0.1,155,0.0,0,0,0.0,100,100,100,-7801.999999999262,7.376002031378448e-10,0.5563079116179616
0.1,156,0.0,0,0,0.0,100,100,100,-6877.899999998898,1.101398083847016e-09,0.5504276550249465
0.1,157,0.0,0,0,0.0,100,100,100,-7207.899999998925,1.0750227374956012e-09,0.5518531717747683
0.1,158,0.0,0,0,0.0,100,100,100,-7699.799999999328,6.72116584610194e-10,0.5559515324305061
0.1,159,0.0,0,0,0.0,100,100,100,-6685.599999998788,1.2123564374633133e-09,0.5538132573057734
0.1,160,0.0,0,0,0.0,100,100,100,-7613.299999999219,7.812559488229454e-10,0.5534568781183179
0.1,161,0.0,0,0,0.0,100,100,100,-7569.599999999158,8.421920938417315e-10,0.552744119743407
0.1,162,0.0,0,0,0.0,100,100,100,-6720.499999998821,1.178705133497715e-09,0.5548823948681397
0.1,163,0.02,0,2,0.19899748742132398,99,99,99,-6818.199999998747,1.2532836990430951e-09,0.5522095509622238
0.1,164,0.0,0,0,0.0,100,100,100,-7933.499999999198,8.021743269637227e-10,0.5600498930862438
0.1,165,0.0,0,0,0.0,100,100,100,-7564.399999999134,8.658389560878277e-10,0.5645046329294369
0.1,166,0.0,0,0,0.0,100,100,100,-6708.5999999988535,1.1468728189356625e-09,0.5538132573057734
0.1,167,0.0,0,0,0.0,100,100,100,-6848.699999998955,1.0459189070388675e-09,0.5425873129009265
0.1,168,0.0,0,0,0.0,100,100,100,-6737.899999998886,1.1132215149700642e-09,0.5502494654312188
0.1,169,0.0,0,0,0.0,100,100,100,-8345.299999999495,5.038600647822022e-10,0.5532786885245902
0.1,170,0.0,0,0,0.0,100,100,100,-7119.799999999037,9.63154889177531e-10,0.550784034212402
0.1,171,0.0,0,0,0.0,100,100,100,-7268.399999999063,9.36779542826116e-10,0.5543478260869565
0.1,172,0.03,0,3,0.29849623113198603,99,99,99,-6776.999999998832,1.1677911970764399e-09,0.554704205274412
0.1,173,0.0,0,0,0.0,100,100,100,-6677.199999998769,1.2314558262005448e-09,0.5427655024946543
0.1,174,0.0,0,0,0.0,100,100,100,-6830.899999998823,1.1768861440941691e-09,0.5541696364932288
0.1,175,0.0,0,0,0.0,100,100,100,-7763.399999999263,7.366907084360719e-10,0.5518531717747683
0.1,176,0.0,0,0,0.0,100,100,100,-7536.0999999991245,8.758433978073299e-10,0.5636136849607983
0.1,177,0.0,0,0,0.0,100,100,100,-7059.999999998912,1.0877556633204222e-09,0.5584461867426942
0.1,178,0.0,0,0,0.0,100,100,100,-7140.099999998964,1.0359144653193653e-09,0.5605844618674269
0.1,179,0.0,0,0,0.0,100,100,100,-8263.49999999937,6.293703336268663e-10,0.5559515324305061
0.1,180,0.0,0,0,0.0,100,100,100,-7015.999999998973,1.026819518301636e-09,0.5609408410548824
0.1,181,0.0,0,0,0.0,100,100,100,-7127.0999999990745,9.258656064048409e-10,0.5596935138987883
0.1,182,0.0,0,0,0.0,100,100,100,-7319.399999999011,9.88620740827173e-10,0.5539914468995011
0.1,183,0.0,0,0,0.0,100,100,100,-7443.499999999091,9.085852070711553e-10,0.5646828225231646
0.1,184,0.0,0,0,0.0,100,100,100,-7061.799999998964,1.0359144653193653e-09,0.5536350677120456
0.1,185,0.0,0,0,0.0,100,100,100,-7868.899999999289,7.10315362084657e-10,0.562544547398432
0.1,186,0.0,0,0,0.0,100,100,100,-7993.899999999375,6.248228601180017e-10,0.5555951532430506
0.1,187,0.0,0,0,0.0,100,100,100,-10506.999999999485,5.147740012034774e-10,0.550784034212402
0.1,188,0.0,0,0,0.0,100,100,100,-7038.799999998949,1.051375875249505e-09,0.5545260156806843
0.1,189,0.0,0,0,0.0,100,100,100,-7471.199999999038,9.63154889177531e-10,0.5548823948681397
0.1,190,0.0,0,0,0.0,100,100,100,-7135.499999999028,9.722498361952603e-10,0.5491803278688525
0.1,191,0.0,0,0,0.0,100,100,100,-7421.699999999233,7.676135282963514e-10,0.550784034212402
0.1,192,0.0,0,0,0.0,100,100,100,-6817.899999998901,1.0986695997416973e-09,0.5375980042765502
0.1,193,0.0,0,0,0.0,100,100,100,-6940.19999999891,1.090484147425741e-09,0.5495367070563079
0.1,194,0.0,0,0,0.0,100,100,100,-6888.699999998835,1.165972207672894e-09,0.5634354953670706
0.1,195,0.0,0,0,0.0,100,100,100,-7246.099999999044,9.567884262651205e-10,0.5602280826799715
0.1,196,0.0,0,0,0.0,100,100,100,-6833.199999998874,1.126863935496658e-09,0.5477548111190307
0.1,197,0.0,0,0,0.0,100,100,100,-7139.999999998969,1.0313669918105006e-09,0.5504276550249465
0.1,198,0.0,0,0,0.0,100,100,100,-7181.399999998898,1.101398083847016e-09,0.5675338560228083
0.1,199,0.0,0,0,0.0,100,100,100,-7980.499999999225,7.748894859105349e-10,0.5538132573057734
0.1,200,0.0,0,0,0.0,100,100,100,-7462.499999999066,9.340510587207973e-10,0.5593371347113328
0.1,201,0.0,0,0,0.0,100,100,100,-7155.999999999,1.000444171950221e-09,0.5541696364932288
0.1,202,0.0,0,0,0.0,100,100,100,-7286.099999998997,1.0031726560555398e-09,0.5614754098360656
0.1,203,0.0,0,0,0.0,100,100,100,-7485.099999998991,1.0095391189679503e-09,0.5609408410548824
0.1,204,0.0,0,0,0.0,100,100,100,-8299.39999999933,6.693881005048752e-10,0.5604062722736992
0.1,205,0.0,0,0,0.0,100,100,100,-6534.799999998749,1.2514647096395493e-09,0.5561297220242338
0.1,206,0.0,0,0,0.0,100,100,100,-7374.399999999124,8.758433978073299e-10,0.5545260156806843
0.1,207,0.0,0,0,0.0,100,100,100,-7653.599999999111,8.894858183339238e-10,0.5680684248039914
0.1,208,0.0,0,0,0.0,100,100,100,-7435.099999999073,9.276845958083868e-10,0.5639700641482538
0.1,209,0.0,0,0,0.0,100,100,100,-6819.199999998803,1.1978045222349465e-09,0.556664290805417
0.1,210,0.0,0,0,0.0,100,100,100,-6540.999999998646,1.3542376109398901e-09,0.5653955808980755
0.1,211,0.0,0,0,0.0,100,100,100,-6966.499999998936,1.064108801074326e-09,0.5552387740555952
0.1,212,0.0,0,0,0.0,100,100,100,-7366.399999999033,9.667928679846227e-10,0.562544547398432
0.1,213,0.0,0,0,0.0,100,100,100,-6776.699999998839,1.1614247341640294e-09,0.5564861012116893
0.1,214,0.0,0,0,0.0,100,100,100,-8016.899999999334,6.657501216977835e-10,0.5568424803991446
0.1,215,0.0,0,0,0.0,100,100,100,-7349.59999999902,9.804352885112166e-10,0.5529223093371347
0.1,216,0.0,0,0,0.0,100,100,100,-8373.599999999415,5.857145879417658e-10,0.5552387740555952
0.1,217,0.0,0,0,0.0,100,100,100,-6837.0999999988235,1.1768861440941691e-09,0.5477548111190307
0.1,218,0.0,0,0,0.0,100,100,100,-7524.299999999136,8.640199666842818e-10,0.5520313613684961
0.1,219,0.0,0,0,0.0,100,100,100,-7171.499999998941,1.0586518328636885e-09,0.562544547398432
0.1,220,0.0,0,0,0.0,100,100,100,-6819.999999998877,1.1232259566895664e-09,0.5577334283677833
0.1,221,0.0,0,0,0.0,100,100,100,-7222.399999998983,1.0168150765821338e-09,0.5538132573057734
0.1,222,0.0,0,0,0.0,100,100,100,-8936.999999999416,5.838955985382199e-10,0.5648610121168923
0.1,223,0.0,0,0,0.0,100,100,100,-7010.599999999035,9.649738785810769e-10,0.5557733428367784
0.1,224,0.0,0,0,0.0,100,100,100,-6905.499999998964,1.0359144653193653e-09,0.5588025659301497
0.1,225,0.0,0,0,0.0,100,100,100,-7084.599999998835,1.165062712971121e-09,0.5575552387740556
0.1,226,0.0,0,0,0.0,100,100,100,-6481.999999998609,1.3906173990108073e-09,0.5531004989308624
0.1,227,0.0,0,0,0.0,100,100,100,-7539.499999999071,9.285940905101597e-10,0.5609408410548824
0.1,228,0.0,0,0,0.0,100,100,100,-7816.799999999167,8.330971468240023e-10,0.5661083392729864
0.1,229,0.0,0,0,0.0,100,100,100,-7498.099999999113,8.87666828930378e-10,0.5491803278688525
0.1,230,0.0,0,0,0.0,100,100,100,-7137.799999999069,9.313225746154785e-10,0.5573770491803278
0.1,231,0.0,0,0,0.0,100,100,100,-7380.899999999131,8.685674401931465e-10,0.5381325730577334
0.1,232,0.0,0,0,0.0,100,100,100,-7488.099999999176,8.24002199806273e-10,0.5602280826799715
0.1,233,0.0,0,0,0.0,100,100,100,-7098.799999999015,9.849827620200813e-10,0.5511404133998574
0.1,234,0.0,0,0,0.0,100,100,100,-8529.699999999419,5.820766091346741e-10,0.5463292943692089
0.1,235,0.0,0,0,0.0,100,100,100,-6689.699999998742,1.2587406672537327e-09,0.5531004989308624
0.1,236,0.0,0,0,0.0,100,100,100,-7997.899999999359,6.402842700481415e-10,0.5568424803991446
0.1,237,0.0,0,0,0.0,100,100,100,-8647.499999999409,5.911715561524034e-10,0.5514967925873129
0.1,238,0.0,0,0,0.0,100,100,100,-7077.799999998939,1.0613803169690073e-09,0.5525659301496793
0.1,239,0.0,0,0,0.0,100,100,100,-6955.699999998871,1.1295924196019769e-09,0.5466856735566643
0.1,240,0.0,0,0,0.0,100,100,100,-7381.699999998976,1.0250005288980901e-09,0.5525659301496793
0.1,241,0.0,0,0,0.0,100,100,100,-7601.799999999274,7.257767720147967e-10,0.5564861012116893
0.1,242,0.0,0,0,0.0,100,100,100,-7118.799999998855,1.1450538295321167e-09,0.5561297220242338
0.1,243,0.0,0,0,0.0,100,100,100,-6975.099999998955,1.0450094123370945e-09,0.5516749821810406
0.1,244,0.0,0,0,0.0,100,100,100,-7205.799999999073,9.267751011066139e-10,0.5561297220242338
0.1,245,0.03,0,3,0.29849623113198603,99,99,99,-6835.199999998943,1.0577423381619155e-09,0.5570206699928724
0.1,246,0.0,0,0,0.0,100,100,100,-7420.0999999990245,9.75887815002352e-10,0.5573770491803278
0.1,247,0.0,0,0,0.0,100,100,100,-6723.899999998796,1.203261490445584e-09,0.5595153243050606
0.1,248,0.0,0,0,0.0,100,100,100,-8756.39999999934,6.621121428906918e-10,0.5506058446186742
0.1,249,0.0,0,0,0.0,100,100,100,-6881.999999998866,1.1341398931108415e-09,0.5482893799002139
0.1,250,0.0,0,0,0.0,100,100,100,-8829.799999999395,6.039044819772243e-10,0.5550605844618675
0.1,251,0.0,0,0,0.0,100,100,100,-7731.799999999193,8.076312951743603e-10,0.5602280826799715
0.1,252,0.0,0,0,0.0,100,100,100,-8192.599999999315,6.857590051367879e-10,0.5630791161796151
0.1,253,0.0,0,0,0.0,100,100,100,-7971.399999999209,7.903508958406746e-10,0.5616535994297933
0.1,254,0.0,0,0,0.0,100,100,100,-6777.899999998874,1.1259544407948852e-09,0.544903777619387
0.1,255,0.0,0,0,0.0,100,100,100,-7214.399999999068,9.313225746154785e-10,0.5575552387740556
0.1,256,0.0,0,0,0.0,100,100,100,-6914.699999998837,1.1641532182693481e-09,0.5646828225231646
0.1,257,0.0,0,0,0.0,100,100,100,-7304.799999999056,9.440555004402995e-10,0.5548823948681397
0.1,258,0.0,0,0,0.0,100,100,100,-7586.899999999223,7.767084753140807e-10,0.5506058446186742
0.1,259,0.0,0,0,0.0,100,100,100,-7381.299999999147,8.531060302630067e-10,0.550071275837491
0.1,260,0.0,0,0,0.0,100,100,100,-7783.0999999991,9.00399754755199e-10,0.5577334283677833
0.1,261,0.0,0,0,0.0,100,100,100,-6814.899999998881,1.1186784831807017e-09,0.5545260156806843
0.1,262,0.0,0,0,0.0,100,100,100,-8154.1999999993905,6.102709448896348e-10,0.5611190306486101
0.1,263,0.0,0,0,0.0,100,100,100,-6896.899999998849,1.1505107977427542e-09,0.5671774768353528
0.1,264,0.03,0,3,0.29849623113198603,99,99,99,-6982.699999998974,1.026819518301636e-09,0.5520313613684961
0.1,265,0.0,0,0,0.0,100,100,100,-6730.299999998853,1.1468728189356625e-09,0.5497148966500356
0.1,266,0.0,0,0,0.0,100,100,100,-8366.299999999314,6.857590051367879e-10,0.5641482537419815
0.1,267,0.0,0,0,0.0,100,100,100,-7127.0999999989845,1.0159055818803608e-09,0.5523877405559515
0.1,268,0.0,0,0,0.0,100,100,100,-7220.299999999125,8.74933903105557e-10,0.5532786885245902
0.1,269,0.0,0,0,0.0,100,100,100,-6691.799999998848,1.1523297871463e-09,0.5534568781183179
0.1,270,0.0,0,0,0.0,100,100,100,-7732.699999999184,8.167262421920896e-10,0.5604062722736992
0.1,271,0.0,0,0,0.0,100,100,100,-7271.299999999192,8.085407898761332e-10,0.5497148966500356
0.1,272,0.0,0,0,0.0,100,100,100,-6381.999999998729,1.2705640983767807e-09,0.5454383464005702
0.1,273,0.0,0,0,0.0,100,100,100,-7099.3999999989455,1.0541043593548238e-09,0.5543478260869565
0.1,274,0.0,0,0,0.0,100,100,100,-6923.799999998874,1.1259544407948852e-09,0.5563079116179616
0.1,275,0.0,0,0,0.0,100,100,100,-6506.299999998752,1.2478267308324575e-09,0.5511404133998574
0.1,276,0.0,0,0,0.0,100,100,100,-7866.799999999286,7.139533408917487e-10,0.5514967925873129
0.1,277,0.04,0,4,0.39799497484264795,99,99,99,-7412.899999999019,9.804352885112166e-10,0.5595153243050606
0.1,278,0.0,0,0,0.0,100,100,100,-6762.799999998893,1.1068550520576537e-09,0.5523877405559515
0.1,279,0.0,0,0,0.0,100,100,100,-6672.899999998804,1.1959855328314006e-09,0.5511404133998574
0.1,280,0.0,0,0,0.0,100,100,100,-7834.699999999156,8.449205779470503e-10,0.5534568781183179
0.1,281,0.0,0,0,0.0,100,100,100,-6729.599999998864,1.1359588825143874e-09,0.5495367070563079
0.1,282,0.0,0,0,0.0,100,100,100,-7783.799999999267,7.330527296289802e-10,0.5637918745545261
0.1,283,0.0,0,0,0.0,100,100,100,-7531.099999999144,8.567440090700984e-10,0.562544547398432
0.1,284,0.0,0,0,0.0,100,100,100,-9504.999999999467,5.329638952389359e-10,0.5491803278688525
0.1,285,0.0,0,0,0.0,100,100,100,-6786.099999998678,1.3224052963778377e-09,0.5611190306486101
0.1,286,0.0,0,0,0.0,100,100,100,-8327.899999999327,6.730260793119669e-10,0.5668210976478973
0.1,287,0.0,0,0,0.0,100,100,100,-8234.899999999372,6.275513442233205e-10,0.5532786885245902
0.1,288,0.0,0,0,0.0,100,100,100,-6880.599999998775,1.2250893632881343e-09,0.5559515324305061
0.1,289,0.0,0,0,0.0,100,100,100,-8348.099999999371,6.293703336268663e-10,0.5707412687099074
0.1,290,0.0,0,0,0.0,100,100,100,-6829.699999998834,1.166881702374667e-09,0.5555951532430506
0.1,291,0.0,0,0,0.0,100,100,100,-7382.799999999055,9.449649951420724e-10,0.5568424803991446
0.1,292,0.0,0,0,0.0,100,100,100,-7615.199999999104,8.967617759481072e-10,0.5479330007127584
0.1,293,0.0,0,0,0.0,100,100,100,-8665.199999999395,6.057234713807702e-10,0.5541696364932288
0.1,294,0.0,0,0,0.0,100,100,100,-7084.3999999989755,1.0240910341963172e-09,0.5612972202423379
0.1,295,0.0,0,0,0.0,100,100,100,-8219.099999999371,6.293703336268663e-10,0.5506058446186742
0.1,296,0.18,0,3,0.712460525222275,94,94,94,-6609.699999998746,1.255102688446641e-09,0.562544547398432
0.1,297,0.0,0,0,0.0,100,100,100,-8100.799999999314,6.857590051367879e-10,0.5612972202423379
0.1,298,0.0,0,0,0.0,100,100,100,-6837.099999998985,1.014996087178588e-09,0.5497148966500356
0.1,299,0.02,0,2,0.19899748742132398,99,99,99,-7031.899999998953,1.0468284017406404e-09,0.550784034212402
0.1,300,0.0,0,0,0.0,100,100,100,-8039.399999999297,7.030394044704735e-10,0.5616535994297933
0.1,301,0.0,0,0,0.0,100,100,100,-7883.89999999918,8.194547262974083e-10,0.5541696364932288
0.1,302,0.0,0,0,0.0,100,100,100,-6940.19999999887,1.1305019143037498e-09,0.5588025659301497
0.1,303,0.0,0,0,0.0,100,100,100,-7486.299999999115,8.849383448250592e-10,0.5570206699928724
0.1,304,0.0,0,0,0.0,100,100,100,-6978.799999998815,1.1850715964101255e-09,0.5548823948681397
0.1,305,0.0,0,0,0.0,100,100,100,-8020.999999999291,7.09405867382884e-10,0.5561297220242338
0.1,306,0.0,0,0,0.0,100,100,100,-6551.5999999988435,1.1568772606551647e-09,0.5447255880256593
0.1,307,0.0,0,0,0.0,100,100,100,-7021.499999998892,1.1077645467594266e-09,0.5529223093371347
0.1,308,0.0,0,0,0.0,100,100,100,-7428.799999999116,8.840288501232862e-10,0.5548823948681397
0.1,309,0.02,0,2,0.19899748742132398,99,99,99,-6842.299999998801,1.1996235116384923e-09,0.552744119743407
0.1,310,0.0,0,0,0.0,100,100,100,-7334.3999999990065,9.931682143360376e-10,0.5637918745545261
0.1,311,0.0,0,0,0.0,100,100,100,-7749.299999999167,8.330971468240023e-10,0.5571988595866001
0.1,312,0.0,0,0,0.0,100,100,100,-6700.599999998814,1.1859810911118984e-09,0.5586243763364219
0.1,313,0.0,0,0,0.0,100,100,100,-6852.999999998875,1.1250449460931122e-09,0.552744119743407
0.1,314,0.0,0,0,0.0,100,100,100,-8276.399999999325,6.748450687155128e-10,0.5561297220242338
0.1,315,0.0,0,0,0.0,100,100,100,-7193.399999998871,1.128682924900204e-09,0.5602280826799715
0.1,316,0.0,0,0,0.0,100,100,100,-7144.299999998862,1.1377778719179332e-09,0.5588025659301497
0.1,317,0.0,0,0,0.0,100,100,100,-7830.199999999097,9.040377335622907e-10,0.56503920171062
0.1,318,0.0,0,0,0.0,100,100,100,-7550.299999999149,8.512870408594608e-10,0.5623663578047042
0.1,319,0.0,0,0,0.0,100,100,100,-7404.899999999113,8.86757334228605e-10,0.5589807555238774
0.1,320,0.0,0,0,0.0,100,100,100,-10650.799999999725,2.7466739993542433e-10,0.557911617961511
0.1,321,0.0,0,0,0.0,100,100,100,-7256.699999999035,9.658833732828498e-10,0.5563079116179616
0.1,322,0.0,0,0,0.0,100,100,100,-7266.5999999991245,8.758433978073299e-10,0.5554169636493229
0.1,323,0.0,0,0,0.0,100,100,100,-7450.299999999175,8.249116945080459e-10,0.5516749821810406
0.1,324,0.0,0,0,0.0,100,100,100,-8421.899999999432,5.675246939063072e-10,0.5532786885245902
0.1,325,0.0,0,0,0.0,100,100,100,-7245.599999999201,7.994458428584039e-10,0.5509622238061297
0.1,326,0.0,0,0,0.0,100,100,100,-6524.699999998682,1.318767317570746e-09,0.5586243763364219
0.1,327,0.0,0,0,0.0,100,100,100,-6695.499999998863,1.1368683772161603e-09,0.5470420527441198
0.1,328,0.64,0,4,1.466424222385869,84,84,84,-7257.399999998993,1.0068106348626316e-09,0.5571988595866001
0.1,329,0.0,0,0,0.0,100,100,100,-7640.699999999148,8.531060302630067e-10,0.5614754098360656
0.1,330,0.0,0,0,0.0,100,100,100,-7597.699999999106,8.949427865445614e-10,0.550071275837491
0.1,331,0.0,0,0,0.0,100,100,100,-8578.09999999951,4.911271389573812e-10,0.5525659301496793
0.1,332,0.0,0,0,0.0,100,100,100,-6933.29999999886,1.140506356023252e-09,0.5545260156806843
0.1,333,0.0,0,0,0.0,100,100,100,-8072.29999999948,5.20230969414115e-10,0.5593371347113328
0.1,334,0.0,0,0,0.0,100,100,100,-7307.699999999015,9.858922567218542e-10,0.5630791161796151
0.1,335,0.0,0,0,0.0,100,100,100,-7203.999999998997,1.0031726560555398e-09,0.5568424803991446
0.1,336,0.0,0,0,0.0,100,100,100,-7092.199999998958,1.0422809282317758e-09,0.5518531717747683
0.1,337,0.0,0,0,0.0,100,100,100,-7900.099999999214,7.867129170335829e-10,0.5561297220242338
0.1,338,0.0,0,0,0.0,100,100,100,-8155.699999999425,5.757101462222636e-10,0.5557733428367784
0.1,339,0.0,0,0,0.0,100,100,100,-7448.999999999123,8.767528925091028e-10,0.5525659301496793
0.1,340,0.0,0,0,0.0,100,100,100,-8970.899999999376,6.257323548197746e-10,0.5450819672131147
0.1,341,0.0,0,0,0.0,100,100,100,-7780.699999999265,7.357812137342989e-10,0.5491803278688525
0.1,342,0.0,0,0,0.0,100,100,100,-6779.599999998876,1.1241354513913393e-09,0.5420527441197434
0.1,343,0.0,0,0,0.0,100,100,100,-6847.899999998881,1.1186784831807017e-09,0.5484675694939416
0.1,344,0.0,0,0,0.0,100,100,100,-7699.099999999151,8.49468051455915e-10,0.5561297220242338
0.1,345,0.0,0,0,0.0,100,100,100,-8469.799999999457,5.420588422566652e-10,0.5543478260869565
0.1,346,0.0,0,0,0.0,100,100,100,-8193.6999999994,6.002665031701326e-10,0.5682466143977192
0.1,347,0.0,0,0,0.0,100,100,100,-7612.899999999139,8.603819878771901e-10,0.5532786885245902
0.1,348,0.0,0,0,0.0,100,100,100,-6867.799999998942,1.0577423381619155e-09,0.5538132573057734
0.1,349,0.0,0,0,0.0,100,100,100,-7590.799999999074,9.258656064048409e-10,0.5497148966500356
0.1,350,0.0,0,0,0.0,100,100,100,-6544.599999998786,1.2141754268668592e-09,0.5381325730577334
0.1,351,0.0,0,0,0.0,100,100,100,-7679.799999999232,7.685230229981244e-10,0.5557733428367784
0.1,352,0.0,0,0,0.0,100,100,100,-6938.699999998908,1.0923031368292868e-09,0.550071275837491
0.1,353,0.0,0,0,0.0,100,100,100,-7495.899999999042,9.576979209668934e-10,0.5532786885245902
0.1,354,0.0,0,0,0.0,100,100,100,-7208.899999999116,8.840288501232862e-10,0.5561297220242338
0.1,355,0.0,0,0,0.0,100,100,100,-8221.999999999347,6.530171958729625e-10,0.5493585174625801
0.1,356,0.0,0,0,0.0,100,100,100,-7347.199999998972,1.0286385077051818e-09,0.5557733428367784
0.1,357,0.0,0,0,0.0,100,100,100,-7341.199999999047,9.540599421598017e-10,0.5541696364932288
0.1,358,0.0,0,0,0.0,100,100,100,-6551.199999998754,1.2469172361306846e-09,0.5506058446186742
0.1,359,0.0,0,0,0.0,100,100,100,-7009.499999998872,1.127773430198431e-09,0.5588025659301497
0.1,360,0.0,0,0,0.0,100,100,100,-8519.699999999426,5.748006515204906e-10,0.5614754098360656
0.1,361,0.0,0,0,0.0,100,100,100,-7636.699999999171,8.294591680169106e-10,0.5595153243050606
0.1,362,0.0,0,0,0.0,100,100,100,-6661.799999998793,1.2068994692526758e-09,0.5580898075552387
0.1,363,0.0,0,0,0.0,100,100,100,-7113.199999999036,9.649738785810769e-10,0.5520313613684961
0.1,364,0.05,0,3,0.3570714214271425,98,98,98,-6846.599999998742,1.2587406672537327e-09,0.5523877405559515
0.1,365,0.0,0,0,0.0,100,100,100,-7735.599999999211,7.894414011389017e-10,0.5641482537419815
0.1,366,0.0,0,0,0.0,100,100,100,-8694.299999999526,4.729372449219227e-10,0.5529223093371347
0.1,367,0.03,0,3,0.29849623113198603,99,99,99,-6986.899999998857,1.1423253454267979e-09,0.5563079116179616
0.1,368,0.0,0,0,0.0,100,100,100,-7501.399999999157,8.421920938417315e-10,0.5506058446186742
0.1,369,0.0,0,0,0.0,100,100,100,-7555.699999999073,9.276845958083868e-10,0.5600498930862438
0.1,370,0.0,0,0,0.0,100,100,100,-7247.699999999033,9.677023626863956e-10,0.5511404133998574
0.1,371,0.0,0,0,0.0,100,100,100,-9052.499999999416,5.838955985382199e-10,0.5552387740555952
0.1,372,0.0,0,0,0.0,100,100,100,-7259.49999999922,7.803464541211724e-10,0.5379543834640057
0.1,373,0.0,0,0,0.0,100,100,100,-7295.599999999068,9.322320693172514e-10,0.5571988595866001
0.1,374,0.0,0,0,0.0,100,100,100,-8040.099999999276,7.239577826112509e-10,0.5611190306486101
0.1,375,0.0,0,0,0.0,100,100,100,-8509.099999999447,5.529727786779404e-10,0.5623663578047042
0.1,376,0.0,0,0,0.0,100,100,100,-8306.399999999398,6.020854925736785e-10,0.5529223093371347
0.1,377,0.0,0,0,0.0,100,100,100,-7433.299999999026,9.740688255988061e-10,0.5623663578047042
0.1,378,0.0,0,0,0.0,100,100,100,-7004.899999998806,1.1932570487260818e-09,0.5568424803991446
0.1,379,0.0,0,0,0.0,100,100,100,-8473.599999999498,5.020410753786564e-10,0.5445473984319316
0.1,380,0.0,0,0,0.0,100,100,100,-6887.899999998942,1.0577423381619155e-09,0.5463292943692089
0.1,381,0.0,0,0,0.0,100,100,100,-7462.799999999208,7.921698852442205e-10,0.5555951532430506
0.1,382,0.02,0,2,0.19899748742132398,99,99,99,-6548.199999998691,1.3096723705530167e-09,0.5561297220242338
0.1,383,0.0,0,0,0.0,100,100,100,-8259.999999999385,6.148184183984995e-10,0.5614754098360656
0.1,384,0.0,0,0,0.0,100,100,100,-7711.999999999218,7.821654435247183e-10,0.5514967925873129
0.1,385,0.0,0,0,0.0,100,100,100,-7302.399999999059,9.404175216332078e-10,0.5605844618674269
0.1,386,0.0,0,0,0.0,100,100,100,-6668.699999998832,1.1687006917782128e-09,0.561831789023521
0.1,387,0.0,0,0,0.0,100,100,100,-7747.4999999992815,7.185008144006133e-10,0.5529223093371347
0.1,388,0.0,0,0,0.0,100,100,100,-7453.299999999301,6.994014256633818e-10,0.5447255880256593
0.1,389,0.0,0,0,0.0,100,100,100,-7200.7999999990025,9.977156878449023e-10,0.5659301496792587
0.1,390,0.0,0,0,0.0,100,100,100,-7619.0999999991245,8.758433978073299e-10,0.5602280826799715
0.1,391,0.0,0,0,0.0,100,100,100,-7076.299999998972,1.027729013003409e-09,0.557911617961511
0.1,392,0.0,0,0,0.0,100,100,100,-7418.299999999133,8.667484507896006e-10,0.5634354953670706
0.1,393,0.0,0,0,0.0,100,100,100,-6759.199999998785,1.215994416270405e-09,0.5550605844618675
0.1,394,0.0,0,0,0.0,100,100,100,-8160.399999999469,5.302354111336172e-10,0.5482893799002139
0.1,395,0.0,0,0,0.0,100,100,100,-7046.699999998906,1.0950316209346056e-09,0.550071275837491
0.1,396,0.0,0,0,0.0,100,100,100,-7270.199999998959,1.0413714335300028e-09,0.5481111903064861
0.1,397,0.18,0,3,0.712460525222275,94,94,94,-6791.399999998977,1.0222720447927713e-09,0.5538132573057734
0.1,398,0.0,0,0,0.0,100,100,100,-7333.099999999005,9.949872037395835e-10,0.556664290805417
0.1,399,0.0,0,0,0.0,100,100,100,-6752.099999998637,1.3633325579576194e-09,0.561831789023521
0.1,400,0.0,0,0,0.0,100,100,100,-8385.199999999386,6.148184183984995e-10,0.5531004989308624
0.1,401,0.0,0,0,0.0,100,100,100,-7392.499999999069,9.313225746154785e-10,0.5532786885245902
0.1,402,0.0,0,0,0.0,100,100,100,-6692.499999998708,1.292391971219331e-09,0.5591589451176051
0.1,403,0.0,0,0,0.0,100,100,100,-7834.699999999229,7.721610018052161e-10,0.5588025659301497
0.1,404,0.0,0,0,0.0,100,100,100,-6986.799999998957,1.0431904229335487e-09,0.5431218816821097
0.1,405,0.0,0,0,0.0,100,100,100,-7001.79999999893,1.0704752639867365e-09,0.5488239486813971
0.1,406,0.0,0,0,0.0,100,100,100,-7095.599999999057,9.431460057385266e-10,0.5522095509622238
0.1,407,0.0,0,0,0.0,100,100,100,-7115.6999999991,9.00399754755199e-10,0.5456165359942979
0.1,408,0.0,0,0,0.0,100,100,100,-6912.099999998886,1.114131009671837e-09,0.5570206699928724
0.1,409,0.0,0,0,0.0,100,100,100,-7403.499999999192,8.076312951743603e-10,0.5477548111190307
0.1,410,0.0,0,0,0.0,100,100,100,-7501.399999999131,8.685674401931465e-10,0.5523877405559515
0.1,411,0.0,0,0,0.0,100,100,100,-7678.7999999992535,7.466951501555741e-10,0.546863863150392
0.1,412,0.0,0,0,0.0,100,100,100,-8670.699999999455,5.456968210637569e-10,0.5550605844618675
0.1,413,0.0,0,0,0.0,100,100,100,-7697.99999999917,8.303686627186835e-10,0.5548823948681397
0.1,414,0.0,0,0,0.0,100,100,100,-6990.299999998857,1.1432348401285708e-09,0.5596935138987883
0.1,415,0.0,0,0,0.0,100,100,100,-6390.3999999986345,1.3651515473611653e-09,0.5532786885245902
0.1,416,0.0,0,0,0.0,100,100,100,-7202.999999998992,1.0077201295644045e-09,0.5577334283677833
0.1,417,0.0,0,0,0.0,100,100,100,-7482.699999999082,9.185896487906575e-10,0.5561297220242338
0.1,418,0.0,0,0,0.0,100,100,100,-7516.499999999172,8.276401786133647e-10,0.5563079116179616
0.1,419,0.0,0,0,0.0,100,100,100,-7758.29999999921,7.903508958406746e-10,0.5721667854597291
0.1,420,0.0,0,0,0.0,100,100,100,-7769.099999999255,7.457856554538012e-10,0.5557733428367784
0.1,421,0.0,0,0,0.0,100,100,100,-7398.9999999990405,9.595169103704393e-10,0.5621881682109765
0.1,422,0.0,0,0,0.0,100,100,100,-8048.799999999327,6.730260793119669e-10,0.5520313613684961
0.1,423,0.0,0,0,0.0,100,100,100,-8219.499999999307,6.930349627509713e-10,0.5689593727726301
0.1,424,0.0,0,0,0.0,100,100,100,-7046.799999998945,1.0550138540565968e-09,0.5493585174625801
0.1,425,0.0,0,0,0.0,100,100,100,-6795.799999998835,1.165062712971121e-09,0.5543478260869565
0.1,426,0.0,0,0,0.0,100,100,100,-7045.299999998973,1.026819518301636e-09,0.5466856735566643
0.1,427,0.0,0,0,0.0,100,100,100,-7740.199999999145,8.558345143683255e-10,0.5580898075552387
0.1,428,0.0,0,0,0.0,100,100,100,-7810.699999999181,8.194547262974083e-10,0.5605844618674269
0.1,429,0.0,0,0,0.0,100,100,100,-7364.099999999046,9.540599421598017e-10,0.5561297220242338
0.1,430,0.0,0,0,0.0,100,100,100,-6796.199999998949,1.051375875249505e-09,0.5559515324305061
0.1,431,0.0,0,0,0.0,100,100,100,-8156.99999999938,6.202753866091371e-10,0.5511404133998574
0.1,432,0.0,0,0,0.0,100,100,100,-7029.099999998888,1.1123120202682912e-09,0.5538132573057734
0.1,433,0.0,0,0,0.0,100,100,100,-7585.799999999226,7.739799912087619e-10,0.5614754098360656
0.1,434,0.0,0,0,0.0,100,100,100,-7681.599999999169,8.312781574204564e-10,0.5488239486813971
0.1,435,0.0,0,0,0.0,100,100,100,-7130.399999998986,1.014086592476815e-09,0.5470420527441198
0.1,436,0.0,0,0,0.0,100,100,100,-7348.399999999011,9.88620740827173e-10,0.5671774768353528
0.1,437,0.0,0,0,0.0,100,100,100,-7033.499999998906,1.0941221262328327e-09,0.5602280826799715
0.1,438,0.0,0,0,0.0,100,100,100,-7195.699999999032,9.686118573881686e-10,0.5514967925873129
0.1,439,0.0,0,0,0.0,100,100,100,-7870.699999999249,7.521521183662117e-10,0.5548823948681397
0.1,440,0.0,0,0,0.0,100,100,100,-6898.199999998936,1.065018295776099e-09,0.5589807555238774
0.1,441,0.0,0,0,0.0,100,100,100,-6524.899999998748,1.2514647096395493e-09,0.5495367070563079
0.1,442,0.0,0,0,0.0,100,100,100,-7436.89999999913,8.694769348949194e-10,0.5591589451176051
0.1,443,0.0,0,0,0.0,100,100,100,-7687.399999999105,8.949427865445614e-10,0.5607626514611547
0.1,444,0.0,0,0,0.0,100,100,100,-8880.099999999387,6.129994289949536e-10,0.554704205274412
0.1,445,0.0,0,0,0.0,100,100,100,-8218.999999999389,6.111804395914078e-10,0.5413399857448326
0.1,446,0.0,0,0,0.0,100,100,100,-7588.799999999041,9.595169103704393e-10,0.5643264433357092
0.1,447,0.0,0,0,0.0,100,100,100,-7283.99999999913,8.703864295966923e-10,0.5443692088382038
0.1,448,0.0,0,0,0.0,100,100,100,-7570.699999999184,8.167262421920896e-10,0.5555951532430506
0.1,449,0.0,0,0,0.0,100,100,100,-6608.499999998825,1.1750671546906233e-09,0.5623663578047042
0.1,450,0.0,0,0,0.0,100,100,100,-7390.299999999129,8.712959242984653e-10,0.5545260156806843
0.1,451,0.0,0,0,0.0,100,100,100,-7247.999999998999,1.001353666651994e-09,0.5523877405559515
0.1,452,0.0,0,0,0.0,100,100,100,-6965.399999998717,1.2823875294998288e-09,0.5710976478973628
0.1,453,0.0,0,0,0.0,100,100,100,-6796.499999998894,1.1059455573558807e-09,0.5531004989308624
0.1,454,0.0,0,0,0.0,100,100,100,-6745.799999998837,1.1632437235675752e-09,0.5589807555238774
0.1,455,0.0,0,0,0.0,100,100,100,-6978.899999998821,1.178705133497715e-09,0.5662865288667142
0.1,456,0.0,0,0,0.0,100,100,100,-7092.299999998893,1.1068550520576537e-09,0.5571988595866001
0.1,457,0.0,0,0,0.0,100,100,100,-8904.099999999486,5.147740012034774e-10,0.559871703492516
0.1,458,0.0,0,0,0.0,100,100,100,-7908.099999999314,6.866684998385608e-10,0.5454383464005702
0.1,459,0.0,0,0,0.0,100,100,100,-7010.099999998914,1.0859366739168763e-09,0.5415181753385603
0.1,460,0.0,0,0,0.0,100,100,100,-6570.299999998739,1.2614691513590515e-09,0.556664290805417
0.1,461,0.06,0,3,0.42,98,98,98,-6906.599999998933,1.0677467798814178e-09,0.56503920171062
0.1,462,0.0,0,0,0.0,100,100,100,-6840.19999999883,1.1705196811817586e-09,0.5605844618674269
0.1,463,0.03,0,3,0.29849623113198603,99,99,99,-7199.09999999899,1.0104486136697233e-09,0.5506058446186742
0.1,464,0.0,0,0,0.0,100,100,100,-8040.499999999366,6.33917807135731e-10,0.5470420527441198
0.1,465,0.0,0,0,0.0,100,100,100,-7108.59999999898,1.0204530553892255e-09,0.5582679971489665
0.1,466,0.04,0,4,0.39799497484264795,99,99,99,-6431.499999998663,1.3369572116062045e-09,0.5441910192444761
0.1,467,0.0,0,0,0.0,100,100,100,-7137.199999998888,1.1123120202682912e-09,0.5636136849607983
0.1,468,0.0,0,0,0.0,100,100,100,-7837.599999999266,7.339622243307531e-10,0.5466856735566643
0.1,469,0.14,0,2,0.5102940328869229,93,93,93,-7801.799999999293,7.075868779793382e-10,0.5532786885245902
0.1,470,0.0,0,0,0.0,100,100,100,-7646.099999999246,7.539711077697575e-10,0.5473984319315752
0.1,471,0.0,0,0,0.0,100,100,100,-8398.099999999504,4.965841071680188e-10,0.5523877405559515
0.1,472,0.0,0,0,0.0,100,100,100,-7691.499999999153,8.467395673505962e-10,0.5564861012116893
0.1,473,0.0,0,0,0.0,100,100,100,-8161.899999999372,6.275513442233205e-10,0.5488239486813971
0.1,474,0.0,0,0,0.0,100,100,100,-7362.899999999136,8.640199666842818e-10,0.5591589451176051
0.1,475,0.0,0,0,0.0,100,100,100,-7621.599999999117,8.831193554215133e-10,0.5591589451176051
0.1,476,0.0,0,0,0.0,100,100,100,-9495.099999999547,4.5292836148291826e-10,0.5441910192444761
0.1,477,0.0,0,0,0.0,100,100,100,-7465.999999999106,8.940332918427885e-10,0.5557733428367784
0.1,478,0.0,0,0,0.0,100,100,100,-6866.099999998852,1.1486918083392084e-09,0.5509622238061297
0.1,479,0.0,0,0,0.0,100,100,100,-6419.099999998645,1.355147105641663e-09,0.5554169636493229
0.1,480,0.0,0,0,0.0,100,100,100,-7490.69999999913,8.703864295966923e-10,0.5488239486813971
0.1,481,0.0,0,0,0.0,100,100,100,-6965.199999998827,1.1741576599888504e-09,0.561831789023521
0.1,482,0.0,0,0,0.0,100,100,100,-6967.899999998871,1.128682924900204e-09,0.5596935138987883
0.1,483,0.0,0,0,0.0,100,100,100,-6608.199999998827,1.1741576599888504e-09,0.5463292943692089
0.1,484,0.0,0,0,0.0,100,100,100,-7581.599999999168,8.321876521222293e-10,0.5646828225231646
0.1,485,0.0,0,0,0.0,100,100,100,-6893.299999998781,1.2196323950774968e-09,0.5554169636493229
0.1,486,0.0,0,0,0.0,100,100,100,-6873.199999998855,1.1459633242338896e-09,0.5513186029935851
0.1,487,0.0,0,0,0.0,100,100,100,-7194.29999999894,1.0604708222672343e-09,0.5584461867426942
0.1,488,0.0,0,0,0.0,100,100,100,-6678.099999998817,1.1832526070065796e-09,0.5484675694939416
0.1,489,0.0,0,0,0.0,100,100,100,-7979.999999999316,6.83940015733242e-10,0.5502494654312188
0.1,490,0.0,0,0,0.0,100,100,100,-7132.199999999004,9.968061931431293e-10,0.554704205274412
0.1,491,0.0,0,0,0.0,100,100,100,-6754.099999998815,1.1850715964101255e-09,0.5584461867426942
0.1,492,0.0,0,0,0.0,100,100,100,-6787.699999998848,1.1523297871463e-09,0.5580898075552387
0.1,493,0.0,0,0,0.0,100,100,100,-7892.099999999323,6.775735528208315e-10,0.5593371347113328
0.1,494,0.0,0,0,0.0,100,100,100,-7463.299999999142,8.585629984736443e-10,0.5511404133998574
0.1,495,0.0,0,0,0.0,100,100,100,-6833.7999999989,1.1004885891452432e-09,0.5541696364932288
0.1,496,0.0,0,0,0.0,100,100,100,-8078.999999999328,6.72116584610194e-10,0.5548823948681397
0.1,497,0.0,0,0,0.0,100,100,100,-6952.999999998915,1.0850271792151034e-09,0.5555951532430506
0.1,498,0.0,0,0,0.0,100,100,100,-7079.29999999889,1.1104930308647454e-09,0.5559515324305061
0.1,499,0.0,0,0,0.0,100,100,100,-7835.8999999991465,8.531060302630067e-10,0.5636136849607983
