alpha,instance_id,read_idx,hd,energy,delta_energy,is_target
0.0,0,0,469,-4447.0,21.0,0
0.0,0,1,481,-4446.0,22.0,0
0.0,0,2,466,-4445.0,23.0,0
0.0,0,3,471,-4444.0,24.0,0
0.0,0,4,482,-4444.0,24.0,0
0.0,0,5,490,-4443.0,25.0,0
0.0,0,6,497,-4443.0,25.0,0
0.0,0,7,487,-4443.0,25.0,0
0.0,0,8,498,-4442.0,26.0,0
0.0,0,9,464,-4442.0,26.0,0
0.0,0,10,466,-4441.0,27.0,0
0.0,0,11,461,-4441.0,27.0,0
0.0,0,12,495,-4441.0,27.0,0
0.0,0,13,492,-4441.0,27.0,0
0.0,0,14,451,-4441.0,27.0,0
0.0,0,15,516,-4441.0,27.0,0
0.0,0,16,519,-4441.0,27.0,0
0.0,0,17,500,-4440.0,28.0,0
0.0,0,18,525,-4440.0,28.0,0
0.0,0,19,481,-4440.0,28.0,0
0.0,0,20,490,-4440.0,28.0,0
0.0,0,21,494,-4440.0,28.0,0
0.0,0,22,524,-4440.0,28.0,0
0.0,0,23,493,-4439.0,29.0,0
0.0,0,24,517,-4439.0,29.0,0
0.0,0,25,497,-4439.0,29.0,0
0.0,0,26,466,-4439.0,29.0,0
0.0,0,27,491,-4439.0,29.0,0
0.0,0,28,489,-4439.0,29.0,0
0.0,0,29,469,-4439.0,29.0,0
0.0,0,30,479,-4438.0,30.0,0
0.0,0,31,475,-4438.0,30.0,0
0.0,0,32,496,-4438.0,30.0,0
0.0,0,33,504,-4438.0,30.0,0
0.0,0,34,524,-4437.0,31.0,0
0.0,0,35,444,-4437.0,31.0,0
0.0,0,36,492,-4437.0,31.0,0
0.0,0,37,517,-4437.0,31.0,0
0.0,0,38,479,-4437.0,31.0,0
0.0,0,39,473,-4437.0,31.0,0
0.0,0,40,483,-4437.0,31.0,0
0.0,0,41,514,-4437.0,31.0,0
0.0,0,42,472,-4437.0,31.0,0
0.0,0,43,506,-4437.0,31.0,0
0.0,0,44,521,-4437.0,31.0,0
0.0,0,45,476,-4437.0,31.0,0
0.0,0,46,498,-4436.0,32.0,0
0.0,0,47,481,-4436.0,32.0,0
0.0,0,48,488,-4436.0,32.0,0
0.0,0,49,486,-4436.0,32.0,0
0.0,0,50,479,-4436.0,32.0,0
0.0,0,51,488,-4436.0,32.0,0
0.0,0,52,458,-4436.0,32.0,0
0.0,0,53,495,-4436.0,32.0,0
0.0,0,54,491,-4436.0,32.0,0
0.0,0,55,463,-4436.0,32.0,0
0.0,0,56,481,-4435.0,33.0,0
0.0,0,57,504,-4435.0,33.0,0
0.0,0,58,478,-4435.0,33.0,0
0.0,0,59,488,-4435.0,33.0,0
0.0,0,60,501,-4435.0,33.0,0
0.0,0,61,493,-4435.0,33.0,0
0.0,0,62,491,-4435.0,33.0,0
0.0,0,63,513,-4435.0,33.0,0
0.0,0,64,493,-4435.0,33.0,0
0.0,0,65,474,-4435.0,33.0,0
0.0,0,66,496,-4434.0,34.0,0
0.0,0,67,494,-4434.0,34.0,0
0.0,0,68,532,-4434.0,34.0,0
0.0,0,69,514,-4434.0,34.0,0
0.0,0,70,547,-4434.0,34.0,0
0.0,0,71,516,-4434.0,34.0,0
0.0,0,72,492,-4434.0,34.0,0
0.0,0,73,498,-4434.0,34.0,0
0.0,0,74,491,-4433.0,35.0,0
0.0,0,75,464,-4433.0,35.0,0
0.0,0,76,495,-4433.0,35.0,0
0.0,0,77,491,-4432.0,36.0,0
0.0,0,78,490,-4432.0,36.0,0
0.0,0,79,482,-4432.0,36.0,0
0.0,0,80,502,-4431.0,37.0,0
0.0,0,81,513,-4431.0,37.0,0
0.0,0,82,522,-4431.0,37.0,0
0.0,0,83,520,-4431.0,37.0,0
0.0,0,84,540,-4431.0,37.0,0
0.0,0,85,517,-4430.0,38.0,0
0.0,0,86,507,-4429.0,39.0,0
0.0,0,87,472,-4429.0,39.0,0
0.0,0,88,511,-4428.0,40.0,0
0.0,0,89,490,-4428.0,40.0,0
0.0,0,90,480,-4427.0,41.0,0
0.0,0,91,492,-4427.0,41.0,0
0.0,0,92,495,-4427.0,41.0,0
0.0,0,93,494,-4426.0,42.0,0
0.0,0,94,566,-4425.0,43.0,0
0.0,0,95,486,-4425.0,43.0,0
0.0,0,96,470,-4425.0,43.0,0
0.0,0,97,491,-4424.0,44.0,0
0.0,0,98,515,-4424.0,44.0,0
0.0,0,99,501,-4423.0,45.0,0
0.001,0,0,424,-4474.750000000395,18.297999999605054,0
0.001,0,1,402,-4472.920000000395,20.12799999960498,0
0.001,0,2,488,-4472.017000000384,21.030999999616142,0
0.001,0,3,429,-4471.683000000391,21.3649999996087,0
0.001,0,4,436,-4471.667000000385,21.380999999614687,0
0.001,0,5,441,-4471.439000000374,21.608999999625667,0
0.001,0,6,433,-4470.658000000399,22.38999999960106,0
0.001,0,7,445,-4470.416000000364,22.63199999963581,0
0.001,0,8,470,-4470.315000000365,22.732999999634558,0
0.001,0,9,437,-4469.608000000387,23.439999999613065,0
0.001,0,10,462,-4469.397000000377,23.6509999996224,0
0.001,0,11,449,-4468.512000000387,24.535999999612613,0
0.001,0,12,444,-4467.47400000038,25.573999999619446,0
0.001,0,13,447,-4467.412000000371,25.63599999962844,0
0.001,0,14,469,-4467.195000000371,25.85299999962899,0
0.001,0,15,453,-4466.4570000004,26.59099999960017,0
0.001,0,16,451,-4466.391000000367,26.656999999632717,0
0.001,0,17,455,-4466.3890000003885,26.658999999611297,0
0.001,0,18,470,-4466.343000000371,26.704999999628853,0
0.001,0,19,466,-4466.306000000386,26.741999999613654,0
0.001,0,20,477,-4466.177000000375,26.870999999624473,0
0.001,0,21,484,-4466.10300000037,26.944999999629545,0
0.001,0,22,413,-4465.800000000388,27.247999999612148,0
0.001,0,23,431,-4465.582000000377,27.46599999962291,0
0.001,0,24,445,-4465.575000000394,27.472999999606145,0
0.001,0,25,457,-4465.464000000376,27.58399999962421,0
0.001,0,26,461,-4465.330000000373,27.717999999626954,0
0.001,0,27,478,-4465.246000000381,27.8019999996186,0
0.001,0,28,488,-4465.171000000382,27.87699999961751,0
0.001,0,29,465,-4465.140000000383,27.90799999961655,0
0.001,0,30,487,-4465.062000000367,27.98599999963244,0
0.001,0,31,407,-4464.872000000386,28.17599999961385,0
0.001,0,32,445,-4464.553000000365,28.494999999635183,0
0.001,0,33,450,-4464.531000000388,28.51699999961147,0
0.001,0,34,446,-4464.473000000359,28.574999999640568,0
0.001,0,35,442,-4464.422000000391,28.62599999960912,0
0.001,0,36,453,-4464.406000000397,28.641999999602376,0
0.001,0,37,470,-4464.34500000037,28.702999999629355,0
0.001,0,38,466,-4464.2990000003865,28.74899999961326,0
0.001,0,39,474,-4464.282000000379,28.765999999620362,0
0.001,0,40,482,-4464.254000000376,28.79399999962334,0
0.001,0,41,468,-4464.242000000384,28.80599999961578,0
0.001,0,42,506,-4463.987000000359,29.060999999640444,0
0.001,0,43,492,-4463.941000000368,29.106999999631626,0
0.001,0,44,417,-4463.7060000003985,29.341999999601285,0
0.001,0,45,428,-4463.603000000383,29.44499999961681,0
0.001,0,46,448,-4463.461000000384,29.586999999615728,0
0.001,0,47,470,-4463.383000000374,29.66499999962616,0
0.001,0,48,466,-4463.209000000397,29.838999999602493,0
0.001,0,49,481,-4463.145000000368,29.902999999631902,0
0.001,0,50,487,-4463.067000000366,29.98099999963415,0
0.001,0,51,434,-4462.524000000396,30.523999999603802,0
0.001,0,52,454,-4462.40700000038,30.640999999619453,0
0.001,0,53,461,-4462.327000000382,30.72099999961756,0
0.001,0,54,456,-4462.322000000381,30.72599999961858,0
0.001,0,55,477,-4462.307000000384,30.74099999961618,0
0.001,0,56,455,-4462.264000000381,30.783999999618572,0
0.001,0,57,476,-4462.238000000361,30.80999999963842,0
0.001,0,58,470,-4462.226000000375,30.821999999624495,0
0.001,0,59,474,-4462.200000000374,30.847999999626154,0
0.001,0,60,508,-4461.8080000003665,31.239999999633255,0
0.001,0,61,427,-4461.579000000383,31.468999999617154,0
0.001,0,62,458,-4461.402000000379,31.64599999962047,0
0.001,0,63,457,-4461.3650000003745,31.68299999962528,0
0.001,0,64,482,-4461.239000000383,31.80899999961639,0
0.001,0,65,475,-4461.076000000382,31.971999999617765,0
0.001,0,66,479,-4461.069000000384,31.978999999615553,0
0.001,0,67,503,-4460.999000000354,32.048999999646185,0
0.001,0,68,446,-4460.515000000381,32.53299999961837,0
0.001,0,69,476,-4460.161000000385,32.886999999615,0
0.001,0,70,480,-4460.068000000372,32.97999999962758,0
0.001,0,71,501,-4459.99200000038,33.05599999961942,0
0.001,0,72,501,-4459.899000000381,33.148999999618354,0
0.001,0,73,456,-4459.502000000388,33.54599999961192,0
0.001,0,74,471,-4459.175000000383,33.872999999616695,0
0.001,0,75,478,-4459.105000000378,33.94299999962186,0
0.001,0,76,487,-4459.08600000038,33.961999999619366,0
0.001,0,77,497,-4459.063000000362,33.984999999637694,0
0.001,0,78,488,-4459.0210000003735,34.02699999962624,0
0.001,0,79,491,-4458.933000000361,34.11499999963871,0
0.001,0,80,527,-4458.680000000368,34.36799999963205,0
0.001,0,81,458,-4458.37600000039,34.6719999996094,0
0.001,0,82,465,-4458.281000000362,34.76699999963785,0
0.001,0,83,465,-4458.273000000394,34.774999999605825,0
0.001,0,84,479,-4458.251000000369,34.796999999631225,0
0.001,0,85,468,-4458.247000000388,34.80099999961203,0
0.001,0,86,490,-4458.115000000362,34.932999999638014,0
0.001,0,87,488,-4457.966000000382,35.08199999961744,0
0.001,0,88,505,-4457.927000000366,35.12099999963357,0
0.001,0,89,498,-4457.047000000361,36.000999999639134,0
0.001,0,90,473,-4456.319000000386,36.728999999613734,0
0.001,0,91,473,-4456.293000000377,36.75499999962267,0
0.001,0,92,466,-4455.277000000387,37.770999999613196,0
0.001,0,93,473,-4455.072000000369,37.9759999996304,0
0.001,0,94,506,-4454.908000000375,38.139999999624706,0
0.001,0,95,517,-4454.675000000371,38.37299999962852,0
0.001,0,96,496,-4453.963000000373,39.08499999962714,0
0.001,0,97,479,-4451.152000000377,41.8959999996232,0
0.001,0,98,476,-4449.231000000374,43.816999999626205,0
0.001,0,99,504,-4448.005000000368,45.04299999963132,0
0.003,0,0,404,-4518.798999999979,24.345000000021173,0
0.003,0,1,448,-4517.724999999978,25.419000000022606,0
0.003,0,2,424,-4517.318999999981,25.825000000018917,0
0.003,0,3,406,-4516.702999999977,26.44100000002345,0
0.003,0,4,416,-4516.504999999986,26.639000000014676,0
0.003,0,5,426,-4516.150999999979,26.99300000002131,0
0.003,0,6,388,-4515.999999999977,27.14400000002297,0
0.003,0,7,420,-4514.268000000001,28.875999999999294,0
0.003,0,8,436,-4513.832999999971,29.3110000000288,0
0.003,0,9,435,-4512.955999999992,30.188000000008287,0
0.003,0,10,363,-4512.830999999996,30.31300000000465,0
0.003,0,11,386,-4512.407999999972,30.73600000002807,0
0.003,0,12,386,-4512.308999999983,30.835000000017317,0
0.003,0,13,428,-4512.102999999977,31.041000000022905,0
0.003,0,14,455,-4512.010999999978,31.133000000022548,0
0.003,0,15,410,-4511.537999999993,31.606000000007043,0
0.003,0,16,422,-4511.195999999981,31.94800000001942,0
0.003,0,17,467,-4510.6539999999795,32.4900000000207,0
0.003,0,18,417,-4510.615999999972,32.52800000002844,0
0.003,0,19,422,-4510.564999999992,32.57900000000791,0
0.003,0,20,413,-4510.501999999986,32.64200000001438,0
0.003,0,21,409,-4510.3819999999905,32.76200000000972,0
0.003,0,22,432,-4510.033999999984,33.11000000001604,0
0.003,0,23,429,-4509.922999999976,33.221000000024105,0
0.003,0,24,436,-4509.902000000004,33.24199999999655,0
0.003,0,25,439,-4509.898999999979,33.24500000002081,0
0.003,0,26,403,-4509.693999999964,33.4500000000362,0
0.003,0,27,412,-4509.552999999978,33.59100000002218,0
0.003,0,28,418,-4509.477999999984,33.66600000001654,0
0.003,0,29,397,-4509.332999999994,33.81100000000606,0
0.003,0,30,423,-4509.25899999998,33.88500000002023,0
0.003,0,31,391,-4509.11099999999,34.03300000001036,0
0.003,0,32,427,-4509.003999999975,34.140000000024884,0
0.003,0,33,431,-4508.973999999978,34.1700000000219,0
0.003,0,34,439,-4508.526999999974,34.617000000026565,0
0.003,0,35,423,-4508.462999999972,34.68100000002778,0
0.003,0,36,421,-4508.174999999961,34.96900000003916,0
0.003,0,37,427,-4508.162999999987,34.98100000001341,0
0.003,0,38,430,-4508.036999999965,35.10700000003544,0
0.003,0,39,432,-4507.718999999977,35.42500000002292,0
0.003,0,40,432,-4507.7129999999715,35.43100000002869,0
0.003,0,41,441,-4507.69199999999,35.45200000001023,0
0.003,0,42,440,-4507.538999999963,35.60500000003685,0
0.003,0,43,447,-4507.535999999982,35.608000000018365,0
0.003,0,44,445,-4507.490999999978,35.653000000022075,0
0.003,0,45,448,-4507.424999999973,35.719000000027336,0
0.003,0,46,420,-4507.31299999999,35.831000000010135,0
0.003,0,47,418,-4507.309999999969,35.834000000031665,0
0.003,0,48,424,-4507.30399999999,35.84000000001015,0
0.003,0,49,426,-4507.240999999979,35.903000000021166,0
0.003,0,50,430,-4507.159999999991,35.98400000000947,0
0.003,0,51,454,-4507.136999999995,36.007000000005064,0
0.003,0,52,426,-4506.943999999989,36.20000000001164,0
0.003,0,53,437,-4506.88999999998,36.254000000019914,0
0.003,0,54,435,-4506.829999999973,36.31400000002759,0
0.003,0,55,415,-4506.729999999996,36.41400000000431,0
0.003,0,56,424,-4506.582999999998,36.56100000000242,0
0.003,0,57,401,-4506.513999999989,36.63000000001102,0
0.003,0,58,420,-4506.441999999971,36.70200000002933,0
0.003,0,59,448,-4506.394999999965,36.74900000003527,0
0.003,0,60,404,-4506.01499999998,37.129000000019914,0
0.003,0,61,431,-4505.955999999969,37.188000000031025,0
0.003,0,62,407,-4505.5859999999675,37.558000000032735,0
0.003,0,63,441,-4505.550999999983,37.59300000001713,0
0.003,0,64,408,-4505.448,37.69599999999991,0
0.003,0,65,456,-4505.2209999999795,37.92300000002069,0
0.003,0,66,434,-4504.7969999999905,38.34700000000976,0
0.003,0,67,422,-4504.324999999968,38.81900000003225,0
0.003,0,68,443,-4503.793999999976,39.35000000002401,0
0.003,0,69,450,-4503.784999999993,39.359000000007654,0
0.003,0,70,435,-4503.733999999979,39.41000000002168,0
0.003,0,71,403,-4503.73299999998,39.41100000002007,0
0.003,0,72,408,-4503.564999999981,39.57900000001882,0
0.003,0,73,448,-4503.538999999989,39.60500000001139,0
0.003,0,74,438,-4503.036999999976,40.10700000002453,0
0.003,0,75,399,-4502.90099999999,40.2430000000104,0
0.003,0,76,439,-4502.7789999999795,40.3650000000207,0
0.003,0,77,442,-4502.775999999995,40.36800000000494,0
0.003,0,78,404,-4502.729999999981,40.41400000001886,0
0.003,0,79,440,-4502.641000000009,40.502999999991516,0
0.003,0,80,421,-4502.417999999983,40.72600000001694,0
0.003,0,81,454,-4502.397999999972,40.74600000002829,0
0.003,0,82,424,-4502.384999999972,40.75900000002821,0
0.003,0,83,449,-4502.340999999977,40.80300000002353,0
0.003,0,84,426,-4502.207999999983,40.936000000016975,0
0.003,0,85,418,-4501.964999999989,41.179000000011,0
0.003,0,86,431,-4501.886999999991,41.25700000000961,0
0.003,0,87,458,-4501.175999999989,41.96800000001167,0
0.003,0,88,429,-4501.04599999998,42.098000000019965,0
0.003,0,89,462,-4501.019999999988,42.12400000001253,0
0.003,0,90,459,-4501.016999999979,42.127000000021326,0
0.003,0,91,413,-4500.753999999987,42.39000000001306,0
0.003,0,92,431,-4500.0909999999785,43.05300000002171,0
0.003,0,93,461,-4499.90899999998,43.23500000002059,0
0.003,0,94,453,-4499.244999999979,43.89900000002126,0
0.003,0,95,444,-4499.105999999982,44.038000000018656,0
0.003,0,96,420,-4498.036999999993,45.10700000000725,0
0.003,0,97,486,-4497.329999999965,45.814000000034866,0
0.003,0,98,431,-4492.988999999977,50.15500000002339,0
0.003,0,99,472,-4490.8399999999865,52.30400000001373,0
0.005,0,0,364,-4563.865000000601,29.374999999398824,0
0.005,0,1,378,-4562.3150000006035,30.924999999396277,0
0.005,0,2,356,-4562.220000000613,31.019999999386528,0
0.005,0,3,380,-4561.195000000597,32.044999999402535,0
0.005,0,4,372,-4560.4950000006065,32.74499999939326,0
0.005,0,5,373,-4560.1900000006035,33.04999999939628,0
0.005,0,6,383,-4560.180000000601,33.059999999399224,0
0.005,0,7,347,-4559.900000000613,33.339999999387146,0
0.005,0,8,382,-4559.865000000596,33.37499999940337,0
0.005,0,9,363,-4559.710000000608,33.5299999993922,0
0.005,0,10,404,-4559.570000000589,33.66999999941072,0
0.005,0,11,384,-4559.225000000606,34.014999999393694,0
0.005,0,12,382,-4559.065000000593,34.17499999940719,0
0.005,0,13,348,-4558.375000000603,34.86499999939679,0
0.005,0,14,350,-4558.290000000613,34.94999999938682,0
0.005,0,15,386,-4558.090000000592,35.149999999407555,0
0.005,0,16,360,-4557.980000000616,35.25999999938358,0
0.005,0,17,354,-4557.475000000613,35.76499999938642,0
0.005,0,18,402,-4557.1350000006,36.104999999400206,0
0.005,0,19,411,-4557.0400000005875,36.199999999412285,0
0.005,0,20,361,-4557.015000000607,36.22499999939282,0
0.005,0,21,367,-4556.880000000606,36.35999999939395,0
0.005,0,22,402,-4556.7600000005805,36.479999999419306,0
0.005,0,23,385,-4556.500000000592,36.7399999994077,0
0.005,0,24,358,-4556.03000000061,37.209999999389765,0
0.005,0,25,380,-4556.000000000595,37.23999999940497,0
0.005,0,26,347,-4555.810000000607,37.42999999939275,0
0.005,0,27,369,-4555.575000000605,37.66499999939515,0
0.005,0,28,374,-4555.365000000592,37.87499999940792,0
0.005,0,29,412,-4555.115000000585,38.124999999415195,0
0.005,0,30,395,-4555.040000000595,38.19999999940501,0
0.005,0,31,379,-4554.980000000597,38.25999999940268,0
0.005,0,32,395,-4554.900000000579,38.3399999994208,0
0.005,0,33,386,-4554.655000000595,38.58499999940523,0
0.005,0,34,347,-4554.525000000618,38.71499999938169,0
0.005,0,35,369,-4554.335000000604,38.90499999939584,0
0.005,0,36,362,-4554.200000000597,39.039999999402426,0
0.005,0,37,356,-4554.160000000605,39.07999999939511,0
0.005,0,38,408,-4554.075000000602,39.16499999939788,0
0.005,0,39,371,-4554.015000000602,39.22499999939737,0
0.005,0,40,360,-4553.890000000593,39.349999999406464,0
0.005,0,41,385,-4553.855000000598,39.38499999940177,0
0.005,0,42,398,-4553.7450000005765,39.49499999942327,0
0.005,0,43,389,-4553.59000000058,39.64999999941938,0
0.005,0,44,368,-4553.590000000599,39.64999999940119,0
0.005,0,45,373,-4553.315000000607,39.92499999939264,0
0.005,0,46,390,-4553.260000000587,39.97999999941294,0
0.005,0,47,383,-4553.150000000593,40.089999999407155,0
0.005,0,48,430,-4553.085000000584,40.15499999941585,0
0.005,0,49,344,-4552.9950000006065,40.24499999939326,0
0.005,0,50,380,-4552.800000000594,40.4399999994057,0
0.005,0,51,397,-4552.240000000597,40.99999999940246,0
0.005,0,52,403,-4552.100000000592,41.13999999940734,0
0.005,0,53,382,-4552.025000000601,41.21499999939897,0
0.005,0,54,369,-4551.915000000589,41.324999999410466,0
0.005,0,55,386,-4551.900000000591,41.339999999408974,0
0.005,0,56,397,-4551.8250000005855,41.41499999941425,0
0.005,0,57,382,-4551.595000000588,41.64499999941199,0
0.005,0,58,366,-4551.335000000597,41.90499999940312,0
0.005,0,59,392,-4551.000000000595,42.23999999940497,0
0.005,0,60,392,-4550.960000000602,42.27999999939766,0
0.005,0,61,409,-4550.920000000589,42.319999999410356,0
0.005,0,62,359,-4550.8400000005995,42.39999999940028,0
0.005,0,63,382,-4550.685000000593,42.55499999940639,0
0.005,0,64,393,-4550.680000000594,42.55999999940559,0
0.005,0,65,411,-4550.470000000586,42.76999999941381,0
0.005,0,66,397,-4550.460000000593,42.779999999406755,0
0.005,0,67,402,-4550.390000000587,42.84999999941283,0
0.005,0,68,357,-4550.270000000609,42.96999999939089,0
0.005,0,69,353,-4550.245000000605,42.99499999939508,0
0.005,0,70,385,-4550.065000000603,43.17499999939719,0
0.005,0,71,394,-4549.925000000596,43.31499999940388,0
0.005,0,72,408,-4549.860000000576,43.37999999942349,0
0.005,0,73,407,-4549.795000000582,43.44499999941763,0
0.005,0,74,404,-4549.745000000593,43.4949999994069,0
0.005,0,75,381,-4549.575000000588,43.66499999941152,0
0.005,0,76,390,-4549.380000000594,43.85999999940577,0
0.005,0,77,353,-4549.320000000617,43.919999999382526,0
0.005,0,78,394,-4549.2250000005815,44.01499999941825,0
0.005,0,79,402,-4549.160000000593,44.07999999940694,0
0.005,0,80,419,-4549.005000000574,44.23499999942578,0
0.005,0,81,385,-4548.725000000587,44.514999999412794,0
0.005,0,82,396,-4548.365000000597,44.87499999940246,0
0.005,0,83,381,-4548.340000000608,44.899999999392094,0
0.005,0,84,410,-4547.850000000597,45.38999999940279,0
0.005,0,85,410,-4547.805000000591,45.43499999940923,0
0.005,0,86,414,-4547.775000000588,45.4649999994117,0
0.005,0,87,391,-4547.55500000059,45.68499999941014,0
0.005,0,88,391,-4547.405000000593,45.834999999407046,0
0.005,0,89,394,-4546.960000000597,46.27999999940312,0
0.005,0,90,375,-4546.385000000601,46.85499999939839,0
0.005,0,91,401,-4546.115000000593,47.12499999940701,0
0.005,0,92,427,-4546.080000000588,47.15999999941141,0
0.005,0,93,360,-4545.885000000608,47.35499999939202,0
0.005,0,94,413,-4545.840000000582,47.39999999941756,0
0.005,0,95,388,-4545.8050000006015,47.434999999398315,0
0.005,0,96,426,-4545.685000000578,47.55499999942185,0
0.005,0,97,373,-4545.285000000616,47.9549999993842,0
0.005,0,98,433,-4542.830000000583,50.40999999941687,0
0.005,0,99,388,-4541.6750000006,51.56499999939933,0
0.01,0,0,268,-4682.820000000564,35.65999999943597,0
0.01,0,1,256,-4681.54000000058,36.93999999941934,0
0.01,0,2,265,-4681.4500000005755,37.029999999424035,0
0.01,0,3,306,-4680.960000000553,37.519999999446554,0
0.01,0,4,298,-4680.2200000005505,38.259999999449064,0
0.01,0,5,274,-4679.940000000562,38.539999999437896,0
0.01,0,6,275,-4679.580000000574,38.899999999425745,0
0.01,0,7,282,-4679.540000000559,38.93999999944026,0
0.01,0,8,284,-4679.38000000057,39.0999999994292,0
0.01,0,9,293,-4679.220000000568,39.259999999431784,0
0.01,0,10,291,-4679.140000000546,39.33999999945354,0
0.01,0,11,298,-4678.860000000567,39.619999999432366,0
0.01,0,12,269,-4678.090000000571,40.389999999428255,0
0.01,0,13,283,-4677.290000000562,41.18999999943753,0
0.01,0,14,275,-4677.190000000575,41.28999999942425,0
0.01,0,15,306,-4677.10000000055,41.379999999449865,0
0.01,0,16,270,-4677.020000000574,41.459999999425236,0
0.01,0,17,280,-4677.0100000005605,41.469999999439096,0
0.01,0,18,291,-4676.590000000558,41.8899999994419,0
0.01,0,19,272,-4676.230000000577,42.24999999942247,0
0.01,0,20,296,-4676.000000000553,42.47999999944659,0
0.01,0,21,314,-4675.630000000551,42.8499999994483,0
0.01,0,22,270,-4675.6200000005565,42.85999999944306,0
0.01,0,23,290,-4675.530000000564,42.94999999943593,0
0.01,0,24,272,-4675.4800000005625,42.99999999943702,0
0.01,0,25,312,-4675.19000000055,43.28999999944972,0
0.01,0,26,310,-4674.880000000548,43.59999999945194,0
0.01,0,27,280,-4674.830000000564,43.64999999943575,0
0.01,0,28,277,-4674.410000000565,44.06999999943491,0
0.01,0,29,307,-4674.370000000562,44.109999999437605,0
0.01,0,30,279,-4674.140000000566,44.33999999943353,0
0.01,0,31,283,-4674.000000000558,44.479999999441134,0
0.01,0,32,307,-4673.930000000565,44.549999999434476,0
0.01,0,33,281,-4673.850000000569,44.629999999430765,0
0.01,0,34,304,-4673.7700000005525,44.709999999447064,0
0.01,0,35,282,-4673.690000000554,44.78999999944517,0
0.01,0,36,271,-4673.590000000576,44.88999999942371,0
0.01,0,37,284,-4673.420000000572,45.05999999942742,0
0.01,0,38,290,-4673.410000000578,45.06999999942127,0
0.01,0,39,289,-4673.400000000575,45.07999999942422,0
0.01,0,40,287,-4673.380000000555,45.09999999944466,0
0.01,0,41,287,-4673.240000000568,45.23999999943135,0
0.01,0,42,315,-4672.970000000548,45.50999999945179,0
0.01,0,43,300,-4672.810000000549,45.66999999945074,0
0.01,0,44,273,-4672.520000000569,45.95999999943069,0
0.01,0,45,292,-4672.490000000563,45.989999999436805,0
0.01,0,46,280,-4672.420000000559,46.05999999944015,0
0.01,0,47,309,-4672.410000000553,46.069999999446736,0
0.01,0,48,268,-4672.120000000571,46.35999999942851,0
0.01,0,49,305,-4672.060000000558,46.41999999944164,0
0.01,0,50,298,-4671.930000000564,46.549999999435386,0
0.01,0,51,305,-4671.910000000562,46.56999999943764,0
0.01,0,52,274,-4671.810000000559,46.66999999944073,0
0.01,0,53,278,-4671.75000000056,46.729999999439315,0
0.01,0,54,278,-4671.680000000564,46.799999999435386,0
0.01,0,55,284,-4671.620000000565,46.859999999434876,0
0.01,0,56,308,-4671.390000000559,47.089999999440806,0
0.01,0,57,326,-4671.360000000527,47.119999999472384,0
0.01,0,58,288,-4671.340000000551,47.139999999448264,0
0.01,0,59,331,-4671.200000000542,47.27999999945769,0
0.01,0,60,300,-4670.9000000005635,47.57999999943604,0
0.01,0,61,310,-4670.510000000553,47.96999999944637,0
0.01,0,62,305,-4670.450000000554,48.02999999944586,0
0.01,0,63,301,-4670.350000000553,48.12999999944623,0
0.01,0,64,292,-4670.290000000556,48.1899999994439,0
0.01,0,65,311,-4670.250000000557,48.22999999944295,0
0.01,0,66,283,-4670.220000000552,48.259999999447246,0
0.01,0,67,295,-4670.140000000548,48.33999999945172,0
0.01,0,68,304,-4670.11000000056,48.36999999943964,0
0.01,0,69,266,-4669.780000000577,48.69999999942229,0
0.01,0,70,312,-4669.670000000558,48.80999999944197,0
0.01,0,71,322,-4669.250000000549,49.22999999945023,0
0.01,0,72,283,-4669.210000000567,49.26999999943291,0
0.01,0,73,297,-4668.900000000568,49.57999999943149,0
0.01,0,74,302,-4668.850000000559,49.62999999944077,0
0.01,0,75,275,-4668.820000000568,49.65999999943142,0
0.01,0,76,305,-4668.630000000561,49.849999999438296,0
0.01,0,77,274,-4668.48000000056,49.99999999943975,0
0.01,0,78,308,-4668.360000000554,50.11999999944601,0
0.01,0,79,317,-4667.960000000557,50.519999999442916,0
0.01,0,80,319,-4667.750000000528,50.72999999947115,0
0.01,0,81,306,-4667.320000000563,51.15999999943688,0
0.01,0,82,334,-4667.250000000549,51.22999999945023,0
0.01,0,83,311,-4667.1700000005685,51.30999999943106,0
0.01,0,84,309,-4667.030000000529,51.44999999947049,0
0.01,0,85,297,-4666.480000000551,51.999999999448846,0
0.01,0,86,299,-4665.910000000549,52.569999999450374,0
0.01,0,87,350,-4665.880000000527,52.59999999947286,0
0.01,0,88,298,-4665.870000000547,52.60999999945216,0
0.01,0,89,308,-4665.730000000555,52.7499999994443,0
0.01,0,90,323,-4665.520000000542,52.95999999945798,0
0.01,0,91,307,-4665.480000000552,52.99999999944794,0
0.01,0,92,299,-4665.240000000566,53.23999999943317,0
0.01,0,93,330,-4664.840000000539,53.639999999461,0
0.01,0,94,289,-4663.890000000574,54.589999999425345,0
0.01,0,95,329,-4663.520000000567,54.95999999943251,0
0.01,0,96,330,-4663.320000000558,55.159999999441425,0
0.01,0,97,320,-4662.440000000553,56.03999999944699,0
0.01,0,98,305,-4659.750000000567,58.72999999943295,0
0.01,0,99,312,-4659.040000000539,59.43999999946027,0
0.02,0,0,157,-4935.640000000553,33.319999999446736,0
0.02,0,1,165,-4934.260000000551,34.699999999448664,0
0.02,0,2,152,-4931.82000000056,37.13999999944008,0
0.02,0,3,158,-4931.72000000054,37.23999999946045,0
0.02,0,4,162,-4931.700000000544,37.25999999945634,0
0.02,0,5,159,-4931.340000000556,37.61999999944419,0
0.02,0,6,178,-4931.160000000541,37.79999999945903,0
0.02,0,7,163,-4931.060000000553,37.89999999944666,0
0.02,0,8,169,-4930.980000000543,37.979999999456595,0
0.02,0,9,172,-4930.920000000547,38.03999999945336,0
0.02,0,10,160,-4930.900000000541,38.05999999945925,0
0.02,0,11,160,-4930.320000000543,38.63999999945736,0
0.02,0,12,179,-4930.160000000557,38.79999999944266,0
0.02,0,13,166,-4930.060000000541,38.899999999459396,0
0.02,0,14,184,-4930.000000000557,38.959999999443426,0
0.02,0,15,164,-4929.980000000555,38.97999999944477,0
0.02,0,16,165,-4929.640000000553,39.319999999446736,0
0.02,0,17,162,-4929.280000000551,39.67999999944914,0
0.02,0,18,183,-4929.280000000545,39.679999999454594,0
0.02,0,19,189,-4929.120000000544,39.83999999945627,0
0.02,0,20,189,-4928.980000000536,39.97999999946387,0
0.02,0,21,169,-4928.940000000546,40.01999999945383,0
0.02,0,22,165,-4928.200000000557,40.7599999994427,0
0.02,0,23,180,-4928.180000000549,40.77999999945132,0
0.02,0,24,175,-4928.120000000544,40.83999999945627,0
0.02,0,25,173,-4928.08000000056,40.87999999943986,0
0.02,0,26,161,-4927.880000000557,41.07999999944332,0
0.02,0,27,169,-4927.840000000541,41.11999999945874,0
0.02,0,28,167,-4927.640000000553,41.319999999446736,0
0.02,0,29,182,-4926.94000000055,42.01999999945019,0
0.02,0,30,181,-4926.920000000547,42.03999999945336,0
0.02,0,31,161,-4926.84000000055,42.11999999944965,0
0.02,0,32,163,-4926.760000000554,42.199999999445936,0
0.02,0,33,175,-4926.660000000546,42.299999999454485,0
0.02,0,34,168,-4926.66000000056,42.29999999943993,0
0.02,0,35,174,-4926.58000000054,42.37999999945987,0
0.02,0,36,176,-4926.560000000542,42.39999999945849,0
0.02,0,37,189,-4926.320000000529,42.639999999471,0
0.02,0,38,165,-4926.320000000555,42.639999999444626,0
0.02,0,39,167,-4926.2800000005445,42.679999999455504,0
0.02,0,40,175,-4926.100000000548,42.85999999945216,0
0.02,0,41,158,-4926.06000000056,42.8999999994403,0
0.02,0,42,185,-4925.740000000561,43.219999999439096,0
0.02,0,43,174,-4925.740000000544,43.21999999945638,0
0.02,0,44,196,-4925.6800000005305,43.27999999946951,0
0.02,0,45,176,-4925.340000000544,43.61999999945601,0
0.02,0,46,178,-4924.820000000544,44.13999999945645,0
0.02,0,47,195,-4924.820000000533,44.13999999946736,0
0.02,0,48,182,-4924.680000000548,44.27999999945223,0
0.02,0,49,191,-4924.660000000546,44.299999999454485,0
0.02,0,50,179,-4924.500000000537,44.459999999463435,0
0.02,0,51,193,-4924.480000000543,44.479999999456595,0
0.02,0,52,177,-4924.440000000539,44.519999999461106,0
0.02,0,53,179,-4924.380000000561,44.57999999943877,0
0.02,0,54,191,-4924.360000000534,44.59999999946649,0
0.02,0,55,172,-4924.00000000055,44.95999999944979,0
0.02,0,56,170,-4923.800000000538,45.15999999946234,0
0.02,0,57,178,-4923.720000000552,45.23999999944772,0
0.02,0,58,166,-4923.680000000537,45.27999999946314,0
0.02,0,59,195,-4923.640000000539,45.31999999946129,0
0.02,0,60,189,-4923.200000000523,45.75999999947726,0
0.02,0,61,175,-4923.020000000545,45.93999999945481,0
0.02,0,62,169,-4922.880000000543,46.07999999945696,0
0.02,0,63,185,-4922.720000000548,46.239999999452266,0
0.02,0,64,185,-4922.680000000554,46.27999999944586,0
0.02,0,65,194,-4922.140000000545,46.81999999945492,0
0.02,0,66,162,-4922.060000000554,46.899999999445754,0
0.02,0,67,186,-4921.980000000528,46.97999999947206,0
0.02,0,68,188,-4921.920000000531,47.03999999946882,0
0.02,0,69,167,-4921.74000000053,47.21999999947002,0
0.02,0,70,192,-4921.580000000556,47.37999999944441,0
0.02,0,71,196,-4921.560000000551,47.39999999944939,0
0.02,0,72,190,-4921.380000000522,47.57999999947788,0
0.02,0,73,162,-4921.260000000534,47.699999999465945,0
0.02,0,74,180,-4921.080000000544,47.87999999945623,0
0.02,0,75,200,-4920.920000000532,48.03999999946791,0
0.02,0,76,183,-4920.860000000521,48.09999999947922,0
0.02,0,77,174,-4920.640000000522,48.31999999947766,0
0.02,0,78,194,-4920.440000000521,48.519999999479296,0
0.02,0,79,196,-4920.36000000053,48.59999999947013,0
0.02,0,80,191,-4920.120000000541,48.839999999458996,0
0.02,0,81,189,-4919.900000000525,49.05999999947471,0
0.02,0,82,185,-4919.780000000546,49.179999999453685,0
0.02,0,83,202,-4919.720000000541,49.23999999945863,0
0.02,0,84,180,-4919.700000000547,49.2599999994527,0
0.02,0,85,194,-4919.600000000546,49.359999999453976,0
0.02,0,86,181,-4919.28000000054,49.67999999946005,0
0.02,0,87,186,-4919.12000000054,49.839999999459906,0
0.02,0,88,187,-4918.860000000542,50.099999999458305,0
0.02,0,89,193,-4918.860000000528,50.09999999947195,0
0.02,0,90,197,-4918.840000000554,50.11999999944601,0
0.02,0,91,192,-4918.820000000544,50.13999999945645,0
0.02,0,92,181,-4918.020000000548,50.939999999452084,0
0.02,0,93,193,-4916.700000000542,52.25999999945816,0
0.02,0,94,194,-4916.0800000005465,52.8799999994535,0
0.02,0,95,198,-4915.160000000542,53.79999999945812,0
0.02,0,96,209,-4915.0600000005315,53.89999999946849,0
0.02,0,97,207,-4913.940000000528,55.01999999947202,0
0.02,0,98,198,-4913.520000000536,55.43999999946391,0
0.02,0,99,199,-4913.080000000528,55.87999999947169,0
0.0,1,0,463,-4453.0,16.0,0
0.0,1,1,496,-4451.0,18.0,0
0.0,1,2,441,-4450.0,19.0,0
0.0,1,3,473,-4450.0,19.0,0
0.0,1,4,434,-4449.0,20.0,0
0.0,1,5,469,-4449.0,20.0,0
0.0,1,6,485,-4449.0,20.0,0
0.0,1,7,476,-4449.0,20.0,0
0.0,1,8,472,-4449.0,20.0,0
0.0,1,9,448,-4449.0,20.0,0
0.0,1,10,485,-4449.0,20.0,0
0.0,1,11,462,-4448.0,21.0,0
0.0,1,12,492,-4448.0,21.0,0
0.0,1,13,472,-4448.0,21.0,0
0.0,1,14,430,-4447.0,22.0,0
0.0,1,15,481,-4447.0,22.0,0
0.0,1,16,478,-4446.0,23.0,0
0.0,1,17,458,-4446.0,23.0,0
0.0,1,18,491,-4446.0,23.0,0
0.0,1,19,509,-4446.0,23.0,0
0.0,1,20,526,-4446.0,23.0,0
0.0,1,21,459,-4446.0,23.0,0
0.0,1,22,468,-4446.0,23.0,0
0.0,1,23,506,-4446.0,23.0,0
0.0,1,24,474,-4446.0,23.0,0
0.0,1,25,513,-4446.0,23.0,0
0.0,1,26,503,-4446.0,23.0,0
0.0,1,27,483,-4445.0,24.0,0
0.0,1,28,496,-4445.0,24.0,0
0.0,1,29,454,-4445.0,24.0,0
0.0,1,30,459,-4445.0,24.0,0
0.0,1,31,490,-4444.0,25.0,0
0.0,1,32,482,-4444.0,25.0,0
0.0,1,33,480,-4444.0,25.0,0
0.0,1,34,472,-4443.0,26.0,0
0.0,1,35,480,-4443.0,26.0,0
0.0,1,36,491,-4443.0,26.0,0
0.0,1,37,487,-4443.0,26.0,0
0.0,1,38,515,-4443.0,26.0,0
0.0,1,39,512,-4443.0,26.0,0
0.0,1,40,460,-4443.0,26.0,0
0.0,1,41,488,-4443.0,26.0,0
0.0,1,42,477,-4443.0,26.0,0
0.0,1,43,481,-4443.0,26.0,0
0.0,1,44,470,-4442.0,27.0,0
0.0,1,45,476,-4442.0,27.0,0
0.0,1,46,474,-4442.0,27.0,0
0.0,1,47,469,-4442.0,27.0,0
0.0,1,48,477,-4442.0,27.0,0
0.0,1,49,483,-4442.0,27.0,0
0.0,1,50,441,-4442.0,27.0,0
0.0,1,51,479,-4442.0,27.0,0
0.0,1,52,493,-4442.0,27.0,0
0.0,1,53,458,-4442.0,27.0,0
0.0,1,54,449,-4441.0,28.0,0
0.0,1,55,492,-4441.0,28.0,0
0.0,1,56,468,-4441.0,28.0,0
0.0,1,57,484,-4441.0,28.0,0
0.0,1,58,470,-4441.0,28.0,0
0.0,1,59,503,-4441.0,28.0,0
0.0,1,60,500,-4441.0,28.0,0
0.0,1,61,484,-4441.0,28.0,0
0.0,1,62,508,-4441.0,28.0,0
0.0,1,63,467,-4441.0,28.0,0
0.0,1,64,508,-4441.0,28.0,0
0.0,1,65,503,-4441.0,28.0,0
0.0,1,66,467,-4440.0,29.0,0
0.0,1,67,462,-4440.0,29.0,0
0.0,1,68,447,-4440.0,29.0,0
0.0,1,69,482,-4439.0,30.0,0
0.0,1,70,516,-4439.0,30.0,0
0.0,1,71,524,-4439.0,30.0,0
0.0,1,72,483,-4439.0,30.0,0
0.0,1,73,474,-4439.0,30.0,0
0.0,1,74,502,-4439.0,30.0,0
0.0,1,75,478,-4438.0,31.0,0
0.0,1,76,451,-4438.0,31.0,0
0.0,1,77,501,-4438.0,31.0,0
0.0,1,78,498,-4438.0,31.0,0
0.0,1,79,480,-4438.0,31.0,0
0.0,1,80,481,-4438.0,31.0,0
0.0,1,81,477,-4437.0,32.0,0
0.0,1,82,495,-4437.0,32.0,0
0.0,1,83,479,-4437.0,32.0,0
0.0,1,84,492,-4437.0,32.0,0
0.0,1,85,470,-4437.0,32.0,0
0.0,1,86,498,-4437.0,32.0,0
0.0,1,87,504,-4436.0,33.0,0
0.0,1,88,520,-4436.0,33.0,0
0.0,1,89,492,-4435.0,34.0,0
0.0,1,90,456,-4435.0,34.0,0
0.0,1,91,489,-4435.0,34.0,0
0.0,1,92,455,-4434.0,35.0,0
0.0,1,93,521,-4434.0,35.0,0
0.0,1,94,512,-4434.0,35.0,0
0.0,1,95,519,-4433.0,36.0,0
0.0,1,96,501,-4432.0,37.0,0
0.0,1,97,518,-4432.0,37.0,0
0.0,1,98,485,-4431.0,38.0,0
0.0,1,99,518,-4429.0,40.0,0
0.001,1,0,421,-4472.828000000402,19.06699999959801,0
0.001,1,1,429,-4471.762000000392,20.132999999608728,0
0.001,1,2,443,-4471.568000000416,20.326999999584586,0
0.001,1,3,438,-4469.811000000402,22.083999999598745,0
0.001,1,4,469,-4469.403000000396,22.49199999960456,0
0.001,1,5,497,-4469.184000000406,22.710999999594605,0
0.001,1,6,433,-4468.698000000403,23.19699999959721,0
0.001,1,7,444,-4468.642000000411,23.25299999958952,0
0.001,1,8,473,-4468.408000000409,23.486999999591717,0
0.001,1,9,443,-4467.717000000404,24.177999999596068,0
0.001,1,10,439,-4467.667000000417,24.227999999583517,0
0.001,1,11,449,-4467.62700000041,24.267999999590756,0
0.001,1,12,465,-4467.451000000407,24.44399999959387,0
0.001,1,13,449,-4467.429000000396,24.46599999960472,0
0.001,1,14,481,-4467.31600000042,24.578999999580446,0
0.001,1,15,433,-4466.753000000403,25.14199999959783,0
0.001,1,16,445,-4466.7100000004175,25.184999999582942,0
0.001,1,17,450,-4466.469000000394,25.425999999606574,0
0.001,1,18,488,-4466.242000000408,25.652999999592794,0
0.001,1,19,495,-4466.150000000401,25.744999999599713,0
0.001,1,20,419,-4465.914000000425,25.980999999575033,0
0.001,1,21,459,-4465.507000000411,26.387999999589738,0
0.001,1,22,468,-4465.504000000422,26.390999999578526,0
0.001,1,23,461,-4465.457000000405,26.437999999595377,0
0.001,1,24,481,-4465.20400000041,26.69099999959053,0
0.001,1,25,494,-4465.138000000385,26.7569999996158,0
0.001,1,26,411,-4464.981000000423,26.913999999577754,0
0.001,1,27,441,-4464.693000000404,27.20199999959641,0
0.001,1,28,461,-4464.583000000414,27.311999999586078,0
0.001,1,29,464,-4464.560000000412,27.334999999588035,0
0.001,1,30,459,-4464.4770000004155,27.417999999584936,0
0.001,1,31,472,-4464.399000000414,27.495999999586274,0
0.001,1,32,495,-4464.207000000373,27.68799999962721,0
0.001,1,33,482,-4464.204000000408,27.69099999959235,0
0.001,1,34,429,-4463.824000000412,28.07099999958882,0
0.001,1,35,430,-4463.739000000425,28.155999999575215,0
0.001,1,36,436,-4463.667000000398,28.227999999602616,0
0.001,1,37,455,-4463.600000000426,28.29499999957443,0
0.001,1,38,452,-4463.585000000394,28.30999999960659,0
0.001,1,39,468,-4463.443000000416,28.451999999584586,0
0.001,1,40,494,-4463.195000000399,28.69999999960146,0
0.001,1,41,436,-4462.759000000433,29.135999999567503,0
0.001,1,42,438,-4462.6600000004,29.234999999600404,0
0.001,1,43,443,-4462.6450000004,29.249999999600732,0
0.001,1,44,448,-4462.599000000412,29.295999999588275,0
0.001,1,45,462,-4462.4220000004,29.472999999600688,0
0.001,1,46,463,-4462.380000000382,29.51499999961834,0
0.001,1,47,446,-4461.6210000004185,30.273999999581974,0
0.001,1,48,455,-4461.528000000409,30.366999999591826,0
0.001,1,49,479,-4461.371000000406,30.523999999594707,0
0.001,1,50,483,-4461.236000000409,30.658999999591288,0
0.001,1,51,482,-4461.227000000392,30.667999999608583,0
0.001,1,52,448,-4460.601000000415,31.29399999958514,0
0.001,1,53,451,-4460.561000000418,31.333999999582375,0
0.001,1,54,472,-4460.404000000403,31.49099999959708,0
0.001,1,55,463,-4460.38100000041,31.51399999959085,0
0.001,1,56,461,-4460.35300000041,31.54199999959019,0
0.001,1,57,485,-4460.3130000004,31.581999999600157,0
0.001,1,58,452,-4459.602000000409,32.2929999995913,0
0.001,1,59,470,-4459.512000000391,32.38299999960964,0
0.001,1,60,442,-4458.654000000412,33.240999999587984,0
0.001,1,61,463,-4458.516000000413,33.378999999586995,0
0.001,1,62,468,-4458.449000000395,33.44599999960519,0
0.001,1,63,477,-4458.310000000391,33.58499999960986,0
0.001,1,64,490,-4458.228000000382,33.66699999961838,0
0.001,1,65,504,-4458.1020000003855,33.79299999961495,0
0.001,1,66,443,-4457.687000000418,34.20799999958217,0
0.001,1,67,467,-4457.505000000414,34.38999999958651,0
0.001,1,68,456,-4457.480000000413,34.41499999958705,0
0.001,1,69,462,-4457.478000000423,34.416999999577456,0
0.001,1,70,485,-4457.32000000042,34.57499999958054,0
0.001,1,71,492,-4457.2300000004,34.664999999600695,0
0.001,1,72,443,-4456.603000000417,35.29199999958382,0
0.001,1,73,466,-4456.447000000396,35.44799999960469,0
0.001,1,74,467,-4456.432000000393,35.462999999607746,0
0.001,1,75,486,-4456.186000000384,35.708999999616026,0
0.001,1,76,471,-4455.472000000403,36.42299999959778,0
0.001,1,77,466,-4455.351000000417,36.54399999958332,0
0.001,1,78,475,-4455.282000000401,36.6129999995992,0
0.001,1,79,475,-4455.247000000412,36.64799999958814,0
0.001,1,80,514,-4454.963000000399,36.93199999960143,0
0.001,1,81,432,-4454.708000000407,37.186999999593354,0
0.001,1,82,448,-4454.586000000408,37.30899999959274,0
0.001,1,83,452,-4454.521000000419,37.37399999958143,0
0.001,1,84,467,-4454.47900000041,37.415999999589985,0
0.001,1,85,461,-4454.410000000417,37.484999999583124,0
0.001,1,86,491,-4454.3140000004005,37.58099999959995,0
0.001,1,87,487,-4454.240000000398,37.654999999602296,0
0.001,1,88,492,-4454.178000000386,37.71699999961402,0
0.001,1,89,510,-4454.037000000383,37.85799999961728,0
0.001,1,90,451,-4453.553000000415,38.34199999958582,0
0.001,1,91,477,-4453.274000000396,38.620999999604464,0
0.001,1,92,488,-4453.262000000408,38.63299999959236,0
0.001,1,93,493,-4452.313000000389,39.58199999961107,0
0.001,1,94,502,-4452.050000000371,39.84499999962918,0
0.001,1,95,491,-4451.168000000393,40.72699999960787,0
0.001,1,96,501,-4450.10000000039,41.79499999961081,0
0.001,1,97,487,-4449.280000000417,42.61499999958323,0
0.001,1,98,479,-4449.249000000412,42.64599999958864,0
0.001,1,99,467,-4448.454000000424,43.44099999957689,0
0.003,1,0,403,-4509.3240000000105,28.360999999989872,0
0.003,1,1,415,-4507.6010000000015,30.083999999998923,0
0.003,1,2,401,-4506.29699999999,31.388000000010834,0
0.003,1,3,407,-4506.276000000002,31.40899999999874,0
0.003,1,4,413,-4506.125999999999,31.559000000001106,0
0.003,1,5,410,-4506.056999999982,31.6280000000188,0
0.003,1,6,414,-4505.7629999999945,31.922000000005937,0
0.003,1,7,426,-4504.606999999994,33.078000000006796,0
0.003,1,8,439,-4504.29799999999,33.38700000001063,0
0.003,1,9,407,-4504.27299999999,33.412000000010266,0
0.003,1,10,414,-4504.023999999999,33.66100000000097,0
0.003,1,11,428,-4504.019,33.66600000000017,0
0.003,1,12,399,-4503.876999999998,33.80800000000272,0
0.003,1,13,420,-4503.577000000007,34.10799999999381,0
0.003,1,14,431,-4503.447999999988,34.23700000001281,0
0.003,1,15,402,-4503.377999999992,34.307000000007974,0
0.003,1,16,452,-4502.679999999991,35.005000000009204,0
0.003,1,17,419,-4502.5080000000025,35.17699999999786,0
0.003,1,18,476,-4502.184999999995,35.50000000000546,0
0.003,1,19,431,-4502.055000000009,35.629999999991014,0
0.003,1,20,443,-4501.944000000004,35.74099999999635,0
0.003,1,21,416,-4501.690999999994,35.994000000006054,0
0.003,1,22,420,-4501.547000000005,36.13799999999537,0
0.003,1,23,423,-4501.468999999996,36.21600000000399,0
0.003,1,24,427,-4501.442,36.24300000000039,0
0.003,1,25,430,-4501.426999999995,36.25800000000527,0
0.003,1,26,417,-4500.801999999983,36.88300000001709,0
0.003,1,27,448,-4500.733999999986,36.951000000014574,0
0.003,1,28,461,-4500.352999999982,37.332000000018525,0
0.003,1,29,434,-4500.217000000004,37.46799999999621,0
0.003,1,30,440,-4500.1899999999905,37.495000000009895,0
0.003,1,31,406,-4500.0120000000015,37.672999999998865,0
0.003,1,32,436,-4499.991999999986,37.69300000001476,0
0.003,1,33,453,-4499.788000000003,37.896999999997206,0
0.003,1,34,381,-4499.689999999983,37.99500000001717,0
0.003,1,35,462,-4499.337999999994,38.34700000000612,0
0.003,1,36,471,-4499.271999999985,38.41300000001502,0
0.003,1,37,436,-4499.270999999997,38.4140000000034,0
0.003,1,38,439,-4499.030999999995,38.654000000005,0
0.003,1,39,428,-4498.54700000001,39.137999999990825,0
0.003,1,40,392,-4498.387000000006,39.29799999999432,0
0.003,1,41,465,-4498.349999999999,39.335000000000946,0
0.003,1,42,425,-4498.292000000004,39.39299999999639,0
0.003,1,43,442,-4498.186999999986,39.498000000014144,0
0.003,1,44,441,-4498.04900000001,39.63599999999042,0
0.003,1,45,408,-4498.011999999997,39.67300000000341,0
0.003,1,46,446,-4498.006999999993,39.67800000000716,0
0.003,1,47,451,-4497.962000000019,39.72299999998177,0
0.003,1,48,434,-4497.826999999998,39.858000000001994,0
0.003,1,49,409,-4497.7540000000035,39.93099999999686,0
0.003,1,50,450,-4497.7309999999925,39.95400000000791,0
0.003,1,51,466,-4497.604999999985,40.08000000001539,0
0.003,1,52,460,-4497.533000000007,40.15199999999368,0
0.003,1,53,436,-4497.471999999991,40.21300000000974,0
0.003,1,54,438,-4497.294999999983,40.39000000001761,0
0.003,1,55,404,-4497.0869999999995,40.598000000000866,0
0.003,1,56,475,-4497.020000000009,40.66499999999178,0
0.003,1,57,445,-4496.9110000000155,40.77399999998488,0
0.003,1,58,450,-4496.724999999996,40.960000000004584,0
0.003,1,59,426,-4496.703000000002,40.98199999999815,0
0.003,1,60,422,-4496.624999999994,41.06000000000677,0
0.003,1,61,394,-4496.393000000003,41.29199999999764,0
0.003,1,62,441,-4496.216999999997,41.468000000003485,0
0.003,1,63,436,-4496.078999999994,41.606000000006134,0
0.003,1,64,444,-4495.956000000005,41.72899999999572,0
0.003,1,65,419,-4495.882999999985,41.80200000001514,0
0.003,1,66,457,-4495.736999999998,41.94800000000214,0
0.003,1,67,390,-4495.134999999993,42.55000000000746,0
0.003,1,68,443,-4495.075999999983,42.60900000001766,0
0.003,1,69,421,-4494.921999999987,42.76300000001356,0
0.003,1,70,434,-4494.39699999998,43.288000000020475,0
0.003,1,71,437,-4494.357999999999,43.327000000001135,0
0.003,1,72,407,-4494.140999999992,43.544000000008054,0
0.003,1,73,433,-4493.330999999993,44.354000000007545,0
0.003,1,74,450,-4492.877999999992,44.807000000007974,0
0.003,1,75,423,-4492.579999999963,45.10500000003776,0
0.003,1,76,427,-4492.234999999989,45.45000000001164,0
0.003,1,77,436,-4492.217000000011,45.46799999998984,0
0.003,1,78,405,-4492.068999999989,45.61600000001181,0
0.003,1,79,440,-4491.83599999999,45.849000000010165,0
0.003,1,80,458,-4491.640999999996,46.04400000000442,0
0.003,1,81,484,-4491.627000000005,46.057999999995445,0
0.003,1,82,421,-4491.538000000002,46.146999999998116,0
0.003,1,83,451,-4490.913999999993,46.77100000000701,0
0.003,1,84,410,-4490.904000000009,46.780999999991764,0
0.003,1,85,452,-4490.841999999998,46.843000000002576,0
0.003,1,86,456,-4490.754999999991,46.930000000009386,0
0.003,1,87,454,-4490.523999999995,47.161000000005515,0
0.003,1,88,430,-4490.08799999999,47.59700000001067,0
0.003,1,89,465,-4489.2479999999905,48.4370000000099,0
0.003,1,90,435,-4489.210999999979,48.47400000002108,0
0.003,1,91,430,-4488.508000000003,49.17699999999695,0
0.003,1,92,444,-4488.171999999997,49.51300000000356,0
0.003,1,93,443,-4487.874999999977,49.81000000002314,0
0.003,1,94,451,-4487.856999999984,49.8280000000168,0
0.003,1,95,423,-4487.582999999996,50.10200000000441,0
0.003,1,96,445,-4485.98,51.70500000000084,0
0.003,1,97,471,-4484.236000000006,53.44899999999416,0
0.003,1,98,474,-4483.11600000001,54.56899999999041,0
0.003,1,99,453,-4477.655999999988,60.029000000012275,0
0.005,1,0,341,-4553.420000000598,30.054999999402753,0
0.005,1,1,361,-4552.975000000578,30.49999999942247,0
0.005,1,2,356,-4551.960000000598,31.51499999940279,0
0.005,1,3,372,-4551.7500000005675,31.72499999943284,0
0.005,1,4,350,-4551.745000000596,31.729999999404754,0
0.005,1,5,371,-4550.970000000573,32.50499999942713,0
0.005,1,6,370,-4550.660000000582,32.81499999941843,0
0.005,1,7,365,-4550.265000000597,33.20999999940341,0
0.005,1,8,384,-4550.155000000573,33.31999999942764,0
0.005,1,9,379,-4549.535000000584,33.939999999416614,0
0.005,1,10,381,-4549.42500000057,34.04999999942993,0
0.005,1,11,390,-4549.365000000578,34.10999999942214,0
0.005,1,12,389,-4549.070000000582,34.40499999941858,0
0.005,1,13,380,-4548.580000000583,34.89499999941745,0
0.005,1,14,408,-4548.185000000589,35.28999999941152,0
0.005,1,15,375,-4548.140000000584,35.33499999941614,0
0.005,1,16,366,-4548.11000000058,35.364999999420434,0
0.005,1,17,381,-4547.935000000575,35.53999999942516,0
0.005,1,18,363,-4547.8100000005925,35.66499999940788,0
0.005,1,19,394,-4547.750000000572,35.72499999942829,0
0.005,1,20,403,-4547.6700000005685,35.80499999943186,0
0.005,1,21,369,-4547.240000000584,36.23499999941669,0
0.005,1,22,369,-4547.125000000579,36.349999999421016,0
0.005,1,23,371,-4546.680000000589,36.79499999941163,0
0.005,1,24,386,-4546.500000000586,36.97499999941465,0
0.005,1,25,396,-4546.140000000583,37.33499999941705,0
0.005,1,26,410,-4546.0250000005735,37.449999999426836,0
0.005,1,27,387,-4545.885000000592,37.589999999408064,0
0.005,1,28,390,-4545.880000000577,37.594999999423635,0
0.005,1,29,365,-4545.52500000058,37.94999999942047,0
0.005,1,30,352,-4545.485000000586,37.98999999941407,0
0.005,1,31,378,-4545.48000000057,37.99499999943055,0
0.005,1,32,377,-4545.385000000576,38.089999999424435,0
0.005,1,33,388,-4545.02000000058,38.45499999942058,0
0.005,1,34,374,-4545.005000000588,38.46999999941272,0
0.005,1,35,411,-4544.880000000561,38.594999999439096,0
0.005,1,36,386,-4544.810000000578,38.664999999422434,0
0.005,1,37,394,-4544.805000000575,38.66999999942527,0
0.005,1,38,355,-4544.550000000584,38.924999999416286,0
0.005,1,39,411,-4544.255000000576,39.219999999424545,0
0.005,1,40,405,-4544.250000000577,39.224999999423744,0
0.005,1,41,370,-4544.13500000059,39.33999999941079,0
0.005,1,42,415,-4544.0850000005785,39.38999999942189,0
0.005,1,43,376,-4544.055000000591,39.41999999940981,0
0.005,1,44,369,-4544.050000000585,39.42499999941538,0
0.005,1,45,386,-4543.835000000582,39.63999999941825,0
0.005,1,46,410,-4543.795000000568,39.679999999432766,0
0.005,1,47,400,-4543.765000000584,39.70999999941614,0
0.005,1,48,383,-4543.5100000005805,39.96499999941989,0
0.005,1,49,393,-4543.4800000005835,39.994999999416905,0
0.005,1,50,374,-4543.455000000582,40.01999999941836,0
0.005,1,51,403,-4542.860000000575,40.61499999942498,0
0.005,1,52,400,-4542.66500000057,40.80999999943015,0
0.005,1,53,371,-4542.08500000059,41.389999999410065,0
0.005,1,54,410,-4541.865000000575,41.60999999942578,0
0.005,1,55,435,-4541.670000000566,41.804999999434585,0
0.005,1,56,408,-4541.39000000058,42.08499999942069,0
0.005,1,57,398,-4541.360000000577,42.11499999942316,0
0.005,1,58,398,-4541.305000000581,42.169999999419815,0
0.005,1,59,403,-4541.270000000576,42.20499999942422,0
0.005,1,60,403,-4541.100000000576,42.37499999942429,0
0.005,1,61,347,-4540.8650000005955,42.60999999940486,0
0.005,1,62,396,-4540.570000000572,42.90499999942858,0
0.005,1,63,361,-4540.345000000594,43.12999999940621,0
0.005,1,64,394,-4540.300000000574,43.17499999942629,0
0.005,1,65,383,-4540.14000000058,43.33499999942069,0
0.005,1,66,388,-4540.100000000573,43.37499999942702,0
0.005,1,67,396,-4539.96000000058,43.51499999942007,0
0.005,1,68,405,-4539.935000000572,43.5399999994288,0
0.005,1,69,435,-4539.5900000005495,43.88499999945088,0
0.005,1,70,397,-4539.545000000565,43.929999999435495,0
0.005,1,71,392,-4539.285000000575,44.18999999942571,0
0.005,1,72,386,-4539.1450000005725,44.329999999427855,0
0.005,1,73,357,-4539.130000000574,44.34499999942636,0
0.005,1,74,435,-4539.115000000573,44.3599999994276,0
0.005,1,75,398,-4539.030000000594,44.44499999940672,0
0.005,1,76,416,-4538.400000000566,45.07499999943411,0
0.005,1,77,404,-4538.260000000565,45.21499999943535,0
0.005,1,78,392,-4537.990000000571,45.48499999942942,0
0.005,1,79,373,-4537.945000000594,45.529999999406755,0
0.005,1,80,404,-4537.920000000582,45.554999999418214,0
0.005,1,81,393,-4537.900000000573,45.574999999427746,0
0.005,1,82,413,-4537.140000000563,46.33499999943706,0
0.005,1,83,420,-4536.945000000556,46.529999999444044,0
0.005,1,84,453,-4536.7400000005655,46.734999999434876,0
0.005,1,85,373,-4536.685000000581,46.789999999419706,0
0.005,1,86,410,-4536.19500000057,47.2799999994304,0
0.005,1,87,395,-4536.0450000005785,47.42999999942185,0
0.005,1,88,403,-4535.665000000574,47.80999999942651,0
0.005,1,89,399,-4535.335000000573,48.139999999427346,0
0.005,1,90,418,-4534.7600000005805,48.71499999941989,0
0.005,1,91,440,-4534.720000000553,48.754999999447136,0
0.005,1,92,392,-4534.6850000005725,48.78999999942789,0
0.005,1,93,386,-4534.115000000574,49.35999999942669,0
0.005,1,94,382,-4534.0350000005765,49.43999999942389,0
0.005,1,95,429,-4530.73000000056,52.74499999944055,0
0.005,1,96,406,-4530.240000000567,53.23499999943306,0
0.005,1,97,403,-4530.135000000573,53.339999999427164,0
0.005,1,98,420,-4529.6450000005825,53.82999999941785,0
0.005,1,99,392,-4528.000000000568,55.47499999943193,0
0.01,1,0,280,-4662.000000000592,35.94999999940774,0
0.01,1,1,274,-4659.630000000596,38.31999999940399,0
0.01,1,2,298,-4658.830000000574,39.119999999426,0
0.01,1,3,306,-4658.280000000589,39.66999999941072,0
0.01,1,4,262,-4657.730000000609,40.21999999939089,0
0.01,1,5,310,-4657.480000000583,40.46999999941727,0
0.01,1,6,270,-4657.250000000587,40.699999999413194,0
0.01,1,7,301,-4656.880000000569,41.069999999430365,0
0.01,1,8,262,-4656.800000000602,41.14999999939755,0
0.01,1,9,291,-4656.610000000592,41.339999999408064,0
0.01,1,10,285,-4656.330000000582,41.619999999417814,0
0.01,1,11,283,-4655.730000000584,42.21999999941545,0
0.01,1,12,279,-4655.200000000588,42.74999999941156,0
0.01,1,13,279,-4655.010000000596,42.93999999940388,0
0.01,1,14,316,-4654.940000000563,43.00999999943724,0
0.01,1,15,282,-4654.780000000587,43.16999999941254,0
0.01,1,16,295,-4654.260000000589,43.68999999941116,0
0.01,1,17,309,-4654.150000000574,43.79999999942538,0
0.01,1,18,318,-4654.060000000588,43.889999999411884,0
0.01,1,19,307,-4653.620000000581,44.32999999941876,0
0.01,1,20,311,-4653.580000000584,44.369999999415995,0
0.01,1,21,310,-4653.490000000576,44.45999999942342,0
0.01,1,22,292,-4653.370000000589,44.579999999410575,0
0.01,1,23,303,-4653.330000000594,44.61999999940599,0
0.01,1,24,310,-4653.290000000583,44.65999999941687,0
0.01,1,25,280,-4653.290000000583,44.65999999941687,0
0.01,1,26,319,-4653.270000000588,44.67999999941185,0
0.01,1,27,314,-4653.0600000005625,44.88999999943735,0
0.01,1,28,281,-4653.040000000577,44.909999999423235,0
0.01,1,29,277,-4652.82000000059,45.12999999940985,0
0.01,1,30,288,-4652.12000000058,45.82999999941967,0
0.01,1,31,303,-4652.090000000588,45.85999999941214,0
0.01,1,32,308,-4652.040000000593,45.909999999406864,0
0.01,1,33,307,-4652.01000000058,45.93999999942025,0
0.01,1,34,310,-4651.940000000591,46.00999999940905,0
0.01,1,35,313,-4651.91000000057,46.03999999942971,0
0.01,1,36,297,-4651.900000000593,46.04999999940719,0
0.01,1,37,297,-4651.570000000599,46.37999999940075,0
0.01,1,38,318,-4651.500000000566,46.44999999943411,0
0.01,1,39,292,-4651.430000000585,46.51999999941472,0
0.01,1,40,317,-4651.320000000583,46.62999999941712,0
0.01,1,41,311,-4651.3000000005895,46.649999999410284,0
0.01,1,42,298,-4651.230000000577,46.719999999422726,0
0.01,1,43,308,-4651.220000000578,46.729999999422034,0
0.01,1,44,309,-4650.910000000581,47.0399999994188,0
0.01,1,45,291,-4650.800000000587,47.14999999941301,0
0.01,1,46,288,-4650.680000000588,47.26999999941199,0
0.01,1,47,316,-4650.5300000005855,47.41999999941436,0
0.01,1,48,303,-4650.270000000599,47.679999999400934,0
0.01,1,49,297,-4649.980000000582,47.96999999941818,0
0.01,1,50,279,-4649.880000000586,48.069999999413994,0
0.01,1,51,313,-4649.830000000593,48.1199999994069,0
0.01,1,52,314,-4649.760000000585,48.189999999414795,0
0.01,1,53,285,-4649.3300000005975,48.61999999940235,0
0.01,1,54,300,-4649.160000000594,48.789999999406064,0
0.01,1,55,259,-4649.1200000005965,48.8299999994033,0
0.01,1,56,317,-4648.850000000597,49.099999999402826,0
0.01,1,57,324,-4648.7300000005725,49.21999999942727,0
0.01,1,58,321,-4648.680000000577,49.26999999942291,0
0.01,1,59,329,-4648.58000000057,49.36999999942964,0
0.01,1,60,327,-4648.130000000586,49.819999999413994,0
0.01,1,61,332,-4647.8600000005645,50.08999999943535,0
0.01,1,62,320,-4647.850000000578,50.099999999421925,0
0.01,1,63,339,-4647.810000000562,50.13999999943826,0
0.01,1,64,318,-4647.330000000578,50.61999999942145,0
0.01,1,65,338,-4647.270000000591,50.67999999940912,0
0.01,1,66,305,-4647.200000000594,50.7499999994061,0
0.01,1,67,309,-4647.100000000605,50.84999999939464,0
0.01,1,68,305,-4647.080000000587,50.86999999941327,0
0.01,1,69,276,-4647.000000000595,50.94999999940501,0
0.01,1,70,352,-4646.900000000587,51.04999999941265,0
0.01,1,71,320,-4646.810000000589,51.139999999410975,0
0.01,1,72,323,-4646.780000000573,51.16999999942709,0
0.01,1,73,317,-4646.220000000564,51.72999999943568,0
0.01,1,74,358,-4645.980000000584,51.96999999941545,0
0.01,1,75,305,-4645.980000000575,51.969999999424545,0
0.01,1,76,310,-4645.660000000563,52.289999999436986,0
0.01,1,77,303,-4645.540000000593,52.409999999406864,0
0.01,1,78,327,-4645.310000000584,52.63999999941552,0
0.01,1,79,322,-4645.020000000579,52.92999999942094,0
0.01,1,80,300,-4644.940000000593,53.00999999940723,0
0.01,1,81,317,-4644.920000000574,53.029999999425854,0
0.01,1,82,296,-4644.670000000583,53.27999999941676,0
0.01,1,83,310,-4643.9300000005605,54.01999999943928,0
0.01,1,84,332,-4643.920000000578,54.029999999422216,0
0.01,1,85,317,-4643.800000000587,54.14999999941301,0
0.01,1,86,312,-4643.670000000588,54.27999999941221,0
0.01,1,87,330,-4643.620000000573,54.329999999426946,0
0.01,1,88,334,-4643.310000000572,54.639999999428255,0
0.01,1,89,323,-4641.7900000005675,56.15999999943233,0
0.01,1,90,323,-4641.750000000576,56.19999999942411,0
0.01,1,91,320,-4641.43000000057,56.51999999943018,0
0.01,1,92,336,-4641.03000000057,56.91999999942982,0
0.01,1,93,333,-4641.000000000579,56.94999999942047,0
0.01,1,94,320,-4640.680000000577,57.26999999942291,0
0.01,1,95,316,-4639.590000000579,58.359999999421234,0
0.01,1,96,321,-4639.400000000591,58.54999999940901,0
0.01,1,97,316,-4638.850000000581,59.0999999994192,0
0.01,1,98,337,-4638.610000000565,59.33999999943444,0
0.01,1,99,321,-4636.260000000571,61.68999999942844,0
0.02,1,0,170,-4890.260000000554,36.639999999445536,0
0.02,1,1,180,-4890.120000000562,36.77999999943768,0
0.02,1,2,164,-4889.600000000542,37.299999999457214,0
0.02,1,3,166,-4889.180000000555,37.71999999944455,0
0.02,1,4,174,-4888.940000000554,37.959999999445245,0
0.02,1,5,178,-4888.060000000534,38.83999999946536,0
0.02,1,6,177,-4888.00000000055,38.89999999944939,0
0.02,1,7,170,-4887.920000000543,38.979999999456595,0
0.02,1,8,177,-4887.460000000544,39.43999999945572,0
0.02,1,9,168,-4887.02000000055,39.879999999449865,0
0.02,1,10,191,-4886.8400000005395,40.05999999946016,0
0.02,1,11,181,-4886.4200000005385,40.47999999946114,0
0.02,1,12,178,-4886.1000000005415,40.79999999945812,0
0.02,1,13,181,-4886.00000000054,40.899999999459396,0
0.02,1,14,179,-4885.5800000005465,41.3199999994531,0
0.02,1,15,170,-4885.20000000054,41.69999999945958,0
0.02,1,16,185,-4885.04000000054,41.85999999945943,0
0.02,1,17,196,-4884.860000000565,42.03999999943426,0
0.02,1,18,201,-4884.720000000541,42.17999999945823,0
0.02,1,19,200,-4884.260000000546,42.63999999945372,0
0.02,1,20,185,-4884.02000000053,42.879999999469874,0
0.02,1,21,202,-4884.000000000538,42.899999999461215,0
0.02,1,22,182,-4883.68000000056,43.219999999440006,0
0.02,1,23,175,-4883.480000000552,43.41999999944801,0
0.02,1,24,201,-4883.380000000532,43.51999999946747,0
0.02,1,25,191,-4883.160000000535,43.739999999465,0
0.02,1,26,201,-4883.160000000527,43.739999999472275,0
0.02,1,27,193,-4883.140000000532,43.759999999467254,0
0.02,1,28,178,-4882.940000000536,43.959999999463435,0
0.02,1,29,172,-4882.900000000553,43.99999999944703,0
0.02,1,30,177,-4882.800000000544,44.09999999945558,0
0.02,1,31,195,-4882.780000000536,44.11999999946329,0
0.02,1,32,184,-4882.740000000543,44.159999999456886,0
0.02,1,33,192,-4882.400000000539,44.49999999946067,0
0.02,1,34,188,-4882.380000000545,44.51999999945474,0
0.02,1,35,175,-4882.3400000005395,44.55999999946016,0
0.02,1,36,211,-4882.220000000532,44.67999999946733,0
0.02,1,37,191,-4882.020000000549,44.879999999450774,0
0.02,1,38,171,-4881.980000000544,44.919999999455285,0
0.02,1,39,203,-4881.820000000545,45.07999999945423,0
0.02,1,40,185,-4881.780000000536,45.11999999946329,0
0.02,1,41,198,-4881.620000000529,45.27999999947042,0
0.02,1,42,184,-4881.360000000563,45.539999999436986,0
0.02,1,43,193,-4881.120000000547,45.77999999945223,0
0.02,1,44,194,-4880.980000000551,45.91999999944892,0
0.02,1,45,200,-4880.880000000528,46.01999999947202,0
0.02,1,46,200,-4880.740000000524,46.159999999475986,0
0.02,1,47,182,-4880.660000000537,46.23999999946227,0
0.02,1,48,204,-4880.60000000053,46.29999999946995,0
0.02,1,49,188,-4880.560000000531,46.339999999469,0
0.02,1,50,209,-4880.52000000055,46.379999999449865,0
0.02,1,51,193,-4880.460000000548,46.439999999452084,0
0.02,1,52,199,-4879.860000000535,47.03999999946427,0
0.02,1,53,192,-4879.8000000005495,47.09999999945012,0
0.02,1,54,193,-4879.760000000538,47.13999999946191,0
0.02,1,55,203,-4879.740000000541,47.159999999458705,0
0.02,1,56,198,-4879.620000000523,47.279999999476786,0
0.02,1,57,170,-4879.540000000542,47.359999999457614,0
0.02,1,58,200,-4879.440000000548,47.45999999945161,0
0.02,1,59,190,-4879.420000000531,47.47999999946842,0
0.02,1,60,194,-4879.32000000054,47.57999999945969,0
0.02,1,61,192,-4879.240000000553,47.65999999944688,0
0.02,1,62,185,-4879.220000000537,47.67999999946278,0
0.02,1,63,189,-4879.080000000543,47.81999999945674,0
0.02,1,64,189,-4878.980000000534,47.91999999946529,0
0.02,1,65,179,-4878.900000000553,47.99999999944703,0
0.02,1,66,198,-4878.840000000537,48.05999999946289,0
0.02,1,67,195,-4878.800000000543,48.099999999456486,0
0.02,1,68,204,-4878.600000000539,48.29999999946085,0
0.02,1,69,191,-4878.5400000005375,48.35999999946216,0
0.02,1,70,207,-4878.520000000535,48.37999999946442,0
0.02,1,71,231,-4878.180000000531,48.7199999994682,0
0.02,1,72,183,-4877.480000000536,49.41999999946347,0
0.02,1,73,198,-4877.240000000528,49.65999999947144,0
0.02,1,74,196,-4877.080000000544,49.81999999945583,0
0.02,1,75,193,-4876.700000000552,50.199999999447755,0
0.02,1,76,192,-4876.500000000541,50.39999999945849,0
0.02,1,77,205,-4876.460000000532,50.439999999467545,0
0.02,1,78,186,-4876.42000000055,50.47999999944932,0
0.02,1,79,207,-4876.340000000536,50.5599999994638,0
0.02,1,80,200,-4875.940000000546,50.95999999945343,0
0.02,1,81,197,-4875.66000000053,51.239999999469546,0
0.02,1,82,196,-4875.62000000053,51.27999999946951,0
0.02,1,83,194,-4875.100000000545,51.799999999454485,0
0.02,1,84,206,-4874.960000000554,51.93999999944572,0
0.02,1,85,182,-4874.540000000528,52.359999999471256,0
0.02,1,86,202,-4874.260000000532,52.63999999946736,0
0.02,1,87,204,-4874.06000000053,52.83999999946991,0
0.02,1,88,187,-4873.980000000543,52.919999999456195,0
0.02,1,89,210,-4873.860000000525,53.039999999474276,0
0.02,1,90,182,-4873.440000000542,53.45999999945798,0
0.02,1,91,182,-4873.400000000551,53.499999999448846,0
0.02,1,92,192,-4873.4000000005335,53.49999999946613,0
0.02,1,93,208,-4872.580000000516,54.319999999484025,0
0.02,1,94,211,-4872.580000000546,54.31999999945401,0
0.02,1,95,193,-4870.860000000531,56.03999999946882,0
0.02,1,96,210,-4869.6200000005265,57.27999999947315,0
0.02,1,97,194,-4869.380000000543,57.51999999945656,0
0.02,1,98,220,-4868.460000000532,58.439999999467545,0
0.02,1,99,235,-4867.580000000504,59.31999999949585,0
0.0,2,0,471,-4379.0,9.0,0
0.0,2,1,462,-4377.0,11.0,0
0.0,2,2,460,-4376.0,12.0,0
0.0,2,3,459,-4375.0,13.0,0
0.0,2,4,489,-4375.0,13.0,0
0.0,2,5,453,-4374.0,14.0,0
0.0,2,6,450,-4374.0,14.0,0
0.0,2,7,463,-4373.0,15.0,0
0.0,2,8,432,-4373.0,15.0,0
0.0,2,9,476,-4373.0,15.0,0
0.0,2,10,418,-4373.0,15.0,0
0.0,2,11,460,-4372.0,16.0,0
0.0,2,12,452,-4372.0,16.0,0
0.0,2,13,398,-4372.0,16.0,0
0.0,2,14,473,-4372.0,16.0,0
0.0,2,15,456,-4372.0,16.0,0
0.0,2,16,485,-4372.0,16.0,0
0.0,2,17,490,-4371.0,17.0,0
0.0,2,18,471,-4371.0,17.0,0
0.0,2,19,420,-4370.0,18.0,0
0.0,2,20,447,-4370.0,18.0,0
0.0,2,21,431,-4370.0,18.0,0
0.0,2,22,476,-4370.0,18.0,0
0.0,2,23,508,-4370.0,18.0,0
0.0,2,24,467,-4370.0,18.0,0
0.0,2,25,462,-4369.0,19.0,0
0.0,2,26,447,-4369.0,19.0,0
0.0,2,27,426,-4369.0,19.0,0
0.0,2,28,482,-4369.0,19.0,0
0.0,2,29,448,-4369.0,19.0,0
0.0,2,30,474,-4368.0,20.0,0
0.0,2,31,478,-4368.0,20.0,0
0.0,2,32,444,-4368.0,20.0,0
0.0,2,33,450,-4368.0,20.0,0
0.0,2,34,466,-4368.0,20.0,0
0.0,2,35,449,-4368.0,20.0,0
0.0,2,36,458,-4368.0,20.0,0
0.0,2,37,461,-4367.0,21.0,0
0.0,2,38,446,-4367.0,21.0,0
0.0,2,39,449,-4367.0,21.0,0
0.0,2,40,465,-4367.0,21.0,0
0.0,2,41,490,-4367.0,21.0,0
0.0,2,42,463,-4367.0,21.0,0
0.0,2,43,428,-4367.0,21.0,0
0.0,2,44,481,-4367.0,21.0,0
0.0,2,45,517,-4367.0,21.0,0
0.0,2,46,452,-4367.0,21.0,0
0.0,2,47,436,-4366.0,22.0,0
0.0,2,48,464,-4366.0,22.0,0
0.0,2,49,486,-4366.0,22.0,0
0.0,2,50,432,-4366.0,22.0,0
0.0,2,51,457,-4366.0,22.0,0
0.0,2,52,448,-4366.0,22.0,0
0.0,2,53,478,-4365.0,23.0,0
0.0,2,54,464,-4365.0,23.0,0
0.0,2,55,503,-4365.0,23.0,0
0.0,2,56,456,-4365.0,23.0,0
0.0,2,57,475,-4365.0,23.0,0
0.0,2,58,468,-4365.0,23.0,0
0.0,2,59,441,-4365.0,23.0,0
0.0,2,60,509,-4365.0,23.0,0
0.0,2,61,465,-4365.0,23.0,0
0.0,2,62,453,-4364.0,24.0,0
0.0,2,63,481,-4364.0,24.0,0
0.0,2,64,481,-4364.0,24.0,0
0.0,2,65,449,-4364.0,24.0,0
0.0,2,66,446,-4364.0,24.0,0
0.0,2,67,451,-4364.0,24.0,0
0.0,2,68,492,-4364.0,24.0,0
0.0,2,69,481,-4364.0,24.0,0
0.0,2,70,461,-4364.0,24.0,0
0.0,2,71,500,-4364.0,24.0,0
0.0,2,72,495,-4363.0,25.0,0
0.0,2,73,473,-4363.0,25.0,0
0.0,2,74,489,-4363.0,25.0,0
0.0,2,75,466,-4363.0,25.0,0
0.0,2,76,494,-4363.0,25.0,0
0.0,2,77,481,-4363.0,25.0,0
0.0,2,78,444,-4363.0,25.0,0
0.0,2,79,456,-4363.0,25.0,0
0.0,2,80,440,-4362.0,26.0,0
0.0,2,81,463,-4362.0,26.0,0
0.0,2,82,466,-4362.0,26.0,0
0.0,2,83,482,-4362.0,26.0,0
0.0,2,84,470,-4361.0,27.0,0
0.0,2,85,454,-4361.0,27.0,0
0.0,2,86,450,-4361.0,27.0,0
0.0,2,87,455,-4360.0,28.0,0
0.0,2,88,484,-4360.0,28.0,0
0.0,2,89,478,-4360.0,28.0,0
0.0,2,90,492,-4360.0,28.0,0
0.0,2,91,474,-4359.0,29.0,0
0.0,2,92,476,-4359.0,29.0,0
0.0,2,93,494,-4359.0,29.0,0
0.0,2,94,467,-4359.0,29.0,0
0.0,2,95,465,-4359.0,29.0,0
0.0,2,96,446,-4357.0,31.0,0
0.0,2,97,458,-4357.0,31.0,0
0.0,2,98,461,-4357.0,31.0,0
0.0,2,99,470,-4356.0,32.0,0
0.001,2,0,416,-4400.9980000003825,12.423999999617081,0
0.001,2,1,439,-4399.73700000038,13.684999999619322,0
0.001,2,2,405,-4398.130000000363,15.291999999636573,0
0.001,2,3,436,-4397.809000000354,15.61299999964558,0
0.001,2,4,438,-4397.778000000374,15.643999999625521,0
0.001,2,5,400,-4397.244000000383,16.177999999616986,0
0.001,2,6,418,-4397.054000000368,16.367999999631138,0
0.001,2,7,406,-4396.988000000364,16.43399999963549,0
0.001,2,8,436,-4396.885000000363,16.536999999636464,0
0.001,2,9,423,-4395.973000000365,17.448999999634907,0
0.001,2,10,429,-4395.92600000038,17.495999999619926,0
0.001,2,11,431,-4395.908000000366,17.513999999633597,0
0.001,2,12,441,-4395.829000000373,17.592999999626954,0
0.001,2,13,431,-4395.829000000379,17.592999999620588,0
0.001,2,14,444,-4395.584000000374,17.837999999625936,0
0.001,2,15,393,-4395.21300000039,18.20899999960966,0
0.001,2,16,418,-4394.991000000384,18.43099999961578,0
0.001,2,17,456,-4394.641000000387,18.780999999612504,0
0.001,2,18,460,-4394.609000000365,18.812999999634485,0
0.001,2,19,406,-4394.067000000381,19.354999999618485,0
0.001,2,20,415,-4393.940000000389,19.481999999610707,0
0.001,2,21,425,-4393.869000000345,19.552999999654276,0
0.001,2,22,435,-4393.853000000368,19.56899999963116,0
0.001,2,23,449,-4393.715000000365,19.706999999634718,0
0.001,2,24,447,-4393.692000000357,19.729999999642132,0
0.001,2,25,451,-4393.659000000365,19.762999999634303,0
0.001,2,26,399,-4393.095000000364,20.326999999635518,0
0.001,2,27,424,-4393.043000000379,20.378999999620646,0
0.001,2,28,422,-4392.939000000373,20.482999999626372,0
0.001,2,29,439,-4392.898000000365,20.523999999634725,0
0.001,2,30,435,-4392.816000000377,20.605999999622327,0
0.001,2,31,449,-4392.774000000381,20.64799999961815,0
0.001,2,32,401,-4392.24900000038,21.172999999619606,0
0.001,2,33,399,-4392.240000000385,21.181999999614163,0
0.001,2,34,429,-4391.900000000363,21.521999999636137,0
0.001,2,35,454,-4391.694000000368,21.72799999963172,0
0.001,2,36,414,-4391.074000000366,22.34799999963343,0
0.001,2,37,429,-4390.955000000374,22.46699999962584,0
0.001,2,38,430,-4390.953000000364,22.468999999635344,0
0.001,2,39,427,-4390.926000000377,22.495999999622654,0
0.001,2,40,425,-4390.922000000372,22.499999999628017,0
0.001,2,41,424,-4390.8690000003735,22.55299999962608,0
0.001,2,42,441,-4390.843000000366,22.578999999633197,0
0.001,2,43,430,-4390.830000000373,22.59199999962675,0
0.001,2,44,437,-4390.8030000003755,22.618999999624066,0
0.001,2,45,451,-4390.776000000365,22.645999999635023,0
0.001,2,46,442,-4390.754000000363,22.667999999636777,0
0.001,2,47,449,-4390.714000000373,22.707999999626736,0
0.001,2,48,415,-4390.062000000381,23.359999999618594,0
0.001,2,49,422,-4389.984000000371,23.43799999962812,0
0.001,2,50,424,-4389.967000000375,23.454999999624306,0
0.001,2,51,421,-4389.9410000003945,23.480999999605046,0
0.001,2,52,433,-4389.838000000367,23.583999999632397,0
0.001,2,53,435,-4389.760000000368,23.661999999631917,0
0.001,2,54,443,-4389.748000000367,23.673999999632542,0
0.001,2,55,459,-4389.641000000349,23.780999999650703,0
0.001,2,56,429,-4388.823000000361,24.59899999963818,0
0.001,2,57,439,-4388.718000000366,24.703999999633197,0
0.001,2,58,450,-4388.67400000036,24.747999999639433,0
0.001,2,59,456,-4388.66500000037,24.756999999629443,0
0.001,2,60,460,-4388.591000000359,24.83099999964088,0
0.001,2,61,468,-4388.532000000354,24.889999999645624,0
0.001,2,62,403,-4388.1110000003955,25.310999999604064,0
0.001,2,63,417,-4387.952000000373,25.469999999626452,0
0.001,2,64,436,-4387.908000000368,25.51399999963178,0
0.001,2,65,439,-4387.818000000379,25.60399999962101,0
0.001,2,66,449,-4387.64400000037,25.777999999629174,0
0.001,2,67,467,-4387.567000000369,25.85499999963031,0
0.001,2,68,475,-4387.467000000365,25.95499999963431,0
0.001,2,69,417,-4387.0850000003675,26.3369999996321,0
0.001,2,70,421,-4386.994000000366,26.427999999633357,0
0.001,2,71,434,-4386.832000000371,26.589999999628162,0
0.001,2,72,444,-4386.773000000376,26.64899999962381,0
0.001,2,73,440,-4386.742000000341,26.67999999965832,0
0.001,2,74,443,-4386.719000000368,26.702999999631174,0
0.001,2,75,451,-4386.621000000368,26.80099999963113,0
0.001,2,76,419,-4385.970000000394,27.451999999605505,0
0.001,2,77,439,-4385.853000000379,27.568999999620246,0
0.001,2,78,433,-4385.84700000038,27.57499999961965,0
0.001,2,79,446,-4385.805000000367,27.616999999632753,0
0.001,2,80,447,-4385.775000000367,27.6469999996325,0
0.001,2,81,436,-4385.740000000358,27.681999999641448,0
0.001,2,82,462,-4385.624000000347,27.797999999652347,0
0.001,2,83,459,-4385.583000000364,27.838999999635234,0
0.001,2,84,486,-4385.281000000363,28.140999999636733,0
0.001,2,85,421,-4384.854000000369,28.567999999630956,0
0.001,2,86,437,-4384.79900000037,28.622999999629428,0
0.001,2,87,453,-4384.604000000358,28.81799999964187,0
0.001,2,88,467,-4384.513000000351,28.908999999648586,0
0.001,2,89,491,-4384.232000000347,29.189999999652173,0
0.001,2,90,449,-4383.616000000376,29.805999999623964,0
0.001,2,91,492,-4383.211000000334,30.210999999665546,0
0.001,2,92,427,-4382.812000000381,30.609999999618594,0
0.001,2,93,451,-4382.60900000037,30.812999999629938,0
0.001,2,94,421,-4381.0480000003745,32.373999999625084,0
0.001,2,95,427,-4380.824000000364,32.59799999963525,0
0.001,2,96,457,-4380.640000000349,32.78199999965091,0
0.001,2,97,471,-4379.4820000003465,33.93999999965308,0
0.001,2,98,457,-4377.704000000344,35.71799999965515,0
0.001,2,99,479,-4376.281000000369,37.14099999963037,0
0.003,2,0,395,-4442.960000000071,21.305999999928645,0
0.003,2,1,335,-4442.631000000063,21.634999999936554,0
0.003,2,2,384,-4442.290000000063,21.975999999936903,0
0.003,2,3,351,-4442.223000000066,22.042999999933272,0
0.003,2,4,422,-4441.907000000051,22.358999999948537,0
0.003,2,5,428,-4441.829000000062,22.436999999938052,0
0.003,2,6,377,-4441.362000000057,22.903999999942243,0
0.003,2,7,384,-4441.215000000047,23.050999999952182,0
0.003,2,8,395,-4440.753000000062,23.512999999938074,0
0.003,2,9,414,-4440.381000000065,23.884999999934735,0
0.003,2,10,390,-4440.221000000068,24.04499999993186,0
0.003,2,11,413,-4440.216000000065,24.0499999999347,0
0.003,2,12,359,-4439.899000000078,24.366999999921973,0
0.003,2,13,405,-4439.474000000074,24.791999999925793,0
0.003,2,14,417,-4439.192000000072,25.073999999927764,0
0.003,2,15,377,-4438.473000000074,25.792999999925996,0
0.003,2,16,379,-4438.34700000006,25.918999999939842,0
0.003,2,17,382,-4438.332000000065,25.933999999934713,0
0.003,2,18,366,-4438.260000000073,26.005999999926644,0
0.003,2,19,381,-4438.080000000058,26.185999999941487,0
0.003,2,20,386,-4438.020000000066,26.2459999999337,0
0.003,2,21,369,-4437.6980000000585,26.567999999941094,0
0.003,2,22,410,-4437.552000000057,26.713999999942644,0
0.003,2,23,375,-4437.51500000006,26.750999999939268,0
0.003,2,24,409,-4437.3990000000695,26.866999999930158,0
0.003,2,25,378,-4437.263000000064,27.002999999936037,0
0.003,2,26,395,-4437.227000000057,27.03899999994246,0
0.003,2,27,410,-4437.075000000066,27.19099999993341,0
0.003,2,28,395,-4436.804000000047,27.46199999995224,0
0.003,2,29,405,-4436.801000000059,27.46499999994103,0
0.003,2,30,402,-4436.594000000065,27.671999999934997,0
0.003,2,31,373,-4436.455000000058,27.810999999941487,0
0.003,2,32,378,-4436.38600000006,27.879999999939173,0
0.003,2,33,412,-4436.22800000007,28.037999999929525,0
0.003,2,34,372,-4436.203000000068,28.06299999993189,0
0.003,2,35,427,-4436.048000000073,28.217999999926178,0
0.003,2,36,402,-4435.747000000064,28.51899999993566,0
0.003,2,37,395,-4435.636000000046,28.629999999953725,0
0.003,2,38,396,-4435.50100000007,28.764999999929387,0
0.003,2,39,373,-4435.485000000075,28.78099999992446,0
0.003,2,40,408,-4435.30900000004,28.956999999959407,0
0.003,2,41,430,-4435.1530000000585,29.112999999941167,0
0.003,2,42,421,-4435.102000000061,29.163999999938824,0
0.003,2,43,385,-4435.017000000069,29.248999999930675,0
0.003,2,44,419,-4435.01500000007,29.250999999929263,0
0.003,2,45,392,-4435.005000000056,29.260999999944033,0
0.003,2,46,420,-4434.988000000072,29.277999999927488,0
0.003,2,47,396,-4434.900000000066,29.365999999933592,0
0.003,2,48,355,-4434.85400000006,29.411999999939326,0
0.003,2,49,424,-4434.802000000055,29.463999999944463,0
0.003,2,50,394,-4434.654000000064,29.611999999935506,0
0.003,2,51,405,-4434.51900000007,29.746999999929358,0
0.003,2,52,414,-4434.495000000065,29.770999999934247,0
0.003,2,53,406,-4434.381000000051,29.884999999948377,0
0.003,2,54,413,-4434.2910000000775,29.974999999922147,0
0.003,2,55,353,-4434.202000000055,30.063999999944826,0
0.003,2,56,393,-4433.972000000082,30.293999999918015,0
0.003,2,57,394,-4433.969000000056,30.296999999943182,0
0.003,2,58,370,-4433.866000000073,30.399999999926877,0
0.003,2,59,425,-4433.853000000051,30.412999999948624,0
0.003,2,60,387,-4433.846000000061,30.419999999938227,0
0.003,2,61,394,-4433.612000000075,30.653999999924963,0
0.003,2,62,418,-4433.369000000057,30.896999999942636,0
0.003,2,63,406,-4433.366000000054,30.899999999945976,0
0.003,2,64,422,-4433.309000000043,30.95699999995668,0
0.003,2,65,398,-4432.807000000063,31.458999999936168,0
0.003,2,66,403,-4432.351000000054,31.914999999945394,0
0.003,2,67,419,-4432.174000000056,32.091999999943255,0
0.003,2,68,391,-4431.999000000054,32.266999999945256,0
0.003,2,69,421,-4431.958000000071,32.30799999992905,0
0.003,2,70,426,-4431.949000000069,32.316999999930886,0
0.003,2,71,380,-4431.906000000057,32.359999999942374,0
0.003,2,72,429,-4431.730000000041,32.53599999995822,0
0.003,2,73,404,-4431.51000000007,32.75599999992937,0
0.003,2,74,389,-4431.065000000068,33.20099999993181,0
0.003,2,75,418,-4431.04800000006,33.21799999993982,0
0.003,2,76,405,-4430.453000000059,33.812999999940985,0
0.003,2,77,403,-4430.222000000084,34.043999999915286,0
0.003,2,78,410,-4430.19500000005,34.07099999994989,0
0.003,2,79,384,-4430.140000000057,34.125999999942906,0
0.003,2,80,373,-4430.083000000074,34.182999999925414,0
0.003,2,81,423,-4430.078000000065,34.18799999993462,0
0.003,2,82,436,-4429.583000000056,34.682999999943604,0
0.003,2,83,422,-4429.177000000076,35.088999999923544,0
0.003,2,84,414,-4429.0990000000675,35.16699999993216,0
0.003,2,85,422,-4429.048000000061,35.21799999993891,0
0.003,2,86,424,-4428.862000000056,35.40399999994406,0
0.003,2,87,480,-4428.36200000006,35.903999999939515,0
0.003,2,88,423,-4427.952000000061,36.31399999993846,0
0.003,2,89,400,-4427.921000000063,36.34499999993659,0
0.003,2,90,422,-4427.138000000046,37.12799999995332,0
0.003,2,91,423,-4427.048000000045,37.21799999995437,0
0.003,2,92,426,-4427.024000000043,37.24199999995653,0
0.003,2,93,385,-4427.023000000062,37.24299999993764,0
0.003,2,94,395,-4426.996000000061,37.26999999993859,0
0.003,2,95,436,-4426.649000000049,37.61699999995017,0
0.003,2,96,402,-4426.570000000071,37.69599999992897,0
0.003,2,97,429,-4426.553000000062,37.71299999993789,0
0.003,2,98,418,-4425.952000000071,38.313999999928456,0
0.003,2,99,425,-4425.92500000005,38.34099999994942,0
0.005,2,0,314,-4488.405000000596,26.7049999994033,0
0.005,2,1,352,-4486.670000000577,28.43999999942298,0
0.005,2,2,362,-4486.630000000577,28.479999999422944,0
0.005,2,3,320,-4486.180000000595,28.929999999404572,0
0.005,2,4,377,-4486.015000000569,29.09499999943091,0
0.005,2,5,323,-4485.360000000582,29.749999999417923,0
0.005,2,6,321,-4485.280000000599,29.82999999940057,0
0.005,2,7,330,-4485.250000000597,29.859999999403044,0
0.005,2,8,342,-4484.93000000058,30.179999999420033,0
0.005,2,9,375,-4484.650000000572,30.459999999427964,0
0.005,2,10,360,-4484.335000000575,30.774999999424836,0
0.005,2,11,321,-4484.295000000583,30.814999999416614,0
0.005,2,12,341,-4483.770000000598,31.339999999401698,0
0.005,2,13,335,-4483.555000000579,31.554999999420943,0
0.005,2,14,363,-4483.165000000578,31.94499999942127,0
0.005,2,15,348,-4483.110000000584,31.999999999416104,0
0.005,2,16,342,-4483.06000000058,32.049999999419924,0
0.005,2,17,369,-4483.015000000563,32.09499999943637,0
0.005,2,18,330,-4482.9200000005985,32.18999999940115,0
0.005,2,19,330,-4482.895000000599,32.21499999940079,0
0.005,2,20,340,-4482.875000000592,32.23499999940759,0
0.005,2,21,353,-4482.860000000579,32.24999999942065,0
0.005,2,22,350,-4482.810000000572,32.29999999942811,0
0.005,2,23,338,-4482.515000000581,32.59499999941909,0
0.005,2,24,336,-4482.285000000585,32.82499999941501,0
0.005,2,25,339,-4482.095000000589,33.014999999410975,0
0.005,2,26,335,-4482.065000000594,33.04499999940526,0
0.005,2,27,350,-4481.975000000588,33.134999999411775,0
0.005,2,28,346,-4481.720000000582,33.38999999941734,0
0.005,2,29,339,-4481.660000000601,33.44999999939864,0
0.005,2,30,353,-4481.635000000584,33.47499999941556,0
0.005,2,31,341,-4481.525000000587,33.5849999994125,0
0.005,2,32,357,-4481.3500000005815,33.75999999941814,0
0.005,2,33,360,-4481.33500000057,33.77499999942938,0
0.005,2,34,352,-4481.335000000583,33.77499999941665,0
0.005,2,35,346,-4481.145000000585,33.96499999941443,0
0.005,2,36,331,-4481.015000000597,34.09499999940272,0
0.005,2,37,331,-4481.000000000584,34.10999999941578,0
0.005,2,38,354,-4480.915000000575,34.19499999942491,0
0.005,2,39,369,-4480.745000000566,34.364999999434076,0
0.005,2,40,358,-4480.495000000579,34.614999999420434,0
0.005,2,41,342,-4480.460000000574,34.649999999425745,0
0.005,2,42,356,-4480.405000000575,34.70499999942513,0
0.005,2,43,382,-4480.3250000005755,34.784999999424144,0
0.005,2,44,335,-4480.045000000595,35.06499999940479,0
0.005,2,45,333,-4479.685000000586,35.42499999941356,0
0.005,2,46,357,-4479.640000000592,35.469999999407264,0
0.005,2,47,351,-4479.53000000058,35.57999999941967,0
0.005,2,48,337,-4479.490000000591,35.61999999940872,0
0.005,2,49,346,-4479.415000000577,35.69499999942309,0
0.005,2,50,361,-4479.290000000577,35.81999999942309,0
0.005,2,51,376,-4479.185000000566,35.92499999943357,0
0.005,2,52,371,-4479.140000000577,35.969999999422726,0
0.005,2,53,404,-4479.11500000057,35.99499999942964,0
0.005,2,54,333,-4479.105000000601,36.00499999939893,0
0.005,2,55,361,-4478.82500000059,36.28499999940959,0
0.005,2,56,352,-4478.785000000582,36.32499999941774,0
0.005,2,57,329,-4478.755000000601,36.35499999939839,0
0.005,2,58,347,-4478.5900000005695,36.51999999943018,0
0.005,2,59,372,-4478.440000000571,36.66999999942891,0
0.005,2,60,353,-4478.315000000582,36.794999999417996,0
0.005,2,61,339,-4478.065000000594,37.04499999940526,0
0.005,2,62,364,-4477.910000000574,37.19999999942593,0
0.005,2,63,351,-4477.800000000585,37.309999999414686,0
0.005,2,64,350,-4477.7500000005775,37.35999999942214,0
0.005,2,65,327,-4477.710000000589,37.399999999410284,0
0.005,2,66,354,-4477.640000000583,37.46999999941636,0
0.005,2,67,368,-4477.6400000005715,37.46999999942818,0
0.005,2,68,341,-4477.58000000059,37.52999999940948,0
0.005,2,69,363,-4477.405000000581,37.70499999941876,0
0.005,2,70,352,-4477.190000000577,37.919999999422544,0
0.005,2,71,382,-4477.125000000567,37.98499999943306,0
0.005,2,72,381,-4477.005000000567,38.10499999943295,0
0.005,2,73,351,-4476.970000000591,38.139999999408246,0
0.005,2,74,344,-4476.920000000571,38.18999999942844,0
0.005,2,75,370,-4476.780000000567,38.3299999994324,0
0.005,2,76,358,-4476.610000000575,38.49999999942429,0
0.005,2,77,340,-4476.185000000582,38.924999999418105,0
0.005,2,78,332,-4475.995000000574,39.11499999942589,0
0.005,2,79,381,-4475.970000000563,39.13999999943644,0
0.005,2,80,365,-4475.920000000574,39.18999999942571,0
0.005,2,81,345,-4475.615000000597,39.49499999940235,0
0.005,2,82,361,-4475.49500000056,39.61499999943953,0
0.005,2,83,401,-4475.340000000567,39.76999999943291,0
0.005,2,84,387,-4475.210000000576,39.899999999423926,0
0.005,2,85,352,-4474.7750000005835,40.33499999941614,0
0.005,2,86,367,-4474.710000000588,40.3999999994121,0
0.005,2,87,330,-4474.585000000585,40.52499999941483,0
0.005,2,88,374,-4474.565000000568,40.54499999943164,0
0.005,2,89,357,-4474.3950000005725,40.714999999427164,0
0.005,2,90,349,-4473.500000000577,41.60999999942305,0
0.005,2,91,370,-4473.325000000576,41.784999999423235,0
0.005,2,92,361,-4473.235000000568,41.874999999431566,0
0.005,2,93,336,-4472.430000000584,42.679999999415486,0
0.005,2,94,371,-4471.4700000005605,43.63999999943917,0
0.005,2,95,335,-4470.975000000596,44.13499999940359,0
0.005,2,96,394,-4470.855000000563,44.25499999943622,0
0.005,2,97,354,-4470.075000000592,45.03499999940777,0
0.005,2,98,409,-4466.710000000568,48.39999999943211,0
0.005,2,99,393,-4464.965000000571,50.144999999428364,0
0.01,2,0,246,-4614.060000000579,28.159999999421416,0
0.01,2,1,248,-4611.970000000552,30.249999999447937,0
0.01,2,2,227,-4611.680000000569,30.53999999943153,0
0.01,2,3,248,-4610.630000000571,31.589999999428983,0
0.01,2,4,264,-4610.600000000568,31.619999999432366,0
0.01,2,5,258,-4610.4900000005655,31.729999999434767,0
0.01,2,6,254,-4610.4800000005625,31.739999999437714,0
0.01,2,7,261,-4610.320000000565,31.89999999943484,0
0.01,2,8,250,-4610.060000000574,32.15999999942596,0
0.01,2,9,242,-4610.030000000562,32.18999999943844,0
0.01,2,10,242,-4609.960000000575,32.25999999942542,0
0.01,2,11,234,-4609.89000000056,32.32999999944059,0
0.01,2,12,271,-4609.840000000574,32.37999999942622,0
0.01,2,13,261,-4609.830000000574,32.389999999426436,0
0.01,2,14,262,-4609.670000000559,32.54999999944084,0
0.01,2,15,256,-4609.590000000566,32.6299999994344,0
0.01,2,16,243,-4609.370000000564,32.84999999943648,0
0.01,2,17,249,-4609.290000000559,32.92999999944095,0
0.01,2,18,260,-4609.23000000055,32.98999999945045,0
0.01,2,19,245,-4609.080000000571,33.139999999429165,0
0.01,2,20,247,-4608.78000000057,33.439999999430256,0
0.01,2,21,234,-4608.430000000581,33.789999999419706,0
0.01,2,22,280,-4608.0700000005445,34.14999999945576,0
0.01,2,23,266,-4607.850000000545,34.3699999994551,0
0.01,2,24,253,-4607.620000000559,34.599999999441025,0
0.01,2,25,262,-4607.430000000556,34.78999999944426,0
0.01,2,26,253,-4607.380000000564,34.83999999943626,0
0.01,2,27,267,-4607.380000000563,34.83999999943717,0
0.01,2,28,242,-4607.3000000005695,34.91999999943073,0
0.01,2,29,275,-4607.250000000565,34.96999999943546,0
0.01,2,30,253,-4606.96000000056,35.25999999943997,0
0.01,2,31,260,-4606.9300000005705,35.28999999942971,0
0.01,2,32,255,-4606.870000000558,35.349999999441934,0
0.01,2,33,277,-4606.690000000553,35.52999999944768,0
0.01,2,34,282,-4606.550000000565,35.66999999943528,0
0.01,2,35,257,-4606.390000000571,35.829999999429674,0
0.01,2,36,254,-4606.310000000565,35.90999999943506,0
0.01,2,37,273,-4606.2600000005705,35.95999999942978,0
0.01,2,38,232,-4606.230000000571,35.98999999942953,0
0.01,2,39,244,-4606.090000000577,36.12999999942349,0
0.01,2,40,261,-4606.080000000571,36.139999999429165,0
0.01,2,41,242,-4606.050000000566,36.16999999943437,0
0.01,2,42,269,-4606.040000000553,36.17999999944732,0
0.01,2,43,265,-4605.890000000563,36.32999999943695,0
0.01,2,44,277,-4605.850000000555,36.3699999994451,0
0.01,2,45,242,-4605.700000000581,36.51999999941927,0
0.01,2,46,263,-4605.65000000056,36.56999999944037,0
0.01,2,47,268,-4605.64000000056,36.57999999944059,0
0.01,2,48,248,-4605.530000000576,36.68999999942389,0
0.01,2,49,260,-4605.5000000005575,36.719999999442734,0
0.01,2,50,265,-4605.000000000579,37.21999999942091,0
0.01,2,51,238,-4604.810000000558,37.409999999442334,0
0.01,2,52,265,-4604.770000000556,37.44999999944412,0
0.01,2,53,249,-4604.680000000569,37.53999999943153,0
0.01,2,54,240,-4604.100000000563,38.119999999436914,0
0.01,2,55,300,-4603.910000000554,38.30999999944652,0
0.01,2,56,266,-4603.910000000564,38.30999999943651,0
0.01,2,57,267,-4603.710000000561,38.50999999943906,0
0.01,2,58,267,-4603.580000000566,38.63999999943462,0
0.01,2,59,254,-4603.550000000569,38.66999999943164,0
0.01,2,60,253,-4603.350000000556,38.86999999944419,0
0.01,2,61,271,-4603.220000000559,38.99999999944157,0
0.01,2,62,241,-4603.080000000561,39.13999999943917,0
0.01,2,63,263,-4602.9900000005655,39.22999999943477,0
0.01,2,64,236,-4602.940000000569,39.27999999943131,0
0.01,2,65,284,-4602.770000000551,39.449999999449574,0
0.01,2,66,273,-4602.73000000056,39.48999999944044,0
0.01,2,67,258,-4602.7100000005485,39.50999999945179,0
0.01,2,68,254,-4602.500000000552,39.71999999944819,0
0.01,2,69,253,-4602.420000000567,39.79999999943357,0
0.01,2,70,249,-4602.230000000556,39.98999999944408,0
0.01,2,71,276,-4602.220000000549,39.999999999451575,0
0.01,2,72,267,-4602.140000000568,40.0799999994324,0
0.01,2,73,269,-4602.070000000555,40.149999999444844,0
0.01,2,74,280,-4601.860000000554,40.3599999994467,0
0.01,2,75,282,-4601.670000000559,40.54999999944084,0
0.01,2,76,279,-4601.5300000005445,40.68999999945572,0
0.01,2,77,284,-4601.450000000554,40.769999999446554,0
0.01,2,78,268,-4601.250000000558,40.969999999441825,0
0.01,2,79,284,-4601.2100000005585,41.00999999944179,0
0.01,2,80,284,-4601.110000000563,41.109999999437605,0
0.01,2,81,280,-4601.090000000551,41.129999999448955,0
0.01,2,82,233,-4600.920000000575,41.29999999942538,0
0.01,2,83,289,-4600.6700000005385,41.54999999946176,0
0.01,2,84,279,-4600.6600000005665,41.559999999433785,0
0.01,2,85,292,-4600.460000000537,41.759999999463616,0
0.01,2,86,281,-4600.460000000553,41.759999999447246,0
0.01,2,87,277,-4600.410000000558,41.80999999944197,0
0.01,2,88,281,-4600.140000000553,42.079999999446954,0
0.01,2,89,250,-4600.020000000565,42.19999999943502,0
0.01,2,90,276,-4599.710000000551,42.509999999449064,0
0.01,2,91,275,-4599.480000000553,42.73999999944681,0
0.01,2,92,281,-4599.420000000543,42.799999999457214,0
0.01,2,93,277,-4598.95000000056,43.26999999944019,0
0.01,2,94,292,-4598.60000000055,43.619999999450556,0
0.01,2,95,283,-4598.010000000544,44.20999999945616,0
0.01,2,96,258,-4597.9900000005555,44.22999999944477,0
0.01,2,97,297,-4595.140000000549,47.0799999994515,0
0.01,2,98,273,-4593.070000000565,49.14999999943484,0
0.01,2,99,283,-4589.800000000546,52.419999999454376,0
0.02,2,0,126,-4869.680000000486,26.75999999951364,0
0.02,2,1,130,-4866.9200000004785,29.519999999521133,0
0.02,2,2,131,-4866.880000000492,29.559999999507454,0
0.02,2,3,131,-4866.100000000482,30.339999999517204,0
0.02,2,4,141,-4865.860000000478,30.579999999521533,0
0.02,2,5,153,-4864.48000000048,31.959999999519823,0
0.02,2,6,147,-4863.800000000494,32.63999999950556,0
0.02,2,7,152,-4863.680000000484,32.75999999951546,0
0.02,2,8,144,-4863.520000000475,32.91999999952441,0
0.02,2,9,137,-4863.380000000488,33.059999999512,0
0.02,2,10,144,-4863.060000000483,33.37999999951626,0
0.02,2,11,148,-4862.980000000491,33.45999999950891,0
0.02,2,12,151,-4862.740000000488,33.69999999951142,0
0.02,2,13,156,-4862.600000000474,33.83999999952539,0
0.02,2,14,144,-4862.500000000477,33.939999999523025,0
0.02,2,15,131,-4862.380000000475,34.059999999524734,0
0.02,2,16,132,-4862.260000000488,34.17999999951189,0
0.02,2,17,147,-4862.220000000475,34.21999999952459,0
0.02,2,18,142,-4862.200000000473,34.239999999526844,0
0.02,2,19,151,-4861.700000000488,34.73999999951138,0
0.02,2,20,142,-4861.660000000494,34.77999999950589,0
0.02,2,21,152,-4861.600000000475,34.83999999952448,0
0.02,2,22,144,-4861.400000000484,35.0399999995152,0
0.02,2,23,140,-4861.100000000481,35.33999999951902,0
0.02,2,24,158,-4861.0600000004615,35.379999999538086,0
0.02,2,25,143,-4860.660000000473,35.77999999952681,0
0.02,2,26,137,-4860.620000000492,35.81999999950767,0
0.02,2,27,157,-4860.2800000004745,36.1599999995251,0
0.02,2,28,152,-4860.160000000482,36.27999999951771,0
0.02,2,29,155,-4860.040000000481,36.39999999951851,0
0.02,2,30,150,-4859.960000000462,36.47999999953754,0
0.02,2,31,164,-4859.720000000472,36.71999999952732,0
0.02,2,32,137,-4859.420000000487,37.01999999951295,0
0.02,2,33,150,-4859.340000000475,37.0999999995247,0
0.02,2,34,150,-4859.180000000497,37.259999999502725,0
0.02,2,35,155,-4859.180000000473,37.25999999952637,0
0.02,2,36,150,-4859.080000000464,37.35999999953583,0
0.02,2,37,141,-4858.9800000004825,37.459999999517095,0
0.02,2,38,153,-4858.820000000474,37.619999999526044,0
0.02,2,39,158,-4858.740000000466,37.69999999953325,0
0.02,2,40,168,-4858.460000000475,37.97999999952481,0
0.02,2,41,140,-4858.4400000004825,37.99999999951706,0
0.02,2,42,153,-4858.400000000486,38.039999999513384,0
0.02,2,43,167,-4858.30000000047,38.13999999952921,0
0.02,2,44,177,-4858.200000000482,38.23999999951775,0
0.02,2,45,163,-4858.180000000489,38.25999999951091,0
0.02,2,46,138,-4858.080000000482,38.35999999951764,0
0.02,2,47,152,-4858.080000000486,38.359999999514,0
0.02,2,48,155,-4858.060000000492,38.37999999950716,0
0.02,2,49,160,-4858.060000000482,38.37999999951717,0
0.02,2,50,165,-4858.060000000486,38.37999999951353,0
0.02,2,51,144,-4857.9600000004875,38.479999999512074,0
0.02,2,52,149,-4857.94000000049,38.49999999950978,0
0.02,2,53,150,-4857.900000000478,38.53999999952157,0
0.02,2,54,161,-4857.700000000465,38.73999999953503,0
0.02,2,55,151,-4857.680000000477,38.759999999522734,0
0.02,2,56,152,-4857.540000000478,38.89999999952124,0
0.02,2,57,163,-4857.540000000475,38.89999999952488,0
0.02,2,58,163,-4857.420000000473,39.01999999952659,0
0.02,2,59,162,-4857.38000000047,39.05999999952928,0
0.02,2,60,160,-4857.1800000004805,39.259999999519096,0
0.02,2,61,159,-4857.120000000472,39.31999999952768,0
0.02,2,62,166,-4856.940000000474,39.499999999525244,0
0.02,2,63,147,-4856.920000000485,39.519999999514766,0
0.02,2,64,162,-4856.660000000484,39.779999999515894,0
0.02,2,65,158,-4856.500000000473,39.93999999952666,0
0.02,2,66,160,-4856.460000000477,39.97999999952299,0
0.02,2,67,151,-4856.080000000482,40.35999999951764,0
0.02,2,68,159,-4855.960000000477,40.47999999952299,0
0.02,2,69,167,-4855.780000000479,40.65999999952055,0
0.02,2,70,173,-4855.560000000485,40.87999999951444,0
0.02,2,71,165,-4855.380000000463,41.05999999953656,0
0.02,2,72,165,-4855.28000000049,41.15999999950964,0
0.02,2,73,169,-4855.2200000004705,41.219999999529136,0
0.02,2,74,165,-4854.860000000485,41.57999999951426,0
0.02,2,75,180,-4854.600000000486,41.839999999513566,0
0.02,2,76,171,-4854.480000000466,41.959999999533466,0
0.02,2,77,165,-4854.360000000485,42.07999999951426,0
0.02,2,78,172,-4853.900000000474,42.53999999952521,0
0.02,2,79,168,-4853.740000000482,42.699999999517786,0
0.02,2,80,168,-4853.640000000467,42.7999999995327,0
0.02,2,81,172,-4853.640000000473,42.799999999526335,0
0.02,2,82,159,-4853.520000000468,42.91999999953168,0
0.02,2,83,187,-4853.480000000473,42.95999999952619,0
0.02,2,84,172,-4853.0200000004725,43.419999999527136,0
0.02,2,85,165,-4852.920000000473,43.51999999952659,0
0.02,2,86,177,-4852.800000000475,43.63999999952466,0
0.02,2,87,163,-4852.560000000478,43.879999999521715,0
0.02,2,88,160,-4852.540000000475,43.89999999952488,0
0.02,2,89,159,-4852.380000000487,44.05999999951291,0
0.02,2,90,175,-4852.080000000457,44.3599999995422,0
0.02,2,91,176,-4851.820000000464,44.61999999953605,0
0.02,2,92,171,-4851.580000000466,44.85999999953401,0
0.02,2,93,161,-4851.240000000478,45.199999999521424,0
0.02,2,94,166,-4851.160000000487,45.279999999512256,0
0.02,2,95,174,-4850.920000000466,45.519999999533866,0
0.02,2,96,164,-4850.640000000467,45.7999999995327,0
0.02,2,97,183,-4849.680000000461,46.759999999538195,0
0.02,2,98,172,-4848.500000000481,47.93999999951848,0
0.02,2,99,186,-4844.78000000046,51.65999999953965,0
0.0,3,0,491,-4303.0,12.0,0
0.0,3,1,527,-4303.0,12.0,0
0.0,3,2,472,-4303.0,12.0,0
0.0,3,3,496,-4303.0,12.0,0
0.0,3,4,476,-4302.0,13.0,0
0.0,3,5,536,-4302.0,13.0,0
0.0,3,6,498,-4302.0,13.0,0
0.0,3,7,523,-4302.0,13.0,0
0.0,3,8,495,-4301.0,14.0,0
0.0,3,9,488,-4301.0,14.0,0
0.0,3,10,477,-4301.0,14.0,0
0.0,3,11,529,-4300.0,15.0,0
0.0,3,12,504,-4299.0,16.0,0
0.0,3,13,489,-4299.0,16.0,0
0.0,3,14,500,-4299.0,16.0,0
0.0,3,15,506,-4299.0,16.0,0
0.0,3,16,537,-4299.0,16.0,0
0.0,3,17,498,-4299.0,16.0,0
0.0,3,18,480,-4298.0,17.0,0
0.0,3,19,494,-4298.0,17.0,0
0.0,3,20,516,-4298.0,17.0,0
0.0,3,21,512,-4298.0,17.0,0
0.0,3,22,494,-4298.0,17.0,0
0.0,3,23,484,-4298.0,17.0,0
0.0,3,24,536,-4298.0,17.0,0
0.0,3,25,502,-4298.0,17.0,0
0.0,3,26,496,-4298.0,17.0,0
0.0,3,27,513,-4298.0,17.0,0
0.0,3,28,486,-4297.0,18.0,0
0.0,3,29,489,-4297.0,18.0,0
0.0,3,30,499,-4297.0,18.0,0
0.0,3,31,515,-4297.0,18.0,0
0.0,3,32,486,-4297.0,18.0,0
0.0,3,33,514,-4297.0,18.0,0
0.0,3,34,512,-4297.0,18.0,0
0.0,3,35,519,-4297.0,18.0,0
0.0,3,36,499,-4297.0,18.0,0
0.0,3,37,481,-4297.0,18.0,0
0.0,3,38,522,-4297.0,18.0,0
0.0,3,39,481,-4296.0,19.0,0
0.0,3,40,507,-4296.0,19.0,0
0.0,3,41,491,-4296.0,19.0,0
0.0,3,42,505,-4296.0,19.0,0
0.0,3,43,540,-4296.0,19.0,0
0.0,3,44,545,-4296.0,19.0,0
0.0,3,45,526,-4296.0,19.0,0
0.0,3,46,511,-4296.0,19.0,0
0.0,3,47,468,-4296.0,19.0,0
0.0,3,48,529,-4296.0,19.0,0
0.0,3,49,484,-4296.0,19.0,0
0.0,3,50,519,-4296.0,19.0,0
0.0,3,51,507,-4295.0,20.0,0
0.0,3,52,499,-4295.0,20.0,0
0.0,3,53,498,-4295.0,20.0,0
0.0,3,54,514,-4295.0,20.0,0
0.0,3,55,489,-4295.0,20.0,0
0.0,3,56,537,-4295.0,20.0,0
0.0,3,57,536,-4295.0,20.0,0
0.0,3,58,543,-4295.0,20.0,0
0.0,3,59,518,-4295.0,20.0,0
0.0,3,60,514,-4294.0,21.0,0
0.0,3,61,544,-4294.0,21.0,0
0.0,3,62,510,-4294.0,21.0,0
0.0,3,63,516,-4294.0,21.0,0
0.0,3,64,493,-4294.0,21.0,0
0.0,3,65,512,-4294.0,21.0,0
0.0,3,66,519,-4294.0,21.0,0
0.0,3,67,515,-4294.0,21.0,0
0.0,3,68,512,-4294.0,21.0,0
0.0,3,69,499,-4294.0,21.0,0
0.0,3,70,543,-4294.0,21.0,0
0.0,3,71,517,-4293.0,22.0,0
0.0,3,72,523,-4293.0,22.0,0
0.0,3,73,517,-4292.0,23.0,0
0.0,3,74,501,-4292.0,23.0,0
0.0,3,75,534,-4292.0,23.0,0
0.0,3,76,497,-4292.0,23.0,0
0.0,3,77,542,-4292.0,23.0,0
0.0,3,78,506,-4292.0,23.0,0
0.0,3,79,517,-4291.0,24.0,0
0.0,3,80,544,-4291.0,24.0,0
0.0,3,81,538,-4291.0,24.0,0
0.0,3,82,552,-4291.0,24.0,0
0.0,3,83,487,-4291.0,24.0,0
0.0,3,84,503,-4291.0,24.0,0
0.0,3,85,529,-4290.0,25.0,0
0.0,3,86,552,-4290.0,25.0,0
0.0,3,87,521,-4290.0,25.0,0
0.0,3,88,521,-4290.0,25.0,0
0.0,3,89,566,-4290.0,25.0,0
0.0,3,90,531,-4289.0,26.0,0
0.0,3,91,503,-4289.0,26.0,0
0.0,3,92,515,-4289.0,26.0,0
0.0,3,93,528,-4288.0,27.0,0
0.0,3,94,517,-4287.0,28.0,0
0.0,3,95,515,-4286.0,29.0,0
0.0,3,96,501,-4285.0,30.0,0
0.0,3,97,542,-4284.0,31.0,0
0.0,3,98,520,-4283.0,32.0,0
0.0,3,99,540,-4280.0,35.0,0
0.001,3,0,475,-4323.012000000386,17.030999999613414,0
0.001,3,1,500,-4322.7830000003705,17.259999999629144,0
0.001,3,2,451,-4322.292000000393,17.750999999606393,0
0.001,3,3,466,-4322.205000000376,17.837999999624117,0
0.001,3,4,485,-4321.83900000038,18.203999999619555,0
0.001,3,5,455,-4321.223000000393,18.819999999606807,0
0.001,3,6,490,-4320.78800000037,19.254999999629945,0
0.001,3,7,471,-4320.050000000383,19.992999999616586,0
0.001,3,8,475,-4320.0440000004,19.99899999959962,0
0.001,3,9,476,-4319.954000000377,20.0889999996225,0
0.001,3,10,487,-4319.9330000003765,20.10999999962314,0
0.001,3,11,505,-4319.781000000365,20.26199999963501,0
0.001,3,12,497,-4319.765000000378,20.277999999621898,0
0.001,3,13,508,-4319.6440000003695,20.398999999630178,0
0.001,3,14,464,-4319.233000000382,20.809999999617503,0
0.001,3,15,468,-4319.219000000389,20.82399999961035,0
0.001,3,16,464,-4319.104000000375,20.938999999624684,0
0.001,3,17,471,-4319.062000000384,20.98099999961596,0
0.001,3,18,486,-4318.902000000371,21.140999999628548,0
0.001,3,19,485,-4318.896000000372,21.14699999962795,0
0.001,3,20,504,-4318.772000000374,21.27099999962593,0
0.001,3,21,458,-4318.159000000387,21.88399999961257,0
0.001,3,22,464,-4318.139000000383,21.903999999616644,0
0.001,3,23,471,-4318.080000000388,21.962999999611384,0
0.001,3,24,504,-4317.745000000367,22.29799999963234,0
0.001,3,25,536,-4317.414000000351,22.62899999964884,0
0.001,3,26,454,-4317.271000000379,22.771999999620675,0
0.001,3,27,468,-4317.177000000381,22.865999999618907,0
0.001,3,28,466,-4317.149000000396,22.893999999603693,0
0.001,3,29,501,-4316.834000000374,23.20899999962603,0
0.001,3,30,506,-4316.666000000359,23.376999999640248,0
0.001,3,31,514,-4316.658000000363,23.38499999963642,0
0.001,3,32,517,-4316.575000000363,23.46799999963696,0
0.001,3,33,451,-4316.409000000382,23.633999999618027,0
0.001,3,34,451,-4316.295000000399,23.747999999600324,0
0.001,3,35,476,-4315.951000000373,24.09199999962675,0
0.001,3,36,472,-4315.93300000037,24.10999999962951,0
0.001,3,37,486,-4315.884000000377,24.15899999962312,0
0.001,3,38,493,-4315.851000000369,24.191999999630752,0
0.001,3,39,505,-4315.7860000003875,24.256999999612162,0
0.001,3,40,505,-4315.778000000377,24.264999999622887,0
0.001,3,41,497,-4315.731000000355,24.311999999644286,0
0.001,3,42,513,-4315.644000000364,24.398999999635635,0
0.001,3,43,466,-4315.167000000395,24.875999999604574,0
0.001,3,44,474,-4315.113000000383,24.929999999616484,0
0.001,3,45,488,-4314.9150000003865,25.127999999613166,0
0.001,3,46,499,-4314.877000000371,25.165999999629094,0
0.001,3,47,503,-4314.8430000003855,25.199999999614192,0
0.001,3,48,508,-4314.7120000003615,25.330999999638152,0
0.001,3,49,528,-4314.622000000375,25.420999999624655,0
0.001,3,50,536,-4314.429000000367,25.61399999963305,0
0.001,3,51,456,-4314.210000000368,25.832999999631284,0
0.001,3,52,472,-4314.183000000394,25.85999999960586,0
0.001,3,53,465,-4314.087000000383,25.955999999616324,0
0.001,3,54,483,-4313.9100000003855,26.132999999614185,0
0.001,3,55,476,-4313.893000000384,26.14999999961583,0
0.001,3,56,488,-4313.86700000036,26.175999999639316,0
0.001,3,57,495,-4313.835000000372,26.207999999627646,0
0.001,3,58,496,-4313.8140000003805,26.22899999961919,0
0.001,3,59,495,-4313.696000000356,26.34699999964323,0
0.001,3,60,534,-4313.483000000355,26.559999999644788,0
0.001,3,61,455,-4313.245000000372,26.79799999962779,0
0.001,3,62,466,-4313.075000000392,26.967999999607855,0
0.001,3,63,473,-4313.024000000367,27.018999999632797,0
0.001,3,64,471,-4312.948000000373,27.094999999626452,0
0.001,3,65,489,-4312.927000000387,27.11599999961254,0
0.001,3,66,491,-4312.8760000003995,27.166999999600193,0
0.001,3,67,500,-4312.786000000357,27.256999999643085,0
0.001,3,68,519,-4312.668000000378,27.37499999962165,0
0.001,3,69,529,-4312.601000000377,27.441999999622567,0
0.001,3,70,519,-4312.597000000363,27.445999999637024,0
0.001,3,71,543,-4312.329000000363,27.713999999637053,0
0.001,3,72,488,-4311.900000000388,28.142999999611675,0
0.001,3,73,493,-4311.806000000364,28.236999999635373,0
0.001,3,74,518,-4311.57700000037,28.465999999629275,0
0.001,3,75,478,-4310.972000000378,29.070999999621563,0
0.001,3,76,499,-4310.872000000384,29.17099999961556,0
0.001,3,77,512,-4310.599000000366,29.44399999963389,0
0.001,3,78,521,-4310.566000000357,29.47699999964243,0
0.001,3,79,525,-4310.488000000371,29.554999999628308,0
0.001,3,80,525,-4310.453000000352,29.58999999964726,0
0.001,3,81,481,-4310.098000000384,29.944999999615902,0
0.001,3,82,466,-4310.062000000384,29.98099999961596,0
0.001,3,83,502,-4309.831000000372,30.21199999962755,0
0.001,3,84,495,-4309.78800000037,30.254999999629945,0
0.001,3,85,501,-4309.7580000003645,30.284999999635147,0
0.001,3,86,467,-4309.1850000003815,30.857999999618187,0
0.001,3,87,486,-4308.9540000003735,31.08899999962614,0
0.001,3,88,481,-4308.950000000366,31.09299999963332,0
0.001,3,89,503,-4308.894000000365,31.148999999634725,0
0.001,3,90,500,-4308.839000000371,31.20399999962865,0
0.001,3,91,514,-4308.692000000379,31.3509999996204,0
0.001,3,92,522,-4307.586000000364,32.45699999963563,0
0.001,3,93,515,-4307.585000000368,32.457999999631284,0
0.001,3,94,513,-4306.64100000037,33.40199999962988,0
0.001,3,95,515,-4306.603000000381,33.43999999961852,0
0.001,3,96,478,-4305.93900000037,34.103999999630105,0
0.001,3,97,501,-4305.825000000387,34.2179999996124,0
0.001,3,98,502,-4305.680000000376,34.36299999962375,0
0.001,3,99,550,-4303.332000000347,36.71099999965281,0
0.003,3,0,438,-4373.548,16.58100000000013,0
0.003,3,1,413,-4370.908000000024,19.220999999975902,0
0.003,3,2,428,-4369.6620000000075,20.466999999992368,0
0.003,3,3,434,-4369.365000000019,20.763999999981024,0
0.003,3,4,406,-4369.340000000013,20.788999999987027,0
0.003,3,5,429,-4369.055000000016,21.073999999984153,0
0.003,3,6,384,-4368.901000000019,21.227999999980966,0
0.003,3,7,389,-4368.778000000015,21.350999999985106,0
0.003,3,8,399,-4368.388000000009,21.74099999999089,0
0.003,3,9,446,-4368.278000000017,21.850999999983287,0
0.003,3,10,418,-4367.93800000001,22.1909999999898,0
0.003,3,11,454,-4367.879000000004,22.249999999995453,0
0.003,3,12,445,-4367.76500000001,22.363999999989574,0
0.003,3,13,423,-4367.70400000001,22.424999999990177,0
0.003,3,14,424,-4367.67100000001,22.457999999989624,0
0.003,3,15,393,-4367.3219999999965,22.807000000003427,0
0.003,3,16,454,-4367.1220000000285,23.006999999971413,0
0.003,3,17,424,-4366.908000000028,23.220999999972264,0
0.003,3,18,464,-4366.531000000015,23.597999999984495,0
0.003,3,19,437,-4366.458000000036,23.670999999963897,0
0.003,3,20,442,-4366.31700000001,23.811999999989894,0
0.003,3,21,415,-4366.1570000000165,23.97199999998338,0
0.003,3,22,411,-4366.136000000006,23.992999999994026,0
0.003,3,23,422,-4365.851000000026,24.277999999973872,0
0.003,3,24,393,-4365.754000000008,24.374999999991815,0
0.003,3,25,399,-4365.700000000021,24.42899999997917,0
0.003,3,26,431,-4365.554000000022,24.57499999997799,0
0.003,3,27,372,-4365.552000000008,24.57699999999204,0
0.003,3,28,408,-4365.271000000016,24.857999999983804,0
0.003,3,29,451,-4365.047000000022,25.081999999977597,0
0.003,3,30,398,-4364.817000000009,25.311999999990803,0
0.003,3,31,391,-4364.703000000013,25.425999999986743,0
0.003,3,32,429,-4364.5510000000295,25.577999999970416,0
0.003,3,33,400,-4364.517000000018,25.61199999998189,0
0.003,3,34,399,-4364.487000000013,25.641999999987092,0
0.003,3,35,445,-4364.434000000027,25.694999999973334,0
0.003,3,36,426,-4364.37400000002,25.7549999999801,0
0.003,3,37,404,-4364.295000000015,25.83399999998528,0
0.003,3,38,415,-4364.193000000011,25.93599999998878,0
0.003,3,39,408,-4364.088000000013,26.040999999986525,0
0.003,3,40,416,-4364.073000000017,26.055999999983214,0
0.003,3,41,420,-4363.905000000021,26.22399999997924,0
0.003,3,42,419,-4363.8930000000155,26.235999999984415,0
0.003,3,43,426,-4363.875000000026,26.25399999997353,0
0.003,3,44,360,-4363.840000000018,26.28899999998157,0
0.003,3,45,423,-4363.797000000019,26.331999999981235,0
0.003,3,46,421,-4363.791000000016,26.337999999984277,0
0.003,3,47,418,-4363.743000000022,26.385999999977685,0
0.003,3,48,396,-4363.730000000018,26.398999999982152,0
0.003,3,49,428,-4363.662000000017,26.466999999983273,0
0.003,3,50,433,-4363.518000000022,26.61099999997805,0
0.003,3,51,459,-4363.513000000015,26.615999999984524,0
0.003,3,52,404,-4363.448000000014,26.680999999985943,0
0.003,3,53,402,-4363.388000000018,26.740999999981796,0
0.003,3,54,430,-4363.344000000025,26.784999999975298,0
0.003,3,55,409,-4363.169000000015,26.959999999984575,0
0.003,3,56,450,-4362.996000000018,27.13299999998162,0
0.003,3,57,385,-4362.9820000000145,27.146999999985383,0
0.003,3,58,384,-4362.835000000013,27.293999999987136,0
0.003,3,59,404,-4362.700000000028,27.428999999971893,0
0.003,3,60,425,-4362.623000000014,27.50599999998576,0
0.003,3,61,426,-4362.611000000016,27.517999999983658,0
0.003,3,62,436,-4362.458000000032,27.670999999967535,0
0.003,3,63,433,-4362.425000000018,27.703999999981534,0
0.003,3,64,415,-4362.022000000033,28.10699999996723,0
0.003,3,65,415,-4361.803000000011,28.325999999989108,0
0.003,3,66,426,-4361.698000000021,28.430999999978667,0
0.003,3,67,403,-4361.415000000008,28.713999999991756,0
0.003,3,68,470,-4361.384000000015,28.74499999998534,0
0.003,3,69,480,-4361.303000000009,28.825999999990927,0
0.003,3,70,406,-4361.271000000018,28.857999999981985,0
0.003,3,71,471,-4361.1500000000215,28.97899999997844,0
0.003,3,72,447,-4361.068000000011,29.06099999998878,0
0.003,3,73,423,-4360.68600000001,29.442999999990207,0
0.003,3,74,430,-4360.578000000019,29.550999999981286,0
0.003,3,75,466,-4360.417000000027,29.71199999997316,0
0.003,3,76,447,-4359.84600000002,30.282999999980348,0
0.003,3,77,493,-4359.68200000003,30.446999999970103,0
0.003,3,78,439,-4359.515000000023,30.61399999997684,0
0.003,3,79,414,-4359.307000000022,30.82199999997829,0
0.003,3,80,446,-4359.233000000016,30.89599999998427,0
0.003,3,81,439,-4359.170000000011,30.95899999998892,0
0.003,3,82,417,-4359.136000000014,30.99299999998584,0
0.003,3,83,442,-4359.089000000005,31.039999999994507,0
0.003,3,84,448,-4359.074000000005,31.054999999994834,0
0.003,3,85,439,-4358.3860000000295,31.74299999997038,0
0.003,3,86,411,-4358.250000000003,31.878999999997177,0
0.003,3,87,425,-4357.737000000014,32.39199999998618,0
0.003,3,88,404,-4357.328000000005,32.80099999999493,0
0.003,3,89,432,-4357.137000000013,32.99199999998655,0
0.003,3,90,422,-4356.902000000023,33.226999999977124,0
0.003,3,91,394,-4356.769000000025,33.359999999975116,0
0.003,3,92,433,-4356.557000000022,33.57199999997829,0
0.003,3,93,405,-4356.343000000019,33.78599999998096,0
0.003,3,94,425,-4355.719000000014,34.40999999998621,0
0.003,3,95,423,-4355.629000000026,34.499999999973625,0
0.003,3,96,463,-4354.6750000000175,35.45399999998244,0
0.003,3,97,459,-4353.348000000001,36.78099999999904,0
0.003,3,98,444,-4353.113000000021,37.0159999999787,0
0.003,3,99,452,-4351.957000000013,38.17199999998684,0
0.005,3,0,347,-4414.300000000582,25.914999999417887,0
0.005,3,1,326,-4414.03500000057,26.179999999430038,0
0.005,3,2,362,-4412.955000000569,27.259999999430875,0
0.005,3,3,379,-4412.82500000056,27.38999999944008,0
0.005,3,4,369,-4411.905000000568,28.309999999431966,0
0.005,3,5,356,-4411.650000000573,28.564999999427528,0
0.005,3,6,389,-4411.43000000057,28.78499999943051,0
0.005,3,7,364,-4411.205000000578,29.00999999942178,0
0.005,3,8,393,-4411.045000000564,29.169999999436186,0
0.005,3,9,366,-4411.025000000577,29.18999999942298,0
0.005,3,10,382,-4410.840000000561,29.37499999943884,0
0.005,3,11,371,-4410.52000000057,29.694999999430365,0
0.005,3,12,385,-4410.255000000556,29.959999999444335,0
0.005,3,13,392,-4409.685000000565,30.52999999943495,0
0.005,3,14,403,-4409.540000000558,30.674999999441752,0
0.005,3,15,380,-4409.255000000561,30.959999999438878,0
0.005,3,16,366,-4409.220000000572,30.99499999942782,0
0.005,3,17,389,-4409.115000000573,31.099999999427382,0
0.005,3,18,385,-4408.905000000566,31.309999999433785,0
0.005,3,19,394,-4408.83500000057,31.379999999429856,0
0.005,3,20,352,-4408.725000000578,31.489999999422253,0
0.005,3,21,372,-4408.690000000554,31.524999999445754,0
0.005,3,22,357,-4408.660000000579,31.554999999420943,0
0.005,3,23,360,-4408.540000000586,31.674999999414467,0
0.005,3,24,375,-4408.510000000557,31.704999999443316,0
0.005,3,25,387,-4408.250000000569,31.964999999430802,0
0.005,3,26,409,-4408.020000000557,32.1949999994431,0
0.005,3,27,395,-4407.565000000566,32.64999999943393,0
0.005,3,28,377,-4407.325000000578,32.88999999942189,0
0.005,3,29,376,-4407.275000000566,32.939999999433894,0
0.005,3,30,396,-4407.220000000556,32.99499999944419,0
0.005,3,31,374,-4406.890000000573,33.324999999426836,0
0.005,3,32,391,-4406.665000000566,33.549999999434476,0
0.005,3,33,349,-4406.660000000577,33.55499999942276,0
0.005,3,34,392,-4406.6000000005515,33.61499999944863,0
0.005,3,35,418,-4406.510000000563,33.70499999943695,0
0.005,3,36,402,-4406.465000000559,33.74999999944157,0
0.005,3,37,388,-4406.450000000562,33.76499999943826,0
0.005,3,38,374,-4406.405000000566,33.809999999433785,0
0.005,3,39,381,-4406.390000000571,33.824999999429565,0
0.005,3,40,422,-4406.375000000554,33.83999999944626,0
0.005,3,41,387,-4406.370000000565,33.84499999943546,0
0.005,3,42,387,-4406.190000000567,34.02499999943302,0
0.005,3,43,374,-4406.155000000574,34.05999999942651,0
0.005,3,44,369,-4406.085000000572,34.12999999942804,0
0.005,3,45,405,-4405.835000000546,34.37999999945441,0
0.005,3,46,395,-4405.72000000057,34.49499999943055,0
0.005,3,47,356,-4405.72000000057,34.49499999943055,0
0.005,3,48,416,-4405.660000000556,34.55499999944459,0
0.005,3,49,397,-4405.645000000565,34.56999999943491,0
0.005,3,50,399,-4405.410000000565,34.804999999435495,0
0.005,3,51,385,-4405.380000000569,34.83499999943069,0
0.005,3,52,405,-4405.305000000558,34.909999999442334,0
0.005,3,53,379,-4405.2100000005685,35.004999999431675,0
0.005,3,54,411,-4404.910000000558,35.30499999944186,0
0.005,3,55,387,-4404.87000000057,35.34499999943,0
0.005,3,56,408,-4404.835000000541,35.37999999945896,0
0.005,3,57,402,-4404.7850000005565,35.42999999944368,0
0.005,3,58,374,-4404.580000000569,35.634999999430875,0
0.005,3,59,396,-4404.490000000565,35.72499999943557,0
0.005,3,60,387,-4404.2500000005475,35.96499999945263,0
0.005,3,61,418,-4403.925000000559,36.289999999441534,0
0.005,3,62,401,-4403.880000000569,36.33499999943069,0
0.005,3,63,401,-4403.870000000568,36.34499999943182,0
0.005,3,64,374,-4403.765000000568,36.44999999943229,0
0.005,3,65,398,-4403.620000000562,36.59499999943819,0
0.005,3,66,393,-4403.610000000566,36.60499999943386,0
0.005,3,67,356,-4403.605000000569,36.60999999943124,0
0.005,3,68,397,-4403.500000000561,36.71499999943899,0
0.005,3,69,379,-4403.4800000005725,36.7349999994276,0
0.005,3,70,390,-4403.13000000057,37.08499999942978,0
0.005,3,71,375,-4402.750000000569,37.4649999994308,0
0.005,3,72,389,-4402.680000000563,37.53499999943688,0
0.005,3,73,405,-4402.590000000571,37.62499999942884,0
0.005,3,74,376,-4402.30000000057,37.91499999942971,0
0.005,3,75,400,-4402.225000000556,37.98999999944408,0
0.005,3,76,400,-4402.010000000565,38.20499999943513,0
0.005,3,77,350,-4401.820000000581,38.39499999941927,0
0.005,3,78,384,-4401.800000000553,38.41499999944699,0
0.005,3,79,404,-4401.660000000559,38.55499999944095,0
0.005,3,80,393,-4401.640000000553,38.574999999446845,0
0.005,3,81,394,-4401.500000000563,38.71499999943717,0
0.005,3,82,401,-4401.495000000561,38.719999999439096,0
0.005,3,83,404,-4401.0100000005605,39.20499999943968,0
0.005,3,84,411,-4400.99500000056,39.219999999440006,0
0.005,3,85,425,-4400.380000000549,39.8349999994507,0
0.005,3,86,379,-4400.325000000578,39.88999999942189,0
0.005,3,87,430,-4400.300000000552,39.9149999994479,0
0.005,3,88,419,-4399.815000000556,40.399999999443935,0
0.005,3,89,427,-4399.720000000551,40.49499999944874,0
0.005,3,90,395,-4399.6700000005585,40.54499999944164,0
0.005,3,91,394,-4399.590000000562,40.62499999943793,0
0.005,3,92,386,-4399.250000000566,40.96499999943444,0
0.005,3,93,415,-4399.180000000561,41.034999999438696,0
0.005,3,94,388,-4398.125000000567,42.08999999943353,0
0.005,3,95,416,-4397.760000000564,42.45499999943604,0
0.005,3,96,421,-4396.165000000551,44.04999999944903,0
0.005,3,97,399,-4395.905000000547,44.309999999452884,0
0.005,3,98,442,-4393.1650000005475,47.049999999452666,0
0.005,3,99,430,-4392.860000000562,47.354999999438405,0
0.01,3,0,263,-4534.550000000586,30.879999999414395,0
0.01,3,1,257,-4532.900000000567,32.52999999943313,0
0.01,3,2,273,-4531.74000000056,33.68999999944026,0
0.01,3,3,242,-4531.720000000583,33.70999999941705,0
0.01,3,4,276,-4531.590000000572,33.83999999942807,0
0.01,3,5,287,-4531.370000000553,34.05999999944743,0
0.01,3,6,274,-4531.070000000545,34.359999999454885,0
0.01,3,7,252,-4530.970000000572,34.459999999427964,0
0.01,3,8,264,-4530.940000000566,34.489999999434076,0
0.01,3,9,248,-4530.770000000591,34.65999999940959,0
0.01,3,10,262,-4530.530000000562,34.89999999943848,0
0.01,3,11,267,-4530.470000000586,34.95999999941432,0
0.01,3,12,256,-4530.4200000005785,35.00999999942178,0
0.01,3,13,272,-4530.390000000559,35.039999999441534,0
0.01,3,14,272,-4530.30000000057,35.129999999429856,0
0.01,3,15,276,-4530.170000000555,35.25999999944543,0
0.01,3,16,236,-4530.040000000595,35.38999999940552,0
0.01,3,17,265,-4530.02000000058,35.409999999420506,0
0.01,3,18,276,-4529.950000000586,35.47999999941385,0
0.01,3,19,276,-4529.610000000567,35.819999999433094,0
0.01,3,20,271,-4529.47000000058,35.95999999942069,0
0.01,3,21,277,-4529.4200000005685,36.009999999431784,0
0.01,3,22,254,-4529.230000000591,36.199999999409556,0
0.01,3,23,280,-4529.080000000573,36.34999999942738,0
0.01,3,24,283,-4529.07000000057,36.35999999943033,0
0.01,3,25,286,-4529.030000000567,36.39999999943302,0
0.01,3,26,286,-4528.700000000572,36.7299999994284,0
0.01,3,27,305,-4528.650000000557,36.779999999443135,0
0.01,3,28,292,-4528.580000000574,36.84999999942647,0
0.01,3,29,284,-4528.510000000566,36.91999999943437,0
0.01,3,30,310,-4528.250000000568,37.17999999943186,0
0.01,3,31,270,-4528.220000000564,37.20999999943615,0
0.01,3,32,274,-4527.720000000576,37.709999999424326,0
0.01,3,33,267,-4527.670000000571,37.759999999429056,0
0.01,3,34,300,-4527.610000000561,37.81999999943946,0
0.01,3,35,292,-4527.600000000568,37.8299999994324,0
0.01,3,36,257,-4527.480000000587,37.949999999413194,0
0.01,3,37,253,-4527.420000000574,38.00999999942633,0
0.01,3,38,282,-4527.340000000567,38.08999999943353,0
0.01,3,39,269,-4527.180000000577,38.24999999942338,0
0.01,3,40,276,-4527.070000000575,38.35999999942487,0
0.01,3,41,286,-4527.050000000559,38.37999999944168,0
0.01,3,42,286,-4527.01000000057,38.41999999943073,0
0.01,3,43,286,-4526.890000000565,38.53999999943517,0
0.01,3,44,309,-4526.820000000554,38.6099999994467,0
0.01,3,45,299,-4526.8200000005545,38.60999999944579,0
0.01,3,46,285,-4526.400000000584,39.02999999941585,0
0.01,3,47,305,-4526.370000000563,39.05999999943742,0
0.01,3,48,276,-4526.2900000005675,39.1399999994328,0
0.01,3,49,298,-4526.290000000571,39.139999999429165,0
0.01,3,50,336,-4526.140000000548,39.28999999945245,0
0.01,3,51,279,-4526.020000000566,39.40999999943415,0
0.01,3,52,286,-4526.000000000561,39.42999999943913,0
0.01,3,53,309,-4526.00000000056,39.42999999944004,0
0.01,3,54,291,-4525.900000000561,39.5299999994395,0
0.01,3,55,279,-4525.900000000561,39.5299999994395,0
0.01,3,56,284,-4525.8800000005795,39.549999999420834,0
0.01,3,57,307,-4525.760000000569,39.66999999943164,0
0.01,3,58,302,-4525.660000000559,39.7699999994411,0
0.01,3,59,270,-4525.640000000579,39.789999999421525,0
0.01,3,60,278,-4525.5500000005495,39.879999999450774,0
0.01,3,61,290,-4525.240000000559,40.18999999944117,0
0.01,3,62,282,-4525.120000000576,40.30999999942469,0
0.01,3,63,299,-4525.05000000056,40.37999999943986,0
0.01,3,64,287,-4524.950000000578,40.479999999422034,0
0.01,3,65,289,-4524.550000000563,40.87999999943713,0
0.01,3,66,294,-4524.5300000005545,40.899999999445754,0
0.01,3,67,300,-4524.500000000563,40.929999999437314,0
0.01,3,68,300,-4524.400000000553,41.02999999944768,0
0.01,3,69,301,-4524.2100000005485,41.21999999945183,0
0.01,3,70,300,-4523.8300000005565,41.59999999944375,0
0.01,3,71,289,-4523.800000000574,41.62999999942622,0
0.01,3,72,290,-4523.660000000558,41.76999999944201,0
0.01,3,73,310,-4523.660000000559,41.7699999994411,0
0.01,3,74,293,-4523.590000000563,41.83999999943717,0
0.01,3,75,302,-4523.550000000545,41.87999999945532,0
0.01,3,76,289,-4523.420000000576,42.00999999942451,0
0.01,3,77,270,-4523.380000000561,42.049999999439024,0
0.01,3,78,295,-4523.140000000555,42.28999999944517,0
0.01,3,79,317,-4522.970000000537,42.459999999463435,0
0.01,3,80,299,-4522.890000000553,42.53999999944699,0
0.01,3,81,307,-4522.88000000056,42.54999999943993,0
0.01,3,82,305,-4522.7300000005425,42.69999999945776,0
0.01,3,83,305,-4522.720000000552,42.70999999944797,0
0.01,3,84,317,-4522.380000000551,43.04999999944903,0
0.01,3,85,312,-4522.050000000535,43.379999999465326,0
0.01,3,86,311,-4521.900000000551,43.5299999994495,0
0.01,3,87,292,-4521.450000000552,43.97999999944841,0
0.01,3,88,295,-4521.290000000564,44.13999999943644,0
0.01,3,89,300,-4521.28000000056,44.1499999994403,0
0.01,3,90,310,-4521.200000000551,44.22999999944932,0
0.01,3,91,304,-4521.070000000554,44.3599999994467,0
0.01,3,92,299,-4520.330000000566,45.09999999943466,0
0.01,3,93,303,-4520.21000000056,45.219999999440006,0
0.01,3,94,297,-4520.030000000548,45.39999999945212,0
0.01,3,95,307,-4519.62000000057,45.80999999943015,0
0.01,3,96,292,-4519.030000000551,46.39999999944939,0
0.01,3,97,322,-4518.9300000005405,46.49999999945976,0
0.01,3,98,281,-4518.830000000578,46.599999999421925,0
0.01,3,99,318,-4518.720000000555,46.709999999445245,0
0.02,3,0,144,-4784.42000000049,31.439999999509382,0
0.02,3,1,147,-4782.340000000507,33.51999999949294,0
0.02,3,2,158,-4782.3400000005,33.519999999499305,0
0.02,3,3,161,-4781.3800000004885,34.479999999511165,0
0.02,3,4,161,-4781.12000000049,34.739999999509564,0
0.02,3,5,159,-4781.06000000049,34.799999999509964,0
0.02,3,6,163,-4780.380000000487,35.479999999512984,0
0.02,3,7,154,-4780.200000000494,35.659999999506,0
0.02,3,8,157,-4779.680000000486,36.17999999951371,0
0.02,3,9,163,-4779.660000000497,36.199999999502324,0
0.02,3,10,166,-4779.140000000488,36.719999999511856,0
0.02,3,11,154,-4779.080000000485,36.779999999514985,0
0.02,3,12,152,-4779.0000000004975,36.85999999950218,0
0.02,3,13,170,-4778.880000000493,36.97999999950662,0
0.02,3,14,151,-4778.860000000497,36.999999999502506,0
0.02,3,15,153,-4778.280000000487,37.57999999951244,0
0.02,3,16,177,-4778.080000000474,37.7799999995259,0
0.02,3,17,169,-4778.060000000489,37.799999999510874,0
0.02,3,18,168,-4777.960000000492,37.8999999995076,0
0.02,3,19,155,-4777.880000000497,37.97999999950298,0
0.02,3,20,163,-4777.820000000496,38.03999999950338,0
0.02,3,21,166,-4777.740000000497,38.1199999995024,0
0.02,3,22,166,-4777.580000000504,38.279999999495885,0
0.02,3,23,173,-4777.540000000476,38.31999999952404,0
0.02,3,24,178,-4777.480000000492,38.37999999950807,0
0.02,3,25,165,-4777.420000000484,38.43999999951575,0
0.02,3,26,165,-4777.360000000491,38.49999999950887,0
0.02,3,27,166,-4777.320000000494,38.53999999950611,0
0.02,3,28,161,-4777.14000000049,38.71999999951004,0
0.02,3,29,162,-4777.140000000497,38.71999999950276,0
0.02,3,30,164,-4777.120000000481,38.73999999951866,0
0.02,3,31,158,-4777.100000000499,38.759999999500906,0
0.02,3,32,174,-4777.080000000489,38.77999999951044,0
0.02,3,33,187,-4777.000000000485,38.85999999951491,0
0.02,3,34,154,-4776.940000000482,38.91999999951804,0
0.02,3,35,159,-4776.920000000484,38.93999999951575,0
0.02,3,36,162,-4776.720000000478,39.13999999952193,0
0.02,3,37,166,-4776.6400000004805,39.21999999951913,0
0.02,3,38,172,-4776.560000000495,39.29999999950451,0
0.02,3,39,176,-4776.440000000478,39.41999999952168,0
0.02,3,40,163,-4776.3200000004845,39.5399999995152,0
0.02,3,41,161,-4776.2600000004895,39.599999999510146,0
0.02,3,42,162,-4776.2000000004955,39.65999999950418,0
0.02,3,43,179,-4776.160000000478,39.699999999521424,0
0.02,3,44,169,-4776.000000000499,39.85999999950036,0
0.02,3,45,179,-4776.000000000484,39.85999999951582,0
0.02,3,46,162,-4775.980000000492,39.87999999950807,0
0.02,3,47,158,-4775.560000000489,40.299999999510874,0
0.02,3,48,181,-4775.5400000004865,40.31999999951313,0
0.02,3,49,174,-4775.520000000484,40.339999999515385,0
0.02,3,50,174,-4775.200000000482,40.65999999951782,0
0.02,3,51,173,-4775.200000000493,40.65999999950691,0
0.02,3,52,161,-4775.100000000504,40.75999999949545,0
0.02,3,53,168,-4775.080000000491,40.77999999950862,0
0.02,3,54,184,-4774.940000000485,40.9199999995144,0
0.02,3,55,172,-4774.920000000475,40.939999999524844,0
0.02,3,56,169,-4774.860000000485,40.99999999951433,0
0.02,3,57,177,-4774.740000000485,41.11999999951422,0
0.02,3,58,162,-4774.560000000487,41.29999999951269,0
0.02,3,59,178,-4774.480000000482,41.37999999951808,0
0.02,3,60,169,-4774.160000000492,41.69999999950778,0
0.02,3,61,176,-4774.0800000004865,41.779999999513166,0
0.02,3,62,198,-4773.600000000466,42.25999999953365,0
0.02,3,63,164,-4773.580000000482,42.27999999951771,0
0.02,3,64,177,-4773.400000000475,42.45999999952437,0
0.02,3,65,175,-4773.400000000484,42.459999999515276,0
0.02,3,66,180,-4773.080000000487,42.779999999512256,0
0.02,3,67,179,-4773.000000000483,42.85999999951673,0
0.02,3,68,175,-4772.920000000489,42.93999999951029,0
0.02,3,69,178,-4772.620000000476,43.239999999524116,0
0.02,3,70,182,-4772.600000000493,43.25999999950636,0
0.02,3,71,166,-4772.500000000498,43.35999999950127,0
0.02,3,72,168,-4772.480000000481,43.379999999518986,0
0.02,3,73,177,-4772.280000000476,43.57999999952335,0
0.02,3,74,178,-4772.280000000493,43.57999999950698,0
0.02,3,75,185,-4772.140000000483,43.7199999995164,0
0.02,3,76,168,-4772.020000000481,43.83999999951902,0
0.02,3,77,179,-4771.720000000481,44.139999999518295,0
0.02,3,78,174,-4771.52000000049,44.33999999950993,0
0.02,3,79,179,-4771.460000000474,44.39999999952579,0
0.02,3,80,182,-4771.200000000476,44.65999999952328,0
0.02,3,81,185,-4770.580000000498,45.27999999950134,0
0.02,3,82,180,-4770.5800000004765,45.27999999952317,0
0.02,3,83,181,-4770.52000000048,45.33999999951993,0
0.02,3,84,180,-4770.520000000484,45.339999999515385,0
0.02,3,85,165,-4770.400000000482,45.459999999518004,0
0.02,3,86,195,-4770.380000000468,45.47999999953208,0
0.02,3,87,181,-4770.300000000487,45.55999999951291,0
0.02,3,88,176,-4770.260000000463,45.59999999953652,0
0.02,3,89,175,-4769.500000000501,46.35999999949854,0
0.02,3,90,199,-4769.4600000004675,46.399999999532156,0
0.02,3,91,165,-4769.400000000498,46.45999999950163,0
0.02,3,92,175,-4768.680000000482,47.17999999951735,0
0.02,3,93,170,-4768.640000000497,47.21999999950276,0
0.02,3,94,190,-4768.640000000476,47.21999999952368,0
0.02,3,95,178,-4767.88000000047,47.979999999529355,0
0.02,3,96,186,-4767.280000000491,48.5799999995088,0
0.02,3,97,192,-4767.060000000478,48.79999999952179,0
0.02,3,98,175,-4766.600000000491,49.25999999950909,0
0.02,3,99,195,-4765.960000000482,49.899999999517604,0
0.0,4,0,475,-4432.0,20.0,0
0.0,4,1,412,-4431.0,21.0,0
0.0,4,2,452,-4431.0,21.0,0
0.0,4,3,438,-4430.0,22.0,0
0.0,4,4,480,-4429.0,23.0,0
0.0,4,5,494,-4428.0,24.0,0
0.0,4,6,506,-4428.0,24.0,0
0.0,4,7,458,-4428.0,24.0,0
0.0,4,8,429,-4428.0,24.0,0
0.0,4,9,475,-4428.0,24.0,0
0.0,4,10,446,-4427.0,25.0,0
0.0,4,11,497,-4427.0,25.0,0
0.0,4,12,505,-4427.0,25.0,0
0.0,4,13,481,-4427.0,25.0,0
0.0,4,14,480,-4427.0,25.0,0
0.0,4,15,479,-4427.0,25.0,0
0.0,4,16,484,-4427.0,25.0,0
0.0,4,17,468,-4427.0,25.0,0
0.0,4,18,494,-4426.0,26.0,0
0.0,4,19,496,-4426.0,26.0,0
0.0,4,20,458,-4425.0,27.0,0
0.0,4,21,459,-4425.0,27.0,0
0.0,4,22,499,-4425.0,27.0,0
0.0,4,23,484,-4425.0,27.0,0
0.0,4,24,498,-4425.0,27.0,0
0.0,4,25,517,-4425.0,27.0,0
0.0,4,26,464,-4424.0,28.0,0
0.0,4,27,462,-4424.0,28.0,0
0.0,4,28,451,-4424.0,28.0,0
0.0,4,29,507,-4424.0,28.0,0
0.0,4,30,460,-4424.0,28.0,0
0.0,4,31,473,-4424.0,28.0,0
0.0,4,32,528,-4423.0,29.0,0
0.0,4,33,471,-4423.0,29.0,0
0.0,4,34,501,-4423.0,29.0,0
0.0,4,35,468,-4423.0,29.0,0
0.0,4,36,470,-4423.0,29.0,0
0.0,4,37,465,-4423.0,29.0,0
0.0,4,38,471,-4423.0,29.0,0
0.0,4,39,508,-4423.0,29.0,0
0.0,4,40,477,-4423.0,29.0,0
0.0,4,41,455,-4423.0,29.0,0
0.0,4,42,512,-4422.0,30.0,0
0.0,4,43,473,-4422.0,30.0,0
0.0,4,44,512,-4422.0,30.0,0
0.0,4,45,497,-4422.0,30.0,0
0.0,4,46,479,-4422.0,30.0,0
0.0,4,47,444,-4422.0,30.0,0
0.0,4,48,490,-4422.0,30.0,0
0.0,4,49,529,-4422.0,30.0,0
0.0,4,50,493,-4422.0,30.0,0
0.0,4,51,479,-4421.0,31.0,0
0.0,4,52,469,-4421.0,31.0,0
0.0,4,53,506,-4421.0,31.0,0
0.0,4,54,480,-4421.0,31.0,0
0.0,4,55,509,-4421.0,31.0,0
0.0,4,56,455,-4421.0,31.0,0
0.0,4,57,486,-4421.0,31.0,0
0.0,4,58,495,-4420.0,32.0,0
0.0,4,59,474,-4420.0,32.0,0
0.0,4,60,494,-4420.0,32.0,0
0.0,4,61,527,-4420.0,32.0,0
0.0,4,62,493,-4420.0,32.0,0
0.0,4,63,509,-4420.0,32.0,0
0.0,4,64,501,-4420.0,32.0,0
0.0,4,65,523,-4420.0,32.0,0
0.0,4,66,495,-4420.0,32.0,0
0.0,4,67,508,-4419.0,33.0,0
0.0,4,68,480,-4419.0,33.0,0
0.0,4,69,498,-4419.0,33.0,0
0.0,4,70,513,-4419.0,33.0,0
0.0,4,71,508,-4419.0,33.0,0
0.0,4,72,467,-4419.0,33.0,0
0.0,4,73,477,-4419.0,33.0,0
0.0,4,74,481,-4419.0,33.0,0
0.0,4,75,486,-4418.0,34.0,0
0.0,4,76,485,-4418.0,34.0,0
0.0,4,77,479,-4418.0,34.0,0
0.0,4,78,456,-4418.0,34.0,0
0.0,4,79,518,-4418.0,34.0,0
0.0,4,80,457,-4417.0,35.0,0
0.0,4,81,485,-4417.0,35.0,0
0.0,4,82,504,-4417.0,35.0,0
0.0,4,83,523,-4417.0,35.0,0
0.0,4,84,485,-4416.0,36.0,0
0.0,4,85,478,-4416.0,36.0,0
0.0,4,86,499,-4416.0,36.0,0
0.0,4,87,529,-4416.0,36.0,0
0.0,4,88,490,-4415.0,37.0,0
0.0,4,89,490,-4415.0,37.0,0
0.0,4,90,502,-4414.0,38.0,0
0.0,4,91,523,-4413.0,39.0,0
0.0,4,92,503,-4413.0,39.0,0
0.0,4,93,492,-4413.0,39.0,0
0.0,4,94,499,-4413.0,39.0,0
0.0,4,95,503,-4412.0,40.0,0
0.0,4,96,493,-4410.0,42.0,0
0.0,4,97,501,-4410.0,42.0,0
0.0,4,98,507,-4410.0,42.0,0
0.0,4,99,513,-4408.0,44.0,0
0.001,4,0,439,-4450.392000000393,25.41999999960717,0
0.001,4,1,460,-4450.210000000371,25.601999999628788,0
0.001,4,2,457,-4446.287000000394,29.524999999605825,0
0.001,4,3,473,-4445.148000000373,30.663999999626867,0
0.001,4,4,482,-4445.122000000376,30.68999999962398,0
0.001,4,5,447,-4444.36900000038,31.442999999620042,0
0.001,4,6,434,-4443.522000000379,32.289999999620704,0
0.001,4,7,447,-4443.331000000372,32.480999999627784,0
0.001,4,8,467,-4443.189000000377,32.62299999962306,0
0.001,4,9,475,-4443.136000000374,32.675999999625674,0
0.001,4,10,482,-4442.967000000383,32.84499999961645,0
0.001,4,11,496,-4442.943000000366,32.86899999963407,0
0.001,4,12,457,-4442.22900000037,33.582999999629465,0
0.001,4,13,472,-4442.177000000387,33.63499999961277,0
0.001,4,14,481,-4442.0590000003685,33.752999999631356,0
0.001,4,15,495,-4441.885000000378,33.92699999962224,0
0.001,4,16,456,-4441.265000000356,34.54699999964396,0
0.001,4,17,478,-4440.930000000381,34.88199999961853,0
0.001,4,18,434,-4440.48000000039,35.33199999961016,0
0.001,4,19,446,-4440.472000000403,35.33999999959724,0
0.001,4,20,444,-4440.438000000383,35.3739999996169,0
0.001,4,21,486,-4440.019000000382,35.79299999961768,0
0.001,4,22,420,-4439.620000000391,36.191999999608925,0
0.001,4,23,451,-4439.414000000381,36.39799999961906,0
0.001,4,24,450,-4439.340000000374,36.47199999962595,0
0.001,4,25,444,-4439.337000000396,36.474999999603824,0
0.001,4,26,461,-4439.307000000377,36.50499999962267,0
0.001,4,27,471,-4439.234000000372,36.57799999962754,0
0.001,4,28,463,-4439.204000000363,36.607999999637286,0
0.001,4,29,462,-4439.187000000389,36.624999999610736,0
0.001,4,30,480,-4439.168000000373,36.64399999962734,0
0.001,4,31,479,-4439.11000000038,36.70199999962006,0
0.001,4,32,479,-4439.059000000382,36.752999999617714,0
0.001,4,33,476,-4439.031000000365,36.78099999963524,0
0.001,4,34,488,-4439.003000000365,36.80899999963458,0
0.001,4,35,490,-4438.9290000003675,36.882999999632375,0
0.001,4,36,427,-4438.5900000003885,37.2219999996114,0
0.001,4,37,436,-4438.449000000376,37.36299999962375,0
0.001,4,38,451,-4438.395000000376,37.41699999962384,0
0.001,4,39,450,-4438.266000000389,37.54599999961101,0
0.001,4,40,473,-4438.1300000003575,37.68199999964236,0
0.001,4,41,494,-4437.907000000363,37.90499999963686,0
0.001,4,42,496,-4437.831000000363,37.98099999963688,0
0.001,4,43,420,-4437.675000000389,38.13699999961045,0
0.001,4,44,464,-4437.2010000003775,38.610999999622436,0
0.001,4,45,465,-4437.191000000388,38.62099999961174,0
0.001,4,46,479,-4437.089000000358,38.722999999641615,0
0.001,4,47,476,-4437.071000000374,38.74099999962618,0
0.001,4,48,485,-4437.035000000374,38.77699999962624,0
0.001,4,49,510,-4436.819000000367,38.99299999963296,0
0.001,4,50,510,-4436.762000000382,39.049999999618194,0
0.001,4,51,471,-4436.122000000359,39.68999999964126,0
0.001,4,52,482,-4436.057000000379,39.75499999962085,0
0.001,4,53,487,-4436.05100000037,39.76099999963026,0
0.001,4,54,492,-4435.905000000362,39.906999999638174,0
0.001,4,55,504,-4435.844000000359,39.9679999996406,0
0.001,4,56,433,-4435.422000000387,40.38999999961288,0
0.001,4,57,444,-4435.3230000003705,40.488999999629414,0
0.001,4,58,460,-4435.202000000373,40.60999999962678,0
0.001,4,59,466,-4435.1640000003745,40.647999999625426,0
0.001,4,60,475,-4435.091000000375,40.72099999962484,0
0.001,4,61,485,-4435.039000000367,40.7729999996327,0
0.001,4,62,484,-4435.026000000377,40.78599999962262,0
0.001,4,63,481,-4434.867000000364,40.94499999963591,0
0.001,4,64,448,-4434.41900000039,41.392999999609856,0
0.001,4,65,462,-4434.226000000378,41.58599999962189,0
0.001,4,66,475,-4434.135000000371,41.676999999628606,0
0.001,4,67,474,-4434.092000000372,41.71999999962827,0
0.001,4,68,481,-4433.999000000367,41.812999999632666,0
0.001,4,69,498,-4433.845000000371,41.96699999962857,0
0.001,4,70,502,-4433.7660000003525,42.04599999964739,0
0.001,4,71,459,-4433.31700000038,42.49499999961972,0
0.001,4,72,468,-4433.196000000377,42.615999999622545,0
0.001,4,73,482,-4433.030000000371,42.78199999962908,0
0.001,4,74,494,-4432.860000000358,42.951999999641885,0
0.001,4,75,515,-4432.736000000358,43.07599999964168,0
0.001,4,76,421,-4432.643000000385,43.16899999961515,0
0.001,4,77,475,-4432.158000000369,43.653999999631196,0
0.001,4,78,474,-4432.088000000371,43.723999999629086,0
0.001,4,79,490,-4431.961000000375,43.850999999624946,0
0.001,4,80,514,-4431.745000000374,44.066999999626205,0
0.001,4,81,443,-4431.347000000371,44.46499999962907,0
0.001,4,82,485,-4430.990000000364,44.82199999963632,0
0.001,4,83,495,-4430.932000000358,44.87999999964177,0
0.001,4,84,495,-4430.879000000367,44.93299999963256,0
0.001,4,85,514,-4430.793000000378,45.01899999962188,0
0.001,4,86,463,-4430.141000000373,45.670999999626474,0
0.001,4,87,480,-4430.054000000383,45.757999999616914,0
0.001,4,88,461,-4429.267000000377,46.54499999962263,0
0.001,4,89,470,-4429.189000000383,46.622999999616695,0
0.001,4,90,466,-4429.1420000003955,46.66999999960444,0
0.001,4,91,509,-4428.737000000393,47.074999999606916,0
0.001,4,92,468,-4428.239000000378,47.57299999962197,0
0.001,4,93,467,-4428.113000000361,47.698999999638545,0
0.001,4,94,460,-4427.3500000004,48.461999999600266,0
0.001,4,95,502,-4424.842000000352,50.96999999964828,0
0.001,4,96,465,-4423.279000000388,52.532999999612,0
0.001,4,97,494,-4422.921000000363,52.89099999963673,0
0.001,4,98,511,-4422.775000000378,53.03699999962191,0
0.001,4,99,492,-4421.901000000376,53.91099999962353,0
0.003,4,0,395,-4501.652000000053,21.7839999999469,0
0.003,4,1,368,-4497.285000000036,26.15099999996346,0
0.003,4,2,370,-4496.720000000037,26.71599999996306,0
0.003,4,3,380,-4496.222000000031,27.21399999996902,0
0.003,4,4,412,-4494.451000000045,28.984999999955107,0
0.003,4,5,387,-4493.919000000025,29.51699999997436,0
0.003,4,6,387,-4493.751000000051,29.68499999994856,0
0.003,4,7,437,-4493.428000000041,30.007999999958884,0
0.003,4,8,416,-4493.139000000049,30.296999999950458,0
0.003,4,9,399,-4492.769000000027,30.666999999973086,0
0.003,4,10,393,-4492.757000000041,30.67899999995825,0
0.003,4,11,425,-4491.770000000053,31.665999999946507,0
0.003,4,12,427,-4491.5570000000525,31.878999999947155,0
0.003,4,13,408,-4491.217000000048,32.21899999995185,0
0.003,4,14,419,-4491.115000000047,32.32099999995262,0
0.003,4,15,422,-4491.013000000047,32.42299999995248,0
0.003,4,16,403,-4490.703000000049,32.73299999995106,0
0.003,4,17,400,-4490.631000000043,32.804999999956635,0
0.003,4,18,435,-4490.356000000043,33.07999999995627,0
0.003,4,19,404,-4490.247000000048,33.1889999999521,0
0.003,4,20,370,-4490.171000000034,33.26499999996577,0
0.003,4,21,403,-4489.64600000003,33.78999999996995,0
0.003,4,22,398,-4489.640000000044,33.79599999995571,0
0.003,4,23,371,-4489.570000000051,33.865999999949054,0
0.003,4,24,442,-4489.32000000002,34.11599999997998,0
0.003,4,25,412,-4489.238000000038,34.19799999996212,0
0.003,4,26,415,-4489.16300000005,34.272999999950116,0
0.003,4,27,409,-4489.064000000048,34.371999999952095,0
0.003,4,28,395,-4488.733000000045,34.702999999954955,0
0.003,4,29,440,-4488.566000000053,34.86999999994714,0
0.003,4,30,404,-4488.4780000000155,34.95799999998417,0
0.003,4,31,377,-4488.057000000038,35.37899999996171,0
0.003,4,32,388,-4487.922000000026,35.51399999997375,0
0.003,4,33,419,-4487.818000000048,35.61799999995128,0
0.003,4,34,424,-4487.635000000039,35.80099999996037,0
0.003,4,35,415,-4487.226000000042,36.20999999995729,0
0.003,4,36,486,-4487.129000000046,36.306999999953405,0
0.003,4,37,394,-4486.949000000043,36.486999999956424,0
0.003,4,38,371,-4486.561000000057,36.8749999999427,0
0.003,4,39,408,-4486.466000000052,36.969999999947504,0
0.003,4,40,416,-4486.1960000000445,37.23999999995522,0
0.003,4,41,453,-4486.092000000033,37.3439999999664,0
0.003,4,42,429,-4485.887000000033,37.54899999996633,0
0.003,4,43,391,-4485.715000000036,37.72099999996408,0
0.003,4,44,439,-4485.698000000053,37.737999999946624,0
0.003,4,45,429,-4485.683000000044,37.752999999956046,0
0.003,4,46,379,-4485.441000000047,37.9949999999526,0
0.003,4,47,413,-4485.166000000037,38.26999999996315,0
0.003,4,48,415,-4484.962000000038,38.47399999996196,0
0.003,4,49,433,-4484.7130000000325,38.722999999967215,0
0.003,4,50,405,-4484.334000000036,39.10199999996348,0
0.003,4,51,445,-4484.248000000037,39.18799999996281,0
0.003,4,52,425,-4483.923000000048,39.51299999995172,0
0.003,4,53,423,-4483.90800000005,39.527999999949316,0
0.003,4,54,440,-4483.617000000052,39.818999999947664,0
0.003,4,55,431,-4483.533000000047,39.902999999952954,0
0.003,4,56,407,-4483.499000000056,39.93699999994351,0
0.003,4,57,418,-4483.316000000047,40.1199999999526,0
0.003,4,58,420,-4483.121000000054,40.31499999994594,0
0.003,4,59,420,-4482.932000000051,40.503999999948974,0
0.003,4,60,428,-4482.82400000004,40.61199999996006,0
0.003,4,61,385,-4482.790000000058,40.64599999994152,0
0.003,4,62,403,-4482.616000000039,40.8199999999606,0
0.003,4,63,438,-4482.437000000058,40.99899999994159,0
0.003,4,64,380,-4482.300000000046,41.13599999995404,0
0.003,4,65,418,-4482.163000000059,41.27299999994102,0
0.003,4,66,370,-4482.108000000023,41.32799999997678,0
0.003,4,67,393,-4481.81700000005,41.618999999949665,0
0.003,4,68,431,-4481.64400000004,41.791999999959444,0
0.003,4,69,391,-4481.481000000041,41.954999999959,0
0.003,4,70,411,-4481.469000000035,41.96699999996508,0
0.003,4,71,405,-4481.385000000026,42.05099999997401,0
0.003,4,72,405,-4481.340000000038,42.09599999996135,0
0.003,4,73,444,-4481.1580000000395,42.27799999996023,0
0.003,4,74,455,-4480.819000000052,42.61699999994744,0
0.003,4,75,433,-4480.587000000044,42.848999999955595,0
0.003,4,76,411,-4480.232000000061,43.20399999993879,0
0.003,4,77,417,-4480.205000000044,43.23099999995611,0
0.003,4,78,420,-4480.0790000000325,43.35699999996723,0
0.003,4,79,435,-4479.839000000044,43.5969999999561,0
0.003,4,80,433,-4479.74900000005,43.686999999949876,0
0.003,4,81,409,-4479.373000000023,44.062999999976455,0
0.003,4,82,454,-4479.074000000047,44.361999999952786,0
0.003,4,83,392,-4478.790000000032,44.6459999999679,0
0.003,4,84,429,-4477.923000000035,45.51299999996445,0
0.003,4,85,435,-4477.617000000042,45.81899999995767,0
0.003,4,86,410,-4477.577000000055,45.8589999999449,0
0.003,4,87,399,-4476.649000000033,46.78699999996661,0
0.003,4,88,453,-4476.125000000043,47.31099999995695,0
0.003,4,89,456,-4476.032000000052,47.4039999999477,0
0.003,4,90,470,-4475.6300000000565,47.8059999999432,0
0.003,4,91,445,-4475.470000000043,47.96599999995669,0
0.003,4,92,411,-4475.1300000000465,48.3059999999532,0
0.003,4,93,448,-4475.1100000000515,48.32599999994818,0
0.003,4,94,424,-4474.890000000046,48.54599999995389,0
0.003,4,95,443,-4474.881000000042,48.554999999957545,0
0.003,4,96,470,-4473.930000000051,49.50599999994847,0
0.003,4,97,435,-4473.560000000047,49.87599999995291,0
0.003,4,98,423,-4471.034000000041,52.401999999959116,0
0.003,4,99,414,-4468.127000000057,55.3089999999429,0
0.005,4,0,350,-4542.665000000583,28.39499999941745,0
0.005,4,1,349,-4540.80500000059,30.254999999410757,0
0.005,4,2,354,-4539.915000000589,31.144999999411084,0
0.005,4,3,354,-4539.815000000586,31.244999999414176,0
0.005,4,4,344,-4538.940000000598,32.11999999940235,0
0.005,4,5,332,-4538.6550000005955,32.404999999404936,0
0.005,4,6,366,-4538.475000000587,32.58499999941341,0
0.005,4,7,353,-4537.565000000585,33.494999999415086,0
0.005,4,8,392,-4536.235000000575,34.82499999942502,0
0.005,4,9,349,-4536.060000000587,34.999999999413376,0
0.005,4,10,365,-4535.745000000587,35.314999999412976,0
0.005,4,11,348,-4535.685000000583,35.374999999417014,0
0.005,4,12,356,-4535.650000000594,35.409999999405954,0
0.005,4,13,367,-4535.405000000582,35.65499999941858,0
0.005,4,14,368,-4534.980000000598,36.07999999940239,0
0.005,4,15,360,-4534.930000000583,36.12999999941712,0
0.005,4,16,341,-4534.490000000587,36.569999999413085,0
0.005,4,17,329,-4534.260000000591,36.79999999940901,0
0.005,4,18,356,-4534.190000000595,36.86999999940508,0
0.005,4,19,370,-4534.030000000574,37.029999999426764,0
0.005,4,20,371,-4533.825000000579,37.234999999421234,0
0.005,4,21,348,-4533.800000000583,37.25999999941723,0
0.005,4,22,398,-4533.355000000571,37.704999999429674,0
0.005,4,23,373,-4532.940000000579,38.11999999942145,0
0.005,4,24,355,-4532.615000000587,38.444999999413085,0
0.005,4,25,357,-4532.585000000591,38.47499999940919,0
0.005,4,26,381,-4532.3500000005715,38.709999999428874,0
0.005,4,27,354,-4532.280000000584,38.77999999941676,0
0.005,4,28,352,-4532.235000000583,38.82499999941774,0
0.005,4,29,375,-4531.695000000583,39.364999999417705,0
0.005,4,30,395,-4531.680000000579,39.37999999942167,0
0.005,4,31,357,-4531.510000000593,39.54999999940719,0
0.005,4,32,384,-4531.225000000576,39.834999999424326,0
0.005,4,33,384,-4531.195000000587,39.86499999941316,0
0.005,4,34,379,-4531.120000000576,39.9399999994248,0
0.005,4,35,354,-4531.080000000591,39.9799999994093,0
0.005,4,36,392,-4530.860000000569,40.199999999431384,0
0.005,4,37,343,-4530.74500000059,40.31499999941025,0
0.005,4,38,389,-4530.7400000005755,40.31999999942491,0
0.005,4,39,406,-4530.595000000576,40.464999999424435,0
0.005,4,40,382,-4530.320000000581,40.739999999419524,0
0.005,4,41,383,-4529.855000000586,41.20499999941421,0
0.005,4,42,384,-4529.825000000565,41.234999999435786,0
0.005,4,43,348,-4528.930000000604,42.129999999396205,0
0.005,4,44,369,-4528.900000000575,42.159999999425054,0
0.005,4,45,327,-4528.830000000596,42.229999999404754,0
0.005,4,46,338,-4528.580000000599,42.479999999401116,0
0.005,4,47,363,-4528.565000000593,42.49499999940781,0
0.005,4,48,357,-4528.52000000059,42.53999999941061,0
0.005,4,49,370,-4528.395000000587,42.66499999941334,0
0.005,4,50,359,-4528.320000000576,42.73999999942407,0
0.005,4,51,367,-4528.305000000581,42.75499999941985,0
0.005,4,52,385,-4528.270000000573,42.78999999942698,0
0.005,4,53,385,-4528.210000000578,42.849999999422835,0
0.005,4,54,366,-4528.04000000057,43.01999999943018,0
0.005,4,55,366,-4527.830000000573,43.22999999942749,0
0.005,4,56,371,-4527.520000000581,43.539999999419706,0
0.005,4,57,402,-4527.4800000005725,43.579999999427855,0
0.005,4,58,359,-4527.410000000577,43.64999999942302,0
0.005,4,59,383,-4527.410000000582,43.64999999941847,0
0.005,4,60,415,-4526.9050000005645,44.15499999943586,0
0.005,4,61,363,-4526.830000000582,44.229999999418396,0
0.005,4,62,395,-4526.595000000571,44.46499999942898,0
0.005,4,63,399,-4526.515000000576,44.54499999942436,0
0.005,4,64,382,-4526.3250000005755,44.73499999942487,0
0.005,4,65,408,-4526.210000000583,44.84999999941738,0
0.005,4,66,426,-4526.170000000552,44.889999999448264,0
0.005,4,67,419,-4525.850000000563,45.20999999943706,0
0.005,4,68,390,-4525.7700000005725,45.28999999942789,0
0.005,4,69,372,-4525.7650000005915,45.2949999994089,0
0.005,4,70,403,-4525.355000000578,45.7049999994224,0
0.005,4,71,406,-4525.165000000565,45.89499999943564,0
0.005,4,72,369,-4524.680000000582,46.37999999941803,0
0.005,4,73,325,-4524.585000000596,46.474999999404645,0
0.005,4,74,396,-4524.570000000577,46.48999999942316,0
0.005,4,75,410,-4524.455000000567,46.60499999943295,0
0.005,4,76,419,-4524.305000000566,46.7549999994344,0
0.005,4,77,398,-4524.275000000578,46.784999999422325,0
0.005,4,78,387,-4524.125000000584,46.934999999416505,0
0.005,4,79,359,-4523.415000000589,47.644999999411084,0
0.005,4,80,412,-4523.380000000561,47.67999999943913,0
0.005,4,81,375,-4523.3750000005675,47.684999999432875,0
0.005,4,82,403,-4523.345000000568,47.71499999943262,0
0.005,4,83,405,-4523.250000000566,47.809999999434694,0
0.005,4,84,373,-4522.935000000593,48.12499999940701,0
0.005,4,85,383,-4522.87000000057,48.189999999430256,0
0.005,4,86,355,-4522.3900000005915,48.6699999994089,0
0.005,4,87,378,-4522.315000000585,48.744999999415086,0
0.005,4,88,382,-4522.2750000005835,48.78499999941687,0
0.005,4,89,397,-4521.555000000578,49.50499999942258,0
0.005,4,90,417,-4520.895000000561,50.164999999439715,0
0.005,4,91,376,-4519.640000000587,51.41999999941345,0
0.005,4,92,395,-4518.910000000569,52.1499999994312,0
0.005,4,93,391,-4518.8150000005635,52.244999999436914,0
0.005,4,94,369,-4518.350000000577,52.70999999942342,0
0.005,4,95,407,-4517.870000000567,53.189999999432985,0
0.005,4,96,337,-4516.610000000599,54.44999999940137,0
0.005,4,97,399,-4516.610000000579,54.44999999942138,0
0.005,4,98,390,-4516.230000000562,54.82999999943877,0
0.005,4,99,398,-4511.290000000568,59.769999999432,0
0.01,4,0,255,-4656.620000000571,33.49999999942884,0
0.01,4,1,286,-4654.730000000551,35.389999999449174,0
0.01,4,2,275,-4653.760000000559,36.35999999944124,0
0.01,4,3,263,-4653.75000000057,36.36999999942964,0
0.01,4,4,251,-4653.170000000575,36.94999999942502,0
0.01,4,5,259,-4652.760000000559,37.35999999944124,0
0.01,4,6,264,-4652.740000000566,37.379999999433494,0
0.01,4,7,255,-4652.210000000566,37.90999999943415,0
0.01,4,8,276,-4652.180000000567,37.939999999432985,0
0.01,4,9,270,-4651.3400000005495,38.77999999945041,0
0.01,4,10,262,-4650.990000000584,39.12999999941621,0
0.01,4,11,295,-4650.570000000552,39.54999999944812,0
0.01,4,12,271,-4650.450000000558,39.66999999944164,0
0.01,4,13,285,-4649.93000000057,40.189999999430256,0
0.01,4,14,248,-4649.66000000055,40.45999999944979,0
0.01,4,15,280,-4649.310000000577,40.80999999942287,0
0.01,4,16,253,-4649.290000000587,40.8299999994133,0
0.01,4,17,289,-4648.940000000567,41.179999999432766,0
0.01,4,18,266,-4648.930000000562,41.18999999943753,0
0.01,4,19,282,-4648.8600000005545,41.25999999944543,0
0.01,4,20,281,-4648.820000000565,41.299999999434476,0
0.01,4,21,300,-4647.700000000568,42.41999999943164,0
0.01,4,22,275,-4647.630000000559,42.48999999944044,0
0.01,4,23,269,-4647.450000000568,42.66999999943164,0
0.01,4,24,290,-4647.450000000553,42.6699999994471,0
0.01,4,25,280,-4647.410000000573,42.709999999427055,0
0.01,4,26,269,-4647.350000000564,42.76999999943564,0
0.01,4,27,263,-4647.310000000555,42.8099999994447,0
0.01,4,28,309,-4647.270000000548,42.84999999945194,0
0.01,4,29,269,-4647.150000000557,42.969999999442734,0
0.01,4,30,295,-4646.9900000005655,43.1299999994344,0
0.01,4,31,291,-4646.890000000564,43.22999999943568,0
0.01,4,32,282,-4646.470000000572,43.649999999427564,0
0.01,4,33,280,-4646.3800000005485,43.739999999451356,0
0.01,4,34,300,-4646.340000000565,43.77999999943495,0
0.01,4,35,265,-4646.080000000555,44.03999999944517,0
0.01,4,36,280,-4645.91000000056,44.20999999943979,0
0.01,4,37,261,-4645.890000000561,44.229999999439315,0
0.01,4,38,259,-4645.6900000005735,44.4299999994264,0
0.01,4,39,286,-4645.480000000564,44.63999999943553,0
0.01,4,40,278,-4645.430000000565,44.689999999434804,0
0.01,4,41,306,-4645.170000000554,44.949999999445936,0
0.01,4,42,284,-4645.170000000555,44.949999999445026,0
0.01,4,43,287,-4644.84000000056,45.2799999994395,0
0.01,4,44,282,-4644.650000000563,45.46999999943728,0
0.01,4,45,284,-4644.65000000057,45.46999999943,0
0.01,4,46,265,-4644.640000000576,45.47999999942385,0
0.01,4,47,299,-4644.500000000545,45.6199999994551,0
0.01,4,48,293,-4644.49000000056,45.62999999943986,0
0.01,4,49,311,-4644.230000000551,45.889999999449174,0
0.01,4,50,280,-4644.220000000573,45.899999999426655,0
0.01,4,51,278,-4643.87000000055,46.249999999449756,0
0.01,4,52,262,-4643.820000000547,46.299999999452666,0
0.01,4,53,257,-4643.820000000571,46.29999999942902,0
0.01,4,54,289,-4643.650000000547,46.46999999945274,0
0.01,4,55,295,-4643.630000000556,46.48999999944408,0
0.01,4,56,292,-4643.340000000553,46.77999999944677,0
0.01,4,57,290,-4643.180000000557,46.93999999944299,0
0.01,4,58,318,-4643.0500000005395,47.06999999946038,0
0.01,4,59,310,-4643.000000000545,47.1199999994551,0
0.01,4,60,288,-4642.730000000563,47.38999999943644,0
0.01,4,61,291,-4642.520000000544,47.59999999945558,0
0.01,4,62,274,-4642.490000000564,47.62999999943622,0
0.01,4,63,285,-4642.220000000554,47.899999999445754,0
0.01,4,64,300,-4641.28000000056,48.8399999994399,0
0.01,4,65,294,-4641.210000000564,48.90999999943597,0
0.01,4,66,273,-4641.210000000567,48.90999999943324,0
0.01,4,67,258,-4641.090000000565,49.02999999943495,0
0.01,4,68,268,-4641.080000000568,49.03999999943153,0
0.01,4,69,288,-4640.98000000056,49.13999999944008,0
0.01,4,70,276,-4640.970000000554,49.149999999445754,0
0.01,4,71,300,-4640.880000000566,49.239999999434076,0
0.01,4,72,296,-4640.650000000553,49.46999999944728,0
0.01,4,73,281,-4640.510000000558,49.60999999944215,0
0.01,4,74,315,-4639.800000000543,50.31999999945674,0
0.01,4,75,300,-4639.680000000557,50.43999999944299,0
0.01,4,76,317,-4639.670000000559,50.44999999944048,0
0.01,4,77,294,-4639.410000000544,50.70999999945616,0
0.01,4,78,281,-4639.170000000571,50.949999999428655,0
0.01,4,79,287,-4638.830000000557,51.28999999944244,0
0.01,4,80,326,-4638.73000000055,51.38999999945008,0
0.01,4,81,300,-4638.4300000005815,51.68999999941843,0
0.01,4,82,321,-4638.2000000005455,51.919999999454376,0
0.01,4,83,308,-4637.870000000539,52.24999999946067,0
0.01,4,84,309,-4637.850000000549,52.2699999994511,0
0.01,4,85,305,-4637.8200000005645,52.299999999435386,0
0.01,4,86,284,-4637.6800000005705,52.43999999942935,0
0.01,4,87,285,-4637.330000000559,52.789999999440624,0
0.01,4,88,288,-4637.100000000559,53.0199999994411,0
0.01,4,89,269,-4636.960000000568,53.15999999943233,0
0.01,4,90,301,-4636.740000000564,53.37999999943622,0
0.01,4,91,272,-4636.530000000569,53.5899999994308,0
0.01,4,92,283,-4636.320000000544,53.799999999456304,0
0.01,4,93,305,-4635.270000000557,54.84999999944284,0
0.01,4,94,307,-4634.170000000568,55.94999999943229,0
0.01,4,95,324,-4632.720000000535,57.39999999946485,0
0.01,4,96,320,-4632.300000000552,57.819999999447646,0
0.01,4,97,338,-4631.570000000554,58.5499999994463,0
0.01,4,98,310,-4630.040000000554,60.079999999446045,0
0.01,4,99,307,-4628.830000000554,61.28999999944608,0
0.02,4,0,159,-4893.86000000046,34.379999999539905,0
0.02,4,1,146,-4893.060000000464,35.17999999953554,0
0.02,4,2,160,-4890.220000000474,38.01999999952568,0
0.02,4,3,158,-4889.500000000464,38.73999999953594,0
0.02,4,4,171,-4889.42000000047,38.8199999995295,0
0.02,4,5,174,-4889.060000000457,39.179999999542815,0
0.02,4,6,150,-4888.980000000462,39.259999999538195,0
0.02,4,7,178,-4888.240000000466,39.99999999953343,0
0.02,4,8,168,-4887.940000000455,40.299999999544525,0
0.02,4,9,179,-4887.780000000441,40.45999999955893,0
0.02,4,10,173,-4887.620000000463,40.61999999953696,0
0.02,4,11,159,-4887.000000000458,41.239999999541396,0
0.02,4,12,157,-4886.980000000465,41.25999999953456,0
0.02,4,13,193,-4886.90000000046,41.33999999953994,0
0.02,4,14,179,-4886.4600000004675,41.779999999532265,0
0.02,4,15,172,-4885.940000000461,42.29999999953907,0
0.02,4,16,176,-4885.740000000455,42.49999999954434,0
0.02,4,17,176,-4885.480000000473,42.75999999952637,0
0.02,4,18,163,-4885.440000000454,42.799999999545435,0
0.02,4,19,178,-4885.300000000468,42.93999999953212,0
0.02,4,20,185,-4885.24000000046,42.999999999539796,0
0.02,4,21,173,-4885.14000000045,43.099999999550164,0
0.02,4,22,164,-4885.060000000474,43.179999999525535,0
0.02,4,23,163,-4884.980000000464,43.25999999953547,0
0.02,4,24,178,-4884.7800000004645,43.459999999535285,0
0.02,4,25,178,-4884.740000000443,43.499999999557076,0
0.02,4,26,178,-4884.540000000454,43.69999999954598,0
0.02,4,27,188,-4884.220000000457,44.01999999954296,0
0.02,4,28,188,-4884.200000000449,44.03999999955067,0
0.02,4,29,178,-4883.840000000457,44.39999999954307,0
0.02,4,30,175,-4883.640000000438,44.59999999956199,0
0.02,4,31,185,-4883.640000000434,44.599999999565625,0
0.02,4,32,164,-4883.540000000449,44.69999999955053,0
0.02,4,33,179,-4883.40000000045,44.839999999549946,0
0.02,4,34,195,-4883.360000000445,44.87999999955446,0
0.02,4,35,165,-4883.220000000461,45.01999999953841,0
0.02,4,36,172,-4883.180000000452,45.05999999954747,0
0.02,4,37,189,-4882.980000000456,45.25999999954365,0
0.02,4,38,183,-4882.960000000448,45.279999999551364,0
0.02,4,39,163,-4882.940000000463,45.29999999953634,0
0.02,4,40,165,-4882.8400000004585,45.39999999954125,0
0.02,4,41,178,-4882.800000000456,45.43999999954394,0
0.02,4,42,182,-4882.720000000463,45.519999999536594,0
0.02,4,43,186,-4882.620000000465,45.61999999953514,0
0.02,4,44,180,-4882.560000000461,45.67999999953918,0
0.02,4,45,184,-4882.300000000443,45.939999999556676,0
0.02,4,46,173,-4882.200000000466,46.03999999953339,0
0.02,4,47,180,-4882.120000000461,46.11999999953878,0
0.02,4,48,173,-4882.080000000442,46.15999999955784,0
0.02,4,49,186,-4881.380000000437,46.859999999563115,0
0.02,4,50,173,-4881.340000000464,46.899999999535794,0
0.02,4,51,186,-4881.020000000445,47.2199999995546,0
0.02,4,52,193,-4880.960000000439,47.27999999956046,0
0.02,4,53,150,-4880.74000000047,47.49999999952979,0
0.02,4,54,180,-4880.540000000463,47.699999999536885,0
0.02,4,55,167,-4880.480000000462,47.759999999538195,0
0.02,4,56,183,-4880.080000000456,48.1599999995442,0
0.02,4,57,181,-4880.040000000462,48.199999999537795,0
0.02,4,58,178,-4879.680000000452,48.55999999954747,0
0.02,4,59,181,-4879.400000000459,48.83999999954085,0
0.02,4,60,190,-4879.260000000443,48.97999999955664,0
0.02,4,61,178,-4879.060000000455,49.179999999544634,0
0.02,4,62,172,-4878.700000000463,49.53999999953703,0
0.02,4,63,175,-4878.660000000467,49.57999999953245,0
0.02,4,64,176,-4878.660000000442,49.57999999955791,0
0.02,4,65,180,-4878.640000000448,49.59999999955198,0
0.02,4,66,198,-4878.620000000433,49.61999999956697,0
0.02,4,67,180,-4878.480000000437,49.75999999956275,0
0.02,4,68,194,-4878.22000000044,50.01999999955933,0
0.02,4,69,176,-4878.2000000004455,50.03999999955431,0
0.02,4,70,187,-4878.180000000455,50.05999999954474,0
0.02,4,71,187,-4877.9400000004525,50.29999999954725,0
0.02,4,72,174,-4877.700000000447,50.53999999955249,0
0.02,4,73,188,-4877.640000000452,50.599999999547435,0
0.02,4,74,177,-4877.42000000046,50.819999999539505,0
0.02,4,75,172,-4877.42000000046,50.819999999539505,0
0.02,4,76,185,-4877.360000000455,50.87999999954445,0
0.02,4,77,175,-4877.360000000438,50.87999999956173,0
0.02,4,78,194,-4877.160000000453,51.079999999547,0
0.02,4,79,186,-4877.100000000455,51.13999999954467,0
0.02,4,80,211,-4876.860000000456,51.37999999954354,0
0.02,4,81,197,-4876.700000000432,51.539999999567954,0
0.02,4,82,212,-4876.280000000428,51.959999999571664,0
0.02,4,83,182,-4876.180000000458,52.059999999542015,0
0.02,4,84,207,-4876.18000000044,52.059999999560205,0
0.02,4,85,177,-4875.680000000456,52.559999999543834,0
0.02,4,86,183,-4874.86000000045,53.37999999954991,0
0.02,4,87,171,-4874.820000000454,53.419999999546235,0
0.02,4,88,188,-4874.260000000438,53.9799999995621,0
0.02,4,89,189,-4874.240000000457,53.999999999542524,0
0.02,4,90,190,-4873.660000000449,54.57999999955064,0
0.02,4,91,194,-4873.540000000451,54.69999999954871,0
0.02,4,92,198,-4873.100000000428,55.139999999571955,0
0.02,4,93,189,-4872.600000000433,55.6399999995665,0
0.02,4,94,192,-4871.680000000448,56.55999999955202,0
0.02,4,95,202,-4871.600000000452,56.6399999995474,0
0.02,4,96,202,-4871.26000000044,56.97999999955937,0
0.02,4,97,197,-4871.180000000466,57.05999999953383,0
0.02,4,98,209,-4870.320000000447,57.9199999995526,0
0.02,4,99,217,-4860.1400000004505,68.09999999954925,0
0.0,5,0,478,-4399.0,14.0,0
0.0,5,1,497,-4398.0,15.0,0
0.0,5,2,434,-4397.0,16.0,0
0.0,5,3,475,-4396.0,17.0,0
0.0,5,4,479,-4396.0,17.0,0
0.0,5,5,503,-4395.0,18.0,0
0.0,5,6,490,-4395.0,18.0,0
0.0,5,7,476,-4395.0,18.0,0
0.0,5,8,506,-4395.0,18.0,0
0.0,5,9,517,-4395.0,18.0,0
0.0,5,10,478,-4395.0,18.0,0
0.0,5,11,502,-4394.0,19.0,0
0.0,5,12,498,-4394.0,19.0,0
0.0,5,13,441,-4394.0,19.0,0
0.0,5,14,494,-4394.0,19.0,0
0.0,5,15,508,-4394.0,19.0,0
0.0,5,16,503,-4394.0,19.0,0
0.0,5,17,476,-4393.0,20.0,0
0.0,5,18,488,-4393.0,20.0,0
0.0,5,19,485,-4393.0,20.0,0
0.0,5,20,480,-4393.0,20.0,0
0.0,5,21,499,-4393.0,20.0,0
0.0,5,22,468,-4393.0,20.0,0
0.0,5,23,493,-4392.0,21.0,0
0.0,5,24,514,-4392.0,21.0,0
0.0,5,25,491,-4392.0,21.0,0
0.0,5,26,497,-4392.0,21.0,0
0.0,5,27,482,-4392.0,21.0,0
0.0,5,28,506,-4392.0,21.0,0
0.0,5,29,482,-4392.0,21.0,0
0.0,5,30,500,-4392.0,21.0,0
0.0,5,31,473,-4392.0,21.0,0
0.0,5,32,513,-4392.0,21.0,0
0.0,5,33,474,-4392.0,21.0,0
0.0,5,34,521,-4391.0,22.0,0
0.0,5,35,474,-4391.0,22.0,0
0.0,5,36,500,-4391.0,22.0,0
0.0,5,37,503,-4391.0,22.0,0
0.0,5,38,473,-4391.0,22.0,0
0.0,5,39,485,-4391.0,22.0,0
0.0,5,40,475,-4391.0,22.0,0
0.0,5,41,480,-4391.0,22.0,0
0.0,5,42,494,-4391.0,22.0,0
0.0,5,43,508,-4391.0,22.0,0
0.0,5,44,494,-4391.0,22.0,0
0.0,5,45,514,-4391.0,22.0,0
0.0,5,46,507,-4391.0,22.0,0
0.0,5,47,476,-4391.0,22.0,0
0.0,5,48,484,-4390.0,23.0,0
0.0,5,49,502,-4390.0,23.0,0
0.0,5,50,492,-4390.0,23.0,0
0.0,5,51,486,-4390.0,23.0,0
0.0,5,52,488,-4390.0,23.0,0
0.0,5,53,491,-4390.0,23.0,0
0.0,5,54,476,-4389.0,24.0,0
0.0,5,55,461,-4389.0,24.0,0
0.0,5,56,490,-4389.0,24.0,0
0.0,5,57,494,-4389.0,24.0,0
0.0,5,58,520,-4389.0,24.0,0
0.0,5,59,498,-4389.0,24.0,0
0.0,5,60,491,-4389.0,24.0,0
0.0,5,61,516,-4389.0,24.0,0
0.0,5,62,502,-4388.0,25.0,0
0.0,5,63,495,-4388.0,25.0,0
0.0,5,64,470,-4388.0,25.0,0
0.0,5,65,531,-4388.0,25.0,0
0.0,5,66,456,-4388.0,25.0,0
0.0,5,67,481,-4388.0,25.0,0
0.0,5,68,506,-4388.0,25.0,0
0.0,5,69,504,-4387.0,26.0,0
0.0,5,70,498,-4387.0,26.0,0
0.0,5,71,476,-4387.0,26.0,0
0.0,5,72,515,-4387.0,26.0,0
0.0,5,73,481,-4387.0,26.0,0
0.0,5,74,451,-4387.0,26.0,0
0.0,5,75,455,-4387.0,26.0,0
0.0,5,76,501,-4387.0,26.0,0
0.0,5,77,522,-4387.0,26.0,0
0.0,5,78,512,-4386.0,27.0,0
0.0,5,79,494,-4386.0,27.0,0
0.0,5,80,490,-4386.0,27.0,0
0.0,5,81,511,-4386.0,27.0,0
0.0,5,82,512,-4385.0,28.0,0
0.0,5,83,516,-4385.0,28.0,0
0.0,5,84,521,-4385.0,28.0,0
0.0,5,85,491,-4385.0,28.0,0
0.0,5,86,504,-4385.0,28.0,0
0.0,5,87,504,-4385.0,28.0,0
0.0,5,88,447,-4385.0,28.0,0
0.0,5,89,518,-4384.0,29.0,0
0.0,5,90,498,-4384.0,29.0,0
0.0,5,91,515,-4384.0,29.0,0
0.0,5,92,531,-4383.0,30.0,0
0.0,5,93,503,-4382.0,31.0,0
0.0,5,94,503,-4382.0,31.0,0
0.0,5,95,484,-4382.0,31.0,0
0.0,5,96,537,-4380.0,33.0,0
0.0,5,97,510,-4380.0,33.0,0
0.0,5,98,497,-4378.0,35.0,0
0.0,5,99,552,-4376.0,37.0,0
0.001,5,0,433,-4428.0840000003345,14.17799999966519,0
0.001,5,1,446,-4426.906000000331,15.355999999668711,0
0.001,5,2,431,-4426.241000000333,16.020999999666856,0
0.001,5,3,432,-4425.127000000329,17.13499999967098,0
0.001,5,4,421,-4425.113000000343,17.148999999656553,0
0.001,5,5,441,-4425.046000000348,17.215999999652013,0
0.001,5,6,439,-4425.009000000325,17.252999999675012,0
0.001,5,7,468,-4424.56700000032,17.694999999679567,0
0.001,5,8,476,-4424.554000000333,17.707999999666754,0
0.001,5,9,450,-4423.96700000035,18.294999999649917,0
0.001,5,10,438,-4423.940000000336,18.321999999663603,0
0.001,5,11,462,-4423.760000000322,18.501999999677537,0
0.001,5,12,459,-4423.7450000003255,18.516999999674226,0
0.001,5,13,389,-4423.529000000346,18.732999999653657,0
0.001,5,14,393,-4423.468000000338,18.793999999661537,0
0.001,5,15,423,-4423.162000000326,19.099999999673855,0
0.001,5,16,428,-4423.139000000342,19.122999999657623,0
0.001,5,17,439,-4423.044000000353,19.217999999646963,0
0.001,5,18,472,-4422.628000000321,19.633999999678963,0
0.001,5,19,442,-4421.909000000338,20.352999999661733,0
0.001,5,20,463,-4421.8320000003405,20.42999999965923,0
0.001,5,21,451,-4421.801000000333,20.460999999666456,0
0.001,5,22,465,-4421.6520000003275,20.609999999672254,0
0.001,5,23,455,-4421.601000000329,20.66099999967082,0
0.001,5,24,471,-4421.5900000003285,20.671999999671243,0
0.001,5,25,485,-4421.452000000331,20.809999999668435,0
0.001,5,26,492,-4421.431000000325,20.830999999674532,0
0.001,5,27,420,-4421.184000000345,21.07799999965482,0
0.001,5,28,443,-4421.065000000352,21.196999999648142,0
0.001,5,29,436,-4421.025000000342,21.23699999965811,0
0.001,5,30,443,-4420.880000000333,21.381999999666732,0
0.001,5,31,448,-4420.860000000328,21.401999999671716,0
0.001,5,32,455,-4420.829000000335,21.43299999966439,0
0.001,5,33,452,-4420.800000000335,21.46199999966484,0
0.001,5,34,453,-4420.800000000324,21.461999999675754,0
0.001,5,35,457,-4420.799000000344,21.46299999965595,0
0.001,5,36,454,-4420.793000000322,21.46899999967809,0
0.001,5,37,461,-4420.715000000332,21.546999999667605,0
0.001,5,38,463,-4420.661000000342,21.600999999657688,0
0.001,5,39,484,-4420.519000000334,21.7429999996657,0
0.001,5,40,416,-4420.235000000343,22.026999999657164,0
0.001,5,41,421,-4420.203000000344,22.058999999655498,0
0.001,5,42,427,-4420.063000000329,22.198999999670377,0
0.001,5,43,447,-4419.9590000003445,22.302999999655185,0
0.001,5,44,441,-4419.902000000323,22.359999999676802,0
0.001,5,45,454,-4419.782000000319,22.47999999968033,0
0.001,5,46,458,-4419.741000000319,22.520999999680498,0
0.001,5,47,467,-4419.6140000003425,22.64799999965726,0
0.001,5,48,464,-4419.613000000331,22.648999999668376,0
0.001,5,49,417,-4419.21300000035,23.048999999649823,0
0.001,5,50,437,-4419.126000000356,23.1359999996439,0
0.001,5,51,441,-4418.774000000338,23.48799999966195,0
0.001,5,52,464,-4418.73900000033,23.52299999966999,0
0.001,5,53,464,-4418.638000000331,23.62399999966874,0
0.001,5,54,486,-4418.365000000316,23.89699999968343,0
0.001,5,55,496,-4418.286000000325,23.97599999967497,0
0.001,5,56,419,-4418.177000000334,24.084999999665342,0
0.001,5,57,439,-4418.109000000337,24.152999999662825,0
0.001,5,58,428,-4418.098000000346,24.163999999654152,0
0.001,5,59,443,-4417.899000000327,24.362999999672866,0
0.001,5,60,449,-4417.8860000003315,24.375999999668238,0
0.001,5,61,447,-4417.814000000349,24.447999999651074,0
0.001,5,62,460,-4417.791000000339,24.470999999660307,0
0.001,5,63,450,-4417.765000000342,24.49699999965742,0
0.001,5,64,453,-4417.737000000339,24.524999999660395,0
0.001,5,65,466,-4417.536000000317,24.725999999683154,0
0.001,5,66,469,-4417.533000000328,24.72899999967194,0
0.001,5,67,415,-4417.173000000351,25.088999999648877,0
0.001,5,68,447,-4416.868000000329,25.393999999670996,0
0.001,5,69,460,-4416.762000000335,25.499999999664396,0
0.001,5,70,470,-4416.736000000341,25.52599999965878,0
0.001,5,71,459,-4416.707000000329,25.554999999671054,0
0.001,5,72,469,-4416.638000000322,25.623999999677835,0
0.001,5,73,483,-4416.464000000331,25.79799999966872,0
0.001,5,74,412,-4416.291000000326,25.97099999967395,0
0.001,5,75,452,-4415.816000000336,26.4459999996634,0
0.001,5,76,472,-4415.711000000322,26.550999999677515,0
0.001,5,77,489,-4415.362000000336,26.899999999664033,0
0.001,5,78,439,-4415.014000000334,27.247999999665808,0
0.001,5,79,449,-4414.945000000335,27.316999999664404,0
0.001,5,80,451,-4414.825000000342,27.436999999657928,0
0.001,5,81,471,-4414.736000000327,27.525999999672422,0
0.001,5,82,466,-4414.596000000331,27.66599999966911,0
0.001,5,83,471,-4414.499000000328,27.762999999671592,0
0.001,5,84,449,-4413.8840000003365,28.37799999966319,0
0.001,5,85,453,-4413.730000000349,28.531999999650907,0
0.001,5,86,463,-4413.642000000341,28.61999999965883,0
0.001,5,87,472,-4413.543000000314,28.718999999685366,0
0.001,5,88,496,-4413.368000000343,28.893999999656444,0
0.001,5,89,482,-4413.341000000336,28.920999999663763,0
0.001,5,90,494,-4413.294000000318,28.967999999681524,0
0.001,5,91,448,-4412.840000000335,29.421999999664877,0
0.001,5,92,468,-4412.614000000333,29.647999999666354,0
0.001,5,93,501,-4412.242000000324,30.019999999675747,0
0.001,5,94,509,-4412.194000000315,30.067999999684616,0
0.001,5,95,506,-4412.185000000319,30.076999999680993,0
0.001,5,96,513,-4412.162000000315,30.09999999968477,0
0.001,5,97,431,-4411.12300000034,31.138999999659973,0
0.001,5,98,443,-4407.980000000341,34.28199999965909,0
0.001,5,99,455,-4407.633000000329,34.62899999967067,0
0.003,5,0,394,-4480.386000000034,20.399999999965985,0
0.003,5,1,388,-4477.698000000025,23.08799999997518,0
0.003,5,2,383,-4477.079000000029,23.70699999997123,0
0.003,5,3,368,-4476.541000000033,24.24499999996715,0
0.003,5,4,404,-4476.245000000035,24.540999999964697,0
0.003,5,5,364,-4476.130000000038,24.65599999996175,0
0.003,5,6,389,-4476.040000000019,24.745999999980995,0
0.003,5,7,367,-4475.253000000041,25.53299999995943,0
0.003,5,8,376,-4475.091000000032,25.694999999967877,0
0.003,5,9,402,-4475.068000000031,25.717999999968924,0
0.003,5,10,374,-4475.037000000036,25.748999999964326,0
0.003,5,11,393,-4474.533000000037,26.252999999963322,0
0.003,5,12,410,-4474.107000000025,26.67899999997462,0
0.003,5,13,387,-4474.055000000041,26.73099999995884,0
0.003,5,14,348,-4473.97000000004,26.815999999959786,0
0.003,5,15,387,-4473.803000000031,26.982999999969252,0
0.003,5,16,418,-4473.750000000009,27.035999999990963,0
0.003,5,17,356,-4473.1680000000315,27.61799999996856,0
0.003,5,18,432,-4472.991000000046,27.79499999995369,0
0.003,5,19,388,-4472.983000000041,27.802999999958956,0
0.003,5,20,407,-4472.975000000038,27.810999999962405,0
0.003,5,21,387,-4472.74000000005,28.045999999950254,0
0.003,5,22,386,-4472.6680000000215,28.117999999978565,0
0.003,5,23,386,-4472.659000000048,28.126999999952204,0
0.003,5,24,453,-4472.616000000037,28.169999999962783,0
0.003,5,25,335,-4472.5880000000125,28.197999999987587,0
0.003,5,26,406,-4472.350000000028,28.43599999997241,0
0.003,5,27,368,-4472.29200000002,28.49399999997968,0
0.003,5,28,402,-4472.146000000033,28.639999999966676,0
0.003,5,29,408,-4472.068000000023,28.71799999997711,0
0.003,5,30,418,-4471.519000000039,29.266999999960717,0
0.003,5,31,407,-4471.338000000029,29.447999999971216,0
0.003,5,32,439,-4471.087000000029,29.69899999997142,0
0.003,5,33,378,-4471.076000000017,29.709999999982756,0
0.003,5,34,379,-4471.043000000013,29.74299999998675,0
0.003,5,35,412,-4471.02300000003,29.762999999969907,0
0.003,5,36,411,-4470.846000000018,29.93999999998232,0
0.003,5,37,393,-4470.836000000039,29.94999999996071,0
0.003,5,38,411,-4470.744000000034,30.04199999996581,0
0.003,5,39,402,-4470.500000000027,30.285999999972773,0
0.003,5,40,419,-4470.474000000043,30.311999999957152,0
0.003,5,41,394,-4470.458000000033,30.327999999966778,0
0.003,5,42,399,-4470.39800000003,30.387999999969907,0
0.003,5,43,367,-4470.382000000043,30.403999999956795,0
0.003,5,44,408,-4470.089000000013,30.696999999987383,0
0.003,5,45,410,-4469.7980000000425,30.987999999957538,0
0.003,5,46,383,-4469.758000000034,31.027999999965687,0
0.003,5,47,356,-4469.694000000051,31.09199999994871,0
0.003,5,48,393,-4469.54800000004,31.237999999960266,0
0.003,5,49,428,-4469.495000000024,31.29099999997561,0
0.003,5,50,397,-4469.245000000038,31.54099999996197,0
0.003,5,51,439,-4469.129000000046,31.65699999995377,0
0.003,5,52,409,-4469.119000000029,31.666999999971267,0
0.003,5,53,408,-4469.059000000032,31.72699999996803,0
0.003,5,54,377,-4469.00700000004,31.778999999960433,0
0.003,5,55,406,-4468.996000000039,31.789999999960855,0
0.003,5,56,423,-4468.972000000041,31.81399999995938,0
0.003,5,57,435,-4468.949000000018,31.836999999982254,0
0.003,5,58,415,-4468.85500000001,31.93099999999049,0
0.003,5,59,418,-4468.840000000038,31.945999999961714,0
0.003,5,60,436,-4468.279000000013,32.506999999986874,0
0.003,5,61,444,-4468.111000000056,32.67499999994379,0
0.003,5,62,411,-4468.020000000033,32.76599999996688,0
0.003,5,63,406,-4467.966000000032,32.81999999996788,0
0.003,5,64,412,-4467.828000000039,32.95799999996143,0
0.003,5,65,377,-4467.809000000052,32.97699999994802,0
0.003,5,66,391,-4467.683000000048,33.10299999995186,0
0.003,5,67,449,-4467.541000000034,33.24499999996624,0
0.003,5,68,456,-4467.427000000027,33.35899999997309,0
0.003,5,69,399,-4467.314000000039,33.471999999960644,0
0.003,5,70,410,-4467.1970000000365,33.58899999996356,0
0.003,5,71,405,-4467.1580000000395,33.62799999996059,0
0.003,5,72,364,-4466.391000000028,34.39499999997224,0
0.003,5,73,399,-4466.362000000028,34.423999999971784,0
0.003,5,74,403,-4466.281000000039,34.504999999961,0
0.003,5,75,403,-4466.221000000015,34.56499999998505,0
0.003,5,76,381,-4465.929000000031,34.85699999996905,0
0.003,5,77,421,-4465.861000000042,34.924999999958345,0
0.003,5,78,437,-4465.853000000025,34.932999999975436,0
0.003,5,79,409,-4465.774000000014,35.011999999986074,0
0.003,5,80,398,-4465.746000000034,35.03999999996631,0
0.003,5,81,400,-4465.59000000003,35.1959999999699,0
0.003,5,82,426,-4465.309000000052,35.47699999994802,0
0.003,5,83,412,-4464.678000000053,36.107999999947424,0
0.003,5,84,419,-4464.573000000045,36.21299999995517,0
0.003,5,85,403,-4464.296000000036,36.48999999996431,0
0.003,5,86,416,-4463.768000000045,37.017999999955464,0
0.003,5,87,455,-4463.475000000043,37.31099999995695,0
0.003,5,88,393,-4463.458000000044,37.327999999955864,0
0.003,5,89,397,-4463.275000000046,37.51099999995404,0
0.003,5,90,435,-4463.171000000035,37.61499999996522,0
0.003,5,91,428,-4462.1440000000275,38.64199999997254,0
0.003,5,92,411,-4462.095000000058,38.690999999942505,0
0.003,5,93,374,-4462.061000000046,38.72499999995398,0
0.003,5,94,445,-4461.901000000031,38.884999999969295,0
0.003,5,95,413,-4461.759000000019,39.026999999980944,0
0.003,5,96,420,-4461.7500000000255,39.03599999997459,0
0.003,5,97,411,-4460.765000000037,40.02099999996335,0
0.003,5,98,424,-4456.555000000029,44.23099999997066,0
0.003,5,99,446,-4453.646000000021,47.13999999997941,0
0.005,5,0,352,-4532.505000000603,26.804999999397296,0
0.005,5,1,317,-4532.240000000608,27.069999999392167,0
0.005,5,2,336,-4531.810000000613,27.499999999387,0
0.005,5,3,317,-4531.5100000006105,27.79999999938991,0
0.005,5,4,335,-4530.990000000616,28.31999999938398,0
0.005,5,5,330,-4530.990000000615,28.3199999993858,0
0.005,5,6,311,-4530.5350000006165,28.77499999938391,0
0.005,5,7,349,-4530.015000000605,29.29499999939526,0
0.005,5,8,345,-4529.8450000006005,29.46499999939988,0
0.005,5,9,353,-4529.710000000606,29.59999999939464,0
0.005,5,10,325,-4529.500000000626,29.809999999374668,0
0.005,5,11,361,-4529.405000000593,29.904999999407664,0
0.005,5,12,338,-4529.180000000611,30.129999999389838,0
0.005,5,13,342,-4528.670000000593,30.639999999407337,0
0.005,5,14,330,-4528.650000000615,30.659999999385036,0
0.005,5,15,374,-4528.525000000587,30.78499999941323,0
0.005,5,16,334,-4528.435000000597,30.87499999940337,0
0.005,5,17,368,-4528.365000000583,30.944999999417632,0
0.005,5,18,361,-4528.165000000597,31.144999999403808,0
0.005,5,19,365,-4528.085000000595,31.224999999405554,0
0.005,5,20,371,-4527.955000000593,31.354999999407482,0
0.005,5,21,384,-4527.910000000592,31.399999999408465,0
0.005,5,22,339,-4527.735000000603,31.574999999397733,0
0.005,5,23,356,-4527.5850000006085,31.724999999391912,0
0.005,5,24,316,-4527.530000000624,31.77999999937674,0
0.005,5,25,349,-4527.250000000603,32.059999999397405,0
0.005,5,26,339,-4527.230000000608,32.079999999392385,0
0.005,5,27,355,-4527.140000000594,32.16999999940617,0
0.005,5,28,382,-4527.005000000579,32.30499999942185,0
0.005,5,29,336,-4527.000000000599,32.30999999940104,0
0.005,5,30,355,-4526.970000000608,32.3399999993926,0
0.005,5,31,363,-4526.965000000587,32.34499999941363,0
0.005,5,32,363,-4526.565000000595,32.74499999940508,0
0.005,5,33,373,-4526.5100000005905,32.79999999940992,0
0.005,5,34,350,-4526.050000000598,33.25999999940268,0
0.005,5,35,382,-4526.025000000589,33.28499999941141,0
0.005,5,36,369,-4525.960000000594,33.349999999406464,0
0.005,5,37,380,-4525.875000000584,33.434999999416505,0
0.005,5,38,351,-4525.810000000604,33.499999999396096,0
0.005,5,39,388,-4525.615000000586,33.694999999413994,0
0.005,5,40,343,-4525.615000000603,33.69499999939762,0
0.005,5,41,344,-4525.5550000005915,33.75499999940894,0
0.005,5,42,328,-4525.440000000599,33.86999999940144,0
0.005,5,43,360,-4525.405000000589,33.9049999994113,0
0.005,5,44,367,-4525.385000000599,33.924999999401734,0
0.005,5,45,367,-4525.300000000595,34.00999999940541,0
0.005,5,46,370,-4525.255000000601,34.054999999399115,0
0.005,5,47,360,-4525.190000000604,34.119999999395986,0
0.005,5,48,334,-4524.875000000593,34.43499999940741,0
0.005,5,49,352,-4524.625000000612,34.68499999938831,0
0.005,5,50,360,-4524.4850000006,34.82499999940046,0
0.005,5,51,363,-4524.4600000005985,34.849999999401916,0
0.005,5,52,357,-4524.46000000059,34.8499999994101,0
0.005,5,53,370,-4524.2400000005955,35.0699999994049,0
0.005,5,54,362,-4524.165000000601,35.14499999939926,0
0.005,5,55,349,-4523.840000000607,35.46999999939362,0
0.005,5,56,347,-4523.815000000607,35.49499999939326,0
0.005,5,57,352,-4523.730000000604,35.57999999939602,0
0.005,5,58,340,-4523.690000000598,35.61999999940235,0
0.005,5,59,339,-4523.670000000604,35.63999999939642,0
0.005,5,60,377,-4523.370000000588,35.939999999412066,0
0.005,5,61,347,-4522.905000000602,36.40499999939857,0
0.005,5,62,355,-4522.785000000591,36.524999999409374,0
0.005,5,63,383,-4522.700000000593,36.60999999940759,0
0.005,5,64,339,-4522.455000000604,36.85499999939657,0
0.005,5,65,361,-4522.150000000591,37.15999999940959,0
0.005,5,66,332,-4522.110000000607,37.199999999393185,0
0.005,5,67,331,-4522.015000000602,37.29499999939799,0
0.005,5,68,339,-4521.905000000595,37.404999999405845,0
0.005,5,69,360,-4521.900000000608,37.40999999939231,0
0.005,5,70,364,-4521.315000000603,37.994999999397805,0
0.005,5,71,359,-4520.625000000597,38.68499999940377,0
0.005,5,72,378,-4520.525000000576,38.784999999424144,0
0.005,5,73,381,-4520.400000000598,38.90999999940232,0
0.005,5,74,384,-4520.4000000005935,38.909999999406864,0
0.005,5,75,349,-4520.19500000061,39.11499999939042,0
0.005,5,76,342,-4520.190000000613,39.1199999993878,0
0.005,5,77,383,-4519.965000000587,39.34499999941363,0
0.005,5,78,379,-4519.590000000584,39.71999999941636,0
0.005,5,79,387,-4519.225000000585,40.08499999941523,0
0.005,5,80,393,-4519.105000000583,40.20499999941785,0
0.005,5,81,336,-4519.075000000605,40.23499999939577,0
0.005,5,82,365,-4518.975000000603,40.33499999939704,0
0.005,5,83,360,-4518.910000000604,40.39999999939664,0
0.005,5,84,338,-4518.890000000601,40.419999999399806,0
0.005,5,85,336,-4518.680000000616,40.62999999938438,0
0.005,5,86,380,-4518.415000000592,40.894999999408356,0
0.005,5,87,366,-4518.135000000582,41.174999999418105,0
0.005,5,88,364,-4518.075000000594,41.23499999940668,0
0.005,5,89,358,-4517.780000000613,41.529999999387655,0
0.005,5,90,375,-4517.660000000592,41.649999999408465,0
0.005,5,91,333,-4517.4750000006115,41.834999999388856,0
0.005,5,92,357,-4517.435000000604,41.874999999396096,0
0.005,5,93,351,-4516.865000000602,42.44499999939853,0
0.005,5,94,392,-4516.835000000589,42.47499999941101,0
0.005,5,95,370,-4516.530000000598,42.77999999940221,0
0.005,5,96,397,-4516.210000000597,43.099999999403735,0
0.005,5,97,369,-4515.630000000592,43.67999999940821,0
0.005,5,98,380,-4515.590000000598,43.71999999940272,0
0.005,5,99,380,-4515.38000000058,43.92999999942003,0
0.01,5,0,227,-4673.330000000528,32.28999999947155,0
0.01,5,1,246,-4673.190000000505,32.42999999949461,0
0.01,5,2,231,-4672.900000000543,32.719999999457286,0
0.01,5,3,245,-4672.880000000539,32.73999999946045,0
0.01,5,4,224,-4672.790000000528,32.82999999947151,0
0.01,5,5,239,-4672.500000000526,33.1199999994742,0
0.01,5,6,240,-4672.310000000527,33.30999999947289,0
0.01,5,7,231,-4672.300000000533,33.319999999466745,0
0.01,5,8,239,-4671.940000000535,33.6799999994646,0
0.01,5,9,250,-4671.6800000005205,33.93999999947937,0
0.01,5,10,253,-4671.260000000536,34.35999999946398,0
0.01,5,11,237,-4670.960000000537,34.65999999946325,0
0.01,5,12,248,-4670.620000000507,34.9999999994925,0
0.01,5,13,238,-4670.540000000519,35.079999999480606,0
0.01,5,14,236,-4670.530000000528,35.08999999947173,0
0.01,5,15,259,-4670.4900000005255,35.12999999947442,0
0.01,5,16,220,-4670.430000000532,35.189999999467545,0
0.01,5,17,239,-4669.950000000525,35.669999999475294,0
0.01,5,18,248,-4669.820000000531,35.79999999946904,0
0.01,5,19,250,-4669.670000000514,35.949999999485954,0
0.01,5,20,241,-4669.530000000542,36.08999999945809,0
0.01,5,21,243,-4669.410000000524,36.20999999947617,0
0.01,5,22,245,-4669.390000000523,36.229999999476604,0
0.01,5,23,231,-4669.370000000518,36.24999999948159,0
0.01,5,24,250,-4668.940000000532,36.67999999946824,0
0.01,5,25,241,-4668.800000000525,36.81999999947493,0
0.01,5,26,244,-4668.7500000005175,36.86999999948239,0
0.01,5,27,277,-4668.56000000052,37.05999999948017,0
0.01,5,28,261,-4668.460000000522,37.159999999477805,0
0.01,5,29,242,-4668.210000000529,37.40999999947053,0
0.01,5,30,234,-4667.930000000527,37.689999999473,0
0.01,5,31,248,-4667.590000000527,38.02999999947315,0
0.01,5,32,237,-4667.360000000536,38.259999999463616,0
0.01,5,33,235,-4667.270000000529,38.34999999947104,0
0.01,5,34,241,-4667.180000000521,38.43999999947846,0
0.01,5,35,270,-4667.020000000515,38.59999999948468,0
0.01,5,36,244,-4666.800000000526,38.81999999947402,0
0.01,5,37,254,-4666.700000000532,38.91999999946802,0
0.01,5,38,272,-4666.700000000533,38.91999999946711,0
0.01,5,39,260,-4666.640000000524,38.979999999475694,0
0.01,5,40,237,-4666.640000000525,38.979999999474785,0
0.01,5,41,254,-4666.500000000513,39.119999999486936,0
0.01,5,42,231,-4666.460000000534,39.15999999946598,0
0.01,5,43,273,-4666.440000000517,39.17999999948279,0
0.01,5,44,259,-4666.320000000519,39.29999999948086,0
0.01,5,45,232,-4666.29000000053,39.32999999946969,0
0.01,5,46,256,-4666.070000000522,39.54999999947813,0
0.01,5,47,237,-4665.930000000526,39.68999999947391,0
0.01,5,48,230,-4665.88000000053,39.739999999469546,0
0.01,5,49,234,-4665.850000000532,39.76999999946747,0
0.01,5,50,253,-4665.450000000518,40.16999999948166,0
0.01,5,51,252,-4665.380000000529,40.239999999470456,0
0.01,5,52,248,-4665.000000000518,40.61999999948148,0
0.01,5,53,240,-4664.8800000005385,40.73999999946136,0
0.01,5,54,260,-4664.790000000526,40.82999999947424,0
0.01,5,55,261,-4664.730000000512,40.88999999948828,0
0.01,5,56,241,-4664.720000000523,40.89999999947668,0
0.01,5,57,255,-4664.540000000527,41.07999999947333,0
0.01,5,58,273,-4664.510000000528,41.109999999472166,0
0.01,5,59,236,-4664.370000000521,41.24999999947886,0
0.01,5,60,271,-4664.340000000519,41.27999999948133,0
0.01,5,61,273,-4664.080000000516,41.53999999948428,0
0.01,5,62,268,-4664.030000000522,41.589999999478096,0
0.01,5,63,257,-4663.84000000054,41.779999999459505,0
0.01,5,64,266,-4663.770000000516,41.84999999948377,0
0.01,5,65,240,-4663.660000000531,41.95999999946889,0
0.01,5,66,263,-4663.390000000518,42.22999999948206,0
0.01,5,67,237,-4663.300000000524,42.31999999947584,0
0.01,5,68,239,-4663.000000000509,42.619999999490574,0
0.01,5,69,233,-4662.880000000538,42.73999999946227,0
0.01,5,70,263,-4662.77000000052,42.84999999948013,0
0.01,5,71,257,-4662.6000000005215,43.01999999947839,0
0.01,5,72,268,-4662.58000000051,43.03999999948974,0
0.01,5,73,237,-4662.500000000523,43.11999999947693,0
0.01,5,74,277,-4662.070000000506,43.54999999949359,0
0.01,5,75,275,-4662.040000000515,43.57999999948515,0
0.01,5,76,268,-4661.800000000501,43.81999999949858,0
0.01,5,77,273,-4661.65000000052,43.969999999480024,0
0.01,5,78,268,-4661.550000000523,44.06999999947675,0
0.01,5,79,266,-4661.470000000515,44.14999999948486,0
0.01,5,80,269,-4661.440000000504,44.17999999949552,0
0.01,5,81,279,-4661.370000000524,44.24999999947613,0
0.01,5,82,271,-4661.1000000005115,44.51999999948839,0
0.01,5,83,267,-4660.960000000519,44.65999999948053,0
0.01,5,84,255,-4660.910000000503,44.709999999497086,0
0.01,5,85,296,-4660.760000000522,44.85999999947762,0
0.01,5,86,296,-4660.240000000512,45.379999999488064,0
0.01,5,87,274,-4660.0400000004975,45.579999999502434,0
0.01,5,88,290,-4659.840000000527,45.77999999947315,0
0.01,5,89,247,-4659.7400000005255,45.87999999947442,0
0.01,5,90,294,-4659.210000000519,46.40999999948053,0
0.01,5,91,281,-4658.900000000498,46.71999999950185,0
0.01,5,92,299,-4658.74000000051,46.87999999948988,0
0.01,5,93,283,-4658.6900000005,46.92999999950007,0
0.01,5,94,268,-4658.6500000005135,46.96999999948639,0
0.01,5,95,261,-4658.610000000524,47.00999999947544,0
0.01,5,96,254,-4658.590000000526,47.02999999947406,0
0.01,5,97,272,-4658.280000000516,47.33999999948355,0
0.01,5,98,267,-4656.480000000517,49.139999999482825,0
0.01,5,99,253,-4653.7800000005045,51.839999999495376,0
0.02,5,0,104,-4972.92000000055,25.319999999449465,0
0.02,5,1,94,-4972.320000000548,25.919999999451647,0
0.02,5,2,106,-4971.840000000561,26.399999999438478,0
0.02,5,3,111,-4971.0400000005475,27.199999999452302,0
0.02,5,4,107,-4970.240000000555,27.99999999944521,0
0.02,5,5,121,-4969.90000000055,28.3399999994499,0
0.02,5,6,121,-4968.540000000536,29.699999999464126,0
0.02,5,7,117,-4968.220000000558,30.019999999442007,0
0.02,5,8,127,-4967.280000000562,30.95999999943797,0
0.02,5,9,117,-4967.1800000005505,31.059999999449246,0
0.02,5,10,123,-4966.98000000055,31.259999999449974,0
0.02,5,11,124,-4966.720000000544,31.51999999945565,0
0.02,5,12,122,-4966.6000000005515,31.639999999448264,0
0.02,5,13,128,-4966.580000000548,31.65999999945143,0
0.02,5,14,125,-4966.340000000538,31.899999999462125,0
0.02,5,15,126,-4966.300000000552,31.939999999447537,0
0.02,5,16,128,-4966.2400000005455,31.999999999454303,0
0.02,5,17,119,-4966.220000000552,32.019999999447464,0
0.02,5,18,130,-4965.340000000538,32.899999999462125,0
0.02,5,19,119,-4965.32000000056,32.919999999439824,0
0.02,5,20,127,-4965.280000000545,32.95999999945434,0
0.02,5,21,126,-4965.120000000547,33.119999999452375,0
0.02,5,22,125,-4965.020000000545,33.21999999945456,0
0.02,5,23,142,-4965.000000000535,33.239999999465,0
0.02,5,24,121,-4964.920000000544,33.31999999945583,0
0.02,5,25,122,-4964.880000000535,33.35999999946489,0
0.02,5,26,126,-4964.800000000558,33.43999999944208,0
0.02,5,27,128,-4964.7000000005255,33.539999999474276,0
0.02,5,28,123,-4964.420000000551,33.819999999448555,0
0.02,5,29,135,-4964.200000000534,34.03999999946609,0
0.02,5,30,127,-4964.140000000551,34.09999999944921,0
0.02,5,31,133,-4964.000000000535,34.239999999465,0
0.02,5,32,129,-4963.840000000547,34.39999999945303,0
0.02,5,33,124,-4963.680000000541,34.55999999945834,0
0.02,5,34,134,-4963.660000000546,34.57999999945423,0
0.02,5,35,129,-4963.500000000547,34.739999999453175,0
0.02,5,36,126,-4963.320000000537,34.91999999946256,0
0.02,5,37,124,-4963.160000000542,35.07999999945787,0
0.02,5,38,136,-4963.080000000537,35.15999999946234,0
0.02,5,39,124,-4963.000000000529,35.239999999470456,0
0.02,5,40,136,-4962.940000000536,35.29999999946358,0
0.02,5,41,122,-4962.900000000549,35.33999999945081,0
0.02,5,42,130,-4962.640000000541,35.599999999459214,0
0.02,5,43,145,-4962.560000000545,35.679999999454594,0
0.02,5,44,135,-4962.540000000544,35.69999999945594,0
0.02,5,45,146,-4962.540000000536,35.699999999464126,0
0.02,5,46,136,-4962.420000000529,35.81999999947038,0
0.02,5,47,129,-4962.400000000541,35.839999999458996,0
0.02,5,48,137,-4962.180000000544,36.05999999945561,0
0.02,5,49,127,-4962.0600000005425,36.17999999945732,0
0.02,5,50,135,-4961.920000000537,36.31999999946311,0
0.02,5,51,139,-4961.900000000534,36.33999999946536,0
0.02,5,52,133,-4961.840000000548,36.39999999945212,0
0.02,5,53,126,-4961.800000000554,36.43999999944572,0
0.02,5,54,138,-4961.700000000542,36.539999999457905,0
0.02,5,55,130,-4961.660000000538,36.579999999461506,0
0.02,5,56,133,-4961.500000000544,36.739999999455904,0
0.02,5,57,134,-4961.160000000548,37.0799999994515,0
0.02,5,58,131,-4961.0600000005525,37.17999999944732,0
0.02,5,59,126,-4960.860000000549,37.379999999450774,0
0.02,5,60,138,-4960.480000000526,37.75999999947362,0
0.02,5,61,134,-4960.400000000521,37.839999999479005,0
0.02,5,62,129,-4960.400000000543,37.83999999945718,0
0.02,5,63,124,-4960.280000000531,37.95999999946889,0
0.02,5,64,138,-4960.180000000544,38.05999999945561,0
0.02,5,65,130,-4960.060000000547,38.179999999452775,0
0.02,5,66,146,-4960.040000000542,38.19999999945776,0
0.02,5,67,145,-4959.920000000544,38.31999999945583,0
0.02,5,68,137,-4959.920000000543,38.31999999945674,0
0.02,5,69,134,-4959.900000000542,38.33999999945809,0
0.02,5,70,134,-4959.580000000545,38.65999999945507,0
0.02,5,71,129,-4959.540000000539,38.69999999946049,0
0.02,5,72,143,-4959.240000000529,38.999999999470674,0
0.02,5,73,144,-4959.2200000005405,39.01999999945929,0
0.02,5,74,134,-4959.200000000543,39.039999999456995,0
0.02,5,75,132,-4959.060000000542,39.17999999945823,0
0.02,5,76,129,-4959.040000000531,39.19999999946867,0
0.02,5,77,148,-4958.980000000536,39.259999999463616,0
0.02,5,78,151,-4958.960000000539,39.279999999460415,0
0.02,5,79,130,-4958.86000000054,39.37999999945987,0
0.02,5,80,146,-4958.820000000547,39.41999999945256,0
0.02,5,81,142,-4958.400000000544,39.83999999945536,0
0.02,5,82,142,-4958.300000000533,39.939999999466636,0
0.02,5,83,155,-4958.160000000536,40.079999999464235,0
0.02,5,84,141,-4958.060000000535,40.1799999994646,0
0.02,5,85,134,-4957.740000000541,40.49999999945885,0
0.02,5,86,149,-4957.680000000538,40.55999999946198,0
0.02,5,87,134,-4957.640000000537,40.59999999946285,0
0.02,5,88,144,-4957.580000000534,40.65999999946598,0
0.02,5,89,137,-4957.4800000005325,40.759999999467254,0
0.02,5,90,159,-4957.120000000526,41.1199999994742,0
0.02,5,91,138,-4957.100000000532,41.13999999946736,0
0.02,5,92,143,-4957.020000000552,41.21999999944819,0
0.02,5,93,139,-4956.720000000533,41.51999999946656,0
0.02,5,94,131,-4956.160000000538,42.079999999461506,0
0.02,5,95,141,-4955.520000000532,42.7199999994682,0
0.02,5,96,151,-4955.060000000547,43.179999999452775,0
0.02,5,97,129,-4954.820000000523,43.41999999947711,0
0.02,5,98,140,-4954.680000000548,43.559999999451975,0
0.02,5,99,156,-4950.4600000005385,47.779999999461324,0
0.0,6,0,485,-4381.0,21.0,0
0.0,6,1,472,-4381.0,21.0,0
0.0,6,2,517,-4379.0,23.0,0
0.0,6,3,516,-4379.0,23.0,0
0.0,6,4,503,-4378.0,24.0,0
0.0,6,5,490,-4377.0,25.0,0
0.0,6,6,504,-4376.0,26.0,0
0.0,6,7,521,-4376.0,26.0,0
0.0,6,8,519,-4376.0,26.0,0
0.0,6,9,499,-4376.0,26.0,0
0.0,6,10,496,-4376.0,26.0,0
0.0,6,11,539,-4376.0,26.0,0
0.0,6,12,491,-4376.0,26.0,0
0.0,6,13,487,-4376.0,26.0,0
0.0,6,14,453,-4376.0,26.0,0
0.0,6,15,490,-4375.0,27.0,0
0.0,6,16,484,-4375.0,27.0,0
0.0,6,17,504,-4375.0,27.0,0
0.0,6,18,497,-4375.0,27.0,0
0.0,6,19,501,-4374.0,28.0,0
0.0,6,20,475,-4374.0,28.0,0
0.0,6,21,532,-4374.0,28.0,0
0.0,6,22,530,-4374.0,28.0,0
0.0,6,23,492,-4373.0,29.0,0
0.0,6,24,531,-4373.0,29.0,0
0.0,6,25,502,-4373.0,29.0,0
0.0,6,26,507,-4373.0,29.0,0
0.0,6,27,515,-4373.0,29.0,0
0.0,6,28,538,-4373.0,29.0,0
0.0,6,29,521,-4373.0,29.0,0
0.0,6,30,515,-4373.0,29.0,0
0.0,6,31,524,-4372.0,30.0,0
0.0,6,32,498,-4372.0,30.0,0
0.0,6,33,509,-4372.0,30.0,0
0.0,6,34,517,-4372.0,30.0,0
0.0,6,35,492,-4372.0,30.0,0
0.0,6,36,517,-4371.0,31.0,0
0.0,6,37,536,-4371.0,31.0,0
0.0,6,38,490,-4371.0,31.0,0
0.0,6,39,533,-4371.0,31.0,0
0.0,6,40,507,-4371.0,31.0,0
0.0,6,41,515,-4370.0,32.0,0
0.0,6,42,491,-4370.0,32.0,0
0.0,6,43,525,-4370.0,32.0,0
0.0,6,44,506,-4370.0,32.0,0
0.0,6,45,529,-4370.0,32.0,0
0.0,6,46,530,-4370.0,32.0,0
0.0,6,47,559,-4369.0,33.0,0
0.0,6,48,521,-4369.0,33.0,0
0.0,6,49,545,-4369.0,33.0,0
0.0,6,50,513,-4369.0,33.0,0
0.0,6,51,518,-4369.0,33.0,0
0.0,6,52,523,-4369.0,33.0,0
0.0,6,53,551,-4368.0,34.0,0
0.0,6,54,540,-4368.0,34.0,0
0.0,6,55,492,-4368.0,34.0,0
0.0,6,56,521,-4368.0,34.0,0
0.0,6,57,508,-4367.0,35.0,0
0.0,6,58,552,-4367.0,35.0,0
0.0,6,59,499,-4367.0,35.0,0
0.0,6,60,541,-4367.0,35.0,0
0.0,6,61,561,-4367.0,35.0,0
0.0,6,62,495,-4367.0,35.0,0
0.0,6,63,536,-4367.0,35.0,0
0.0,6,64,548,-4366.0,36.0,0
0.0,6,65,553,-4366.0,36.0,0
0.0,6,66,544,-4366.0,36.0,0
0.0,6,67,519,-4366.0,36.0,0
0.0,6,68,525,-4366.0,36.0,0
0.0,6,69,510,-4366.0,36.0,0
0.0,6,70,553,-4366.0,36.0,0
0.0,6,71,530,-4365.0,37.0,0
0.0,6,72,517,-4365.0,37.0,0
0.0,6,73,551,-4365.0,37.0,0
0.0,6,74,512,-4365.0,37.0,0
0.0,6,75,524,-4365.0,37.0,0
0.0,6,76,496,-4365.0,37.0,0
0.0,6,77,513,-4365.0,37.0,0
0.0,6,78,509,-4364.0,38.0,0
0.0,6,79,533,-4364.0,38.0,0
0.0,6,80,531,-4364.0,38.0,0
0.0,6,81,533,-4364.0,38.0,0
0.0,6,82,533,-4364.0,38.0,0
0.0,6,83,545,-4364.0,38.0,0
0.0,6,84,552,-4364.0,38.0,0
0.0,6,85,537,-4363.0,39.0,0
0.0,6,86,561,-4363.0,39.0,0
0.0,6,87,529,-4362.0,40.0,0
0.0,6,88,514,-4362.0,40.0,0
0.0,6,89,490,-4362.0,40.0,0
0.0,6,90,541,-4361.0,41.0,0
0.0,6,91,551,-4361.0,41.0,0
0.0,6,92,513,-4360.0,42.0,0
0.0,6,93,564,-4359.0,43.0,0
0.0,6,94,533,-4358.0,44.0,0
0.0,6,95,509,-4356.0,46.0,0
0.0,6,96,500,-4356.0,46.0,0
0.0,6,97,535,-4356.0,46.0,0
0.0,6,98,526,-4355.0,47.0,0
0.0,6,99,547,-4355.0,47.0,0
0.001,6,0,470,-4408.81400000035,16.536999999650106,0
0.001,6,1,480,-4407.815000000367,17.535999999632622,0
0.001,6,2,486,-4406.771000000358,18.579999999641586,0
0.001,6,3,461,-4405.981000000348,19.369999999651554,0
0.001,6,4,468,-4404.8430000003555,20.5079999996442,0
0.001,6,5,485,-4402.787000000349,22.56399999965106,0
0.001,6,6,476,-4402.762000000334,22.588999999665248,0
0.001,6,7,469,-4401.937000000355,23.413999999645057,0
0.001,6,8,473,-4401.862000000345,23.48899999965488,0
0.001,6,9,482,-4401.85300000034,23.49799999965944,0
0.001,6,10,481,-4401.828000000329,23.5229999996709,0
0.001,6,11,474,-4401.802000000344,23.54899999965528,0
0.001,6,12,505,-4401.572000000346,23.778999999653934,0
0.001,6,13,499,-4401.489000000336,23.861999999663567,0
0.001,6,14,522,-4401.398000000328,23.9529999996721,0
0.001,6,15,497,-4400.769000000349,24.58199999965109,0
0.001,6,16,454,-4399.987000000356,25.363999999643966,0
0.001,6,17,461,-4399.966000000366,25.384999999633692,0
0.001,6,18,458,-4399.938000000352,25.41299999964758,0
0.001,6,19,482,-4399.754000000344,25.596999999655964,0
0.001,6,20,488,-4399.684000000344,25.666999999655673,0
0.001,6,21,513,-4399.51000000032,25.840999999679298,0
0.001,6,22,466,-4398.986000000362,26.364999999637803,0
0.001,6,23,463,-4398.986000000338,26.36499999966145,0
0.001,6,24,470,-4398.885000000372,26.465999999627456,0
0.001,6,25,473,-4398.862000000354,26.488999999645785,0
0.001,6,26,468,-4398.838000000352,26.512999999647946,0
0.001,6,27,483,-4398.72600000035,26.624999999649845,0
0.001,6,28,487,-4398.69700000034,26.65399999965939,0
0.001,6,29,497,-4398.681000000348,26.669999999651736,0
0.001,6,30,499,-4398.677000000347,26.67399999965255,0
0.001,6,31,523,-4398.50500000033,26.845999999669402,0
0.001,6,32,443,-4398.2130000003535,27.137999999646127,0
0.001,6,33,454,-4398.026000000347,27.32499999965239,0
0.001,6,34,475,-4397.898000000363,27.45299999963663,0
0.001,6,35,482,-4397.694000000347,27.656999999652726,0
0.001,6,36,498,-4397.650000000337,27.7009999996626,0
0.001,6,37,490,-4397.591000000349,27.759999999650972,0
0.001,6,38,502,-4397.569000000331,27.781999999669097,0
0.001,6,39,529,-4397.428000000328,27.922999999671447,0
0.001,6,40,516,-4397.410000000324,27.940999999676023,0
0.001,6,41,453,-4397.045000000342,28.305999999657615,0
0.001,6,42,467,-4396.949000000338,28.40199999966171,0
0.001,6,43,477,-4396.925000000358,28.425999999642045,0
0.001,6,44,473,-4396.793000000359,28.557999999640742,0
0.001,6,45,487,-4396.78000000035,28.570999999649757,0
0.001,6,46,484,-4396.7610000003415,28.589999999658176,0
0.001,6,47,492,-4396.749000000339,28.60199999966062,0
0.001,6,48,493,-4396.5840000003345,28.76699999966513,0
0.001,6,49,499,-4396.575000000339,28.7759999996606,0
0.001,6,50,441,-4396.109000000355,29.241999999644577,0
0.001,6,51,467,-4395.98900000034,29.36199999965993,0
0.001,6,52,465,-4395.984000000357,29.366999999642758,0
0.001,6,53,473,-4395.885000000344,29.46599999965565,0
0.001,6,54,490,-4395.740000000358,29.610999999641535,0
0.001,6,55,497,-4395.629000000341,29.721999999658692,0
0.001,6,56,488,-4395.6250000003365,29.725999999663145,0
0.001,6,57,515,-4395.529000000341,29.821999999659056,0
0.001,6,58,471,-4394.890000000341,30.46099999965827,0
0.001,6,59,473,-4394.85600000036,30.49499999963973,0
0.001,6,60,486,-4394.827000000349,30.523999999651096,0
0.001,6,61,481,-4394.752000000347,30.598999999652733,0
0.001,6,62,491,-4394.730000000343,30.620999999656306,0
0.001,6,63,488,-4394.703000000342,30.64799999965726,0
0.001,6,64,496,-4394.6880000003275,30.662999999672138,0
0.001,6,65,501,-4394.59600000035,30.754999999649954,0
0.001,6,66,490,-4394.562000000351,30.788999999648695,0
0.001,6,67,508,-4394.549000000331,30.801999999668624,0
0.001,6,68,517,-4393.485000000327,31.865999999672567,0
0.001,6,69,506,-4393.43100000034,31.91999999965992,0
0.001,6,70,471,-4392.925000000339,32.425999999660235,0
0.001,6,71,467,-4392.904000000359,32.446999999640866,0
0.001,6,72,471,-4392.84100000035,32.50999999965006,0
0.001,6,73,493,-4392.650000000338,32.70099999966169,0
0.001,6,74,507,-4392.642000000348,32.708999999651496,0
0.001,6,75,499,-4392.623000000337,32.72799999966264,0
0.001,6,76,522,-4392.4520000003495,32.89899999965019,0
0.001,6,77,525,-4392.451000000319,32.899999999680404,0
0.001,6,78,486,-4391.705000000341,33.64599999965867,0
0.001,6,79,514,-4391.475000000338,33.87599999966187,0
0.001,6,80,465,-4390.996000000372,34.35499999962758,0
0.001,6,81,465,-4390.977000000344,34.37399999965601,0
0.001,6,82,495,-4390.628000000342,34.722999999657986,0
0.001,6,83,497,-4390.611000000356,34.73999999964326,0
0.001,6,84,511,-4390.60100000035,34.749999999649845,0
0.001,6,85,527,-4390.490000000321,34.860999999678825,0
0.001,6,86,550,-4390.185000000315,35.16599999968457,0
0.001,6,87,556,-4390.07200000033,35.278999999669395,0
0.001,6,88,475,-4388.856000000342,36.49499999965792,0
0.001,6,89,498,-4388.658000000336,36.6929999996637,0
0.001,6,90,533,-4387.23700000033,38.11399999966943,0
0.001,6,91,455,-4387.037000000367,38.31399999963287,0
0.001,6,92,492,-4386.751000000341,38.599999999658394,0
0.001,6,93,483,-4386.702000000359,38.64899999964109,0
0.001,6,94,504,-4386.582000000347,38.768999999652806,0
0.001,6,95,460,-4385.91000000036,39.440999999639644,0
0.001,6,96,510,-4385.51900000034,39.831999999659274,0
0.001,6,97,510,-4384.5800000003555,40.77099999964412,0
0.001,6,98,541,-4383.240000000347,42.11099999965245,0
0.001,6,99,524,-4381.39200000031,43.958999999689695,0
0.003,6,0,432,-4442.7500000000055,29.302999999994427,0
0.003,6,1,435,-4440.627000000007,31.42599999999311,0
0.003,6,2,463,-4438.264000000005,33.78899999999521,0
0.003,6,3,422,-4437.167000000003,34.885999999996784,0
0.003,6,4,442,-4436.711000000001,35.341999999998734,0
0.003,6,5,447,-4436.396000000004,35.656999999995605,0
0.003,6,6,457,-4436.1049999999905,35.948000000009415,0
0.003,6,7,458,-4436.057000000005,35.99599999999464,0
0.003,6,8,434,-4435.642000000001,36.41099999999915,0
0.003,6,9,428,-4435.638999999999,36.41400000000067,0
0.003,6,10,449,-4435.426000000003,36.62699999999677,0
0.003,6,11,455,-4435.12900000001,36.923999999989974,0
0.003,6,12,422,-4434.896999999993,37.156000000007225,0
0.003,6,13,432,-4434.834000000011,37.21899999998914,0
0.003,6,14,428,-4434.8040000000165,37.248999999983425,0
0.003,6,15,435,-4434.777000000006,37.27599999999347,0
0.003,6,16,412,-4434.326000000014,37.72699999998622,0
0.003,6,17,445,-4434.294000000029,37.75899999997091,0
0.003,6,18,423,-4433.978,38.07499999999982,0
0.003,6,19,430,-4433.915000000005,38.13799999999446,0
0.003,6,20,423,-4433.828000000009,38.22499999999127,0
0.003,6,21,421,-4433.824999999985,38.22800000001462,0
0.003,6,22,427,-4433.656999999997,38.39600000000246,0
0.003,6,23,446,-4433.348000000011,38.70499999998901,0
0.003,6,24,421,-4433.212000000021,38.84099999997852,0
0.003,6,25,443,-4433.105000000002,38.94799999999759,0
0.003,6,26,458,-4433.093000000004,38.95999999999549,0
0.003,6,27,477,-4432.529000000003,39.523999999996704,0
0.003,6,28,431,-4432.486000000006,39.56699999999364,0
0.003,6,29,423,-4432.160999999992,39.89200000000801,0
0.003,6,30,430,-4432.127999999989,39.925000000011096,0
0.003,6,31,459,-4431.916000000005,40.13699999999517,0
0.003,6,32,462,-4431.709000000021,40.34399999997913,0
0.003,6,33,438,-4431.657000000012,40.39599999998791,0
0.003,6,34,442,-4431.546000000007,40.50699999999324,0
0.003,6,35,464,-4431.429999999999,40.6230000000005,0
0.003,6,36,448,-4431.249000000003,40.80399999999645,0
0.003,6,37,457,-4431.186000000016,40.86699999998382,0
0.003,6,38,479,-4431.178000000017,40.87499999998272,0
0.003,6,39,461,-4431.111000000016,40.941999999983636,0
0.003,6,40,466,-4430.826000000005,41.226999999995314,0
0.003,6,41,472,-4430.801999999998,41.25100000000202,0
0.003,6,42,464,-4430.538000000001,41.51499999999851,0
0.003,6,43,455,-4430.024000000014,42.0289999999859,0
0.003,6,44,453,-4429.9400000000105,42.11299999998937,0
0.003,6,45,443,-4429.934000000008,42.1189999999915,0
0.003,6,46,463,-4429.789999999988,42.26300000001174,0
0.003,6,47,467,-4429.700000000013,42.35299999998733,0
0.003,6,48,442,-4429.675000000011,42.37799999998879,0
0.003,6,49,469,-4429.523000000003,42.52999999999702,0
0.003,6,50,440,-4429.503999999997,42.54900000000271,0
0.003,6,51,474,-4429.460000000028,42.59299999997165,0
0.003,6,52,441,-4429.423000000015,42.62999999998465,0
0.003,6,53,483,-4429.346000000005,42.70699999999488,0
0.003,6,54,463,-4428.862000000012,43.19099999998798,0
0.003,6,55,464,-4428.792999999998,43.26000000000204,0
0.003,6,56,488,-4428.286000000007,43.76699999999255,0
0.003,6,57,444,-4428.215999999997,43.83700000000317,0
0.003,6,58,445,-4428.189000000002,43.86399999999776,0
0.003,6,59,479,-4428.177999999997,43.87500000000273,0
0.003,6,60,452,-4428.000000000023,44.052999999977146,0
0.003,6,61,458,-4427.976000000015,44.076999999984764,0
0.003,6,62,463,-4427.969999999995,44.083000000005086,0
0.003,6,63,431,-4427.914999999991,44.138000000009015,0
0.003,6,64,472,-4427.705999999993,44.34700000000703,0
0.003,6,65,434,-4427.687000000011,44.36599999998907,0
0.003,6,66,445,-4427.434999999993,44.61800000000676,0
0.003,6,67,478,-4427.406000000022,44.64699999997811,0
0.003,6,68,444,-4427.303000000011,44.749999999989086,0
0.003,6,69,458,-4427.20399999999,44.849000000010165,0
0.003,6,70,531,-4426.930000000014,45.12299999998595,0
0.003,6,71,464,-4426.82300000001,45.22999999998956,0
0.003,6,72,432,-4426.822000000009,45.23099999999067,0
0.003,6,73,439,-4426.615000000011,45.43799999998919,0
0.003,6,74,487,-4426.048999999998,46.004000000001724,0
0.003,6,75,489,-4425.917000000001,46.1359999999986,0
0.003,6,76,444,-4425.440999999988,46.6120000000119,0
0.003,6,77,445,-4425.180000000028,46.87299999997231,0
0.003,6,78,452,-4425.017999999992,47.03500000000804,0
0.003,6,79,443,-4424.942999999982,47.11000000001786,0
0.003,6,80,470,-4424.7029999999995,47.350000000000364,0
0.003,6,81,448,-4423.994000000007,48.05899999999292,0
0.003,6,82,466,-4423.712000000005,48.34099999999489,0
0.003,6,83,476,-4423.394000000007,48.658999999993284,0
0.003,6,84,483,-4423.346000000002,48.706999999997606,0
0.003,6,85,445,-4422.913000000013,49.139999999986685,0
0.003,6,86,474,-4422.583000000018,49.469999999982065,0
0.003,6,87,466,-4422.565000000012,49.48799999998755,0
0.003,6,88,493,-4422.2980000000125,49.754999999987376,0
0.003,6,89,499,-4420.905000000014,51.147999999985586,0
0.003,6,90,485,-4420.193000000018,51.85999999998148,0
0.003,6,91,498,-4420.1810000000005,51.87199999999939,0
0.003,6,92,479,-4420.163000000004,51.88999999999578,0
0.003,6,93,463,-4419.750999999997,52.30200000000332,0
0.003,6,94,464,-4419.663999999992,52.38900000000831,0
0.003,6,95,434,-4419.573000000018,52.47999999998228,0
0.003,6,96,459,-4418.823000000001,53.229999999998654,0
0.003,6,97,457,-4418.039000000002,54.013999999998305,0
0.003,6,98,443,-4413.432000000002,58.620999999998276,0
0.003,6,99,480,-4412.484000000004,59.56899999999587,0
0.005,6,0,394,-4490.035000000537,28.719999999462743,0
0.005,6,1,385,-4487.955000000546,30.799999999454485,0
0.005,6,2,420,-4486.935000000527,31.81999999947311,0
0.005,6,3,360,-4486.560000000552,32.194999999448555,0
0.005,6,4,410,-4486.510000000539,32.24499999946147,0
0.005,6,5,385,-4485.420000000531,33.33499999946889,0
0.005,6,6,415,-4485.06000000053,33.69499999947038,0
0.005,6,7,408,-4484.725000000541,34.029999999459505,0
0.005,6,8,391,-4483.680000000536,35.074999999464126,0
0.005,6,9,411,-4483.615000000537,35.139999999462816,0
0.005,6,10,410,-4483.560000000542,35.19499999945856,0
0.005,6,11,431,-4483.545000000515,35.20999999948526,0
0.005,6,12,377,-4483.035000000531,35.71999999946911,0
0.005,6,13,388,-4482.890000000528,35.864999999472275,0
0.005,6,14,440,-4482.855000000519,35.899999999481224,0
0.005,6,15,362,-4482.825000000551,35.92999999944914,0
0.005,6,16,430,-4482.790000000522,35.964999999478096,0
0.005,6,17,393,-4482.785000000541,35.969999999459105,0
0.005,6,18,358,-4482.765000000538,35.98999999946227,0
0.005,6,19,381,-4482.745000000548,36.00999999945179,0
0.005,6,20,399,-4482.695000000542,36.05999999945834,0
0.005,6,21,420,-4482.195000000539,36.55999999946107,0
0.005,6,22,426,-4481.765000000523,36.98999999947682,0
0.005,6,23,408,-4481.660000000536,37.09499999946456,0
0.005,6,24,401,-4481.555000000531,37.19999999946867,0
0.005,6,25,417,-4481.405000000533,37.3499999994674,0
0.005,6,26,388,-4481.345000000534,37.40999999946598,0
0.005,6,27,378,-4481.120000000536,37.634999999464526,0
0.005,6,28,397,-4480.875000000535,37.879999999465326,0
0.005,6,29,386,-4480.695000000543,38.05999999945743,0
0.005,6,30,422,-4480.305000000528,38.44999999947231,0
0.005,6,31,371,-4480.035000000545,38.71999999945547,0
0.005,6,32,408,-4479.7250000005315,39.0299999994686,0
0.005,6,33,377,-4479.695000000549,39.059999999451065,0
0.005,6,34,409,-4479.390000000528,39.364999999472275,0
0.005,6,35,432,-4479.150000000517,39.60499999948297,0
0.005,6,36,375,-4479.000000000544,39.75499999945623,0
0.005,6,37,378,-4478.955000000543,39.799999999457214,0
0.005,6,38,406,-4478.95000000053,39.804999999470056,0
0.005,6,39,400,-4478.880000000545,39.87499999945521,0
0.005,6,40,360,-4478.830000000559,39.92499999944084,0
0.005,6,41,418,-4478.82500000052,39.92999999948006,0
0.005,6,42,382,-4478.80000000055,39.95499999944968,0
0.005,6,43,377,-4478.695000000542,40.05999999945834,0
0.005,6,44,419,-4478.685000000517,40.069999999483116,0
0.005,6,45,406,-4478.670000000543,40.08499999945707,0
0.005,6,46,395,-4478.3350000005385,40.41999999946165,0
0.005,6,47,395,-4478.32000000053,40.434999999470165,0
0.005,6,48,390,-4478.060000000547,40.6949999994531,0
0.005,6,49,354,-4477.91500000054,40.839999999459906,0
0.005,6,50,399,-4477.785000000532,40.9699999994682,0
0.005,6,51,415,-4477.770000000523,40.98499999947671,0
0.005,6,52,429,-4477.745000000536,41.009999999464526,0
0.005,6,53,392,-4477.735000000532,41.01999999946838,0
0.005,6,54,391,-4477.420000000544,41.33499999945616,0
0.005,6,55,406,-4477.390000000536,41.36499999946409,0
0.005,6,56,440,-4477.195000000525,41.55999999947471,0
0.005,6,57,391,-4477.170000000545,41.58499999945525,0
0.005,6,58,397,-4477.115000000532,41.63999999946827,0
0.005,6,59,423,-4477.080000000534,41.67499999946631,0
0.005,6,60,389,-4476.855000000522,41.899999999478496,0
0.005,6,61,380,-4476.685000000537,42.06999999946311,0
0.005,6,62,427,-4476.605000000527,42.14999999947304,0
0.005,6,63,409,-4476.495000000525,42.25999999947544,0
0.005,6,64,399,-4476.4400000005335,42.314999999466636,0
0.005,6,65,409,-4476.10000000053,42.65499999947042,0
0.005,6,66,465,-4475.8400000005,42.91499999949974,0
0.005,6,67,431,-4475.640000000534,43.11499999946591,0
0.005,6,68,413,-4475.555000000527,43.19999999947322,0
0.005,6,69,430,-4475.315000000526,43.43999999947391,0
0.005,6,70,383,-4475.280000000549,43.47499999945103,0
0.005,6,71,397,-4475.140000000547,43.614999999453175,0
0.005,6,72,366,-4475.1000000005415,43.654999999458596,0
0.005,6,73,420,-4475.01000000053,43.744999999469655,0
0.005,6,74,414,-4474.720000000529,44.03499999947144,0
0.005,6,75,416,-4474.51500000053,44.239999999470456,0
0.005,6,76,427,-4474.445000000529,44.309999999471074,0
0.005,6,77,424,-4474.415000000528,44.33999999947173,0
0.005,6,78,411,-4474.100000000529,44.65499999947133,0
0.005,6,79,427,-4473.92000000053,44.8349999994698,0
0.005,6,80,407,-4473.865000000527,44.88999999947282,0
0.005,6,81,442,-4473.85000000052,44.904999999480424,0
0.005,6,82,441,-4473.515000000523,45.23999999947682,0
0.005,6,83,392,-4473.285000000535,45.46999999946547,0
0.005,6,84,408,-4473.200000000531,45.554999999469146,0
0.005,6,85,415,-4473.18500000053,45.56999999947038,0
0.005,6,86,368,-4473.0550000005405,45.69999999945958,0
0.005,6,87,416,-4472.850000000523,45.904999999476786,0
0.005,6,88,439,-4472.735000000519,46.019999999481115,0
0.005,6,89,420,-4472.16500000053,46.58999999946991,0
0.005,6,90,404,-4472.1350000005195,46.61999999948057,0
0.005,6,91,414,-4471.900000000522,46.85499999947842,0
0.005,6,92,421,-4471.785000000534,46.96999999946638,0
0.005,6,93,418,-4471.775000000526,46.979999999473876,0
0.005,6,94,404,-4471.58500000054,47.16999999945983,0
0.005,6,95,449,-4471.525000000515,47.22999999948479,0
0.005,6,96,410,-4471.380000000544,47.37499999945612,0
0.005,6,97,405,-4470.4750000005415,48.279999999458596,0
0.005,6,98,373,-4470.220000000542,48.534999999457796,0
0.005,6,99,428,-4464.640000000537,54.11499999946318,0
0.01,6,0,239,-4602.710000000546,32.799999999454485,0
0.01,6,1,291,-4602.020000000527,33.489999999473184,0
0.01,6,2,299,-4601.720000000514,33.7899999994861,0
0.01,6,3,261,-4598.880000000534,36.629999999466236,0
0.01,6,4,285,-4597.670000000517,37.83999999948355,0
0.01,6,5,317,-4596.780000000525,38.729999999474785,0
0.01,6,6,307,-4596.6300000005185,38.8799999994817,0
0.01,6,7,303,-4595.900000000531,39.60999999946944,0
0.01,6,8,295,-4595.66000000052,39.84999999948013,0
0.01,6,9,298,-4594.150000000522,41.35999999947853,0
0.01,6,10,295,-4594.090000000521,41.41999999947893,0
0.01,6,11,296,-4593.940000000523,41.56999999947766,0
0.01,6,12,309,-4593.9100000005,41.59999999950014,0
0.01,6,13,300,-4593.780000000515,41.72999999948479,0
0.01,6,14,307,-4593.710000000519,41.79999999948086,0
0.01,6,15,305,-4593.280000000516,42.22999999948388,0
0.01,6,16,295,-4593.240000000517,42.269999999482934,0
0.01,6,17,307,-4592.750000000499,42.759999999500906,0
0.01,6,18,301,-4592.630000000535,42.879999999465326,0
0.01,6,19,272,-4592.3900000005115,43.119999999488755,0
0.01,6,20,307,-4592.350000000512,43.15999999948781,0
0.01,6,21,311,-4592.100000000535,43.40999999946507,0
0.01,6,22,293,-4592.080000000526,43.4299999994746,0
0.01,6,23,310,-4591.890000000523,43.61999999947693,0
0.01,6,24,320,-4591.820000000508,43.6899999994921,0
0.01,6,25,334,-4591.650000000521,43.85999999947944,0
0.01,6,26,295,-4591.560000000525,43.94999999947504,0
0.01,6,27,311,-4591.450000000518,44.05999999948199,0
0.01,6,28,336,-4591.430000000523,44.07999999947697,0
0.01,6,29,303,-4591.240000000521,44.269999999479296,0
0.01,6,30,323,-4591.2300000005025,44.279999999497704,0
0.01,6,31,327,-4591.040000000498,44.46999999950185,0
0.01,6,32,280,-4591.010000000511,44.499999999488864,0
0.01,6,33,305,-4590.76000000053,44.749999999469765,0
0.01,6,34,309,-4590.7500000005,44.759999999499996,0
0.01,6,35,322,-4590.6600000005155,44.84999999948468,0
0.01,6,36,289,-4590.650000000532,44.85999999946853,0
0.01,6,37,305,-4590.520000000538,44.98999999946227,0
0.01,6,38,336,-4590.480000000522,45.029999999478605,0
0.01,6,39,314,-4590.440000000517,45.069999999483116,0
0.01,6,40,321,-4590.350000000511,45.15999999948963,0
0.01,6,41,335,-4590.040000000495,45.46999999950549,0
0.01,6,42,300,-4589.860000000516,45.64999999948395,0
0.01,6,43,274,-4589.850000000532,45.6599999994678,0
0.01,6,44,303,-4589.510000000527,45.9999999994734,0
0.01,6,45,322,-4589.480000000511,46.02999999948952,0
0.01,6,46,324,-4589.2600000005095,46.24999999949068,0
0.01,6,47,321,-4589.1300000005085,46.3799999994917,0
0.01,6,48,302,-4589.070000000509,46.43999999949119,0
0.01,6,49,338,-4589.040000000511,46.46999999948912,0
0.01,6,50,312,-4588.800000000528,46.70999999947253,0
0.01,6,51,322,-4588.600000000505,46.909999999495085,0
0.01,6,52,297,-4588.3800000005285,47.12999999947169,0
0.01,6,53,289,-4588.300000000526,47.20999999947435,0
0.01,6,54,330,-4588.290000000504,47.219999999496395,0
0.01,6,55,317,-4588.270000000498,47.23999999950229,0
0.01,6,56,294,-4588.140000000526,47.3699999994742,0
0.01,6,57,318,-4587.970000000528,47.53999999947246,0
0.01,6,58,301,-4587.870000000514,47.63999999948646,0
0.01,6,59,301,-4587.610000000522,47.899999999478496,0
0.01,6,60,325,-4587.600000000518,47.90999999948235,0
0.01,6,61,295,-4587.420000000532,48.08999999946809,0
0.01,6,62,315,-4587.300000000504,48.209999999496176,0
0.01,6,63,311,-4587.140000000504,48.36999999949603,0
0.01,6,64,329,-4587.110000000514,48.39999999948577,0
0.01,6,65,307,-4586.9800000005225,48.529999999477695,0
0.01,6,66,307,-4586.030000000514,49.47999999948661,0
0.01,6,67,327,-4585.620000000498,49.889999999501924,0
0.01,6,68,325,-4585.420000000495,50.08999999950538,0
0.01,6,69,298,-4585.270000000527,50.239999999473184,0
0.01,6,70,319,-4584.830000000506,50.67999999949461,0
0.01,6,71,325,-4584.650000000517,50.85999999948308,0
0.01,6,72,322,-4584.620000000493,50.88999999950738,0
0.01,6,73,344,-4584.610000000503,50.899999999497595,0
0.01,6,74,302,-4584.530000000514,50.97999999948661,0
0.01,6,75,337,-4584.480000000506,51.029999999494066,0
0.01,6,76,315,-4584.4800000005025,51.029999999497704,0
0.01,6,77,317,-4584.480000000504,51.029999999495885,0
0.01,6,78,322,-4584.470000000506,51.039999999494285,0
0.01,6,79,303,-4584.290000000522,51.219999999478205,0
0.01,6,80,323,-4584.220000000512,51.28999999948792,0
0.01,6,81,317,-4584.110000000527,51.39999999947304,0
0.01,6,82,347,-4584.080000000507,51.42999999949279,0
0.01,6,83,315,-4584.00000000052,51.50999999947999,0
0.01,6,84,321,-4583.990000000513,51.51999999948748,0
0.01,6,85,283,-4583.940000000522,51.56999999947857,0
0.01,6,86,345,-4583.590000000499,51.91999999950167,0
0.01,6,87,308,-4583.400000000508,52.109999999492175,0
0.01,6,88,317,-4583.280000000523,52.22999999947751,0
0.01,6,89,347,-4583.1900000005035,52.31999999949676,0
0.01,6,90,314,-4581.600000000519,53.90999999948144,0
0.01,6,91,340,-4581.440000000497,54.069999999503125,0
0.01,6,92,335,-4581.270000000514,54.23999999948592,0
0.01,6,93,343,-4580.360000000501,55.149999999499414,0
0.01,6,94,352,-4579.870000000498,55.639999999501924,0
0.01,6,95,336,-4579.440000000508,56.06999999949221,0
0.01,6,96,309,-4579.060000000525,56.44999999947504,0
0.01,6,97,340,-4578.390000000521,57.11999999947966,0
0.01,6,98,325,-4578.150000000514,57.35999999948581,0
0.01,6,99,328,-4575.490000000521,60.019999999479296,0
0.02,6,0,175,-4831.900000000503,37.11999999949785,0
0.02,6,1,161,-4831.240000000504,37.779999999496795,0
0.02,6,2,176,-4829.980000000499,39.03999999950156,0
0.02,6,3,180,-4827.8600000005,41.15999999950054,0
0.02,6,4,177,-4826.960000000499,42.05999999950109,0
0.02,6,5,176,-4826.72000000049,42.299999999510874,0
0.02,6,6,190,-4826.100000000496,42.9199999995044,0
0.02,6,7,167,-4826.080000000498,42.939999999502106,0
0.02,6,8,181,-4825.640000000475,43.37999999952535,0
0.02,6,9,175,-4825.480000000492,43.53999999950884,0
0.02,6,10,181,-4825.020000000484,43.99999999951615,0
0.02,6,11,203,-4824.920000000487,44.099999999513784,0
0.02,6,12,193,-4824.920000000487,44.099999999513784,0
0.02,6,13,176,-4824.6800000005105,44.33999999948992,0
0.02,6,14,172,-4824.6600000004955,44.35999999950491,0
0.02,6,15,178,-4824.160000000479,44.85999999952128,0
0.02,6,16,194,-4823.8000000004795,45.21999999952095,0
0.02,6,17,187,-4823.600000000504,45.41999999949621,0
0.02,6,18,192,-4823.440000000481,45.579999999519714,0
0.02,6,19,180,-4823.400000000483,45.61999999951786,0
0.02,6,20,188,-4823.260000000498,45.759999999502725,0
0.02,6,21,187,-4823.140000000489,45.87999999951171,0
0.02,6,22,182,-4822.8200000004945,46.19999999950596,0
0.02,6,23,176,-4822.8000000004695,46.219999999530955,0
0.02,6,24,203,-4822.600000000497,46.41999999950349,0
0.02,6,25,169,-4822.520000000498,46.499999999502506,0
0.02,6,26,199,-4822.52000000049,46.49999999951069,0
0.02,6,27,183,-4822.080000000488,46.93999999951211,0
0.02,6,28,185,-4821.780000000493,47.239999999507745,0
0.02,6,29,222,-4821.720000000478,47.2999999995227,0
0.02,6,30,192,-4821.260000000494,47.75999999950636,0
0.02,6,31,186,-4821.220000000482,47.79999999951815,0
0.02,6,32,201,-4820.840000000477,48.179999999523716,0
0.02,6,33,182,-4820.800000000485,48.219999999515494,0
0.02,6,34,188,-4820.800000000481,48.21999999951913,0
0.02,6,35,198,-4820.540000000489,48.479999999511165,0
0.02,6,36,192,-4820.540000000471,48.479999999529355,0
0.02,6,37,180,-4820.520000000505,48.49999999949523,0
0.02,6,38,182,-4820.200000000485,48.81999999951586,0
0.02,6,39,203,-4820.1400000004705,48.8799999995299,0
0.02,6,40,187,-4820.1000000005015,48.91999999949894,0
0.02,6,41,202,-4820.040000000487,48.979999999512984,0
0.02,6,42,198,-4819.880000000476,49.13999999952466,0
0.02,6,43,192,-4819.760000000464,49.259999999536376,0
0.02,6,44,200,-4819.740000000485,49.279999999514985,0
0.02,6,45,174,-4819.600000000511,49.419999999489846,0
0.02,6,46,210,-4819.580000000475,49.43999999952575,0
0.02,6,47,201,-4819.560000000492,49.459999999508,0
0.02,6,48,197,-4819.440000000487,49.57999999951335,0
0.02,6,49,202,-4819.300000000487,49.719999999513675,0
0.02,6,50,185,-4818.9800000004825,50.03999999951793,0
0.02,6,51,192,-4818.900000000488,50.1199999995124,0
0.02,6,52,198,-4818.84000000049,50.17999999951007,0
0.02,6,53,193,-4818.780000000481,50.23999999951957,0
0.02,6,54,192,-4818.760000000477,50.25999999952364,0
0.02,6,55,195,-4818.7200000004905,50.299999999509964,0
0.02,6,56,189,-4818.620000000485,50.399999999515785,0
0.02,6,57,204,-4818.600000000468,50.41999999953259,0
0.02,6,58,215,-4818.44000000048,50.57999999952062,0
0.02,6,59,214,-4817.9200000004785,51.09999999952197,0
0.02,6,60,218,-4817.800000000474,51.21999999952641,0
0.02,6,61,204,-4817.580000000498,51.439999999502106,0
0.02,6,62,201,-4817.560000000498,51.45999999950254,0
0.02,6,63,198,-4817.520000000489,51.4999999995116,0
0.02,6,64,214,-4817.460000000464,51.55999999953656,0
0.02,6,65,198,-4817.440000000481,51.579999999519714,0
0.02,6,66,229,-4817.380000000483,51.639999999517386,0
0.02,6,67,207,-4817.340000000474,51.679999999526444,0
0.02,6,68,206,-4817.100000000498,51.91999999950258,0
0.02,6,69,204,-4817.100000000462,51.91999999953805,0
0.02,6,70,225,-4817.080000000481,51.93999999951939,0
0.02,6,71,197,-4816.840000000483,52.17999999951735,0
0.02,6,72,197,-4816.800000000485,52.219999999515494,0
0.02,6,73,219,-4816.700000000485,52.31999999951586,0
0.02,6,74,192,-4816.66000000048,52.35999999952037,0
0.02,6,75,197,-4816.540000000489,52.479999999511165,0
0.02,6,76,192,-4816.460000000483,52.55999999951746,0
0.02,6,77,213,-4816.440000000481,52.579999999519714,0
0.02,6,78,189,-4816.220000000491,52.799999999509055,0
0.02,6,79,207,-4816.160000000472,52.859999999528554,0
0.02,6,80,184,-4815.860000000483,53.15999999951782,0
0.02,6,81,218,-4815.6000000004815,53.41999999951895,0
0.02,6,82,202,-4815.560000000491,53.45999999950982,0
0.02,6,83,206,-4815.540000000494,53.47999999950662,0
0.02,6,84,192,-4815.480000000478,53.53999999952248,0
0.02,6,85,209,-4814.940000000491,54.07999999950971,0
0.02,6,86,212,-4814.520000000489,54.4999999995116,0
0.02,6,87,216,-4813.32000000047,55.69999999953052,0
0.02,6,88,203,-4813.300000000472,55.71999999952823,0
0.02,6,89,207,-4812.6200000004765,56.39999999952397,0
0.02,6,90,203,-4812.400000000484,56.61999999951604,0
0.02,6,91,215,-4812.320000000471,56.69999999952961,0
0.02,6,92,186,-4811.9800000004625,57.03999999953794,0
0.02,6,93,201,-4811.280000000481,57.73999999951957,0
0.02,6,94,223,-4811.040000000466,57.97999999953481,0
0.02,6,95,223,-4810.700000000479,58.319999999521315,0
0.02,6,96,225,-4810.24000000048,58.77999999952044,0
0.02,6,97,222,-4808.500000000473,60.5199999995275,0
0.02,6,98,225,-4808.260000000491,60.75999999950909,0
0.02,6,99,238,-4799.600000000474,69.41999999952623,0
0.0,7,0,479,-4339.0,11.0,0
0.0,7,1,540,-4336.0,14.0,0
0.0,7,2,506,-4336.0,14.0,0
0.0,7,3,526,-4335.0,15.0,0
0.0,7,4,515,-4335.0,15.0,0
0.0,7,5,472,-4335.0,15.0,0
0.0,7,6,547,-4335.0,15.0,0
0.0,7,7,484,-4334.0,16.0,0
0.0,7,8,504,-4334.0,16.0,0
0.0,7,9,545,-4333.0,17.0,0
0.0,7,10,575,-4333.0,17.0,0
0.0,7,11,516,-4333.0,17.0,0
0.0,7,12,527,-4333.0,17.0,0
0.0,7,13,522,-4332.0,18.0,0
0.0,7,14,526,-4332.0,18.0,0
0.0,7,15,540,-4332.0,18.0,0
0.0,7,16,479,-4331.0,19.0,0
0.0,7,17,519,-4331.0,19.0,0
0.0,7,18,536,-4331.0,19.0,0
0.0,7,19,521,-4331.0,19.0,0
0.0,7,20,521,-4331.0,19.0,0
0.0,7,21,505,-4331.0,19.0,0
0.0,7,22,512,-4331.0,19.0,0
0.0,7,23,546,-4330.0,20.0,0
0.0,7,24,525,-4330.0,20.0,0
0.0,7,25,516,-4330.0,20.0,0
0.0,7,26,503,-4330.0,20.0,0
0.0,7,27,502,-4330.0,20.0,0
0.0,7,28,509,-4330.0,20.0,0
0.0,7,29,486,-4329.0,21.0,0
0.0,7,30,551,-4329.0,21.0,0
0.0,7,31,554,-4329.0,21.0,0
0.0,7,32,540,-4329.0,21.0,0
0.0,7,33,514,-4329.0,21.0,0
0.0,7,34,508,-4329.0,21.0,0
0.0,7,35,508,-4329.0,21.0,0
0.0,7,36,508,-4329.0,21.0,0
0.0,7,37,521,-4328.0,22.0,0
0.0,7,38,535,-4328.0,22.0,0
0.0,7,39,587,-4328.0,22.0,0
0.0,7,40,470,-4328.0,22.0,0
0.0,7,41,493,-4328.0,22.0,0
0.0,7,42,544,-4328.0,22.0,0
0.0,7,43,499,-4328.0,22.0,0
0.0,7,44,535,-4328.0,22.0,0
0.0,7,45,540,-4328.0,22.0,0
0.0,7,46,527,-4328.0,22.0,0
0.0,7,47,549,-4327.0,23.0,0
0.0,7,48,518,-4327.0,23.0,0
0.0,7,49,521,-4327.0,23.0,0
0.0,7,50,543,-4327.0,23.0,0
0.0,7,51,546,-4327.0,23.0,0
0.0,7,52,515,-4327.0,23.0,0
0.0,7,53,498,-4327.0,23.0,0
0.0,7,54,550,-4327.0,23.0,0
0.0,7,55,516,-4327.0,23.0,0
0.0,7,56,525,-4327.0,23.0,0
0.0,7,57,552,-4327.0,23.0,0
0.0,7,58,548,-4327.0,23.0,0
0.0,7,59,529,-4326.0,24.0,0
0.0,7,60,499,-4326.0,24.0,0
0.0,7,61,533,-4326.0,24.0,0
0.0,7,62,481,-4326.0,24.0,0
0.0,7,63,538,-4326.0,24.0,0
0.0,7,64,511,-4326.0,24.0,0
0.0,7,65,483,-4326.0,24.0,0
0.0,7,66,535,-4325.0,25.0,0
0.0,7,67,525,-4325.0,25.0,0
0.0,7,68,512,-4325.0,25.0,0
0.0,7,69,568,-4325.0,25.0,0
0.0,7,70,527,-4325.0,25.0,0
0.0,7,71,572,-4325.0,25.0,0
0.0,7,72,564,-4324.0,26.0,0
0.0,7,73,541,-4324.0,26.0,0
0.0,7,74,549,-4324.0,26.0,0
0.0,7,75,525,-4324.0,26.0,0
0.0,7,76,545,-4324.0,26.0,0
0.0,7,77,536,-4324.0,26.0,0
0.0,7,78,516,-4324.0,26.0,0
0.0,7,79,540,-4324.0,26.0,0
0.0,7,80,540,-4324.0,26.0,0
0.0,7,81,517,-4324.0,26.0,0
0.0,7,82,503,-4323.0,27.0,0
0.0,7,83,561,-4323.0,27.0,0
0.0,7,84,546,-4323.0,27.0,0
0.0,7,85,534,-4323.0,27.0,0
0.0,7,86,516,-4323.0,27.0,0
0.0,7,87,527,-4323.0,27.0,0
0.0,7,88,560,-4323.0,27.0,0
0.0,7,89,499,-4322.0,28.0,0
0.0,7,90,530,-4322.0,28.0,0
0.0,7,91,528,-4322.0,28.0,0
0.0,7,92,550,-4322.0,28.0,0
0.0,7,93,552,-4321.0,29.0,0
0.0,7,94,584,-4320.0,30.0,0
0.0,7,95,509,-4319.0,31.0,0
0.0,7,96,559,-4316.0,34.0,0
0.0,7,97,561,-4315.0,35.0,0
0.0,7,98,548,-4314.0,36.0,0
0.0,7,99,536,-4311.0,39.0,0
0.001,7,0,439,-4370.236000000308,11.927999999691565,0
0.001,7,1,452,-4369.065000000306,13.09899999969366,0
0.001,7,2,464,-4368.006000000302,14.157999999697495,0
0.001,7,3,464,-4367.86400000031,14.299999999690044,0
0.001,7,4,493,-4367.530000000292,14.633999999708067,0
0.001,7,5,448,-4367.177000000307,14.98699999969267,0
0.001,7,6,472,-4366.975000000307,15.188999999692896,0
0.001,7,7,464,-4366.951000000298,15.212999999701424,0
0.001,7,8,418,-4366.53200000031,15.63199999968947,0
0.001,7,9,466,-4365.931000000294,16.2329999997055,0
0.001,7,10,474,-4365.714000000278,16.449999999721513,0
0.001,7,11,504,-4365.437000000293,16.726999999707004,0
0.001,7,12,449,-4365.110000000299,17.053999999700864,0
0.001,7,13,462,-4364.949000000299,17.21499999970092,0
0.001,7,14,463,-4364.886000000304,17.277999999695567,0
0.001,7,15,482,-4364.633000000298,17.530999999701635,0
0.001,7,16,496,-4364.616000000282,17.54799999971783,0
0.001,7,17,524,-4364.2360000003,17.92799999969975,0
0.001,7,18,488,-4363.740000000287,18.423999999712578,0
0.001,7,19,476,-4363.662000000307,18.501999999693,0
0.001,7,20,510,-4363.419000000307,18.74499999969248,0
0.001,7,21,464,-4362.880000000288,19.28399999971134,0
0.001,7,22,471,-4362.874000000305,19.289999999694373,0
0.001,7,23,472,-4362.810000000289,19.35399999971105,0
0.001,7,24,477,-4362.794000000303,19.36999999969703,0
0.001,7,25,487,-4362.676000000301,19.48799999969833,0
0.001,7,26,488,-4362.601000000302,19.56299999969815,0
0.001,7,27,483,-4362.571000000307,19.592999999692438,0
0.001,7,28,500,-4362.345000000307,19.818999999693006,0
0.001,7,29,517,-4362.197000000297,19.966999999703148,0
0.001,7,30,468,-4361.971000000314,20.192999999685526,0
0.001,7,31,456,-4361.948000000313,20.215999999686574,0
0.001,7,32,466,-4361.940000000301,20.223999999699117,0
0.001,7,33,456,-4361.938000000299,20.225999999700434,0
0.001,7,34,461,-4361.912000000328,20.25199999967208,0
0.001,7,35,484,-4361.862000000312,20.301999999687723,0
0.001,7,36,476,-4361.8050000002895,20.35899999971025,0
0.001,7,37,471,-4361.706000000294,20.457999999705862,0
0.001,7,38,486,-4361.660000000291,20.503999999708867,0
0.001,7,39,492,-4361.6540000003215,20.509999999678257,0
0.001,7,40,443,-4361.118000000306,21.045999999693777,0
0.001,7,41,462,-4360.9770000002945,21.186999999705222,0
0.001,7,42,474,-4360.865000000293,21.29899999970712,0
0.001,7,43,469,-4360.864000000311,21.299999999689135,0
0.001,7,44,477,-4360.816000000302,21.347999999698004,0
0.001,7,45,477,-4360.792000000304,21.371999999695618,0
0.001,7,46,492,-4360.666000000284,21.49799999971583,0
0.001,7,47,488,-4360.605000000316,21.558999999683692,0
0.001,7,48,504,-4360.555000000288,21.60899999971207,0
0.001,7,49,487,-4360.539000000297,21.624999999702595,0
0.001,7,50,495,-4360.410000000301,21.753999999698863,0
0.001,7,51,513,-4360.4000000003025,21.763999999697262,0
0.001,7,52,455,-4360.155000000309,22.008999999690786,0
0.001,7,53,454,-4360.052000000311,22.111999999689033,0
0.001,7,54,479,-4359.828000000279,22.335999999721025,0
0.001,7,55,475,-4359.8150000003,22.348999999700027,0
0.001,7,56,483,-4359.6820000003045,22.48199999969529,0
0.001,7,57,492,-4359.598000000291,22.565999999708765,0
0.001,7,58,507,-4359.456000000294,22.707999999705862,0
0.001,7,59,501,-4359.438000000295,22.72599999970498,0
0.001,7,60,513,-4359.379000000301,22.78499999969881,0
0.001,7,61,510,-4359.328000000277,22.835999999722844,0
0.001,7,62,540,-4359.1280000002835,23.035999999716296,0
0.001,7,63,459,-4358.914000000291,23.24999999970896,0
0.001,7,64,471,-4358.873000000307,23.290999999692758,0
0.001,7,65,491,-4358.6360000003115,23.52799999968829,0
0.001,7,66,500,-4358.540000000288,23.623999999711486,0
0.001,7,67,498,-4358.397000000285,23.766999999715154,0
0.001,7,68,507,-4358.374000000299,23.78999999970074,0
0.001,7,69,440,-4358.319000000306,23.844999999693755,0
0.001,7,70,512,-4358.298000000275,23.86599999972441,0
0.001,7,71,454,-4358.17700000033,23.986999999669933,0
0.001,7,72,484,-4357.709000000288,24.454999999711617,0
0.001,7,73,488,-4357.621000000295,24.54299999970499,0
0.001,7,74,488,-4357.4870000003075,24.67699999969227,0
0.001,7,75,516,-4357.2810000003055,24.88299999969422,0
0.001,7,76,518,-4357.221000000282,24.942999999717358,0
0.001,7,77,519,-4357.195000000291,24.968999999709013,0
0.001,7,78,490,-4356.765000000296,25.398999999703847,0
0.001,7,79,496,-4356.607000000289,25.55699999971057,0
0.001,7,80,502,-4356.491000000299,25.67299999970055,0
0.001,7,81,499,-4356.452000000307,25.711999999693035,0
0.001,7,82,506,-4356.452000000299,25.71199999970031,0
0.001,7,83,507,-4356.448000000292,25.715999999707492,0
0.001,7,84,535,-4356.017000000274,26.146999999726177,0
0.001,7,85,487,-4355.703000000289,26.46099999971102,0
0.001,7,86,516,-4355.3620000002975,26.801999999702275,0
0.001,7,87,521,-4355.227000000278,26.936999999721593,0
0.001,7,88,490,-4354.719000000296,27.444999999704123,0
0.001,7,89,491,-4354.719000000281,27.444999999718675,0
0.001,7,90,469,-4354.716000000309,27.447999999691092,0
0.001,7,91,501,-4354.495000000306,27.66899999969337,0
0.001,7,92,518,-4354.379000000285,27.784999999715183,0
0.001,7,93,474,-4353.803000000306,28.360999999693377,0
0.001,7,94,497,-4353.517000000293,28.646999999707077,0
0.001,7,95,515,-4353.410000000285,28.753999999714324,0
0.001,7,96,498,-4350.627000000321,31.53699999967921,0
0.001,7,97,514,-4350.38100000029,31.782999999709318,0
0.001,7,98,489,-4348.686000000289,33.477999999710846,0
0.001,7,99,519,-4348.327000000278,33.83699999972214,0
0.003,7,0,397,-4424.472000000031,22.019999999969514,0
0.003,7,1,398,-4424.343000000031,22.14899999996942,0
0.003,7,2,370,-4423.3300000000345,23.1619999999657,0
0.003,7,3,394,-4423.135000000028,23.356999999971777,0
0.003,7,4,401,-4422.547000000022,23.94499999997788,0
0.003,7,5,387,-4422.003000000014,24.488999999985936,0
0.003,7,6,359,-4421.819000000036,24.672999999964304,0
0.003,7,7,397,-4421.787000000031,24.704999999969004,0
0.003,7,8,396,-4421.610000000021,24.881999999979598,0
0.003,7,9,398,-4421.505000000037,24.98699999996279,0
0.003,7,10,433,-4421.146000000026,25.345999999974083,0
0.003,7,11,410,-4420.878000000019,25.613999999981388,0
0.003,7,12,422,-4420.524000000021,25.96799999997893,0
0.003,7,13,455,-4420.402000000028,26.08999999997195,0
0.003,7,14,336,-4420.043000000025,26.448999999975058,0
0.003,7,15,436,-4419.9690000000155,26.522999999984677,0
0.003,7,16,418,-4419.845000000026,26.64699999997447,0
0.003,7,17,397,-4419.712000000024,26.7799999999761,0
0.003,7,18,431,-4419.161000000033,27.33099999996739,0
0.003,7,19,419,-4419.100000000039,27.391999999961627,0
0.003,7,20,423,-4418.758000000017,27.733999999983098,0
0.003,7,21,421,-4418.641000000029,27.850999999971464,0
0.003,7,22,428,-4418.539000000035,27.95299999996496,0
0.003,7,23,392,-4418.496000000027,27.99599999997281,0
0.003,7,24,424,-4418.341000000036,28.15099999996437,0
0.003,7,25,439,-4418.2180000000435,28.273999999956686,0
0.003,7,26,408,-4418.199000000034,28.292999999966014,0
0.003,7,27,435,-4418.044000000026,28.447999999973945,0
0.003,7,28,437,-4417.822000000045,28.669999999955508,0
0.003,7,29,408,-4417.58000000003,28.91199999997025,0
0.003,7,30,426,-4417.470000000034,29.021999999966283,0
0.003,7,31,453,-4417.306000000025,29.185999999975138,0
0.003,7,32,429,-4416.984000000029,29.507999999971616,0
0.003,7,33,417,-4416.917000000028,29.574999999972533,0
0.003,7,34,424,-4416.614000000017,29.87799999998333,0
0.003,7,35,454,-4416.570000000033,29.92199999996683,0
0.003,7,36,384,-4416.471000000028,30.020999999972446,0
0.003,7,37,378,-4416.339000000036,30.152999999963868,0
0.003,7,38,405,-4416.178000000024,30.31399999997575,0
0.003,7,39,457,-4416.117000000031,30.374999999969077,0
0.003,7,40,400,-4416.088000000025,30.403999999974985,0
0.003,7,41,392,-4415.997000000024,30.494999999976244,0
0.003,7,42,422,-4415.87800000002,30.61399999998048,0
0.003,7,43,434,-4415.819000000042,30.672999999957938,0
0.003,7,44,450,-4415.8040000000365,30.687999999963722,0
0.003,7,45,425,-4415.611000000023,30.880999999977575,0
0.003,7,46,408,-4415.52000000002,30.971999999979744,0
0.003,7,47,429,-4415.404000000038,31.08799999996245,0
0.003,7,48,389,-4415.331000000019,31.16099999998096,0
0.003,7,49,425,-4415.3050000000385,31.1869999999617,0
0.003,7,50,405,-4415.151000000023,31.340999999977612,0
0.003,7,51,431,-4415.128000000018,31.363999999982298,0
0.003,7,52,435,-4415.071000000024,31.42099999997663,0
0.003,7,53,420,-4414.734000000037,31.75799999996343,0
0.003,7,54,420,-4414.731000000031,31.7609999999695,0
0.003,7,55,419,-4414.716000000023,31.775999999977103,0
0.003,7,56,400,-4414.63400000004,31.857999999960157,0
0.003,7,57,460,-4414.59400000004,31.89799999996012,0
0.003,7,58,417,-4414.524000000024,31.9679999999762,0
0.003,7,59,418,-4414.4310000000205,32.060999999979686,0
0.003,7,60,431,-4414.227000000019,32.26499999998123,0
0.003,7,61,460,-4414.186000000009,32.3059999999914,0
0.003,7,62,431,-4414.176000000042,32.31599999995797,0
0.003,7,63,438,-4414.011000000047,32.48099999995338,0
0.003,7,64,409,-4413.9650000000365,32.526999999963664,0
0.003,7,65,410,-4413.9380000000265,32.55399999997371,0
0.003,7,66,423,-4413.845000000034,32.64699999996628,0
0.003,7,67,421,-4413.812000000036,32.67999999996391,0
0.003,7,68,421,-4413.785000000031,32.70699999996941,0
0.003,7,69,399,-4413.727000000019,32.76499999998123,0
0.003,7,70,445,-4413.540000000035,32.951999999964755,0
0.003,7,71,403,-4413.430000000031,33.061999999968975,0
0.003,7,72,426,-4413.40100000004,33.09099999996033,0
0.003,7,73,448,-4413.369000000018,33.12299999998231,0
0.003,7,74,442,-4412.912000000028,33.57999999997264,0
0.003,7,75,412,-4412.881000000032,33.610999999968044,0
0.003,7,76,433,-4412.152000000047,34.33999999995285,0
0.003,7,77,467,-4412.123000000034,34.368999999966036,0
0.003,7,78,411,-4411.770000000023,34.721999999977015,0
0.003,7,79,453,-4411.648000000028,34.84399999997186,0
0.003,7,80,452,-4411.645000000039,34.846999999961554,0
0.003,7,81,428,-4411.63200000001,34.85999999999058,0
0.003,7,82,456,-4411.570000000018,34.92199999998229,0
0.003,7,83,454,-4411.504000000032,34.98799999996845,0
0.003,7,84,457,-4411.504000000028,34.98799999997209,0
0.003,7,85,399,-4411.364000000023,35.127999999976964,0
0.003,7,86,461,-4411.324000000028,35.16799999997238,0
0.003,7,87,431,-4411.206000000023,35.28599999997732,0
0.003,7,88,433,-4411.152000000012,35.33999999998832,0
0.003,7,89,411,-4411.106000000032,35.38599999996859,0
0.003,7,90,465,-4411.057000000039,35.43499999996129,0
0.003,7,91,450,-4410.720000000022,35.77199999997811,0
0.003,7,92,427,-4410.35600000003,36.13599999997041,0
0.003,7,93,457,-4410.312000000038,36.17999999996209,0
0.003,7,94,441,-4410.09200000003,36.39999999997053,0
0.003,7,95,410,-4409.962000000047,36.52999999995336,0
0.003,7,96,428,-4408.701000000019,37.79099999998107,0
0.003,7,97,413,-4408.088000000029,38.40399999997135,0
0.003,7,98,395,-4406.739000000024,39.752999999976055,0
0.003,7,99,430,-4406.3980000000165,40.09399999998368,0
0.005,7,0,332,-4483.660000000622,27.15999999937776,0
0.005,7,1,353,-4480.635000000604,30.184999999395586,0
0.005,7,2,351,-4480.5250000006245,30.29499999937525,0
0.005,7,3,342,-4480.105000000613,30.714999999387146,0
0.005,7,4,329,-4479.520000000636,31.299999999363536,0
0.005,7,5,355,-4479.465000000599,31.354999999401116,0
0.005,7,6,332,-4478.5250000006245,32.29499999937525,0
0.005,7,7,325,-4478.015000000615,32.80499999938456,0
0.005,7,8,385,-4477.775000000606,33.04499999939344,0
0.005,7,9,356,-4476.905000000603,33.91499999939697,0
0.005,7,10,362,-4476.720000000618,34.09999999938191,0
0.005,7,11,341,-4476.715000000621,34.10499999937838,0
0.005,7,12,373,-4476.655000000617,34.16499999938242,0
0.005,7,13,334,-4476.485000000626,34.334999999373395,0
0.005,7,14,385,-4476.450000000615,34.36999999938507,0
0.005,7,15,366,-4476.380000000613,34.4399999993866,0
0.005,7,16,355,-4476.250000000602,34.56999999939762,0
0.005,7,17,381,-4476.1950000006045,34.624999999395186,0
0.005,7,18,341,-4475.99500000062,34.82499999937954,0
0.005,7,19,360,-4475.945000000602,34.874999999397915,0
0.005,7,20,371,-4475.735000000595,35.08499999940432,0
0.005,7,21,346,-4475.730000000616,35.08999999938351,0
0.005,7,22,336,-4475.2250000006225,35.59499999937725,0
0.005,7,23,390,-4475.165000000594,35.654999999405845,0
0.005,7,24,368,-4474.98500000061,35.834999999389765,0
0.005,7,25,359,-4474.950000000602,35.869999999397805,0
0.005,7,26,368,-4474.75000000061,36.06999999938944,0
0.005,7,27,361,-4474.635000000607,36.18499999939286,0
0.005,7,28,343,-4474.560000000603,36.259999999396314,0
0.005,7,29,385,-4474.245000000593,36.57499999940683,0
0.005,7,30,348,-4474.2300000006,36.58999999939988,0
0.005,7,31,401,-4474.215000000595,36.604999999404754,0
0.005,7,32,392,-4473.645000000594,37.17499999940537,0
0.005,7,33,359,-4473.270000000607,37.54999999939264,0
0.005,7,34,369,-4473.260000000592,37.55999999940741,0
0.005,7,35,357,-4473.220000000611,37.599999999388274,0
0.005,7,36,379,-4472.955000000598,37.864999999401334,0
0.005,7,37,342,-4472.900000000619,37.91999999938071,0
0.005,7,38,343,-4472.745000000626,38.074999999374086,0
0.005,7,39,402,-4472.660000000607,38.15999999939231,0
0.005,7,40,341,-4472.640000000609,38.17999999939093,0
0.005,7,41,358,-4472.465000000618,38.35499999938202,0
0.005,7,42,367,-4472.280000000591,38.53999999940879,0
0.005,7,43,382,-4472.220000000592,38.59999999940737,0
0.005,7,44,393,-4472.130000000602,38.689999999397514,0
0.005,7,45,316,-4472.0500000006305,38.76999999936925,0
0.005,7,46,380,-4472.025000000605,38.79499999939435,0
0.005,7,47,377,-4472.000000000607,38.819999999393076,0
0.005,7,48,388,-4471.935000000606,38.884999999393585,0
0.005,7,49,362,-4471.675000000603,39.14499999939653,0
0.005,7,50,393,-4471.340000000591,39.47999999940839,0
0.005,7,51,358,-4471.315000000619,39.50499999938074,0
0.005,7,52,367,-4470.810000000603,40.009999999396314,0
0.005,7,53,378,-4470.645000000595,40.17499999940446,0
0.005,7,54,366,-4470.405000000602,40.41499999939788,0
0.005,7,55,353,-4470.38000000061,40.43999999938933,0
0.005,7,56,376,-4470.290000000618,40.52999999938129,0
0.005,7,57,342,-4469.785000000611,41.034999999388674,0
0.005,7,58,351,-4469.630000000605,41.189999999394786,0
0.005,7,59,394,-4469.460000000585,41.35999999941487,0
0.005,7,60,370,-4469.415000000608,41.40499999939129,0
0.005,7,61,397,-4469.030000000596,41.789999999403335,0
0.005,7,62,390,-4469.010000000587,41.80999999941287,0
0.005,7,63,384,-4468.740000000608,42.079999999391475,0
0.005,7,64,390,-4468.6650000005975,42.15499999940221,0
0.005,7,65,363,-4468.510000000603,42.309999999396496,0
0.005,7,66,388,-4468.500000000597,42.31999999940308,0
0.005,7,67,355,-4468.350000000606,42.46999999939362,0
0.005,7,68,346,-4468.32000000062,42.499999999379725,0
0.005,7,69,361,-4468.065000000611,42.75499999938893,0
0.005,7,70,396,-4467.965000000589,42.85499999941112,0
0.005,7,71,404,-4467.915000000583,42.90499999941676,0
0.005,7,72,398,-4467.725000000597,43.09499999940272,0
0.005,7,73,402,-4467.585000000584,43.23499999941578,0
0.005,7,74,379,-4467.4600000005985,43.359999999401225,0
0.005,7,75,391,-4467.4500000005855,43.369999999414176,0
0.005,7,76,383,-4467.4150000006,43.40499999939948,0
0.005,7,77,372,-4467.380000000601,43.439999999398424,0
0.005,7,78,401,-4467.250000000598,43.56999999940126,0
0.005,7,79,371,-4467.140000000593,43.67999999940639,0
0.005,7,80,374,-4467.100000000607,43.71999999939271,0
0.005,7,81,391,-4466.845000000586,43.97499999941374,0
0.005,7,82,392,-4466.7750000006035,44.04499999939617,0
0.005,7,83,360,-4466.745000000597,44.07499999940228,0
0.005,7,84,372,-4466.640000000615,44.17999999938456,0
0.005,7,85,377,-4466.595000000596,44.224999999403735,0
0.005,7,86,386,-4466.245000000609,44.57499999939046,0
0.005,7,87,391,-4465.815000000584,45.004999999415304,0
0.005,7,88,388,-4465.420000000596,45.39999999940392,0
0.005,7,89,376,-4465.195000000594,45.6249999994061,0
0.005,7,90,404,-4464.9950000005765,45.8249999994232,0
0.005,7,91,390,-4464.975000000609,45.84499999939089,0
0.005,7,92,412,-4464.970000000584,45.84999999941556,0
0.005,7,93,389,-4464.850000000592,45.969999999407264,0
0.005,7,94,406,-4464.740000000574,46.079999999426036,0
0.005,7,95,365,-4463.585000000597,47.234999999403044,0
0.005,7,96,389,-4463.355000000575,47.464999999424435,0
0.005,7,97,388,-4461.880000000587,48.939999999412976,0
0.005,7,98,383,-4457.770000000602,53.049999999398096,0
0.005,7,99,428,-4457.315000000569,53.504999999430765,0
0.01,7,0,221,-4639.110000000507,32.52999999949316,0
0.01,7,1,244,-4636.660000000508,34.979999999492065,0
0.01,7,2,210,-4636.120000000521,35.519999999479296,0
0.01,7,3,222,-4635.9500000005155,35.689999999484826,0
0.01,7,4,246,-4635.260000000496,36.379999999504435,0
0.01,7,5,232,-4635.170000000517,36.46999999948366,0
0.01,7,6,226,-4634.920000000518,36.71999999948275,0
0.01,7,7,226,-4634.600000000496,37.03999999950429,0
0.01,7,8,223,-4634.270000000513,37.369999999486936,0
0.01,7,9,238,-4634.050000000492,37.58999999950811,0
0.01,7,10,255,-4633.98000000051,37.65999999949054,0
0.01,7,11,258,-4633.6300000005,38.009999999499996,0
0.01,7,12,236,-4633.4800000005,38.15999999950054,0
0.01,7,13,241,-4633.470000000511,38.16999999948894,0
0.01,7,14,251,-4633.360000000502,38.279999999498614,0
0.01,7,15,253,-4633.3300000004965,38.309999999503816,0
0.01,7,16,236,-4633.090000000505,38.54999999949541,0
0.01,7,17,258,-4632.980000000486,38.659999999514184,0
0.01,7,18,232,-4632.940000000502,38.69999999949869,0
0.01,7,19,235,-4632.89000000049,38.74999999951069,0
0.01,7,20,230,-4632.8600000005035,38.779999999496795,0
0.01,7,21,236,-4632.850000000502,38.78999999949792,0
0.01,7,22,236,-4632.580000000511,39.059999999489264,0
0.01,7,23,223,-4632.550000000516,39.08999999948446,0
0.01,7,24,248,-4632.460000000506,39.17999999949461,0
0.01,7,25,259,-4632.210000000504,39.42999999949643,0
0.01,7,26,235,-4632.200000000498,39.439999999502106,0
0.01,7,27,250,-4632.120000000495,39.51999999950567,0
0.01,7,28,259,-4632.070000000485,39.56999999951495,0
0.01,7,29,259,-4631.680000000483,39.959999999517095,0
0.01,7,30,225,-4631.640000000525,39.99999999947522,0
0.01,7,31,232,-4631.64000000048,39.999999999520696,0
0.01,7,32,224,-4631.540000000495,40.0999999995056,0
0.01,7,33,250,-4631.530000000507,40.109999999493084,0
0.01,7,34,229,-4631.140000000504,40.49999999949614,0
0.01,7,35,242,-4631.000000000494,40.63999999950647,0
0.01,7,36,247,-4630.960000000497,40.67999999950371,0
0.01,7,37,234,-4630.790000000526,40.849999999474676,0
0.01,7,38,238,-4630.670000000516,40.96999999948457,0
0.01,7,39,258,-4630.650000000496,40.98999999950411,0
0.01,7,40,249,-4630.5300000005,41.10999999950036,0
0.01,7,41,255,-4630.420000000499,41.21999999950094,0
0.01,7,42,255,-4630.390000000486,41.24999999951433,0
0.01,7,43,235,-4630.1400000005115,41.499999999488864,0
0.01,7,44,243,-4630.040000000507,41.599999999493775,0
0.01,7,45,264,-4629.960000000497,41.67999999950371,0
0.01,7,46,254,-4629.880000000508,41.75999999949272,0
0.01,7,47,257,-4629.880000000498,41.759999999502725,0
0.01,7,48,263,-4629.800000000494,41.83999999950629,0
0.01,7,49,240,-4629.7900000004975,41.84999999950287,0
0.01,7,50,230,-4629.570000000506,42.06999999949403,0
0.01,7,51,256,-4629.040000000488,42.599999999511965,0
0.01,7,52,250,-4629.0300000005045,42.60999999949581,0
0.01,7,53,250,-4628.870000000506,42.76999999949476,0
0.01,7,54,243,-4628.810000000511,42.8299999994897,0
0.01,7,55,248,-4628.790000000499,42.84999999950105,0
0.01,7,56,271,-4628.690000000493,42.94999999950778,0
0.01,7,57,258,-4628.630000000492,43.00999999950818,0
0.01,7,58,249,-4628.360000000502,43.279999999498614,0
0.01,7,59,245,-4628.08000000049,43.55999999951018,0
0.01,7,60,256,-4627.980000000484,43.659999999516,0
0.01,7,61,261,-4627.890000000503,43.74999999949705,0
0.01,7,62,243,-4627.630000000503,44.00999999949727,0
0.01,7,63,239,-4627.570000000479,44.069999999521315,0
0.01,7,64,248,-4627.360000000487,44.279999999513166,0
0.01,7,65,260,-4627.2400000004955,44.39999999950487,0
0.01,7,66,264,-4627.230000000486,44.409999999514184,0
0.01,7,67,250,-4627.13000000049,44.50999999951,0
0.01,7,68,268,-4627.0300000005,44.60999999950036,0
0.01,7,69,240,-4626.990000000493,44.6499999995076,0
0.01,7,70,270,-4626.970000000495,44.66999999950531,0
0.01,7,71,261,-4626.860000000495,44.77999999950498,0
0.01,7,72,250,-4626.770000000493,44.869999999506945,0
0.01,7,73,262,-4626.390000000517,45.24999999948341,0
0.01,7,74,247,-4626.320000000503,45.31999999949767,0
0.01,7,75,245,-4626.2100000005075,45.42999999949279,0
0.01,7,76,255,-4625.980000000484,45.659999999516,0
0.01,7,77,247,-4625.9200000005085,45.71999999949185,0
0.01,7,78,260,-4625.840000000499,45.79999999950178,0
0.01,7,79,257,-4625.510000000478,46.129999999522624,0
0.01,7,80,258,-4625.500000000491,46.1399999995092,0
0.01,7,81,259,-4625.190000000475,46.44999999952506,0
0.01,7,82,259,-4624.800000000476,46.83999999952448,0
0.01,7,83,262,-4624.7300000005,46.90999999950054,0
0.01,7,84,260,-4624.600000000507,47.039999999493375,0
0.01,7,85,261,-4624.600000000484,47.03999999951611,0
0.01,7,86,263,-4623.520000000491,48.11999999950967,0
0.01,7,87,281,-4623.020000000503,48.61999999949694,0
0.01,7,88,246,-4622.570000000509,49.0699999994913,0
0.01,7,89,274,-4622.460000000489,49.17999999951098,0
0.01,7,90,259,-4622.370000000501,49.269999999499305,0
0.01,7,91,292,-4622.070000000501,49.56999999949949,0
0.01,7,92,272,-4622.04000000048,49.59999999952015,0
0.01,7,93,256,-4622.040000000488,49.599999999511965,0
0.01,7,94,283,-4621.830000000486,49.80999999951473,0
0.01,7,95,254,-4620.740000000496,50.89999999950396,0
0.01,7,96,278,-4620.030000000499,51.60999999950127,0
0.01,7,97,272,-4619.5600000004815,52.079999999518805,0
0.01,7,98,265,-4619.010000000499,52.629999999501706,0
0.01,7,99,290,-4616.350000000482,55.28999999951793,0
0.02,7,0,97,-4963.600000000571,29.67999999942913,0
0.02,7,1,112,-4963.140000000562,30.13999999943735,0
0.02,7,2,112,-4962.3800000005795,30.899999999420288,0
0.02,7,3,114,-4961.540000000556,31.73999999944408,0
0.02,7,4,122,-4961.400000000553,31.879999999447136,0
0.02,7,5,120,-4960.900000000563,32.37999999943713,0
0.02,7,6,122,-4960.720000000568,32.559999999431966,0
0.02,7,7,112,-4960.540000000568,32.73999999943135,0
0.02,7,8,105,-4960.300000000581,32.979999999418396,0
0.02,7,9,123,-4960.1600000005765,33.11999999942327,0
0.02,7,10,120,-4960.060000000563,33.21999999943637,0
0.02,7,11,108,-4960.000000000568,33.27999999943131,0
0.02,7,12,128,-4959.880000000564,33.39999999943575,0
0.02,7,13,121,-4959.780000000572,33.49999999942793,0
0.02,7,14,115,-4959.700000000557,33.57999999944241,0
0.02,7,15,116,-4959.66000000056,33.61999999943964,0
0.02,7,16,116,-4959.040000000549,34.23999999945045,0
0.02,7,17,116,-4958.780000000564,34.49999999943611,0
0.02,7,18,109,-4958.660000000559,34.61999999944055,0
0.02,7,19,121,-4958.660000000573,34.61999999942691,0
0.02,7,20,120,-4958.600000000555,34.67999999944459,0
0.02,7,21,120,-4958.420000000556,34.85999999944397,0
0.02,7,22,119,-4958.22000000056,35.05999999944015,0
0.02,7,23,122,-4957.580000000578,35.69999999942138,0
0.02,7,24,130,-4957.560000000556,35.719999999443644,0
0.02,7,25,120,-4957.360000000573,35.91999999942709,0
0.02,7,26,115,-4957.260000000568,36.019999999432,0
0.02,7,27,128,-4957.140000000557,36.13999999944281,0
0.02,7,28,125,-4957.100000000562,36.179999999437314,0
0.02,7,29,124,-4956.9800000005625,36.299999999437205,0
0.02,7,30,132,-4956.940000000557,36.339999999442625,0
0.02,7,31,135,-4956.880000000553,36.39999999944666,0
0.02,7,32,114,-4956.70000000056,36.57999999943968,0
0.02,7,33,135,-4956.700000000553,36.579999999446954,0
0.02,7,34,120,-4956.480000000561,36.799999999439024,0
0.02,7,35,127,-4956.22000000056,37.05999999944015,0
0.02,7,36,123,-4956.1400000005615,37.13999999943826,0
0.02,7,37,124,-4955.84000000056,37.43999999943935,0
0.02,7,38,124,-4955.800000000556,37.47999999944386,0
0.02,7,39,132,-4955.780000000552,37.49999999944794,0
0.02,7,40,141,-4955.78000000055,37.499999999449756,0
0.02,7,41,125,-4955.580000000568,37.699999999431384,0
0.02,7,42,124,-4955.560000000561,37.719999999439096,0
0.02,7,43,129,-4955.56000000057,37.71999999943,0
0.02,7,44,127,-4955.46000000056,37.81999999943946,0
0.02,7,45,132,-4955.440000000561,37.83999999943899,0
0.02,7,46,122,-4955.260000000554,38.019999999445645,0
0.02,7,47,125,-4955.04000000056,38.23999999943953,0
0.02,7,48,130,-4954.660000000563,38.619999999436914,0
0.02,7,49,135,-4954.580000000544,38.69999999945594,0
0.02,7,50,134,-4954.360000000555,38.91999999944437,0
0.02,7,51,126,-4954.30000000057,38.97999999942931,0
0.02,7,52,129,-4954.140000000571,39.139999999429165,0
0.02,7,53,150,-4953.780000000555,39.4999999994443,0
0.02,7,54,137,-4953.620000000548,39.65999999945143,0
0.02,7,55,137,-4953.600000000562,39.679999999437314,0
0.02,7,56,123,-4953.520000000565,39.75999999943451,0
0.02,7,57,136,-4953.240000000561,40.039999999438805,0
0.02,7,58,127,-4953.200000000563,40.07999999943695,0
0.02,7,59,145,-4953.160000000545,40.1199999994551,0
0.02,7,60,132,-4952.960000000562,40.31999999943764,0
0.02,7,61,136,-4952.740000000551,40.53999999944881,0
0.02,7,62,140,-4952.740000000553,40.53999999944699,0
0.02,7,63,129,-4952.720000000564,40.559999999435604,0
0.02,7,64,150,-4952.620000000552,40.65999999944779,0
0.02,7,65,124,-4952.4800000005625,40.799999999437205,0
0.02,7,66,139,-4952.320000000553,40.959999999447064,0
0.02,7,67,125,-4952.22000000056,41.05999999944015,0
0.02,7,68,130,-4952.060000000565,41.21999999943455,0
0.02,7,69,141,-4951.98000000055,41.29999999944994,0
0.02,7,70,150,-4951.860000000547,41.41999999945256,0
0.02,7,71,139,-4951.760000000555,41.519999999444735,0
0.02,7,72,130,-4951.580000000558,41.69999999944139,0
0.02,7,73,136,-4951.220000000555,42.0599999994447,0
0.02,7,74,137,-4951.14000000055,42.13999999945008,0
0.02,7,75,132,-4951.0000000005575,42.279999999442225,0
0.02,7,76,139,-4950.920000000557,42.35999999944306,0
0.02,7,77,143,-4950.800000000554,42.47999999944568,0
0.02,7,78,133,-4950.680000000563,42.59999999943648,0
0.02,7,79,139,-4950.200000000558,43.0799999994415,0
0.02,7,80,151,-4950.120000000546,43.15999999945416,0
0.02,7,81,144,-4949.9400000005635,43.33999999943626,0
0.02,7,82,149,-4949.820000000557,43.459999999442516,0
0.02,7,83,149,-4949.460000000545,43.81999999945492,0
0.02,7,84,146,-4949.320000000561,43.95999999943888,0
0.02,7,85,138,-4949.2800000005645,43.999999999435204,0
0.02,7,86,149,-4949.200000000547,44.07999999945241,0
0.02,7,87,133,-4949.020000000557,44.2599999994427,0
0.02,7,88,145,-4949.000000000558,44.279999999441316,0
0.02,7,89,139,-4948.660000000562,44.61999999943782,0
0.02,7,90,130,-4948.640000000561,44.63999999943917,0
0.02,7,91,144,-4947.90000000055,45.379999999449865,0
0.02,7,92,144,-4947.560000000564,45.71999999943546,0
0.02,7,93,142,-4947.42000000055,45.85999999944943,0
0.02,7,94,140,-4946.820000000564,46.45999999943615,0
0.02,7,95,147,-4946.200000000545,47.07999999945514,0
0.02,7,96,139,-4946.160000000541,47.11999999945874,0
0.02,7,97,150,-4941.760000000552,51.519999999447464,0
0.02,7,98,149,-4940.540000000548,52.739999999451356,0
0.02,7,99,144,-4938.740000000548,54.53999999945154,0
