alpha,instance_id,hd_mean,hd_min,hd_max,hd_std,eng_count,bit_count,gs_count,best_energy,best_delta,target_density
0,0,496.47,440,546,22.771673192806894,51,0,51,-4375.0,0.0,0.5432735027545762
0,1,457.71,404,529,20.47793690780397,57,0,57,-4585.0,0.0,0.5644215390083526
0,2,496.22,448,548,20.040249499444858,29,0,29,-4321.0,0.0,0.5443397902967834
0,3,473.27,411,519,22.679883156665515,61,0,61,-4470.0,0.0,0.5573129553936378
0,4,436.62,384,488,18.205372833314897,55,0,55,-4536.0,0.0,0.5661986849120313
0,5,455.15,410,508,19.66030264263498,50,0,50,-4468.0,0.0,0.5566020970321663
0,6,427.13,378,493,20.986498040406836,70,0,70,-4453.0,0.0,0.554291807357384
0,7,488.93,410,550,25.96622999204929,34,0,34,-4389.0,0.0,0.5523369468633375
0,8,468.43,416,521,23.605192225440575,38,0,38,-4519.0,0.0,0.5603341034298915
0,9,487.51,420,529,20.547260157987,36,0,36,-4270.0,0.0,0.5434512173449441
0,10,471.91,434,515,18.26039156206679,53,0,53,-4456.0,0.0,0.5525146614537053
0,11,459.31,409,522,20.305021546405708,32,0,32,-4390.0,0.0,0.5553580948995912
0,12,460.86,410,519,21.409353096252115,66,0,66,-4438.0,0.0,0.5553580948995912
0,13,472.51,425,522,19.894971726544373,50,0,50,-4398.0,0.0,0.5473609383330371
0,14,454.08,409,506,20.16565396906334,74,0,74,-4419.0,0.0,0.5512706593211303
0,15,466.17,420,525,19.776781841341123,52,0,52,-4441.0,0.0,0.5553580948995912
0,16,462.06,404,520,20.582915245416526,50,0,50,-4317.0,0.0,0.5482495112848765
0,17,481.03,428,532,20.378643232560893,46,0,46,-4469.0,0.0,0.5496712280078194
0,18,451.1,412,490,18.65931402812011,48,0,48,-4368.0,0.0,0.552870090634441
0,19,457.07,403,495,20.223874505148615,54,0,54,-4380.0,0.0,0.5512706593211303
0,20,470.44,419,522,20.694115105507652,44,0,44,-4582.0,0.0,0.5647769681890883
0,21,445.33,387,504,22.60621817111389,45,0,45,-4472.0,0.0,0.5592678158876844
0,22,484.48,427,540,23.38738121295328,65,0,65,-4395.0,0.0,0.5583792429358451
0,23,438.21,385,488,20.59237480233885,47,0,47,-4517.0,0.0,0.5637106806468811
0,24,472.95,431,523,20.01118437274516,48,0,48,-4613.0,0.0,0.5629998222854097
0,25,478.06,434,521,20.41363269974259,45,0,45,-4504.0,0.0,0.5548249511284876
0,26,456.95,418,514,18.843234860288717,33,0,33,-4512.0,0.0,0.5551803803092233
0,27,423.53,383,475,19.53737699897302,63,0,63,-4579.0,0.0,0.5674426870446063
0,28,478.81,424,552,22.79986622767774,56,0,56,-4436.0,0.0,0.5505598009596588
0,29,481.5,441,535,18.92168068645066,51,0,51,-4469.0,0.0,0.5535809489959126
0,30,484.42,433,546,20.630162384237313,47,0,47,-4428.0,0.0,0.5571352408032699
0,31,413.35,361,453,20.349140030969373,51,0,51,-4420.0,0.0,0.5514483739114981
0,32,463.55,389,524,20.979692562094424,63,0,63,-4452.0,0.0,0.5582015283454772
0,33,463.03,398,521,21.503699681682683,59,0,59,-4505.0,0.0,0.5580238137551093
0,34,471.56,400,515,19.898904492458875,52,0,52,-4411.0,0.0,0.5576683845743735
0,35,457.39,408,503,19.491995793145453,64,0,64,-4571.0,0.0,0.5699306913097565
0,36,419.91,372,472,19.403141498221363,64,0,64,-4514.0,0.0,0.5617558201528345
0,37,440.19,387,489,18.535746545526568,65,0,65,-4416.0,0.0,0.5553580948995912
0,38,411.16,371,460,17.654302591719674,35,0,35,-4483.0,0.0,0.559800959658788
0,39,481.29,435,533,18.33700902546541,80,0,80,-4302.0,0.0,0.550204371778923
0,40,483.49,423,533,18.977088817835046,51,0,51,-4267.0,0.0,0.5425626443931046
0,41,469.84,421,522,20.591124301504276,68,0,68,-4462.0,0.0,0.5546472365381198
0,42,452.85,406,493,19.6333262591951,60,0,60,-4451.0,0.0,0.5576683845743735
0,43,479.88,425,525,20.29200827912309,65,0,65,-4404.0,0.0,0.5526923760440732
0,44,483.65,443,531,16.686146948891466,51,0,51,-4302.0,0.0,0.5443397902967834
0,45,473.18,424,524,21.23693951585303,57,0,57,-4342.0,0.0,0.5446952194775191
0,46,450.33,405,489,18.77874063935066,45,0,45,-4380.0,0.0,0.5510929447307624
0,47,458.82,396,512,21.187439675430344,43,0,43,-4549.0,0.0,0.5715301226230673
0,48,445.73,402,498,19.289818557985456,61,0,61,-4363.0,0.0,0.5432735027545762
0,49,468.64,428,514,18.146911582966396,48,0,48,-4317.0,0.0,0.5493157988270837
0,50,468.83,415,520,21.039512827059472,64,0,64,-4408.0,0.0,0.5510929447307624
0,51,459.49,411,500,18.507563318816448,77,0,77,-4491.0,0.0,0.5603341034298915
0,52,447.36,394,487,18.218408272952935,73,0,73,-4482.0,0.0,0.5580238137551093
0,53,464.84,422,514,17.960913117099587,50,0,50,-4465.0,0.0,0.5500266571885551
0,54,429.07,383,478,19.074199852156315,49,0,49,-4496.0,0.0,0.5555358094899592
0,55,462.26,414,502,17.654812375100448,57,0,57,-4303.0,0.0,0.5491380842367158
0,56,473.33,426,530,20.922263261894017,61,0,61,-4421.0,0.0,0.5505598009596588
0,57,450.16,410,499,17.047416226513626,69,0,69,-4413.0,0.0,0.5539363781766483
0,58,462.55,399,499,21.422126411726733,65,0,65,-4406.0,0.0,0.5505598009596588
0,59,479.73,423,529,22.386091664245455,56,0,56,-4322.0,0.0,0.5466500799715657
0,60,447.97,401,495,18.783745632860345,59,0,59,-4472.0,0.0,0.561222676381731
0,61,411.62,361,476,20.231549619344534,51,0,51,-4514.0,0.0,0.5596232450684201
0,62,450.35,395,496,20.16946950219564,56,0,56,-4503.0,0.0,0.5621112493335703
0,63,421.24,369,461,21.927662894161795,50,0,50,-4465.0,0.0,0.5640661098276168
0,64,465.03,416,517,21.635366879255827,59,0,59,-4360.0,0.0,0.5468277945619335
0,65,485.23,424,534,22.678560359952304,71,0,71,-4381.0,0.0,0.5510929447307624
0,66,450.99,406,505,21.81490087073512,47,0,47,-4411.0,0.0,0.5493157988270837
0,67,466.21,424,510,18.30644422054704,58,0,58,-4381.0,0.0,0.5585569575262129
0,68,487.83,442,547,21.645810218146142,37,0,37,-4315.0,0.0,0.5439843611160476
0,69,456.37,401,506,19.75533092610701,39,0,39,-4459.0,0.0,0.559800959658788
0,70,517.31,468,575,23.491996509449766,60,0,60,-4406.0,0.0,0.5562466678514306
0,71,460.85,416,507,19.86724691546365,68,0,68,-4327.0,0.0,0.550204371778923
0,72,450.59,394,497,19.39901801638423,43,0,43,-4270.0,0.0,0.5414963568508975
0,73,420.02,356,464,19.616309540787736,50,0,50,-4433.0,0.0,0.5494935134174516
0,74,454.71,396,536,23.404826425333727,31,0,31,-4377.0,0.0,0.5452283632486227
0,75,444.96,391,495,18.471015131822075,55,0,55,-4383.0,0.0,0.5567798116225342
0,76,486.4,432,548,22.992607507631664,75,0,75,-4431.0,0.0,0.5518038030922339
0,77,431.25,381,481,18.574915881370767,49,0,49,-4476.0,0.0,0.5532255198151769
0,78,447.07,392,503,21.725218065648964,50,0,50,-4449.0,0.0,0.5614003909720988
0,79,431.24,391,491,20.01055721363101,36,0,36,-4646.0,0.0,0.5688644037675493
0,80,461.01,412,522,21.473469677720924,49,0,49,-4558.0,0.0,0.5695752621290208
0,81,457.85,415,506,20.519442000210436,46,0,46,-4425.0,0.0,0.5519815176826017
0,82,453.32,400,514,20.586344988851227,54,0,54,-4394.0,0.0,0.5487826550559801
0,83,472.42,426,527,20.69501389223984,29,0,29,-4450.0,0.0,0.5534032344055447
0,84,465.32,409,515,21.09638831648678,66,0,66,-4405.0,0.0,0.5551803803092233
0,85,450.35,407,484,16.851335258667188,62,0,62,-4413.0,0.0,0.5509152301403946
0,86,443.01,393,504,19.663415267953837,78,0,78,-4436.0,0.0,0.554291807357384
0,87,433.78,388,493,20.389497296402382,38,0,38,-4451.0,0.0,0.5605118180202595
0,88,425.15,376,471,19.58385814899608,41,0,41,-4552.0,0.0,0.5640661098276168
0,89,481.47,436,532,18.874032425531116,61,0,61,-4442.0,0.0,0.5521592322729696
0,90,494.26,446,535,19.8300882499297,42,0,42,-4437.0,0.0,0.5470055091523014
0,91,481.12,432,544,21.03248915368792,69,0,69,-4488.0,0.0,0.5647769681890883
0,92,473.67,432,518,18.501381029533984,51,0,51,-4386.0,0.0,0.5523369468633375
0,93,428.76,383,478,20.366698308758835,68,0,68,-4556.0,0.0,0.5690421183579172
0,94,465.1,410,517,21.313610674871587,64,0,64,-4455.0,0.0,0.5558912386706949
0,95,472.54,423,519,20.74869634458994,73,0,73,-4430.0,0.0,0.5521592322729696
0,96,489.69,436,540,22.07111007629657,43,0,43,-4545.0,0.0,0.5505598009596588
0,97,455.54,417,512,20.155108533570342,43,0,43,-4616.0,0.0,0.561222676381731
0,98,422.59,382,462,17.78319150208983,70,0,70,-4464.0,0.0,0.5608672472009952
0,99,462.67,422,510,18.333060300997214,68,0,68,-4478.0,0.0,0.5663763995023992
0,100,501.27,446,552,19.17595108462681,56,0,56,-4270.0,0.0,0.5423849298027368
0,101,427.57,383,472,17.396123131318657,61,0,61,-4590.0,0.0,0.5587346721165808
0,102,482.31,436,522,19.700098984522892,55,0,55,-4395.0,0.0,0.5535809489959126
0,103,480.6,415,528,18.67832968977687,44,0,44,-4342.0,0.0,0.5466500799715657
0,104,477.18,431,530,21.354802738494215,42,0,42,-4399.0,0.0,0.5599786742491558
0,105,452.42,397,519,18.65860659320519,50,0,50,-4481.0,0.0,0.5582015283454772
0,106,482.77,433,533,21.22680145476468,72,0,72,-4519.0,0.0,0.5590901012973165
0,107,432.39,358,480,21.536431923603313,58,0,58,-4524.0,0.0,0.554291807357384
0,108,468.03,413,530,22.605952755856144,48,0,48,-4388.0,0.0,0.5503820863692909
0,109,489.41,443,546,20.91463363293749,55,0,55,-4421.0,0.0,0.5562466678514306
0,110,465.82,425,506,18.389877650490227,77,0,77,-4464.0,0.0,0.5539363781766483
0,111,501.96,444,555,24.161920453473893,43,0,43,-4330.0,0.0,0.550204371778923
0,112,437.29,394,489,21.344926797719406,73,0,73,-4435.0,0.0,0.5562466678514306
0,113,455.79,408,511,20.140652918910053,44,0,44,-4511.0,0.0,0.5629998222854097
0,114,428.31,386,464,17.99594120906156,52,0,52,-4580.0,0.0,0.5629998222854097
0,115,465.35,417,514,19.10359913733535,64,0,64,-4522.0,0.0,0.5590901012973165
0,116,426.99,378,463,19.374465153908123,51,0,51,-4378.0,0.0,0.5519815176826017
0,117,473.09,425,524,19.282683941816813,59,0,59,-4372.0,0.0,0.5537586635862805
0,118,448.75,398,493,19.89139261087569,61,0,61,-4415.0,0.0,0.5562466678514306
0,119,433.47,389,478,18.211784646211914,59,0,59,-4491.0,0.0,0.5574906699840056
0,120,444.43,383,479,18.909920676724163,49,0,49,-4530.0,0.0,0.5576683845743735
0,121,476.95,440,530,18.120361475423167,61,0,61,-4574.0,0.0,0.5590901012973165
0,122,469.49,421,501,17.86196797668163,59,0,59,-4347.0,0.0,0.5550026657188555
0,123,429.2,383,475,19.150456913609137,52,0,52,-4487.0,0.0,0.5562466678514306
0,124,468.27,419,516,19.330729422347208,71,0,71,-4269.0,0.0,0.5482495112848765
0,125,441.18,393,486,19.23038221149023,69,0,69,-4395.0,0.0,0.5532255198151769
0,126,468.28,406,513,21.15092432968356,69,0,69,-4532.0,0.0,0.5640661098276168
0,127,439.02,400,486,19.205717898584265,64,0,64,-4504.0,0.0,0.5567798116225342
0,128,457.86,411,500,19.694171726680967,54,0,54,-4547.0,0.0,0.5587346721165808
0,129,458.17,401,500,20.25490311011139,40,0,40,-4344.0,0.0,0.5484272258752444
0,130,438.21,384,489,19.757173380825506,55,0,55,-4379.0,0.0,0.5551803803092233
0,131,414.09,365,461,19.957001277747114,62,0,62,-4421.0,0.0,0.551626088501866
0,132,476.11,429,519,19.944871521270827,36,0,36,-4367.0,0.0,0.5484272258752444
0,133,448.77,417,499,17.18537459585912,43,0,43,-4469.0,0.0,0.5512706593211303
0,134,452.81,417,502,16.011055555459173,87,0,87,-4369.0,0.0,0.5459392216100942
0,135,474.07,423,530,19.911933607763963,54,0,54,-4461.0,0.0,0.5553580948995912
0,136,466.58,421,511,18.07494398331569,70,0,70,-4524.0,0.0,0.5573129553936378
0,137,479.81,435,537,22.016219021439625,54,0,54,-4410.0,0.0,0.5535809489959126
0,138,433.03,393,478,19.324313700620785,58,0,58,-4524.0,0.0,0.5601563888395237
0,139,398.79,352,457,19.313360660434007,55,0,55,-4584.0,0.0,0.5663763995023992
0,140,448.91,403,521,19.044209093580125,76,0,76,-4371.0,0.0,0.5555358094899592
0,141,478.62,423,529,18.748215915121097,57,0,57,-4368.0,0.0,0.5470055091523014
0,142,466.74,421,508,18.79820204168473,53,0,53,-4463.0,0.0,0.5587346721165808
0,143,436.61,391,478,14.90093621219821,55,0,55,-4372.0,0.0,0.5537586635862805
0,144,419.95,374,461,18.578145763234822,61,0,61,-4426.0,0.0,0.5573129553936378
0,145,449.69,405,495,19.300101036004964,47,0,47,-4489.0,0.0,0.565132397369824
0,146,402.08,365,449,15.818141483752129,53,0,53,-4688.0,0.0,0.5704638350808602
0,147,454.95,374,501,21.087140631199862,59,0,59,-4495.0,0.0,0.5660209703216634
0,148,446.03,399,494,19.007080259734792,62,0,62,-4533.0,0.0,0.5615781055624667
0,149,452.42,397,505,21.19442379495135,71,0,71,-4504.0,0.0,0.5551803803092233
0,150,418.8,369,467,19.64942747257538,54,0,54,-4465.0,0.0,0.5645992535987204
0,151,507.2,455,556,22.27958706978206,71,0,71,-4383.0,0.0,0.5491380842367158
0,152,434.65,369,491,23.409987184960183,55,0,55,-4368.0,0.0,0.550204371778923
0,153,468.31,433,518,19.10847717637384,65,0,65,-4533.0,0.0,0.5610449617913631
0,154,469.77,427,520,20.622732602640223,57,0,57,-4529.0,0.0,0.5578460991647414
0,155,463.64,420,505,19.090584066497286,60,0,60,-4468.0,0.0,0.5585569575262129
0,156,426.55,379,476,19.767334165233308,42,0,42,-4459.0,0.0,0.5617558201528345
0,157,494.4,431,550,20.83170660315664,58,0,58,-4411.0,0.0,0.5539363781766483
0,158,459.41,409,516,19.42580500262473,66,0,66,-4445.0,0.0,0.5610449617913631
0,159,426.73,372,475,20.059837985387617,58,0,58,-4424.0,0.0,0.5640661098276168
0,160,456.74,400,522,21.82595702369085,50,0,50,-4505.0,0.0,0.5535809489959126
0,161,435.08,391,483,20.577502277973387,72,0,72,-4486.0,0.0,0.561222676381731
0,162,463.21,397,505,22.724125945787222,20,0,20,-4431.0,0.0,0.5582015283454772
0,163,461.91,412,515,19.08093027082275,57,0,57,-4478.0,0.0,0.559800959658788
0,164,456.84,413,502,17.8273497749946,60,0,60,-4500.0,0.0,0.5587346721165808
0,165,436.46,389,485,17.88933760651858,64,0,64,-4449.0,0.0,0.5592678158876844
0,166,441.45,400,476,19.011246671378498,66,0,66,-4414.0,0.0,0.5546472365381198
0,167,486.96,438,551,20.71275935263093,66,0,66,-4318.0,0.0,0.5466500799715657
0,168,471.93,414,518,19.112956338567823,71,0,71,-4398.0,0.0,0.5471832237426693
0,169,421.82,388,463,16.61949457715246,44,0,44,-4509.0,0.0,0.5658432557312956
0,170,464.26,414,535,21.779173538038584,69,0,69,-4493.0,0.0,0.5514483739114981
0,171,442.12,403,481,17.93001952034632,57,0,57,-4408.0,0.0,0.5541140927670162
0,172,461.26,411,506,19.26739214320402,62,0,62,-4394.0,0.0,0.5537586635862805
0,173,461.02,421,517,20.405871703997356,54,0,54,-4354.0,0.0,0.5491380842367158
0,174,468.54,422,523,21.14493792849721,56,0,56,-4365.0,0.0,0.5484272258752444
0,175,475.56,419,524,19.13599749163863,57,0,57,-4364.0,0.0,0.5512706593211303
0,176,440.88,370,487,20.700376808164627,70,0,70,-4496.0,0.0,0.5631775368757775
0,177,457.35,412,505,20.336850788654573,55,0,55,-4500.0,0.0,0.5574906699840056
0,178,438.33,380,481,20.410808411231535,65,0,65,-4493.0,0.0,0.5592678158876844
0,179,495.62,442,549,20.75224325223661,45,0,45,-4448.0,0.0,0.5585569575262129
0,180,434.48,385,485,20.019230754452078,56,0,56,-4519.0,0.0,0.5614003909720988
0,181,474.19,407,526,22.977247441762906,62,0,62,-4457.0,0.0,0.5605118180202595
0,182,451.53,391,497,19.39301678439948,46,0,46,-4455.0,0.0,0.5605118180202595
0,183,430.83,373,494,20.102266041419313,44,0,44,-4451.0,0.0,0.5619335347432024
0,184,468.66,416,523,21.21095000229834,62,0,62,-4400.0,0.0,0.5526923760440732
0,185,453.52,406,509,20.22052422663666,52,0,52,-4484.0,0.0,0.5578460991647414
0,186,495.5,451,563,20.990235825259322,41,0,41,-4355.0,0.0,0.5544695219477519
0,187,472.16,418,512,20.48400351493819,41,0,41,-4365.0,0.0,0.5498489425981873
0,188,473.14,410,536,23.58602128380283,42,0,42,-4474.0,0.0,0.5606895326106274
0,189,447.65,388,503,22.650110375007007,39,0,39,-4495.0,0.0,0.56797583081571
0,190,473.13,406,518,19.780118806518832,69,0,69,-4392.0,0.0,0.5388306379953794
0,191,451.29,398,489,18.191918535437654,58,0,58,-4458.0,0.0,0.5551803803092233
0,192,493.57,448,541,21.40899577280541,70,0,70,-4247.0,0.0,0.5438066465256798
0,193,489.8,441,530,17.641995352000293,39,0,39,-4419.0,0.0,0.5574906699840056
0,194,455.7,410,503,17.62810256380419,69,0,69,-4473.0,0.0,0.5606895326106274
0,195,445.33,389,494,20.404438242696123,27,0,27,-4459.0,0.0,0.5548249511284876
0,196,468.64,412,526,20.624994545453827,38,0,38,-4414.0,0.0,0.5555358094899592
0,197,452.35,413,492,17.259417719030964,56,0,56,-4479.0,0.0,0.5619335347432024
0,198,480.89,405,521,21.396679648954883,73,0,73,-4507.0,0.0,0.5580238137551093
0,199,482.87,432,529,23.078845291738492,54,0,54,-4475.0,0.0,0.5578460991647414
1e-09,0,78.73,51,117,13.266389863108953,0,0,0,-4375.000024316812,5.171878001419827e-07,0.5432735027545762
1e-09,1,80.34,51,115,13.763880266843357,0,0,0,-4585.000043764045,9.339555617771111e-07,0.5644215390083526
1e-09,2,77.54,49,105,13.516967115444205,0,0,0,-4321.000029303796,6.122045306256041e-07,0.5443397902967834
1e-09,3,78.17,41,112,13.512997446902743,0,0,0,-4470.000029723997,5.170031727175228e-07,0.5573129553936378
1e-09,4,73.52,46,101,12.544704061874079,0,0,0,-4536.000045034897,7.711032594670542e-07,0.5661986849120313
1e-09,5,80.7,50,120,12.765187033490735,0,0,0,-4468.000024219835,4.871653800364584e-07,0.5566020970321663
1e-09,6,63.61,31,118,14.075436050083848,0,0,0,-4453.000029075946,3.51054040947929e-07,0.554291807357384
1e-09,7,67.94,43,108,13.647578539799651,0,0,0,-4389.000033265955,6.070449671824463e-07,0.5523369468633375
1e-09,8,77.74,47,121,13.895049478141487,0,0,0,-4519.0000380609645,8.260358299594373e-07,0.5603341034298915
1e-09,9,75.23,45,107,13.941918806247584,0,0,0,-4270.000034642817,7.771832315484062e-07,0.5434512173449441
1e-09,10,78.04,53,118,12.896449123692925,0,0,0,-4456.000021560798,4.6020250010769814e-07,0.5525146614537053
1e-09,11,61.8,25,102,13.581605207043827,0,0,0,-4390.000033410898,3.541017576935701e-07,0.5553580948995912
1e-09,12,83.82,49,119,14.449484419867721,0,0,0,-4438.000018193674,3.4332606446696445e-07,0.5553580948995912
1e-09,13,65.33,35,97,13.898240895883191,0,0,0,-4398.00002766387,3.961295078624971e-07,0.5473609383330371
1e-09,14,55.12,27,82,10.353047860412895,0,0,0,-4419.000031377931,3.2906882552197203e-07,0.5512706593211303
1e-09,15,64.94,33,98,13.869981975474952,0,0,0,-4441.000025667848,3.251525413361378e-07,0.5553580948995912
1e-09,16,59.03,34,95,11.429308815497112,0,0,0,-4317.000024773757,3.5524317354429513e-07,0.5482495112848765
1e-09,17,67.98,34,94,11.93313035209119,0,0,0,-4469.000035215959,6.440413926611654e-07,0.5496712280078194
1e-09,18,72.74,38,108,12.50649431295597,0,0,0,-4368.000021392794,4.4220541894901544e-07,0.552870090634441
1e-09,19,84.01,49,122,13.484431764075193,0,0,0,-4380.000030958924,6.02075488131959e-07,0.5512706593211303
1e-09,20,61.71,32,90,10.611592717401098,0,0,0,-4582.000026195039,3.8196139939827845e-07,0.5647769681890883
1e-09,21,75.69,42,118,16.029781657901644,0,0,0,-4472.000026464897,4.501025614445098e-07,0.5592678158876844
1e-09,22,66.83,39,105,12.36289205647287,0,0,0,-4395.000028312831,4.421690391609445e-07,0.5583792429358451
1e-09,23,58.29,30,105,13.940082496169097,0,0,0,-4517.000020227778,2.1722189558204263e-07,0.5637106806468811
1e-09,24,60.73,32,91,11.681485350759122,0,0,0,-4613.0000347001105,4.638895916286856e-07,0.5629998222854097
1e-09,25,90.65,39,133,15.271787714606303,0,0,0,-4504.000028784951,8.090491974144243e-07,0.5548249511284876
1e-09,26,60.63,23,91,13.390784144328517,0,0,0,-4512.000032357103,3.278973963460885e-07,0.5551803803092233
1e-09,27,53.88,22,86,12.284364045403409,0,0,0,-4579.000026038959,2.340411811019294e-07,0.5674426870446063
1e-09,28,87.64,48,121,15.56696502212297,0,0,0,-4436.000026823862,5.161382432561368e-07,0.5505598009596588
1e-09,29,77.48,48,114,13.843756715573992,0,0,0,-4469.000024996846,5.281535777612589e-07,0.5535809489959126
1e-09,30,56.03,24,88,12.749474498974458,0,0,0,-4428.000045413875,4.4512489694170654e-07,0.5571352408032699
1e-09,31,53.55,23,86,12.290951956622399,0,0,0,-4420.000049781902,5.090978447697125e-07,0.5514483739114981
1e-09,32,82.11,55,109,11.055220486268015,0,0,0,-4452.00002560277,5.602305463980883e-07,0.5582015283454772
1e-09,33,65.65,34,90,11.8696040372036,0,0,0,-4505.000028837912,3.9608767110621557e-07,0.5580238137551093
1e-09,34,77.04,44,108,12.135831244706726,0,0,0,-4411.000027512864,4.91136233904399e-07,0.5576683845743735
1e-09,35,68.59,45,113,12.41216741749804,0,0,0,-4571.000035319053,6.049476724001579e-07,0.5699306913097565
1e-09,36,59.89,32,87,12.193354747566397,0,0,0,-4514.000025106867,3.08133166981861e-07,0.5617558201528345
1e-09,37,54.37,22,82,11.969674181029323,0,0,0,-4416.000025003904,2.1309642761480063e-07,0.5553580948995912
1e-09,38,67.77,41,97,11.602460945851101,0,0,0,-4483.000026579936,4.790636012330651e-07,0.559800959658788
1e-09,39,49.75,23,87,12.206043585044256,0,0,0,-4302.00002712085,2.3314987629419193e-07,0.550204371778923
1e-09,40,76.91,43,117,16.26966195100562,0,0,0,-4267.00003531589,7.131093298085034e-07,0.5425626443931046
1e-09,41,91.57,63,122,12.858658561451891,0,0,0,-4462.000032658898,8.011020327103324e-07,0.5546472365381198
1e-09,42,57.66,34,86,11.04103256040847,0,0,0,-4451.000026218887,3.2111347536556423e-07,0.5576683845743735
1e-09,43,92.32,56,128,15.969896680943181,0,0,0,-4404.0000312069105,6.840891728643328e-07,0.5526923760440732
1e-09,44,61.31,13,90,13.264007689985709,0,0,0,-4302.000021480763,1.2223699741298333e-07,0.5443397902967834
1e-09,45,87.08,55,123,14.4088028649156,0,0,0,-4342.000031822923,8.440765668638051e-07,0.5446952194775191
1e-09,46,80.59,49,112,12.112881572937136,0,0,0,-4380.000026998915,6.180853233672678e-07,0.5510929447307624
1e-09,47,82.28,47,113,13.379895365809107,0,0,0,-4549.00004101712,8.038805390242487e-07,0.5715301226230673
1e-09,48,67.52,38,92,11.158386980204622,0,0,0,-4363.000022584792,3.6020810512127355e-07,0.5432735027545762
1e-09,49,84.9,53,109,11.838496526164123,0,0,0,-4317.000021521779,5.182209861231968e-07,0.5493157988270837
1e-09,50,59.03,23,88,11.085535620798844,0,0,0,-4408.000023831901,2.1509913494810462e-07,0.5510929447307624
1e-09,51,81.65,54,104,12.612989336394445,0,0,0,-4491.000031021942,7.590579116367735e-07,0.5603341034298915
1e-09,52,65.55,29,97,12.460638025398218,0,0,0,-4482.0000220137745,2.742253855103627e-07,0.5580238137551093
1e-09,53,61.19,41,95,12.850443572110652,0,0,0,-4465.000021481852,3.4614822652656585e-07,0.5500266571885551
1e-09,54,61.75,25,116,15.234418269169321,0,0,0,-4496.000025391822,3.401773938094266e-07,0.5555358094899592
1e-09,55,67.43,43,95,11.730520022573595,0,0,0,-4303.000029901831,5.111687642056495e-07,0.5491380842367158
1e-09,56,90.55,48,126,14.366192954293773,0,0,0,-4421.000038816907,7.520930012105964e-07,0.5505598009596588
1e-09,57,63.63,35,110,13.823642790523778,0,0,0,-4413.000023107848,2.9715192795265466e-07,0.5539363781766483
1e-09,58,43.33,22,73,9.895509082407028,0,0,0,-4406.000033180923,3.320765245007351e-07,0.5505598009596588
1e-09,59,81.89,52,106,12.409589034291182,0,0,0,-4322.000027529827,6.461732482421212e-07,0.5466500799715657
1e-09,60,72.37,44,95,10.249541453157795,0,0,0,-4472.000027770858,5.961419446975924e-07,0.561222676381731
1e-09,61,60.54,38,90,11.397736617416637,0,0,0,-4514.0000270750015,4.629982868209481e-07,0.5596232450684201
1e-09,62,62.96,28,91,13.48103853566186,0,0,0,-4503.000037971989,4.2001101974165067e-07,0.5621112493335703
1e-09,63,56.05,26,87,11.832476494800233,0,0,0,-4465.000030515986,3.27014276990667e-07,0.5640661098276168
1e-09,64,92.29,53,140,15.13624458047636,0,0,0,-4360.000030338844,6.541558832395822e-07,0.5468277945619335
1e-09,65,88.39,53,134,13.945533335086184,0,0,0,-4381.000020959728,4.612720658769831e-07,0.5510929447307624
1e-09,66,82.16,54,119,15.953507451341226,0,0,0,-4411.000029435918,6.580821718671359e-07,0.5493157988270837
1e-09,67,80.98,54,112,12.823400485050756,0,0,0,-4381.000024367804,6.001955625833943e-07,0.5585569575262129
1e-09,68,103.26,55,148,15.687332469224968,0,0,0,-4315.000028548805,7.941953299450688e-07,0.5439843611160476
1e-09,69,67.6,34,102,11.94403616873291,0,0,0,-4459.00002684994,4.1906059777829796e-07,0.559800959658788
1e-09,70,66.82,42,112,12.376089850998982,0,0,0,-4406.000024414868,4.361318133305758e-07,0.5562466678514306
1e-09,71,55.99,28,84,11.803808707362213,0,0,0,-4327.000031087973,3.5802713682642207e-07,0.550204371778923
1e-09,72,64.41,40,92,11.225056792729381,0,0,0,-4270.000035058903,5.500969564309344e-07,0.5414963568508975
1e-09,73,53.82,29,87,12.380129240036228,0,0,0,-4433.000041051976,5.110241545480676e-07,0.5494935134174516
1e-09,74,91.44,49,126,15.000213331816317,0,0,0,-4377.000033092938,9.240620784112252e-07,0.5452283632486227
1e-09,75,65.43,43,101,12.500603985408064,0,0,0,-4383.000029857866,4.371340764919296e-07,0.5567798116225342
1e-09,76,76.46,49,113,11.477299333902554,0,0,0,-4431.000024785878,4.891217031399719e-07,0.5518038030922339
1e-09,77,62.99,38,98,12.256014849860456,0,0,0,-4476.0000323928925,5.991078069200739e-07,0.5532255198151769
1e-09,78,77.56,39,119,15.557840467108539,0,0,0,-4449.000027891833,4.54167093266733e-07,0.5614003909720988
1e-09,79,65.79,33,99,14.070035536557825,0,0,0,-4646.000019523769,2.6123143470613286e-07,0.5688644037675493
1e-09,80,81.79,49,119,15.584797079205106,0,0,0,-4558.000024050887,4.6211334847612306e-07,0.5695752621290208
1e-09,81,88.13,60,123,13.762016567349425,0,0,0,-4425.000027551833,6.991667760303244e-07,0.5519815176826017
1e-09,82,60.61,36,93,11.303004025479245,0,0,0,-4394.000026954857,4.531430022325367e-07,0.5487826550559801
1e-09,83,91.88,61,137,14.71209026617224,0,0,0,-4450.000030401832,7.621674740221351e-07,0.5534032344055447
1e-09,84,91.93,53,123,14.658277525002726,0,0,0,-4405.000024164836,5.201645763008855e-07,0.5551803803092233
1e-09,85,72.33,44,110,13.955683430058164,0,0,0,-4413.000025999909,5.440915629151277e-07,0.5509152301403946
1e-09,86,56.91,26,83,10.731351266266518,0,0,0,-4436.000034347995,3.7100471672602e-07,0.554291807357384
1e-09,87,52.73,19,80,11.751472248190861,0,0,0,-4451.0000306459415,2.5005829229485244e-07,0.5605118180202595
1e-09,88,59.97,15,99,14.975616848731141,0,0,0,-4552.00002646693,2.94070559903048e-07,0.5640661098276168
1e-09,89,67.68,38,102,12.686906636371216,0,0,0,-4442.0000261728865,4.4711396185448393e-07,0.5521592322729696
1e-09,90,73.69,40,107,13.690650094133588,0,0,0,-4437.00002511082,4.4617991079576313e-07,0.5470055091523014
1e-09,91,76.75,30,116,13.238107870840153,0,0,0,-4488.000025710893,2.85106580122374e-07,0.5647769681890883
1e-09,92,102.64,62,149,16.878696632145505,0,0,0,-4386.000027342906,8.460938261123374e-07,0.5523369468633375
1e-09,93,55.12,29,91,10.86211765725266,0,0,0,-4556.000044027027,5.229730959399603e-07,0.5690421183579172
1e-09,94,75.82,52,117,13.341199346385617,0,0,0,-4455.000023981807,4.791927494807169e-07,0.5558912386706949
1e-09,95,57.82,21,90,14.687668296908123,0,0,0,-4430.000036523099,3.0490082281176e-07,0.5521592322729696
1e-09,96,80.64,48,113,12.586119338382264,0,0,0,-4545.000025346845,4.90154889121186e-07,0.5505598009596588
1e-09,97,79.72,53,120,15.309526445974742,0,0,0,-4616.000029065985,6.650152499787509e-07,0.561222676381731
1e-09,98,57.89,27,95,11.904532750175456,0,0,0,-4464.000023126857,2.561428118497133e-07,0.5608672472009952
1e-09,99,64.18,36,100,13.311183268214739,0,0,0,-4478.000024478828,3.2017214834922925e-07,0.5663763995023992
1e-09,100,70.56,37,109,13.473173345578243,0,0,0,-4270.000035981778,6.962218321859837e-07,0.5423849298027368
1e-09,101,76.78,47,103,13.123703745513307,0,0,0,-4590.000027176966,5.350339051801711e-07,0.5587346721165808
1e-09,102,91.51,54,127,14.559186103625434,0,0,0,-4395.000039770923,9.53077687881887e-07,0.5535809489959126
1e-09,103,41.5,14,85,12.23805540108395,0,0,0,-4342.000026649765,1.3623503036797047e-07,0.5466500799715657
1e-09,104,85.14,45,114,14.658799405135468,0,0,0,-4399.000027434831,5.67169081477914e-07,0.5599786742491558
1e-09,105,58.1,32,83,10.974060324237334,0,0,0,-4481.000026797003,3.369978003320284e-07,0.5582015283454772
1e-09,106,63.24,13,90,13.555899084900272,0,0,0,-4519.000038006986,2.1601408661808819e-07,0.5590901012973165
1e-09,107,75.87,44,101,11.665894736367203,0,0,0,-4524.000025474995,4.800049282494001e-07,0.554291807357384
1e-09,108,70.62,34,102,12.198999959013033,0,0,0,-4388.0000305299245,4.2307510739192367e-07,0.5503820863692909
1e-09,109,77.54,48,124,14.155154538188555,0,0,0,-4421.000023030783,4.1121711547020823e-07,0.5562466678514306
1e-09,110,60.79,33,88,11.887215822050173,0,0,0,-4464.000036656083,4.659177648136392e-07,0.5539363781766483
1e-09,111,65.87,32,102,14.530419814995023,0,0,0,-4330.000030264766,3.96234099753201e-07,0.550204371778923
1e-09,112,54.0,23,85,11.503912377969506,0,0,0,-4435.000023846863,2.1413688955362886e-07,0.5562466678514306
1e-09,113,57.27,33,87,12.7317359381979,0,0,0,-4511.000027359909,3.4309141483390704e-07,0.5629998222854097
1e-09,114,70.75,40,97,11.090874627368212,0,0,0,-4580.00002125783,3.431705408729613e-07,0.5629998222854097
1e-09,115,76.97,50,107,11.151192761314817,0,0,0,-4522.000031906935,6.670652510365471e-07,0.5590901012973165
1e-09,116,53.4,17,84,11.697008164483771,0,0,0,-4378.000029295942,2.1305822883732617e-07,0.5519815176826017
1e-09,117,80.87,51,124,13.570302133703583,0,0,0,-4372.0000283449135,5.990868885419331e-07,0.5537586635862805
1e-09,118,72.42,46,104,14.128821606914004,0,0,0,-4415.000027598879,5.441215762402862e-07,0.5562466678514306
1e-09,119,57.01,31,93,13.19810213629217,0,0,0,-4491.000028489016,3.5598441172624007e-07,0.5574906699840056
1e-09,120,73.7,37,106,14.30419518882485,0,0,0,-4530.000028306021,4.1897965274984017e-07,0.5576683845743735
1e-09,121,59.71,32,92,13.855175928150462,0,0,0,-4574.000022114889,2.601109372335486e-07,0.5590901012973165
1e-09,122,63.9,37,97,11.06300140106653,0,0,0,-4347.000029579898,4.151015673414804e-07,0.5550026657188555
1e-09,123,58.31,34,87,11.042368405373912,0,0,0,-4487.000026672934,3.370660124346614e-07,0.5562466678514306
1e-09,124,75.03,51,104,12.202831638599296,0,0,0,-4269.000024181846,5.071542545920238e-07,0.5482495112848765
1e-09,125,59.97,32,106,12.304840510953401,0,0,0,-4395.000025791837,3.3516244002385065e-07,0.5532255198151769
1e-09,126,54.99,34,80,10.406243318316173,0,0,0,-4532.000028731995,4.2800456867553294e-07,0.5640661098276168
1e-09,127,76.38,40,123,15.234684112248603,0,0,0,-4504.000031282983,4.990170054952614e-07,0.5567798116225342
1e-09,128,84.63,54,114,12.27245289255575,0,0,0,-4547.000023551921,6.040791049599648e-07,0.5587346721165808
1e-09,129,72.95,36,107,13.259996229260397,0,0,0,-4344.000029523842,4.9215759645449e-07,0.5484272258752444
1e-09,130,77.02,37,102,14.002128409638301,0,0,0,-4379.000043116947,6.500522431451827e-07,0.5551803803092233
1e-09,131,58.14,31,90,12.50041599307799,0,0,0,-4421.000027358991,3.460090738371946e-07,0.551626088501866
1e-09,132,73.07,45,110,13.514625411013062,0,0,0,-4367.000029032884,5.45115653949324e-07,0.5484272258752444
1e-09,133,52.27,26,86,11.140785430121165,0,0,0,-4469.000029419962,3.1803847377886996e-07,0.5512706593211303
1e-09,134,57.72,22,96,13.184900454686794,0,0,0,-4369.00002394791,2.1108917280798778e-07,0.5459392216100942
1e-09,135,62.74,36,93,12.040448496630017,0,0,0,-4461.000022423857,3.3214291761396453e-07,0.5553580948995912
1e-09,136,70.09,43,95,10.762058353307697,0,0,0,-4524.000025280785,4.84214979223907e-07,0.5573129553936378
1e-09,137,89.51,51,144,15.303264357646052,0,0,0,-4410.000038568922,8.490778782288544e-07,0.5535809489959126
1e-09,138,54.47,32,83,10.773537023651981,0,0,0,-4524.00003041605,4.2694955482147634e-07,0.5601563888395237
1e-09,139,43.5,22,67,10.572133181151285,0,0,0,-4584.00002688596,2.1504001779248938e-07,0.5663763995023992
1e-09,140,60.29,34,94,11.2998185826145,0,0,0,-4371.000028754952,4.210478437016718e-07,0.5555358094899592
1e-09,141,70.01,45,104,12.98344715397263,0,0,0,-4368.000033211872,5.411284291767515e-07,0.5470055091523014
1e-09,142,73.22,39,112,13.720481041129716,0,0,0,-4463.000024911848,5.011515895603225e-07,0.5587346721165808
1e-09,143,65.83,37,100,12.627790780655182,0,0,0,-4372.000035693928,5.290721674100496e-07,0.5537586635862805
1e-09,144,47.84,21,94,14.447643406452142,0,0,0,-4426.00002595994,2.0906009012833238e-07,0.5573129553936378
1e-09,145,84.27,58,114,12.288901496879207,0,0,0,-4489.000028256909,6.92090907250531e-07,0.565132397369824
1e-09,146,54.43,28,83,9.834891966869792,0,0,0,-4688.000033794126,3.8287453207885846e-07,0.5704638350808602
1e-09,147,61.52,34,88,10.825414541716174,0,0,0,-4495.000022296751,3.422492227400653e-07,0.5660209703216634
1e-09,148,52.49,21,79,10.888062270211353,0,0,0,-4533.000037996087,2.919132384704426e-07,0.5615781055624667
1e-09,149,43.88,22,68,10.184576574408974,0,0,0,-4504.00003099507,2.869301169994287e-07,0.5551803803092233
1e-09,150,50.85,21,87,13.724704004094223,0,0,0,-4465.000032595946,2.820534064085223e-07,0.5645992535987204
1e-09,151,71.72,48,107,12.109566466228262,0,0,0,-4383.000026432859,5.121410140418448e-07,0.5491380842367158
1e-09,152,60.74,30,104,11.681284175979968,0,0,0,-4368.000034524865,4.6313471102621406e-07,0.550204371778923
1e-09,153,64.7,39,100,13.346535130886966,0,0,0,-4533.000023761865,4.1313523979624733e-07,0.5610449617913631
1e-09,154,63.17,42,101,11.987539363856122,0,0,0,-4529.000026045871,3.9112910599214956e-07,0.5578460991647414
1e-09,155,84.88,36,119,14.639863387340743,0,0,0,-4468.000032446911,4.880885171587579e-07,0.5585569575262129
1e-09,156,55.7,30,90,12.252754792290588,0,0,0,-4459.000029794001,3.7599875213345513e-07,0.5617558201528345
1e-09,157,94.94,55,147,17.154486293678396,0,0,0,-4411.000022489824,4.5817614591214806e-07,0.5539363781766483
1e-09,158,67.06,46,102,12.350562740215524,0,0,0,-4445.000022656818,4.4518219510791823e-07,0.5610449617913631
1e-09,159,62.75,35,88,11.754467235906525,0,0,0,-4424.000039567948,4.710518624051474e-07,0.5640661098276168
1e-09,160,74.65,46,109,12.449397575786548,0,0,0,-4505.000028218966,6.220343493623659e-07,0.5535809489959126
1e-09,161,80.81,42,115,13.194464748522389,0,0,0,-4486.000027947945,4.820558388018981e-07,0.561222676381731
1e-09,162,76.9,40,107,13.269137123415373,0,0,0,-4431.000025682829,4.3317140807630494e-07,0.5582015283454772
1e-09,163,82.51,57,110,11.966198226671661,0,0,0,-4478.00002775092,6.770806066924706e-07,0.559800959658788
1e-09,164,68.42,32,110,14.443116007288731,0,0,0,-4500.000028665938,3.8506186683662236e-07,0.5587346721165808
1e-09,165,54.19,23,91,12.167740135292174,0,0,0,-4449.000037790998,4.240018824930303e-07,0.5592678158876844
1e-09,166,57.98,37,81,11.038097662187992,0,0,0,-4414.000026046852,3.561481207725592e-07,0.5546472365381198
1e-09,167,84.33,53,122,13.951383443945621,0,0,0,-4318.000024859752,5.172487362870015e-07,0.5466500799715657
1e-09,168,72.24,34,112,14.072753817217155,0,0,0,-4398.0000349299535,4.820467438548803e-07,0.5471832237426693
1e-09,169,68.05,43,107,12.67704618592202,0,0,0,-4509.0000232119055,3.940940587199293e-07,0.5658432557312956
1e-09,170,63.12,36,92,12.777542799771794,0,0,0,-4493.000021430859,2.741408025030978e-07,0.5514483739114981
1e-09,171,61.36,30,97,12.16513049662847,0,0,0,-4408.000027419846,3.02153239317704e-07,0.5541140927670162
1e-09,172,63.03,32,90,11.825781158130738,0,0,0,-4394.000023965808,3.041914169443771e-07,0.5537586635862805
1e-09,173,81.5,51,119,13.426466400360148,0,0,0,-4354.0000225208805,4.911198629997671e-07,0.5491380842367158
1e-09,174,77.13,54,106,10.856016764909679,0,0,0,-4365.000025873853,5.371475708670914e-07,0.5484272258752444
1e-09,175,70.73,34,105,12.462628133744502,0,0,0,-4364.000022897799,3.1020135793369263e-07,0.5512706593211303
1e-09,176,59.68,22,96,12.541833996668908,0,0,0,-4496.000022873861,1.881389835034497e-07,0.5631775368757775
1e-09,177,70.89,35,106,13.227165229178926,0,0,0,-4500.000027809931,5.370684448280372e-07,0.5574906699840056
1e-09,178,74.82,43,110,13.353935749433573,0,0,0,-4493.000033724977,5.640231393044814e-07,0.5592678158876844
1e-09,179,74.15,40,113,14.680854879740485,0,0,0,-4448.000022574829,3.991708581452258e-07,0.5585569575262129
1e-09,180,60.44,29,97,11.848476695339363,0,0,0,-4519.000026439951,3.140485205221921e-07,0.5614003909720988
1e-09,181,75.54,41,106,13.446501403710931,0,0,0,-4457.000026948836,5.461633918457665e-07,0.5605118180202595
1e-09,182,60.47,36,92,11.750280847707428,0,0,0,-4455.000031462921,4.5307933760341257e-07,0.5605118180202595
1e-09,183,54.9,27,97,12.259282197584,0,0,0,-4451.000022926815,2.2318454284686595e-07,0.5619335347432024
1e-09,184,83.53,48,121,15.830006317118134,0,0,0,-4400.000029189857,5.831434464198537e-07,0.5526923760440732
1e-09,185,85.26,56,127,13.170892148977607,0,0,0,-4484.000024968902,6.290983947110362e-07,0.5578460991647414
1e-09,186,98.26,72,129,14.147522751351207,0,0,0,-4355.000025944755,7.392445695586503e-07,0.5544695219477519
1e-09,187,62.93,34,101,13.94507439922785,0,0,0,-4365.000036332903,5.840975063620135e-07,0.5498489425981873
1e-09,188,76.19,37,116,14.751742269982891,0,0,0,-4474.000022585833,3.381674105185084e-07,0.5606895326106274
1e-09,189,61.82,34,90,11.850215187919586,0,0,0,-4495.000026268925,3.390750862308778e-07,0.56797583081571
1e-09,190,80.51,55,121,12.481582431727157,0,0,0,-4392.000025150844,5.691563274012879e-07,0.5388306379953794
1e-09,191,47.94,26,75,10.438218238760864,0,0,0,-4458.000021367788,2.4421206035185605e-07,0.5551803803092233
1e-09,192,70.93,40,101,13.001734499673494,0,0,0,-4247.000043162837,7.611633918713778e-07,0.5438066465256798
1e-09,193,91.52,59,135,16.526027955924558,0,0,0,-4419.000022403809,5.721904017264023e-07,0.5574906699840056
1e-09,194,54.02,21,78,12.622979046168142,0,0,0,-4473.000028054946,2.2305448510451242e-07,0.5606895326106274
1e-09,195,58.98,29,93,13.581590481235988,0,0,0,-4459.000040050985,5.090150807518512e-07,0.5548249511284876
1e-09,196,70.3,25,111,14.681621163890586,0,0,0,-4414.000034720961,3.520390237099491e-07,0.5555358094899592
1e-09,197,86.0,54,111,14.147084505296489,0,0,0,-4479.000032764953,7.600465323776007e-07,0.5619335347432024
1e-09,198,63.14,35,93,12.219672663373599,0,0,0,-4507.000023173866,3.2513435144210234e-07,0.5580238137551093
1e-09,199,84.08,51,117,14.995119205928306,0,0,0,-4475.000032206875,7.481248758267611e-07,0.5578460991647414
1e-08,0,76.22,39,120,15.19182674993366,0,0,0,-4375.000243541282,4.798718691745307e-06,0.5432735027545762
1e-08,1,80.5,49,115,14.386451960090785,0,0,0,-4585.000438131012,8.84898781805532e-06,0.5644215390083526
1e-08,2,79.31,53,113,12.256993921839074,0,0,0,-4321.000291901169,7.258831828949042e-06,0.5443397902967834
1e-08,3,80.48,50,109,12.151938117024791,0,0,0,-4470.000296071285,6.338714229059406e-06,0.5573129553936378
1e-08,4,73.62,44,100,12.34405119885688,0,0,0,-4536.000450181042,7.878958058427088e-06,0.5661986849120313
1e-08,5,79.63,47,123,15.82318236006904,0,0,0,-4468.000242761303,4.308697498345282e-06,0.5566020970321663
1e-08,6,67.81,44,103,12.270040749728585,0,0,0,-4453.000289381331,4.8886695367400534e-06,0.554291807357384
1e-08,7,66.5,28,96,12.815225319907567,0,0,0,-4389.000335071273,3.6587271097232588e-06,0.5523369468633375
1e-08,8,75.8,39,118,14.308738588708648,0,0,0,-4519.000382521215,6.348785063892137e-06,0.5603341034298915
1e-08,9,74.29,48,112,13.619320834755309,0,0,0,-4270.00034723114,6.968860361666884e-06,0.5434512173449441
1e-08,10,76.53,31,105,11.751131860378388,0,0,0,-4456.000217321395,2.8886051950394176e-06,0.5525146614537053
1e-08,11,62.15,28,101,12.60188477966689,0,0,0,-4390.000334471244,3.1787558327778243e-06,0.5553580948995912
1e-08,12,84.58,49,147,16.49131892845445,0,0,0,-4438.000182021357,3.348642167111393e-06,0.5553580948995912
1e-08,13,61.8,33,93,12.921300244170476,0,0,0,-4398.000277381292,3.2187081160373054e-06,0.5473609383330371
1e-08,14,55.96,25,82,11.947317690594822,0,0,0,-4419.00031391129,3.158710569550749e-06,0.5512706593211303
1e-08,15,64.98,34,96,14.341534088095317,0,0,0,-4441.000256451284,3.478715370874852e-06,0.5553580948995912
1e-08,16,58.94,33,85,12.049746885308421,0,0,0,-4317.000248171251,3.11874919134425e-06,0.5482495112848765
1e-08,17,69.51,39,101,14.036021516084961,0,0,0,-4469.000353301196,5.298804353515152e-06,0.5496712280078194
1e-08,18,70.31,43,105,11.433017974270836,0,0,0,-4368.000214471334,3.878665665979497e-06,0.552870090634441
1e-08,19,81.28,46,110,13.647769048456235,0,0,0,-4380.000309901268,5.708731805498246e-06,0.5512706593211303
1e-08,20,61.64,37,91,11.36179563273341,0,0,0,-4582.000262041393,3.728606316144578e-06,0.5647769681890883
1e-08,21,73.83,42,106,13.089732617590018,0,0,0,-4472.000263421389,5.728611540689599e-06,0.5592678158876844
1e-08,22,67.06,39,111,14.447712621726666,0,0,0,-4395.000283321268,4.228731995681301e-06,0.5583792429358451
1e-08,23,59.13,27,101,13.425092178454493,0,0,0,-4517.000202091377,2.3586226234328933e-06,0.5637106806468811
1e-08,24,61.44,34,91,11.53023850577255,0,0,0,-4613.000346781266,4.858734428125899e-06,0.5629998222854097
1e-08,25,88.77,57,127,13.898096992034555,0,0,0,-4504.000289131342,6.808658326917794e-06,0.5548249511284876
1e-08,26,59.32,29,92,11.605929519000192,0,0,0,-4512.0003227713005,4.078699930687435e-06,0.5551803803092233
1e-08,27,55.04,26,87,13.310086400921673,0,0,0,-4579.000260151381,2.578619387350045e-06,0.5674426870446063
1e-08,28,87.59,58,130,13.994352432320689,0,0,0,-4436.00026682128,6.578719876415562e-06,0.5505598009596588
1e-08,29,79.54,33,119,15.745742281645537,0,0,0,-4469.000250481365,4.768635335494764e-06,0.5535809489959126
1e-08,30,56.11,34,91,11.499473901009559,0,0,0,-4428.000452251064,6.3389352362719364e-06,0.5571352408032699
1e-08,31,55.95,30,85,10.758601210194566,0,0,0,-4420.0004970009795,5.90902072872268e-06,0.5514483739114981
1e-08,32,82.85,42,119,14.529538877748324,0,0,0,-4452.000256181311,5.4486890803673305e-06,0.5582015283454772
1e-08,33,66.28,31,100,13.261281989310083,0,0,0,-4505.000289271318,3.0686815080116503e-06,0.5580238137551093
1e-08,34,75.27,43,112,11.93553936778728,0,0,0,-4411.000275361318,4.678681762015913e-06,0.5576683845743735
1e-08,35,68.53,37,100,13.680244880849171,0,0,0,-4571.000353871194,5.368805432226509e-06,0.5699306913097565
1e-08,36,61.28,29,86,12.653916389798063,0,0,0,-4514.00025124136,2.9086395443300717e-06,0.5617558201528345
1e-08,37,53.3,26,82,12.712592182556634,0,0,0,-4416.000249621319,2.548680640757084e-06,0.5553580948995912
1e-08,38,67.68,35,97,13.76799186519225,0,0,0,-4483.000266861368,3.728631781996228e-06,0.559800959658788
1e-08,39,51.47,20,78,12.314588909094773,0,0,0,-4302.000271351303,2.1886971808271483e-06,0.550204371778923
1e-08,40,78.39,34,110,15.29895094442753,0,0,0,-4267.00035342112,6.868879609100986e-06,0.5425626443931046
1e-08,41,91.48,56,125,14.572220146566547,0,0,0,-4462.000326451158,8.148842425725888e-06,0.5546472365381198
1e-08,42,57.97,35,91,12.516752773782823,0,0,0,-4451.0002615114145,3.8885855246917345e-06,0.5576683845743735
1e-08,43,90.7,60,127,12.685818854137876,0,0,0,-4404.000311331237,7.578762961202301e-06,0.5526923760440732
1e-08,44,57.27,28,97,16.005533418165108,0,0,0,-4302.00021347131,2.558689629950095e-06,0.5443397902967834
1e-08,45,85.19,52,120,14.963752871522571,0,0,0,-4342.000319581233,7.088766324159224e-06,0.5446952194775191
1e-08,46,81.18,57,111,12.23714018878594,0,0,0,-4380.0002701612675,6.0087322708568536e-06,0.5510929447307624
1e-08,47,83.32,51,122,13.676900233605567,0,0,0,-4549.000409361136,8.84886412677588e-06,0.5715301226230673
1e-08,48,66.04,38,100,12.085462341176692,0,0,0,-4363.000225491351,3.958649358537514e-06,0.5432735027545762
1e-08,49,89.17,57,124,14.176074915151938,0,0,0,-4317.0002154713575,4.928642738377675e-06,0.5493157988270837
1e-08,50,63.2,37,93,11.59137610467368,0,0,0,-4408.0002373413745,3.1286253943108022e-06,0.5510929447307624
1e-08,51,76.66,44,112,15.157321663143525,0,0,0,-4491.000312411255,5.39874417881947e-06,0.5603341034298915
1e-08,52,64.49,35,89,12.376182771759636,0,0,0,-4482.0002196913365,3.1886638680589385e-06,0.5580238137551093
1e-08,53,58.83,30,95,13.149186286611046,0,0,0,-4465.000215521407,2.7585929274209775e-06,0.5500266571885551
1e-08,54,63.45,36,100,12.878179219128764,0,0,0,-4496.000253741293,3.5787070373771712e-06,0.5555358094899592
1e-08,55,67.06,40,96,11.482874204657996,0,0,0,-4303.000299311211,4.8187885113293305e-06,0.5491380842367158
1e-08,56,90.68,44,126,13.574888581494877,0,0,0,-4421.000388991139,6.69886139803566e-06,0.5505598009596588
1e-08,57,63.78,30,91,14.072370091779138,0,0,0,-4413.000231341353,2.7086462068837136e-06,0.5539363781766483
1e-08,58,44.12,22,69,9.646014721116696,0,0,0,-4406.000331911199,3.2188008844968863e-06,0.5505598009596588
1e-08,59,79.68,40,113,13.096472807592127,0,0,0,-4322.000277491256,4.268743396096397e-06,0.5466500799715657
1e-08,60,73.73,40,114,12.21298898713988,0,0,0,-4472.00027902126,4.648739377444144e-06,0.561222676381731
1e-08,61,62.11,29,105,13.009146782168306,0,0,0,-4514.000272211353,3.168646799167618e-06,0.5596232450684201
1e-08,62,66.9,35,94,13.413053343664895,0,0,0,-4503.000378441154,5.478846105688717e-06,0.5621112493335703
1e-08,63,55.37,23,88,12.008875884111719,0,0,0,-4465.000305481349,2.948650944745168e-06,0.5640661098276168
1e-08,64,87.88,56,119,12.250942820860768,0,0,0,-4360.000303231248,6.698752258671448e-06,0.5468277945619335
1e-08,65,92.51,58,134,14.322356649657904,0,0,0,-4381.000209481353,4.728647581941914e-06,0.5510929447307624
1e-08,66,81.99,57,121,14.025330655638745,0,0,0,-4411.00029422124,6.7187593231210485e-06,0.5493157988270837
1e-08,67,80.24,50,123,13.484895253579094,0,0,0,-4381.00024452137,5.158629392099101e-06,0.5585569575262129
1e-08,68,100.28,72,135,13.840578022611627,0,0,0,-4315.000284781224,8.648776201880537e-06,0.5439843611160476
1e-08,69,66.93,30,104,14.748732148900121,0,0,0,-4459.000268171361,4.518638888839632e-06,0.559800959658788
1e-08,70,66.67,40,98,12.263812620877735,0,0,0,-4406.000244101326,4.408674612932373e-06,0.5562466678514306
1e-08,71,55.24,31,84,13.172790137248828,0,0,0,-4327.000310511306,3.9486931200372055e-06,0.550204371778923
1e-08,72,65.63,37,93,11.047764479748832,0,0,0,-4270.000350971214,5.118786248203833e-06,0.5414963568508975
1e-08,73,54.3,23,87,12.443873994861889,0,0,0,-4433.000410491074,5.138926098879892e-06,0.5494935134174516
1e-08,74,92.37,57,129,14.478711959286986,0,0,0,-4377.000331201132,8.968867405201308e-06,0.5452283632486227
1e-08,75,64.84,33,94,11.858937557808456,0,0,0,-4383.000299551291,3.398708940949291e-06,0.5567798116225342
1e-08,76,76.21,44,107,13.535357402004571,0,0,0,-4431.0002487513175,3.998682586825453e-06,0.5518038030922339
1e-08,77,60.81,27,91,12.272485485833748,0,0,0,-4476.000326241259,3.678740540635772e-06,0.5532255198151769
1e-08,78,76.32,40,111,12.926623689115424,0,0,0,-4449.000279101274,4.358726073405705e-06,0.5614003909720988
1e-08,79,63.93,34,101,13.613416176698632,0,0,0,-4646.000195141358,2.7086425689049065e-06,0.5688644037675493
1e-08,80,78.22,39,126,14.906092714054882,0,0,0,-4558.000240051302,5.0786975407390855e-06,0.5695752621290208
1e-08,81,89.83,49,124,13.719369519041317,0,0,0,-4425.000276411246,6.098754056438338e-06,0.5519815176826017
1e-08,82,57.89,37,81,10.818405612658456,0,0,0,-4394.000270061307,4.018693289253861e-06,0.5487826550559801
1e-08,83,89.67,59,128,15.23355178545043,0,0,0,-4450.0003031111855,8.52881476021139e-06,0.5534032344055447
1e-08,84,88.02,47,125,15.344692893635898,0,0,0,-4405.000242111382,4.738617462862749e-06,0.5551803803092233
1e-08,85,70.65,42,104,12.883613623514174,0,0,0,-4413.000260991333,4.448666913958732e-06,0.5509152301403946
1e-08,86,57.21,27,86,10.791936804855744,0,0,0,-4436.000343881245,3.3087553674704395e-06,0.554291807357384
1e-08,87,54.65,34,96,12.099070212210522,0,0,0,-4451.000303431231,5.528769179363735e-06,0.5605118180202595
1e-08,88,62.08,31,91,13.52381602950883,0,0,0,-4552.000264031373,3.578627001843415e-06,0.5640661098276168
1e-08,89,70.48,42,99,11.130570515476734,0,0,0,-4442.000261481266,4.718734089692589e-06,0.5521592322729696
1e-08,90,74.64,41,98,10.6953447817263,0,0,0,-4437.00025131132,4.25867983722128e-06,0.5470055091523014
1e-08,91,76.69,51,124,13.37213146809438,0,0,0,-4488.000254981313,4.978686774848029e-06,0.5647769681890883
1e-08,92,103.4,56,145,16.928673899629587,0,0,0,-4386.000274931314,6.9586858444381505e-06,0.5523369468633375
1e-08,93,54.36,15,82,12.299203226225673,0,0,0,-4556.000442911095,2.588904862932395e-06,0.5690421183579172
1e-08,94,77.11,38,114,14.010635246126421,0,0,0,-4455.000241011347,3.5986531656817533e-06,0.5558912386706949
1e-08,95,56.67,28,87,11.557729015684698,0,0,0,-4430.000362531257,5.748742296418641e-06,0.5521592322729696
1e-08,96,82.07,52,123,14.899164406100097,0,0,0,-4545.00025250137,5.868630069016945e-06,0.5505598009596588
1e-08,97,77.61,44,112,13.553519838034696,0,0,0,-4616.000292061341,5.2486593631329015e-06,0.561222676381731
1e-08,98,53.23,20,78,11.003503987366933,0,0,0,-4464.000231811355,2.0186453184578568e-06,0.5608672472009952
1e-08,99,67.05,36,105,13.443492849702416,0,0,0,-4478.000244771364,3.2186362659558654e-06,0.5663763995023992
1e-08,100,70.9,43,99,12.450301201175819,0,0,0,-4270.000360191141,6.5888589233509265e-06,0.5423849298027368
1e-08,101,75.07,41,101,13.428518160988574,0,0,0,-4590.000272031438,5.088561920274515e-06,0.5587346721165808
1e-08,102,89.24,53,117,12.926035741866103,0,0,0,-4395.000398131095,9.108905032917392e-06,0.5535809489959126
1e-08,103,43.95,17,73,12.09741707969102,0,0,0,-4342.000266281263,1.5787372831255198e-06,0.5466500799715657
1e-08,104,85.18,49,118,14.066541863585377,0,0,0,-4399.000274531205,5.488795068231411e-06,0.5599786742491558
1e-08,105,57.31,25,85,12.627505691940907,0,0,0,-4481.000268111392,3.2286079658661038e-06,0.5582015283454772
1e-08,106,61.41,34,94,12.047485214765777,0,0,0,-4519.000376951136,5.2788636821787804e-06,0.5590901012973165
1e-08,107,74.54,31,104,11.411765858095757,0,0,0,-4524.000256501368,3.048631697311066e-06,0.554291807357384
1e-08,108,67.49,33,115,13.010376627907434,0,0,0,-4388.000305591267,3.93873324355809e-06,0.5503820863692909
1e-08,109,80.68,44,135,15.994298984325631,0,0,0,-4421.000229941348,4.478652044781484e-06,0.5562466678514306
1e-08,110,59.85,35,85,9.778931434466651,0,0,0,-4464.000365821168,5.39883149031084e-06,0.5539363781766483
1e-08,111,69.89,34,98,14.432529230872875,0,0,0,-4330.000300981159,5.62884088139981e-06,0.550204371778923
1e-08,112,56.61,32,86,11.460274865813647,0,0,0,-4435.00023740135,3.2086500141303986e-06,0.5562466678514306
1e-08,113,55.89,33,80,10.771160568852364,0,0,0,-4511.000273551321,3.478678991086781e-06,0.5629998222854097
1e-08,114,68.91,40,122,14.544480052583523,0,0,0,-4580.000211821419,4.188581442576833e-06,0.5629998222854097
1e-08,115,76.47,51,100,10.042365259240475,0,0,0,-4522.0003185112755,7.228724825836252e-06,0.5590901012973165
1e-08,116,56.37,27,92,13.068783416982622,0,0,0,-4378.000291731261,3.3587384677957743e-06,0.5519815176826017
1e-08,117,83.17,47,121,15.630774133100383,0,0,0,-4372.000282261299,7.17870170774404e-06,0.5537586635862805
1e-08,118,71.36,41,107,13.245769135841076,0,0,0,-4415.000276891306,4.538693247013725e-06,0.5562466678514306
1e-08,119,55.98,25,87,13.307877366432258,0,0,0,-4491.000285601295,2.8487047529779375e-06,0.5574906699840056
1e-08,120,74.5,41,111,14.865059703882793,0,0,0,-4530.000281881355,5.368645361158997e-06,0.5576683845743735
1e-08,121,58.15,26,94,12.126314361750648,0,0,0,-4574.000221661393,2.0886072888970375e-06,0.5590901012973165
1e-08,122,62.95,42,93,10.726019765038659,0,0,0,-4347.000295271291,4.678709046856966e-06,0.5550026657188555
1e-08,123,61.23,41,93,10.754399099903258,0,0,0,-4487.000265611369,4.488631020649336e-06,0.5562466678514306
1e-08,124,75.71,42,107,14.120407217923992,0,0,0,-4269.000242861322,4.028678631584626e-06,0.5482495112848765
1e-08,125,60.95,20,97,13.095323592794491,0,0,0,-4395.0002592513,2.018699888139963e-06,0.5532255198151769
1e-08,126,53.17,27,79,10.643359432059034,0,0,0,-4532.000288211309,3.388690856809262e-06,0.5640661098276168
1e-08,127,74.67,42,100,13.368661114711527,0,0,0,-4504.000311911253,5.908746970817447e-06,0.5567798116225342
1e-08,128,85.12,46,117,14.544607248049017,0,0,0,-4547.000237001416,4.558583896141499e-06,0.5587346721165808
1e-08,129,74.81,44,111,13.732221233289247,0,0,0,-4344.0002930712035,7.088796337484382e-06,0.5484272258752444
1e-08,130,76.9,39,112,14.429483705247392,0,0,0,-4379.00043078109,6.888910320412833e-06,0.5551803803092233
1e-08,131,56.69,26,91,12.165274349557434,0,0,0,-4421.000274341294,2.708705324039329e-06,0.551626088501866
1e-08,132,71.55,48,104,12.090802289343745,0,0,0,-4367.000289851288,5.928712198510766e-06,0.5484272258752444
1e-08,133,53.2,29,79,10.459445491994307,0,0,0,-4469.000293901267,3.4787335607688874e-06,0.5512706593211303
1e-08,134,55.03,26,85,12.148625436649201,0,0,0,-4369.0002393313825,2.2586173145100474e-06,0.5459392216100942
1e-08,135,60.96,28,91,11.382372336204787,0,0,0,-4461.000224921357,2.638643309182953e-06,0.5553580948995912
1e-08,136,69.78,42,99,11.411906063405885,0,0,0,-4524.000253731363,3.9186370486277156e-06,0.5573129553936378
1e-08,137,87.88,46,123,15.902377180786527,0,0,0,-4410.000385781159,8.398840691370424e-06,0.5535809489959126
1e-08,138,54.85,35,80,10.83270510998984,0,0,0,-4524.000304111364,4.318635546951555e-06,0.5601563888395237
1e-08,139,43.12,18,80,11.692117002493603,0,0,0,-4584.000269291371,1.7186284821946174e-06,0.5663763995023992
1e-08,140,58.21,26,92,11.619203931423186,0,0,0,-4371.000288771279,2.9887214623158798e-06,0.5555358094899592
1e-08,141,71.95,37,113,15.60857136319657,0,0,0,-4368.000332391147,5.1388533393037505e-06,0.5470055091523014
1e-08,142,71.63,48,101,12.454440975009677,0,0,0,-4463.000248971306,5.158693966222927e-06,0.5587346721165808
1e-08,143,65.47,34,87,11.064768411494207,0,0,0,-4372.000357151192,5.078808499092702e-06,0.5537586635862805
1e-08,144,46.4,13,75,12.75695888525161,0,0,0,-4426.000260151402,1.5385985534521751e-06,0.5573129553936378
1e-08,145,81.57,49,125,14.37306856589782,0,0,0,-4489.000283811345,5.678654815710615e-06,0.565132397369824
1e-08,146,51.76,22,74,10.487249401058412,0,0,0,-4688.000338551325,3.2186753742280416e-06,0.5704638350808602
1e-08,147,60.99,35,82,11.505211862456076,0,0,0,-4495.000223151311,3.238688805140555e-06,0.5660209703216634
1e-08,148,55.72,29,89,10.817652240666643,0,0,0,-4533.000378421193,4.458806870388798e-06,0.5615781055624667
1e-08,149,46.69,14,68,11.050515825064458,0,0,0,-4504.000311051362,1.7686379578663036e-06,0.5551803803092233
1e-08,150,52.49,23,87,12.062748443037348,0,0,0,-4465.0003252412125,3.538787495926954e-06,0.5645992535987204
1e-08,151,72.85,42,104,12.268149819756848,0,0,0,-4383.000265171251,4.278748747310601e-06,0.5491380842367158
1e-08,152,59.84,38,92,12.305055871470069,0,0,0,-4368.00034381116,6.068839866202325e-06,0.550204371778923
1e-08,153,62.82,27,96,12.483092565546407,0,0,0,-4533.000238991359,2.7586411306401715e-06,0.5610449617913631
1e-08,154,65.01,36,91,11.444208142112762,0,0,0,-4529.000260841318,3.528682100295555e-06,0.5578460991647414
1e-08,155,82.78,33,114,14.324510462839559,0,0,0,-4468.000324721224,4.6287759687402286e-06,0.5585569575262129
1e-08,156,57.33,32,88,11.67994434918249,0,0,0,-4459.000298101317,3.598683179006912e-06,0.5617558201528345
1e-08,157,93.69,57,140,15.728124490860314,0,0,0,-4411.0002242814135,5.198586222832091e-06,0.5539363781766483
1e-08,158,67.66,38,108,14.034400592829039,0,0,0,-4445.000227041325,3.97867461288115e-06,0.5610449617913631
1e-08,159,59.66,37,91,11.410714263357926,0,0,0,-4424.000394891103,5.498897735378705e-06,0.5640661098276168
1e-08,160,70.39,39,105,13.533584152027135,0,0,0,-4505.000283641299,4.7687017286079936e-06,0.5535809489959126
1e-08,161,79.98,47,119,13.709835885232179,0,0,0,-4486.000278991351,5.308649633661844e-06,0.561222676381731
1e-08,162,78.01,42,122,14.900667770271237,0,0,0,-4431.000255981273,5.178727406018879e-06,0.5582015283454772
1e-08,163,82.46,47,112,13.031822589338761,0,0,0,-4478.000278831378,5.448622687254101e-06,0.559800959658788
1e-08,164,70.36,38,105,13.324053437299026,0,0,0,-4500.000286191309,4.318691026128363e-06,0.5587346721165808
1e-08,165,54.11,29,83,10.310087293519874,0,0,0,-4449.000378181234,3.968766577600036e-06,0.5592678158876844
1e-08,166,57.45,28,85,12.422861989090919,0,0,0,-4414.000260861289,3.168711373291444e-06,0.5546472365381198
1e-08,167,82.49,52,110,14.067334502314216,0,0,0,-4318.000248661242,5.108758159622084e-06,0.5466500799715657
1e-08,168,72.25,46,98,12.64545372851445,0,0,0,-4398.000346921169,7.19883155397838e-06,0.5471832237426693
1e-08,169,69.41,37,95,9.882403553791962,0,0,0,-4509.000231041373,5.018627234676387e-06,0.5658432557312956
1e-08,170,62.46,37,91,11.654544178130692,0,0,0,-4493.000214091398,2.9586017262772657e-06,0.5514483739114981
1e-08,171,59.02,34,102,13.248381033167789,0,0,0,-4408.000273361269,3.858730451611336e-06,0.5541140927670162
1e-08,172,63.09,40,102,11.17326720346381,0,0,0,-4394.0002391513035,3.54869644070277e-06,0.5537586635862805
1e-08,173,82.51,49,118,14.194713804793672,0,0,0,-4354.000225831367,4.288633135729469e-06,0.5491380842367158
1e-08,174,77.47,45,103,11.574502149120713,0,0,0,-4365.000259271255,4.838744644075632e-06,0.5484272258752444
1e-08,175,71.72,31,98,13.681432673517785,0,0,0,-4364.000229061289,3.0187111406121403e-06,0.5512706593211303
1e-08,176,59.0,33,87,11.962441222426131,0,0,0,-4496.0002281513825,2.468617822160013e-06,0.5631775368757775
1e-08,177,69.5,32,105,14.26919759481941,0,0,0,-4500.000279961265,3.508735062496271e-06,0.5574906699840056
1e-08,178,75.81,50,109,12.487349598693873,0,0,0,-4493.000336311274,6.578726242878474e-06,0.5592678158876844
1e-08,179,75.42,45,107,12.768069548682762,0,0,0,-4448.000225511287,4.2287128962925635e-06,0.5585569575262129
1e-08,180,61.32,33,106,11.271095776365312,0,0,0,-4519.000263061309,4.47869115305366e-06,0.5614003909720988
1e-08,181,75.05,41,117,14.199559852333453,0,0,0,-4457.000269861297,5.0887028919532895e-06,0.5605118180202595
1e-08,182,59.59,32,95,13.520425289168976,0,0,0,-4455.000315001311,4.158689080213662e-06,0.5605118180202595
1e-08,183,55.95,28,82,11.632175205007876,0,0,0,-4451.000228551283,2.9487173378583975e-06,0.5619335347432024
1e-08,184,82.8,52,127,16.082910184416253,0,0,0,-4400.000291151258,6.5787417042884044e-06,0.5526923760440732
1e-08,185,82.53,48,113,13.441320619641509,0,0,0,-4484.000250831323,5.1486767915776e-06,0.5578460991647414
1e-08,186,98.19,61,129,14.452470377067028,0,0,0,-4355.00026010118,6.738820047758054e-06,0.5544695219477519
1e-08,187,61.76,30,105,14.657503198021141,0,0,0,-4365.000364251165,4.918835657008458e-06,0.5498489425981873
1e-08,188,76.6,48,116,14.490686664199183,0,0,0,-4474.00022488138,4.3586205720203e-06,0.5606895326106274
1e-08,189,59.47,30,103,13.981741665472153,0,0,0,-4495.000262911329,3.168671355524566e-06,0.56797583081571
1e-08,190,81.27,31,115,13.956256661440417,0,0,0,-4392.000253881347,3.3186533983098343e-06,0.5388306379953794
1e-08,191,48.87,17,73,11.293940853395682,0,0,0,-4458.000213611437,2.50856282946188e-06,0.5551803803092233
1e-08,192,75.19,47,103,12.089412723536242,0,0,0,-4247.000429591039,9.648960258346051e-06,0.5438066465256798
1e-08,193,93.89,58,134,15.388888848776574,0,0,0,-4419.000224211339,5.5486616474809125e-06,0.5574906699840056
1e-08,194,55.32,23,86,12.335217874038545,0,0,0,-4473.000279891327,2.888672497647349e-06,0.5606895326106274
1e-08,195,57.18,29,92,12.494302701631653,0,0,0,-4459.0004006111385,4.988861292076763e-06,0.5548249511284876
1e-08,196,69.01,38,101,13.074016215379267,0,0,0,-4414.000344841166,5.8888335843221284e-06,0.5555358094899592
1e-08,197,89.01,58,123,13.417522125936665,0,0,0,-4479.000326451234,8.79876552062342e-06,0.5619335347432024
1e-08,198,65.99,42,102,11.943613356099569,0,0,0,-4507.000231321361,3.66863878298318e-06,0.5580238137551093
1e-08,199,84.65,47,127,16.548338285157215,0,0,0,-4475.000323211235,6.338765160762705e-06,0.5578460991647414
1e-07,0,78.41,43,109,13.818172816982713,0,0,0,-4375.002441500974,4.1899025745806284e-05,0.5432735027545762
1e-07,1,81.01,51,121,15.054231963139134,0,0,0,-4585.004377600513,9.219948697136715e-05,0.5644215390083526
1e-07,2,79.21,44,106,12.633522865772635,0,0,0,-4321.002940500813,5.109918765811017e-05,0.5443397902967834
1e-07,3,80.58,47,113,13.675657205414298,0,0,0,-4470.0029669008845,5.7199115872208495e-05,0.5573129553936378
1e-07,4,73.76,51,106,11.594929926480798,0,0,0,-4536.004497000553,8.359944695257582e-05,0.5661986849120313
1e-07,5,82.96,53,115,12.618177364421536,0,0,0,-4468.002418400986,5.2299013987067156e-05,0.5566020970321663
1e-07,6,66.02,31,103,13.935551657541225,0,0,0,-4453.002908900969,3.379903137101792e-05,0.554291807357384
1e-07,7,66.43,36,96,11.946761067335364,0,0,0,-4389.003334500835,5.279916513245553e-05,0.5523369468633375
1e-07,8,78.31,44,115,14.492546360112152,0,0,0,-4519.003818500758,7.019924214546336e-05,0.5603341034298915
1e-07,9,78.92,46,117,13.014361298196695,0,0,0,-4270.003435400687,0.00010659931376721943,0.5434512173449441
1e-07,10,76.86,52,108,12.31910711050115,0,0,0,-4456.002155401076,4.669892405217979e-05,0.5525146614537053
1e-07,11,62.0,34,105,13.827508813954884,0,0,0,-4390.003317400839,5.909916126256576e-05,0.5553580948995912
1e-07,12,81.14,47,119,15.709245685264458,0,0,0,-4438.001815101076,3.859892331092851e-05,0.5553580948995912
1e-07,13,66.7,33,113,15.006998367428443,0,0,0,-4398.002770300944,3.569905675249174e-05,0.5473609383330371
1e-07,14,53.72,19,81,11.620740079702326,0,0,0,-4419.003147400863,2.3299136955756694e-05,0.5512706593211303
1e-07,15,64.92,34,96,13.81859616603655,0,0,0,-4441.002560200937,3.909906263288576e-05,0.5553580948995912
1e-07,16,58.03,34,80,10.103915082778556,0,0,0,-4317.002476200938,3.669906163850101e-05,0.5482495112848765
1e-07,17,68.03,40,92,12.373726197067722,0,0,0,-4469.0035295007565,5.6499243328289595e-05,0.5496712280078194
1e-07,18,69.46,31,107,14.809740038231595,0,0,0,-4368.002156501046,2.6998954126611352e-05,0.552870090634441
1e-07,19,79.63,44,121,13.414659891327844,0,0,0,-4380.003101900881,5.4199118494580034e-05,0.5512706593211303
1e-07,20,61.22,36,87,11.188011440823612,0,0,0,-4582.002620101039,3.759896117117023e-05,0.5647769681890883
1e-07,21,73.23,36,124,16.2060821915724,0,0,0,-4472.002651301031,4.019896914542187e-05,0.5592678158876844
1e-07,22,66.71,33,99,12.208435608217787,0,0,0,-4395.0028334009085,4.2099091842828784e-05,0.5583792429358451
1e-07,23,57.73,26,95,13.463175702634203,0,0,0,-4517.0020236011005,2.089889949274948e-05,0.5637106806468811
1e-07,24,58.55,24,91,12.672312338322474,0,0,0,-4613.003482900854,3.3499146411486436e-05,0.5629998222854097
1e-07,25,89.14,48,137,15.553790534786046,0,0,0,-4504.002898800947,6.059905263100518e-05,0.5548249511284876
1e-07,26,60.15,34,87,11.35990757004651,0,0,0,-4512.0032219009045,4.659909518522909e-05,0.5551803803092233
1e-07,27,52.63,23,103,12.219373961050541,0,0,0,-4579.002599601044,2.7698956728272606e-05,0.5674426870446063
1e-07,28,89.24,48,127,15.769667085896266,0,0,0,-4436.002678900929,5.509907077794196e-05,0.5505598009596588
1e-07,29,77.68,43,112,12.921207373926014,0,0,0,-4469.002507401042,4.509895825322019e-05,0.5535809489959126
1e-07,30,53.78,24,77,10.238730390043484,0,0,0,-4428.004520700548,6.519945236505009e-05,0.5571352408032699
1e-07,31,54.12,15,86,12.613706830269999,0,0,0,-4420.0049982004575,3.0899542252882384e-05,0.5514483739114981
1e-07,32,84.78,59,115,12.480849330073655,0,0,0,-4452.002553900961,6.239903905225219e-05,0.5582015283454772
1e-07,33,64.33,38,110,12.324005030833119,0,0,0,-4505.002875200936,4.81990646221675e-05,0.5580238137551093
1e-07,34,76.63,36,107,13.654783044779585,0,0,0,-4411.002745300974,5.509902530320687e-05,0.5576683845743735
1e-07,35,67.6,31,104,14.008568806269968,0,0,0,-4571.003546500795,4.5899205360910855e-05,0.5699306913097565
1e-07,36,61.81,33,98,13.249675467723728,0,0,0,-4514.0025086010355,3.289896449132357e-05,0.5617558201528345
1e-07,37,52.76,22,82,11.340299819669672,0,0,0,-4416.002496000996,2.5699004254420288e-05,0.5553580948995912
1e-07,38,65.9,44,94,12.475976915656746,0,0,0,-4483.002654501026,5.139897439221386e-05,0.559800959658788
1e-07,39,48.8,25,72,10.447966309287182,0,0,0,-4302.002708000938,2.7399062673794106e-05,0.550204371778923
1e-07,40,71.92,30,110,16.074625967654736,0,0,0,-4267.00355420068,4.8699320359446574e-05,0.5425626443931046
1e-07,41,90.35,58,131,14.202376561688538,0,0,0,-4462.003271300762,7.469923821190605e-05,0.5546472365381198
1e-07,42,58.22,33,91,10.80794152463826,0,0,0,-4451.002619701045,3.429895514273085e-05,0.5576683845743735
1e-07,43,94.38,58,132,13.138325616302861,0,0,0,-4404.003115300849,7.379915132332826e-05,0.5526923760440732
1e-07,44,59.77,31,102,15.331572000287512,0,0,0,-4302.002131101009,2.9198990887380205e-05,0.5443397902967834
1e-07,45,80.86,57,108,11.170514759848805,0,0,0,-4342.003181200813,8.549918675271329e-05,0.5446952194775191
1e-07,46,80.23,58,116,10.830378571407373,0,0,0,-4380.002699300918,6.239908179850318e-05,0.5510929447307624
1e-07,47,80.96,49,117,14.426309299332244,0,0,0,-4549.004097000676,8.509932467859471e-05,0.5715301226230673
1e-07,48,65.32,34,108,11.696905573697686,0,0,0,-4363.002262901033,3.159896732540801e-05,0.5432735027545762
1e-07,49,86.53,56,115,12.944848396176758,0,0,0,-4317.002154301052,4.9698948714649305e-05,0.5493157988270837
1e-07,50,61.62,36,90,11.628224284042686,0,0,0,-4408.002368501063,3.6198936868458986e-05,0.5510929447307624
1e-07,51,75.98,49,104,12.946798832143797,0,0,0,-4491.003120500844,5.7599156207288615e-05,0.5603341034298915
1e-07,52,62.21,42,90,10.834477375489785,0,0,0,-4482.002192401027,3.639897295215633e-05,0.5580238137551093
1e-07,53,62.82,32,93,11.813026707834025,0,0,0,-4465.002147901098,3.4898901503765956e-05,0.5500266571885551
1e-07,54,63.47,32,104,13.631914759123168,0,0,0,-4496.002540100978,3.309902240289375e-05,0.5555358094899592
1e-07,55,67.99,42,98,12.174148840884113,0,0,0,-4303.002990600811,5.069918915978633e-05,0.5491380842367158
1e-07,56,89.89,48,116,13.865709502221659,0,0,0,-4421.003879300708,7.759929212625138e-05,0.5505598009596588
1e-07,57,62.5,31,100,13.381703927377858,0,0,0,-4413.002312001035,2.8498965548351407e-05,0.5539363781766483
1e-07,58,43.22,22,78,9.445189251677279,0,0,0,-4406.003317600786,3.369921341800364e-05,0.5505598009596588
1e-07,59,78.48,46,119,15.326760910251062,0,0,0,-4322.002762400886,5.519911337614758e-05,0.5466500799715657
1e-07,60,74.25,42,107,12.83150419865107,0,0,0,-4472.0027769008975,5.979910292808199e-05,0.561222676381731
1e-07,61,61.29,30,94,13.021747194597198,0,0,0,-4514.002719600988,3.4199012588942423e-05,0.5596232450684201
1e-07,62,63.88,34,99,13.004060904194503,0,0,0,-4503.003790800705,4.839929442823632e-05,0.5621112493335703
1e-07,63,55.03,33,84,11.388112222840096,0,0,0,-4465.003042000952,4.229904880048707e-05,0.5640661098276168
1e-07,64,93.15,51,123,14.254385290148432,0,0,0,-4360.003033300862,6.599913831450976e-05,0.5468277945619335
1e-07,65,87.64,56,126,15.470307042848244,0,0,0,-4381.002095401077,4.669892314268509e-05,0.5510929447307624
1e-07,66,85.42,60,125,14.450730085362471,0,0,0,-4411.00293530084,7.409915997413918e-05,0.5493157988270837
1e-07,67,78.19,43,110,13.637224790990283,0,0,0,-4381.002449401045,4.73989548481768e-05,0.5585569575262129
1e-07,68,101.4,65,133,13.911146609823362,0,0,0,-4315.002857000862,7.729913795628818e-05,0.5439843611160476
1e-07,69,67.01,38,103,12.636055555433428,0,0,0,-4459.002686501013,4.0398987039225176e-05,0.559800959658788
1e-07,70,65.53,35,105,13.356238242858652,0,0,0,-4406.00244650101,3.859898970404174e-05,0.5562466678514306
1e-07,71,58.14,29,91,12.596046998959636,0,0,0,-4327.003107600927,3.6999073017796036e-05,0.550204371778923
1e-07,72,65.21,30,95,11.887215822050175,0,0,0,-4270.003521600777,3.9299222407862544e-05,0.5414963568508975
1e-07,73,50.78,22,74,10.125788858158163,0,0,0,-4433.0041045005955,5.179940490052104e-05,0.5494935134174516
1e-07,74,92.32,54,139,16.764176090700072,0,0,0,-4377.003320800754,8.089924540399807e-05,0.5452283632486227
1e-07,75,66.52,41,96,10.063279783450325,0,0,0,-4383.002976400891,5.3099108299647924e-05,0.5567798116225342
1e-07,76,76.58,52,108,12.216529785499644,0,0,0,-4431.002473000991,5.449900891107973e-05,0.5518038030922339
1e-07,77,59.71,24,88,11.89562524628277,0,0,0,-4476.003266100833,3.3099167012551334e-05,0.5532255198151769
1e-07,78,79.51,45,113,14.087224708933977,0,0,0,-4449.0027773009215,5.729907843488036e-05,0.5614003909720988
1e-07,79,66.05,38,96,12.96022762145789,0,0,0,-4646.00194280108,3.5698920328286476e-05,0.5688644037675493
1e-07,80,77.61,34,110,15.1088682567557,0,0,0,-4558.002417101007,3.4198992580058984e-05,0.5695752621290208
1e-07,81,89.62,55,120,12.689980299433092,0,0,0,-4425.002759600894,6.549910631292732e-05,0.5519815176826017
1e-07,82,60.08,36,97,11.23715266426509,0,0,0,-4394.0026968009615,4.3999038098263554e-05,0.5487826550559801
1e-07,83,90.88,53,125,14.238174040234233,0,0,0,-4450.003050500821,6.589917938981671e-05,0.5534032344055447
1e-07,84,90.98,54,129,14.917761226135775,0,0,0,-4405.002411401066,5.7098934121313505e-05,0.5551803803092233
1e-07,85,69.06,43,109,12.837305013124835,0,0,0,-4413.002608800965,4.5599034820043016e-05,0.5509152301403946
1e-07,86,59.39,33,89,11.312731765581646,0,0,0,-4436.003424300821,4.7599178287782706e-05,0.554291807357384
1e-07,87,53.17,28,88,11.63104036619253,0,0,0,-4451.003049700842,3.989915785496123e-05,0.5605118180202595
1e-07,88,61.38,28,87,13.037469079541474,0,0,0,-4552.002644601041,3.149895928800106e-05,0.5640661098276168
1e-07,89,66.96,44,95,12.44019292454904,0,0,0,-4442.002617100924,4.489907587412745e-05,0.5521592322729696
1e-07,90,72.24,41,100,12.710719885199264,0,0,0,-4437.002513100971,4.259902925696224e-05,0.5470055091523014
1e-07,91,78.19,45,107,12.656772890433013,0,0,0,-4488.00255260099,4.6999010010040365e-05,0.5647769681890883
1e-07,92,100.72,63,143,17.139474904442086,0,0,0,-4386.0027524009465,6.649905390077038e-05,0.5523369468633375
1e-07,93,55.4,31,104,12.391932859727735,0,0,0,-4556.004393600586,6.139941433502827e-05,0.5690421183579172
1e-07,94,78.29,41,116,14.451501652077544,0,0,0,-4455.0023964010015,4.96989987368579e-05,0.5558912386706949
1e-07,95,61.17,30,93,13.948516050103681,0,0,0,-4430.003635900824,4.6899176595616154e-05,0.5521592322729696
1e-07,96,82.94,55,116,13.242220357628854,0,0,0,-4545.002523501048,6.019895226927474e-05,0.5505598009596588
1e-07,97,77.8,55,112,10.740577265678041,0,0,0,-4616.002906800952,6.62990487398929e-05,0.561222676381731
1e-07,98,55.49,26,77,11.382877492093114,0,0,0,-4464.002312801026,2.5498973627691157e-05,0.5608672472009952
1e-07,99,64.2,26,106,15.118200951171405,0,0,0,-4478.00245460104,2.529896028136136e-05,0.5663763995023992
1e-07,100,72.9,43,96,11.273420066687837,0,0,0,-4270.00360590067,6.189932992128888e-05,0.5423849298027368
1e-07,101,75.86,50,115,14.007869216979435,0,0,0,-4590.0027121010735,5.90989266129327e-05,0.5587346721165808
1e-07,102,88.9,61,130,15.441826316857732,0,0,0,-4395.003968200649,0.00010419935097161215,0.5535809489959126
1e-07,103,42.04,14,74,12.42088563670079,0,0,0,-4342.002661800903,1.6799096556496806e-05,0.5466500799715657
1e-07,104,88.05,55,119,13.639189858638966,0,0,0,-4399.002733300864,6.689913607260678e-05,0.5599786742491558
1e-07,105,56.13,26,88,12.20954954124025,0,0,0,-4481.002685601038,2.779896203719545e-05,0.5582015283454772
1e-07,106,64.06,32,104,12.928897864860716,0,0,0,-4519.003768700696,5.359930401027668e-05,0.5590901012973165
1e-07,107,76.67,38,113,13.902557318709388,0,0,0,-4524.002552801049,4.269895089237252e-05,0.554291807357384
1e-07,108,69.86,30,104,13.949207862814289,0,0,0,-4388.003060200883,3.5099116757919546e-05,0.5503820863692909
1e-07,109,79.19,41,117,15.657391225871569,0,0,0,-4421.002309201037,3.499896320136031e-05,0.5562466678514306
1e-07,110,61.49,38,83,10.253287277746585,0,0,0,-4464.003658000748,5.4199252190301195e-05,0.5539363781766483
1e-07,111,68.28,38,97,14.024321730479517,0,0,0,-4330.003020200792,4.589920808939496e-05,0.550204371778923
1e-07,112,55.27,31,84,10.311018378414424,0,0,0,-4435.002374201052,3.189894869137788e-05,0.5562466678514306
1e-07,113,56.03,32,90,11.855340568705733,0,0,0,-4511.002736800979,3.349902090121759e-05,0.5629998222854097
1e-07,114,64.79,37,98,14.242397972251725,0,0,0,-4580.002129801136,3.0298863748612348e-05,0.5629998222854097
1e-07,115,76.87,45,100,10.706684827713946,0,0,0,-4522.003195700885,6.169911466713529e-05,0.5590901012973165
1e-07,116,54.58,24,87,13.441859990343596,0,0,0,-4378.002921700874,2.9199125492596067e-05,0.5519815176826017
1e-07,117,79.01,40,110,13.490363227133656,0,0,0,-4372.002828700931,6.569906872755382e-05,0.5537586635862805
1e-07,118,72.43,36,104,13.496855189265387,0,0,0,-4415.002772400945,4.189905484963674e-05,0.5562466678514306
1e-07,119,56.54,25,82,11.68282500082921,0,0,0,-4491.002855600928,2.8899071367050055e-05,0.5574906699840056
1e-07,120,74.33,47,115,13.557326432597248,0,0,0,-4530.002809700993,6.279900753725087e-05,0.5576683845743735
1e-07,121,59.64,25,89,12.375394943192722,0,0,0,-4574.002216501104,2.0998895706725307e-05,0.5590901012973165
1e-07,122,63.47,42,87,10.573982220526002,0,0,0,-4347.0029514009375,4.809906295122346e-05,0.5550026657188555
1e-07,123,58.62,23,96,12.00231644308714,0,0,0,-4487.00267400102,2.6998980501957703e-05,0.5562466678514306
1e-07,124,76.78,53,101,11.279698577533,0,0,0,-4269.002417500985,5.139901531947544e-05,0.5482495112848765
1e-07,125,57.68,32,93,11.528989548091367,0,0,0,-4395.002581400947,3.129905326204607e-05,0.5532255198151769
1e-07,126,54.32,28,82,10.42197677986283,0,0,0,-4532.002881900955,3.409904547879705e-05,0.5640661098276168
1e-07,127,74.07,27,105,13.56189883460277,0,0,0,-4504.003144100876,3.4099123695341405e-05,0.5567798116225342
1e-07,128,83.42,51,114,13.490870987449254,0,0,0,-4547.002362301093,5.32989070052281e-05,0.5587346721165808
1e-07,129,74.79,38,114,14.992861634791405,0,0,0,-4344.00294890083,5.26991698279744e-05,0.5484272258752444
1e-07,130,77.23,42,118,14.829602152451697,0,0,0,-4379.004306500608,7.019939130259445e-05,0.5551803803092233
1e-07,131,55.35,27,85,11.292807445449515,0,0,0,-4421.002741300942,2.9199058189988136e-05,0.551626088501866
1e-07,132,73.84,45,107,12.427163795492518,0,0,0,-4367.002905300914,5.249908645055257e-05,0.5484272258752444
1e-07,133,52.27,27,86,11.596426173610556,0,0,0,-4469.002942200884,3.15991164825391e-05,0.5512706593211303
1e-07,134,53.79,27,85,12.0692128989425,0,0,0,-4369.00239050106,2.5398940124432556e-05,0.5459392216100942
1e-07,135,62.4,33,87,11.301327355669333,0,0,0,-4461.002243701067,3.189893322996795e-05,0.5553580948995912
1e-07,136,70.37,34,113,12.803636202266915,0,0,0,-4524.002540401026,3.6098974305787124e-05,0.5573129553936378
1e-07,137,91.12,61,120,14.497779140268348,0,0,0,-4410.0038431006915,9.869930818240391e-05,0.5535809489959126
1e-07,138,53.6,31,93,11.23832727766904,0,0,0,-4524.003044200985,4.0099015677697025e-05,0.5601563888395237
1e-07,139,42.48,12,82,14.014620936721762,0,0,0,-4584.002696500999,1.3599000340036582e-05,0.5663763995023992
1e-07,140,59.38,35,92,12.463370330693058,0,0,0,-4371.002878500896,3.909910356014734e-05,0.5555358094899592
1e-07,141,72.26,41,112,13.240558900590262,0,0,0,-4368.00332200072,5.329927989805583e-05,0.5470055091523014
1e-07,142,72.07,38,119,14.837961450280153,0,0,0,-4463.002494301009,4.699899091065163e-05,0.5587346721165808
1e-07,143,64.19,28,101,12.40378571243473,0,0,0,-4372.003581200746,4.1099253394349944e-05,0.5537586635862805
1e-07,144,46.71,26,73,11.252817424982954,0,0,0,-4426.002588401057,2.8498942810983863e-05,0.5573129553936378
1e-07,145,83.83,50,121,14.010035688748262,0,0,0,-4489.0028383009785,5.6599021263537e-05,0.565132397369824
1e-07,146,54.28,24,81,11.378119352511646,0,0,0,-4688.003383900919,3.3799080483731814e-05,0.5704638350808602
1e-07,147,61.81,33,88,10.849603679397696,0,0,0,-4495.002232501007,3.139899308735039e-05,0.5660209703216634
1e-07,148,54.03,31,76,10.366730439246503,0,0,0,-4533.003782900735,4.589926447806647e-05,0.5615781055624667
1e-07,149,44.18,24,77,10.17091932914621,0,0,0,-4504.003096000947,3.219905283913249e-05,0.5551803803092233
1e-07,150,52.25,27,81,11.46854393547847,0,0,0,-4465.003251200817,3.659918274934171e-05,0.5645992535987204
1e-07,151,73.79,39,103,13.045531802115237,0,0,0,-4383.002651400873,4.309912674216321e-05,0.5491380842367158
1e-07,152,60.43,38,99,10.568117145452163,0,0,0,-4368.00344160071,5.719928958569653e-05,0.550204371778923
1e-07,153,62.6,30,93,13.96424004376894,0,0,0,-4533.002388501052,2.899894752772525e-05,0.5610449617913631
1e-07,154,59.64,28,90,11.323886258701117,0,0,0,-4529.002616100986,2.759901326498948e-05,0.5578460991647414
1e-07,155,83.2,53,113,12.789057822998535,0,0,0,-4468.0032210008185,7.249918144225376e-05,0.5585569575262129
1e-07,156,56.49,29,80,11.285827395454884,0,0,0,-4459.002984700942,3.229905814805534e-05,0.5617558201528345
1e-07,157,95.73,58,133,14.296051902535888,0,0,0,-4411.002247301104,4.749889558297582e-05,0.5539363781766483
1e-07,158,65.73,34,107,13.241491607821228,0,0,0,-4445.002272401043,3.779895632760599e-05,0.5610449617913631
1e-07,159,60.69,20,82,11.900163864418003,0,0,0,-4424.00397710063,2.679936915228609e-05,0.5640661098276168
1e-07,160,74.74,47,112,12.789542603236443,0,0,0,-4505.002821600935,6.249906527955318e-05,0.5535809489959126
1e-07,161,81.26,55,109,12.326897419870095,0,0,0,-4486.002783901022,5.90989784541307e-05,0.561222676381731
1e-07,162,77.86,34,110,14.404179948889837,0,0,0,-4431.002577400935,3.4199065339635126e-05,0.5582015283454772
1e-07,163,84.55,43,114,13.250943362644037,0,0,0,-4478.002790401005,5.2398994739633054e-05,0.559800959658788
1e-07,164,68.01,43,104,14.006066542752109,0,0,0,-4500.00285520092,4.989908029529033e-05,0.5587346721165808
1e-07,165,55.85,27,81,10.56633806008496,0,0,0,-4449.003782300763,3.919923710782314e-05,0.5592678158876844
1e-07,166,57.04,30,84,10.76096649934382,0,0,0,-4414.002600900961,3.939903945138212e-05,0.5546472365381198
1e-07,167,83.07,51,118,13.538282756686682,0,0,0,-4318.00248370091,5.399909059633501e-05,0.5466500799715657
1e-07,168,70.66,34,101,13.682265894215037,0,0,0,-4398.003485500741,5.569925906456774e-05,0.5471832237426693
1e-07,169,67.61,35,126,13.624899999633024,0,0,0,-4509.002326401065,3.419893528189277e-05,0.5658432557312956
1e-07,170,60.15,35,97,13.007209539328564,0,0,0,-4493.002141901082,2.859891810658155e-05,0.5514483739114981
1e-07,171,59.29,31,91,12.491032783561172,0,0,0,-4408.00274060093,3.159907009830931e-05,0.5541140927670162
1e-07,172,64.02,37,93,12.009146514219902,0,0,0,-4394.002392000968,3.4999032322957646e-05,0.5537586635862805
1e-07,173,80.44,49,119,13.89195450611612,0,0,0,-4354.002249401066,5.179893378226552e-05,0.5491380842367158
1e-07,174,78.2,46,117,14.12940196894405,0,0,0,-4365.0025932009075,4.7899092351144645e-05,0.5484272258752444
1e-07,175,72.5,38,112,13.510366390294529,0,0,0,-4364.002286600983,3.419901713641593e-05,0.5512706593211303
1e-07,176,60.18,31,85,11.889810763843132,0,0,0,-4496.002276101075,3.0098924980848096e-05,0.5631775368757775
1e-07,177,68.81,39,102,13.460085438064649,0,0,0,-4500.002786200899,4.8499100557819474e-05,0.5574906699840056
1e-07,178,73.26,39,108,13.247354452870956,0,0,0,-4493.003375100854,5.3799145462107845e-05,0.5592678158876844
1e-07,179,73.7,38,104,12.93019721427326,0,0,0,-4448.002257000963,4.0399037061433773e-05,0.5585569575262129
1e-07,180,58.95,30,87,11.335232683981394,0,0,0,-4519.002643800976,3.159902371407952e-05,0.5614003909720988
1e-07,181,75.6,40,112,14.132940246105901,0,0,0,-4457.002704000962,4.549903860606719e-05,0.5605118180202595
1e-07,182,60.58,35,81,10.58978753327941,0,0,0,-4455.00313970093,5.189907005842542e-05,0.5605118180202595
1e-07,183,57.33,29,86,11.459541875659777,0,0,0,-4451.002283301001,3.169899900967721e-05,0.5619335347432024
1e-07,184,82.62,35,135,15.848520435674743,0,0,0,-4400.0029321008815,4.519911817624234e-05,0.5526923760440732
1e-07,185,82.8,54,109,12.608727136392476,0,0,0,-4484.002502100998,5.769900235463865e-05,0.5578460991647414
1e-07,186,96.98,63,155,15.029291400461968,0,0,0,-4355.0025979008415,7.04991589373094e-05,0.5544695219477519
1e-07,187,61.46,35,93,14.17209935048439,0,0,0,-4365.003640100719,5.1599280595837627e-05,0.5498489425981873
1e-07,188,77.8,52,106,11.918053532351665,0,0,0,-4474.002245601056,4.679894482251257e-05,0.5606895326106274
1e-07,189,60.66,38,93,11.745824790111591,0,0,0,-4495.002614300989,4.649901075026719e-05,0.56797583081571
1e-07,190,79.85,51,108,11.51466456306913,0,0,0,-4392.0025189010175,5.309898278937908e-05,0.5388306379953794
1e-07,191,47.53,18,79,11.960313541040637,0,0,0,-4458.0021453011595,1.5898840501904488e-05,0.5551803803092233
1e-07,192,71.74,42,102,12.786414665573771,0,0,0,-4247.0043118005315,8.05994686743361e-05,0.5438066465256798
1e-07,193,88.98,56,123,14.61025667125667,0,0,0,-4419.002242501036,5.5098964367061853e-05,0.5574906699840056
1e-07,194,55.07,28,88,11.632072042417894,0,0,0,-4473.002792900966,3.4899034289992414e-05,0.5606895326106274
1e-07,195,57.77,28,95,13.822340612211812,0,0,0,-4459.004010200669,4.5799331019225065e-05,0.5548249511284876
1e-07,196,69.57,41,102,11.291815620173756,0,0,0,-4414.003445400726,6.189927353261737e-05,0.5555358094899592
1e-07,197,82.66,56,105,12.21328784562126,0,0,0,-4479.003278200857,7.429914330714382e-05,0.5619335347432024
1e-07,198,64.91,31,88,11.730383625440389,0,0,0,-4507.002321301063,2.8598937205970287e-05,0.5580238137551093
1e-07,199,85.19,59,120,13.519389779128346,0,0,0,-4475.003215800841,7.969915895955637e-05,0.5578460991647414
1e-06,0,78.89,49,113,12.582444118691726,0,0,0,-4375.024348001018,0.00048599898218526505,0.5432735027545762
1e-06,1,80.76,46,121,15.66787796735729,0,0,0,-4585.043851001126,0.0008469988733850187,0.5644215390083526
1e-06,2,79.99,53,108,13.179146406349691,0,0,0,-4321.029212000899,0.0007039991014607949,0.5443397902967834
1e-06,3,78.24,44,114,13.591997645673722,0,0,0,-4470.029625001125,0.0006159988752187928,0.5573129553936378
1e-06,4,73.4,41,106,13.736811857195978,0,0,0,-4536.045091000945,0.0007149990551624796,0.5661986849120313
1e-06,5,80.06,51,119,11.93048196847051,0,0,0,-4468.024243001087,0.0004639989128918387,0.5566020970321663
1e-06,6,65.35,39,106,13.257733592134064,0,0,0,-4453.028972001151,0.0004549988498183666,0.554291807357384
1e-06,7,66.91,41,92,11.937415968290626,0,0,0,-4389.033370001046,0.0005029989542890689,0.5523369468633375
1e-06,8,78.89,50,118,15.215055044264547,0,0,0,-4519.0380360010395,0.0008509989602316637,0.5603341034298915
1e-06,9,75.46,45,108,14.638592828547422,0,0,0,-4270.034660000859,0.0007599991413371754,0.5434512173449441
1e-06,10,74.16,43,101,11.885049431954418,0,0,0,-4456.02163300112,0.00038799887988716364,0.5525146614537053
1e-06,11,58.98,27,94,12.33043389341997,0,0,0,-4390.033414000994,0.00035099900651403004,0.5553580948995912
1e-06,12,83.69,59,127,13.094040629232827,0,0,0,-4438.018125001056,0.0004119989434911986,0.5553580948995912
1e-06,13,63.35,31,97,12.309650685539374,0,0,0,-4398.027725001083,0.0003349989165144507,0.5473609383330371
1e-06,14,54.46,25,79,10.863167125659071,0,0,0,-4419.031366001058,0.00034099894219252747,0.5512706593211303
1e-06,15,65.08,35,94,13.465273855365883,0,0,0,-4441.025606001051,0.0003869989495797199,0.5553580948995912
1e-06,16,58.71,32,90,11.251928723556686,0,0,0,-4317.024812001012,0.00031699898772785673,0.5482495112848765
1e-06,17,69.22,38,112,14.027530074820728,0,0,0,-4469.035364001072,0.0004959989282724564,0.5496712280078194
1e-06,18,70.68,40,124,16.187575482449496,0,0,0,-4368.021462001101,0.00037299889845598955,0.552870090634441
1e-06,19,77.44,47,110,14.895851771550362,0,0,0,-4380.031013001086,0.0005479989140440011,0.5512706593211303
1e-06,20,63.1,35,88,11.067520047418029,0,0,0,-4582.02619600127,0.00038099872926977696,0.5647769681890883
1e-06,21,73.91,44,104,13.07906342212622,0,0,0,-4472.026425001099,0.0004899989016848849,0.5592678158876844
1e-06,22,66.49,42,102,13.573131547288561,0,0,0,-4395.028278000977,0.00047699902370368363,0.5583792429358451
1e-06,23,56.74,16,87,13.833741359444307,0,0,0,-4517.020326001147,0.00011899885339516914,0.5637106806468811
1e-06,24,58.93,37,87,11.117783052389537,0,0,0,-4613.034639001255,0.0005249987452771165,0.5629998222854097
1e-06,25,92.71,60,152,15.322072314148633,0,0,0,-4504.028811001123,0.0007829988762750872,0.5548249511284876
1e-06,26,59.69,33,91,12.152937916405234,0,0,0,-4512.032239001203,0.0004459987967493362,0.5551803803092233
1e-06,27,52.98,25,87,12.728691998787621,0,0,0,-4579.026014001152,0.00025899884803948225,0.5674426870446063
1e-06,28,90.16,54,129,15.675279901807176,0,0,0,-4436.026742001081,0.0005979989182378631,0.5505598009596588
1e-06,29,77.7,54,122,12.762053126358627,0,0,0,-4469.024975001113,0.0005499988874362316,0.5535809489959126
1e-06,30,55.62,25,92,11.563546168887813,0,0,0,-4428.045399000819,0.0004599991807481274,0.5571352408032699
1e-06,31,54.21,28,86,11.753548400376799,0,0,0,-4420.049680000854,0.0006109991454650299,0.5514483739114981
1e-06,32,84.92,47,117,15.501406387808817,0,0,0,-4452.025657000987,0.0005059990135123371,0.5582015283454772
1e-06,33,67.48,42,103,13.204150862512895,0,0,0,-4505.02875500108,0.00047899891978886444,0.5580238137551093
1e-06,34,76.73,43,117,15.618485842103901,0,0,0,-4411.027490001018,0.0005139989816598245,0.5576683845743735
1e-06,35,67.78,42,110,11.970446942366019,0,0,0,-4571.035335001185,0.0005889988151466241,0.5699306913097565
1e-06,36,62.38,37,99,12.914937088503374,0,0,0,-4514.024992001107,0.0004229988926454098,0.5617558201528345
1e-06,37,51.12,26,75,10.310460707456288,0,0,0,-4416.02497600112,0.00024099888014461612,0.5553580948995912
1e-06,38,64.21,36,108,12.280305370795956,0,0,0,-4483.026662001163,0.00039699883745925035,0.559800959658788
1e-06,39,48.93,21,70,11.668980246791062,0,0,0,-4302.027120001022,0.00023399897781928303,0.550204371778923
1e-06,40,74.12,38,115,14.108352136234764,0,0,0,-4267.035467000926,0.0005619990743070957,0.5425626443931046
1e-06,41,90.57,48,128,15.42222746557708,0,0,0,-4462.03282600107,0.0006339989295156556,0.5546472365381198
1e-06,42,56.95,29,91,12.38820003067435,0,0,0,-4451.0262440011,0.0002959988996735774,0.5576683845743735
1e-06,43,92.48,58,133,13.522189171875981,0,0,0,-4404.031157001027,0.0007339989724641782,0.5526923760440732
1e-06,44,59.04,34,90,12.430543029168113,0,0,0,-4302.021296001045,0.0003069989552386687,0.5443397902967834
1e-06,45,87.41,53,131,14.445134128833832,0,0,0,-4342.0319060010515,0.0007609989488628344,0.5446952194775191
1e-06,46,81.22,52,106,11.167434799451483,0,0,0,-4380.027077001164,0.0005399988358476548,0.5510929447307624
1e-06,47,81.58,47,116,13.975106439666213,0,0,0,-4549.040953001178,0.0008679988213771139,0.5715301226230673
1e-06,48,65.15,31,88,12.688873078410076,0,0,0,-4363.02268200109,0.0002629989094202756,0.5432735027545762
1e-06,49,85.97,42,122,13.726947949198319,0,0,0,-4317.021644001096,0.0003959989035138278,0.5493157988270837
1e-06,50,62.02,32,92,11.687583154784397,0,0,0,-4408.023642001179,0.00040499882106814766,0.5510929447307624
1e-06,51,79.9,49,114,14.700680256369091,0,0,0,-4491.031179001097,0.0006019989023116068,0.5603341034298915
1e-06,52,60.24,37,88,12.389608549102753,0,0,0,-4482.021962001074,0.0003259989262005547,0.5580238137551093
1e-06,53,60.39,40,92,11.366525414567109,0,0,0,-4465.021495001203,0.00033299879669357324,0.5500266571885551
1e-06,54,62.31,33,95,13.085637164463945,0,0,0,-4496.025380001071,0.00035199892863602145,0.5555358094899592
1e-06,55,67.23,35,97,12.880881181037267,0,0,0,-4303.030019000929,0.00039399907109327614,0.5491380842367158
1e-06,56,93.34,64,120,12.891252848346431,0,0,0,-4421.038586000982,0.0009829990176513093,0.5505598009596588
1e-06,57,61.73,34,90,12.436120777798838,0,0,0,-4413.023117001149,0.00028799885058106156,0.5539363781766483
1e-06,58,41.96,21,59,9.015453399580078,0,0,0,-4406.033204001013,0.0003089989877480548,0.5505598009596588
1e-06,59,81.54,39,118,14.739348696601215,0,0,0,-4322.027594000987,0.0005819990128657082,0.5466500799715657
1e-06,60,74.09,44,106,12.706765914267878,0,0,0,-4472.027773001041,0.0005939989587204764,0.561222676381731
1e-06,61,58.81,27,89,10.720722923385345,0,0,0,-4514.027123001246,0.0004149987544224132,0.5596232450684201
1e-06,62,65.95,34,100,14.390535083866757,0,0,0,-4503.037825001032,0.0005669989686793997,0.5621112493335703
1e-06,63,53.87,31,80,11.130727739011498,0,0,0,-4465.030458001129,0.00038499887068610406,0.5640661098276168
1e-06,64,90.91,56,140,15.061271526667328,0,0,0,-4360.030260000955,0.0007329990448852186,0.5468277945619335
1e-06,65,89.41,51,132,15.465506781221235,0,0,0,-4381.021000001073,0.00042099892743863165,0.5510929447307624
1e-06,66,82.53,45,116,14.713568567822017,0,0,0,-4411.029546001094,0.0005479989058585488,0.5493157988270837
1e-06,67,79.33,44,113,12.305328114276351,0,0,0,-4381.0245190010655,0.0004489989341891487,0.5585569575262129
1e-06,68,101.74,50,147,16.022871153448122,0,0,0,-4315.028372000946,0.0009709990545161418,0.5439843611160476
1e-06,69,65.59,32,96,12.140094727801756,0,0,0,-4459.026929001187,0.00033999881270574406,0.559800959658788
1e-06,70,65.9,36,91,11.645170672858342,0,0,0,-4406.024481001118,0.00036999888197897235,0.5562466678514306
1e-06,71,56.13,19,82,12.268378050907952,0,0,0,-4327.031183001113,0.00026299888668290805,0.550204371778923
1e-06,72,63.3,31,93,12.174974332621813,0,0,0,-4270.03516700096,0.00044199903913977323,0.5414963568508975
1e-06,73,50.02,17,93,12.582511672953059,0,0,0,-4433.041253000976,0.0003099990235568839,0.5494935134174516
1e-06,74,91.23,55,133,14.93308742357052,0,0,0,-4377.03323000108,0.0007869989203754812,0.5452283632486227
1e-06,75,65.41,36,98,12.92988399019883,0,0,0,-4383.029871001012,0.00042399898757139454,0.5567798116225342
1e-06,76,77.26,46,120,13.11992378026641,0,0,0,-4431.02484400115,0.00043099884987896075,0.5518038030922339
1e-06,77,61.01,33,87,11.344157086359479,0,0,0,-4476.032449001039,0.0005429989614640363,0.5532255198151769
1e-06,78,77.86,42,106,12.71929243315052,0,0,0,-4449.0277970009965,0.0005489990035130177,0.5614003909720988
1e-06,79,64.08,29,103,14.934309491904875,0,0,0,-4646.019501001146,0.00028399885468388675,0.5688644037675493
1e-06,80,78.85,37,120,14.66858888918767,0,0,0,-4558.024175001191,0.00033799880930018844,0.5695752621290208
1e-06,81,88.06,54,120,14.668892255381795,0,0,0,-4425.027618001061,0.0006329989391815616,0.5519815176826017
1e-06,82,59.32,35,91,10.547871823263687,0,0,0,-4394.0269550010735,0.0004529989264483447,0.5487826550559801
1e-06,83,89.28,53,123,14.228900168319406,0,0,0,-4450.030364000981,0.0007999990193638951,0.5534032344055447
1e-06,84,88.13,47,130,17.338197714872212,0,0,0,-4405.024183001087,0.0005019989130232716,0.5551803803092233
1e-06,85,67.93,24,105,15.293302455650315,0,0,0,-4413.026165001121,0.00037899887956882594,0.5509152301403946
1e-06,86,59.66,31,83,11.154568570769557,0,0,0,-4436.034237001103,0.00048199889715760946,0.554291807357384
1e-06,87,54.53,20,86,11.843525657505877,0,0,0,-4451.030657001076,0.000238998924032785,0.5605118180202595
1e-06,88,60.09,26,94,13.873784631455107,0,0,0,-4552.026519001155,0.0002419988450128585,0.5640661098276168
1e-06,89,68.57,42,106,10.881410754125586,0,0,0,-4442.026137001095,0.00048299890477210283,0.5521592322729696
1e-06,90,75.07,47,111,12.620027733725468,0,0,0,-4437.02507100105,0.0004859989503529505,0.5470055091523014
1e-06,91,73.18,30,104,13.130407457501082,0,0,0,-4488.025699001125,0.0002969988754557562,0.5647769681890883
1e-06,92,101.62,66,148,16.99928233779297,0,0,0,-4386.027392001103,0.0007969988964759978,0.5523369468633375
1e-06,93,54.68,32,81,9.809057039287723,0,0,0,-4556.043964001042,0.0005859989578311797,0.5690421183579172
1e-06,94,77.35,38,108,14.004552831133166,0,0,0,-4455.024061001075,0.0003999989248768543,0.5558912386706949
1e-06,95,57.18,31,96,14.786737300702951,0,0,0,-4430.036377001121,0.0004509988793870434,0.5521592322729696
1e-06,96,81.89,52,118,12.172012980604316,0,0,0,-4545.025294001071,0.000542998928722227,0.5505598009596588
1e-06,97,78.32,41,116,14.265258497482616,0,0,0,-4616.029147001182,0.0005839988180014188,0.561222676381731
1e-06,98,55.69,31,98,11.541832610118725,0,0,0,-4464.023105001152,0.0002779988481051987,0.5608672472009952
1e-06,99,65.54,32,98,13.207134435599572,0,0,0,-4478.024468001079,0.00033099892061727587,0.5663763995023992
1e-06,100,70.69,41,109,12.590230339433827,0,0,0,-4270.036047000825,0.0006309991749731125,0.5423849298027368
1e-06,101,74.54,46,108,13.024146805069421,0,0,0,-4590.027090001206,0.0006219987944859895,0.5587346721165808
1e-06,102,88.23,59,124,13.155877013715202,0,0,0,-4395.039644000926,0.0010799990741361398,0.5535809489959126
1e-06,103,41.72,16,74,12.901224748061713,0,0,0,-4342.026623000943,0.00016299905746564036,0.5466500799715657
1e-06,104,84.45,55,114,13.543540895940028,0,0,0,-4399.027385001038,0.0006169989619593252,0.5599786742491558
1e-06,105,57.15,29,92,12.206043585044256,0,0,0,-4481.026731001193,0.0004029988067486556,0.5582015283454772
1e-06,106,61.58,29,87,12.55482377415151,0,0,0,-4519.0377740010035,0.00044899899603478843,0.5590901012973165
1e-06,107,72.85,38,107,13.021040665015988,0,0,0,-4524.025439001255,0.0005159987449587788,0.554291807357384
1e-06,108,68.34,39,95,11.980166943744983,0,0,0,-4388.030438001034,0.0005149989665369503,0.5503820863692909
1e-06,109,79.92,49,117,13.45784529558874,0,0,0,-4421.023006001029,0.00043599897071544547,0.5562466678514306
1e-06,110,62.39,33,90,11.89697020253476,0,0,0,-4464.036619001101,0.0005029988988098921,0.5539363781766483
1e-06,111,67.27,40,105,12.907249900734083,0,0,0,-4330.030123000856,0.0005379991434892872,0.550204371778923
1e-06,112,55.41,28,81,10.3779525919133,0,0,0,-4435.023782001149,0.00027899885117221856,0.5562466678514306
1e-06,113,56.54,35,85,12.630455257036463,0,0,0,-4511.027357001109,0.00034599889113451354,0.5629998222854097
1e-06,114,67.17,40,93,12.039148640996174,0,0,0,-4580.021260001167,0.00034099883305316325,0.5629998222854097
1e-06,115,79.24,56,97,9.06324445218157,0,0,0,-4522.031769001089,0.0008049989110077149,0.5590901012973165
1e-06,116,55.77,24,92,13.560129055433064,0,0,0,-4378.029208001123,0.00030099887680989923,0.5519815176826017
1e-06,117,80.94,46,130,14.833623967190215,0,0,0,-4372.028386001073,0.0005579989265243057,0.5537586635862805
1e-06,118,71.95,37,117,13.317188141646119,0,0,0,-4415.027620001074,0.0005229989255894907,0.5562466678514306
1e-06,119,55.58,31,84,10.437605089291317,0,0,0,-4491.028487001213,0.0003579987869670731,0.5574906699840056
1e-06,120,76.22,46,114,12.42222202345458,0,0,0,-4530.028174001247,0.0005509987531695515,0.5576683845743735
1e-06,121,58.61,24,92,14.044141127174704,0,0,0,-4574.022170001181,0.00020499881884461502,0.5590901012973165
1e-06,122,62.73,30,94,13.573396774573416,0,0,0,-4347.029674001081,0.0003209989190509077,0.5550026657188555
1e-06,123,60.33,33,93,12.496443494050617,0,0,0,-4487.026626001159,0.00038399884124373784,0.5562466678514306
1e-06,124,75.8,37,109,14.727525250360294,0,0,0,-4269.024331001131,0.00035799886882159626,0.5482495112848765
1e-06,125,60.33,39,101,11.56291918159078,0,0,0,-4395.025699001051,0.0004279989489077707,0.5532255198151769
1e-06,126,52.5,25,82,11.506085346459063,0,0,0,-4532.028844001158,0.0003159988418701687,0.5640661098276168
1e-06,127,76.9,43,118,12.63685087353649,0,0,0,-4504.031239001179,0.0005429988214018522,0.5567798116225342
1e-06,128,83.99,47,116,13.886320606985855,0,0,0,-4547.02366100121,0.0004949987906002207,0.5587346721165808
1e-06,129,74.64,22,108,14.160875679137927,0,0,0,-4344.029750000981,0.0002659990186657524,0.5484272258752444
1e-06,130,76.24,51,116,13.34025487012898,0,0,0,-4379.042902000959,0.0008649990413687192,0.5551803803092233
1e-06,131,54.95,22,86,12.466254449512894,0,0,0,-4421.02748000117,0.00022499883016280364,0.551626088501866
1e-06,132,72.47,42,107,13.968145904163515,0,0,0,-4367.0290830010545,0.00049499894521432,0.5484272258752444
1e-06,133,52.52,22,82,11.54684372458552,0,0,0,-4469.0294700011145,0.0002679988856471027,0.5512706593211303
1e-06,134,51.59,27,78,11.230400705228645,0,0,0,-4369.023892001184,0.00026699881527747493,0.5459392216100942
1e-06,135,62.26,30,90,10.850456211606957,0,0,0,-4461.022433001131,0.00032299886970577063,0.5553580948995912
1e-06,136,69.14,48,101,10.194135569041645,0,0,0,-4524.025275001044,0.000489998956254567,0.5573129553936378
1e-06,137,88.41,58,120,13.457410597882491,0,0,0,-4410.038469000994,0.0009489990061410936,0.5535809489959126
1e-06,138,55.36,21,85,12.7761653088867,0,0,0,-4524.03057400122,0.0002689987795747584,0.5601563888395237
1e-06,139,44.89,11,78,12.690070921787632,0,0,0,-4584.026985001155,0.00011599884510360425,0.5663763995023992
1e-06,140,56.05,31,90,10.484631610123458,0,0,0,-4371.028725001105,0.00045099889484845335,0.5555358094899592
1e-06,141,74.0,44,121,14.612323566086264,0,0,0,-4368.033132000975,0.000620999025159108,0.5470055091523014
1e-06,142,71.12,39,103,12.622424489772163,0,0,0,-4463.024942001113,0.00047099888706725324,0.5587346721165808
1e-06,143,65.1,36,91,12.173331507849444,0,0,0,-4372.035725000995,0.0004979990053470829,0.5537586635862805
1e-06,144,45.49,17,72,10.767074811665424,0,0,0,-4426.025920001176,0.00024899882373574656,0.5573129553936378
1e-06,145,82.16,49,117,14.225132688309097,0,0,0,-4489.028390001121,0.0005589988786596223,0.565132397369824
1e-06,146,53.15,16,79,11.382772070106649,0,0,0,-4688.033989001288,0.00018799871213559527,0.5704638350808602
1e-06,147,60.86,38,87,10.875679289129485,0,0,0,-4495.022298001064,0.00034099893582606455,0.5660209703216634
1e-06,148,53.12,32,74,9.122806585694997,0,0,0,-4533.037828001112,0.00045999888789083343,0.5615781055624667
1e-06,149,45.22,18,88,12.076903576662355,0,0,0,-4504.031032001216,0.00024999878405651543,0.5551803803092233
1e-06,150,51.91,15,92,14.541041915901348,0,0,0,-4465.032620001072,0.00025799892773648025,0.5645992535987204
1e-06,151,74.08,42,109,12.057097494836807,0,0,0,-4383.026505001077,0.0004399989229568746,0.5491380842367158
1e-06,152,58.94,32,84,10.912213341022984,0,0,0,-4368.0344840009,0.000503999100146757,0.550204371778923
1e-06,153,63.11,31,92,13.901722914804479,0,0,0,-4533.023846001165,0.0003289988344477024,0.5610449617913631
1e-06,154,58.43,35,89,11.698081039213228,0,0,0,-4529.026121001091,0.0003159989091727766,0.5578460991647414
1e-06,155,84.09,50,119,13.38663139105578,0,0,0,-4468.032282000987,0.0006529990132548846,0.5585569575262129
1e-06,156,57.42,23,88,13.03777588394585,0,0,0,-4459.029822001164,0.00034799883633240825,0.5617558201528345
1e-06,157,94.95,54,130,13.60909622274749,0,0,0,-4411.022486001104,0.00046199889584386256,0.5539363781766483
1e-06,158,67.38,35,95,13.085702121017427,0,0,0,-4445.022814001129,0.0002879988714994397,0.5610449617913631
1e-06,159,61.11,28,92,13.171860157168386,0,0,0,-4424.0396220009625,0.00041699903795233695,0.5640661098276168
1e-06,160,74.36,35,111,12.852641751795622,0,0,0,-4505.028340001161,0.000500998839015665,0.5535809489959126
1e-06,161,81.56,43,121,14.418266192576692,0,0,0,-4486.027809001136,0.0006209988641785458,0.561222676381731
1e-06,162,79.57,44,113,14.21988396577131,0,0,0,-4431.025625001042,0.0004909989584120922,0.5582015283454772
1e-06,163,81.53,47,127,12.619393804775251,0,0,0,-4478.0278740011445,0.0005539988551390707,0.559800959658788
1e-06,164,66.62,35,105,12.538564511139223,0,0,0,-4500.028638001097,0.00041299890381196747,0.5587346721165808
1e-06,165,53.56,27,91,11.672463321852847,0,0,0,-4449.037832001082,0.00038299891730275704,0.5592678158876844
1e-06,166,56.64,34,87,9.420743070480164,0,0,0,-4414.026031001083,0.00037199891721684253,0.5546472365381198
1e-06,167,83.3,45,113,13.710215169719255,0,0,0,-4318.024911001011,0.00046599898905697046,0.5466500799715657
1e-06,168,72.24,40,105,12.905905624945506,0,0,0,-4398.034800001043,0.0006119989575381624,0.5471832237426693
1e-06,169,68.95,42,108,14.168539091945933,0,0,0,-4509.023200001186,0.0004059988141307258,0.5658432557312956
1e-06,170,62.44,25,100,12.772094581547695,0,0,0,-4493.021500001148,0.00020499885249591898,0.5514483739114981
1e-06,171,59.64,29,97,13.403372709881644,0,0,0,-4408.027407001026,0.0003149989734083647,0.5541140927670162
1e-06,172,62.36,32,88,12.206981608899065,0,0,0,-4394.023929001059,0.00034099894128303276,0.5537586635862805
1e-06,173,81.55,50,121,13.498425834148218,0,0,0,-4354.022613001166,0.00039899883358884836,0.5491380842367158
1e-06,174,78.37,45,107,12.749631367219994,0,0,0,-4365.025860001054,0.0005509989459824283,0.5484272258752444
1e-06,175,72.76,46,103,11.536134534583065,0,0,0,-4364.022798001068,0.00040999893190019066,0.5512706593211303
1e-06,176,59.97,29,98,13.397354216411538,0,0,0,-4496.022804001142,0.0002579988586148829,0.5631775368757775
1e-06,177,68.65,42,105,12.455821931932071,0,0,0,-4500.02780400113,0.0005429988705145661,0.5574906699840056
1e-06,178,74.58,39,118,14.301874003080854,0,0,0,-4493.03362300108,0.0006659989203399164,0.5592678158876844
1e-06,179,74.5,38,107,13.75245432641025,0,0,0,-4448.022640001113,0.00033399888707208447,0.5585569575262129
1e-06,180,62.62,39,105,11.906955950199865,0,0,0,-4519.026323001154,0.00043099884624098195,0.5614003909720988
1e-06,181,75.5,50,109,13.287211897158862,0,0,0,-4457.026958001016,0.0005369989839891787,0.5605118180202595
1e-06,182,60.2,37,89,12.164703037887936,0,0,0,-4455.03141200107,0.0005039989300712477,0.5605118180202595
1e-06,183,58.13,28,86,11.083911764354676,0,0,0,-4451.022873001071,0.0002769989287116914,0.5619335347432024
1e-06,184,84.0,56,114,13.757179943578553,0,0,0,-4400.02898300102,0.0007899989805082441,0.5526923760440732
1e-06,185,83.45,49,111,14.018826627075462,0,0,0,-4484.025077001127,0.0005209988730712212,0.5578460991647414
1e-06,186,99.32,64,135,12.484294133029708,0,0,0,-4355.025929000964,0.0007549990359621006,0.5544695219477519
1e-06,187,63.02,33,97,14.047049512264135,0,0,0,-4365.036332000933,0.0005849990675415029,0.5498489425981873
1e-06,188,76.51,35,120,14.132582920329885,0,0,0,-4474.022613001129,0.00031099887110030977,0.5606895326106274
1e-06,189,59.52,29,87,12.241307119748283,0,0,0,-4495.026190001155,0.00041799884547799593,0.56797583081571
1e-06,190,81.31,54,111,13.515690881342323,0,0,0,-4392.025206001093,0.000513998907081259,0.5388306379953794
1e-06,191,48.46,19,81,12.265740907095665,0,0,0,-4458.021447001085,0.000164998914442549,0.5551803803092233
1e-06,192,73.66,36,113,14.149360409573289,0,0,0,-4247.043271000802,0.0006529991978823091,0.5438066465256798
1e-06,193,90.19,55,140,14.03687643316703,0,0,0,-4419.022485001103,0.0004909988974759472,0.5574906699840056
1e-06,194,55.6,28,85,10.505236789335118,0,0,0,-4473.027971001089,0.0003069989106734283,0.5606895326106274
1e-06,195,57.09,32,85,12.020894309492949,0,0,0,-4459.040019001022,0.0005409989780673641,0.5548249511284876
1e-06,196,69.42,34,108,13.0001384608011,0,0,0,-4414.034633001048,0.00043999895206070505,0.5555358094899592
1e-06,197,88.04,47,116,12.861508465184011,0,0,0,-4479.032871001103,0.0006539988971780986,0.5619335347432024
1e-06,198,66.5,40,96,12.023726543796645,0,0,0,-4507.0231100011415,0.00038899885839782655,0.5580238137551093
1e-06,199,80.08,42,117,14.864508064513942,0,0,0,-4475.032421001006,0.0005339989938875078,0.5578460991647414
1e-05,0,77.93,49,108,13.814669739085332,0,0,0,-4375.243579998663,0.004760001336762798,0.5432735027545762
1e-05,1,83.44,45,116,15.379414813314582,0,0,0,-4585.438329998332,0.008650001667774632,0.5644215390083526
1e-05,2,76.45,48,116,12.867303524826015,0,0,0,-4321.293739998546,0.005420001453785517,0.5443397902967834
1e-05,3,80.63,38,107,13.095537407834776,0,0,0,-4470.295839998457,0.0065700015429683845,0.5573129553936378
1e-05,4,75.76,48,112,11.732962115339843,0,0,0,-4536.4498399984495,0.008220001550398592,0.5661986849120313
1e-05,5,80.81,53,114,13.255711976351929,0,0,0,-4468.241719998625,0.005350001375518332,0.5566020970321663
1e-05,6,64.89,40,99,11.737031140795358,0,0,0,-4453.289769998474,0.0045000015261393855,0.554291807357384
1e-05,7,69.51,44,91,10.311639054970845,0,0,0,-4389.331579998454,0.007150001546506246,0.5523369468633375
1e-05,8,76.95,37,125,15.540511574591104,0,0,0,-4519.382489998391,0.006380001608704333,0.5603341034298915
1e-05,9,76.85,43,109,13.983114817521882,0,0,0,-4270.3471499985335,0.007050001466268441,0.5434512173449441
1e-05,10,74.43,41,111,13.998039148395035,0,0,0,-4456.216319998691,0.0038900013096281327,0.5525146614537053
1e-05,11,61.76,34,88,10.688423644298537,0,0,0,-4390.331119998465,0.006530001535793417,0.5553580948995912
1e-05,12,83.4,52,131,14.081193131265545,0,0,0,-4438.181929998837,0.003440001162744011,0.5553580948995912
1e-05,13,66.74,39,101,13.568802452685354,0,0,0,-4398.276319998541,0.004280001458937477,0.5473609383330371
1e-05,14,53.81,27,84,12.12905190029295,0,0,0,-4419.313779998468,0.0032900015321501996,0.5512706593211303
1e-05,15,66.24,41,103,13.127924436101848,0,0,0,-4441.2553799986,0.004550001400275505,0.5553580948995912
1e-05,16,58.34,22,81,11.008378627209368,0,0,0,-4317.24904999867,0.0022400013303922606,0.5482495112848765
1e-05,17,65.81,34,106,13.770036310772749,0,0,0,-4469.353819998423,0.004780001576364157,0.5496712280078194
1e-05,18,71.66,40,106,12.960108024241157,0,0,0,-4368.214709998729,0.0036400012713784236,0.552870090634441
1e-05,19,79.51,41,105,13.070956353687363,0,0,0,-4380.311129998464,0.004480001535739575,0.5512706593211303
1e-05,20,63.75,38,88,9.641965567248205,0,0,0,-4582.261669998536,0.004100001464394154,0.5647769681890883
1e-05,21,72.04,34,114,14.758672026981289,0,0,0,-4472.2638399985535,0.005310001446559909,0.5592678158876844
1e-05,22,66.25,34,97,12.312899739703884,0,0,0,-4395.2836299985565,0.003920001443475485,0.5583792429358451
1e-05,23,60.86,33,94,12.141680279104701,0,0,0,-4517.201799998753,0.0026500012472752132,0.5637106806468811
1e-05,24,61.86,32,95,11.800864375121002,0,0,0,-4613.346949998324,0.004690001675953681,0.5629998222854097
1e-05,25,91.24,60,141,15.61737493947046,0,0,0,-4504.288799998489,0.007140001511288574,0.5548249511284876
1e-05,26,60.89,32,90,12.312509898473177,0,0,0,-4512.3226999983945,0.004150001605921716,0.5551803803092233
1e-05,27,53.9,26,88,12.799609369039352,0,0,0,-4579.259779998546,0.0029500014543373254,0.5674426870446063
1e-05,28,87.27,49,118,16.202996636425006,0,0,0,-4436.268409998524,0.004990001476471662,0.5505598009596588
1e-05,29,78.53,35,112,14.821912832020029,0,0,0,-4469.251409998607,0.003840001392745762,0.5535809489959126
1e-05,30,54.07,29,86,9.627310112383418,0,0,0,-4428.4534599984945,0.005130001505676773,0.5571352408032699
1e-05,31,52.06,26,82,12.125856670767636,0,0,0,-4420.496859998439,0.006050001561561658,0.5514483739114981
1e-05,32,85.66,46,116,13.538256904047875,0,0,0,-4452.257359998636,0.004270001363693154,0.5582015283454772
1e-05,33,66.94,35,105,12.093651226986827,0,0,0,-4505.287399998504,0.004940001495924662,0.5580238137551093
1e-05,34,76.18,49,115,12.815131680946553,0,0,0,-4411.274099998594,0.005940001406088413,0.5576683845743735
1e-05,35,68.41,38,97,12.646813827996361,0,0,0,-4571.3536099983985,0.0056300016012755805,0.5699306913097565
1e-05,36,62.15,30,102,11.58565923890393,0,0,0,-4514.250429998618,0.0037200013821347966,0.5617558201528345
1e-05,37,52.29,24,81,11.48502938611826,0,0,0,-4416.250139998584,0.0020300014157328405,0.5553580948995912
1e-05,38,65.87,38,103,13.831597883108083,0,0,0,-4483.266489998539,0.004100001460756175,0.559800959658788
1e-05,39,51.24,22,81,13.078317934658111,0,0,0,-4302.271159998569,0.002380001431447454,0.550204371778923
1e-05,40,75.01,44,122,14.305589816571702,0,0,0,-4267.353219998515,0.007070001484862587,0.5425626443931046
1e-05,41,89.67,53,130,16.271481186419386,0,0,0,-4462.327009998491,0.007590001509015565,0.5546472365381198
1e-05,42,57.23,26,87,12.968311378124756,0,0,0,-4451.26229999856,0.003100001440543565,0.5576683845743735
1e-05,43,90.61,61,120,14.417277829049421,0,0,0,-4404.311139998512,0.007770001488097478,0.5526923760440732
1e-05,44,56.84,28,98,14.414381707170099,0,0,0,-4302.21363999873,0.0023900012693047756,0.5443397902967834
1e-05,45,84.09,55,120,13.873063828873562,0,0,0,-4342.318789998469,0.007880001531702874,0.5446952194775191
1e-05,46,80.17,49,116,12.197585826711776,0,0,0,-4380.271059998546,0.005110001454340818,0.5510929447307624
1e-05,47,81.54,49,120,13.370430060398208,0,0,0,-4549.409299998335,0.008910001664844458,0.5715301226230673
1e-05,48,64.28,42,97,11.630202061873218,0,0,0,-4363.225299998673,0.0041500013267068425,0.5432735027545762
1e-05,49,86.45,58,125,13.516933823911398,0,0,0,-4317.214979998721,0.005420001279162534,0.5493157988270837
1e-05,50,63.93,25,91,12.997888290026193,0,0,0,-4408.238399998599,0.002070001401079935,0.5510929447307624
1e-05,51,77.88,43,117,14.295649687929544,0,0,0,-4491.311679998487,0.006130001512246963,0.5603341034298915
1e-05,52,61.86,30,98,12.877903556091729,0,0,0,-4482.22038999869,0.002490001310434309,0.5580238137551093
1e-05,53,62.63,35,97,11.503612476087675,0,0,0,-4465.21494999868,0.003330001320136944,0.5500266571885551
1e-05,54,60.58,20,108,14.012266055138978,0,0,0,-4496.2553299985875,0.001990001412195852,0.5555358094899592
1e-05,55,67.04,42,105,11.450694302093652,0,0,0,-4303.299449998565,0.004680001435190206,0.5491380842367158
1e-05,56,91.68,59,120,14.322625457645675,0,0,0,-4421.386319998469,0.00937000153135159,0.5505598009596588
1e-05,57,61.53,36,98,13.56794383832716,0,0,0,-4413.230849998618,0.003200001381628681,0.5539363781766483
1e-05,58,42.1,22,80,10.821737383618215,0,0,0,-4406.331859998487,0.0032700015135560534,0.5505598009596588
1e-05,59,79.1,42,110,14.355138452832842,0,0,0,-4322.27700999857,0.004750001429783879,0.5466500799715657
1e-05,60,73.88,43,113,12.982511313301444,0,0,0,-4472.278069998565,0.005600001434686419,0.561222676381731
1e-05,61,60.0,31,87,11.821167455035903,0,0,0,-4514.272199998483,0.0031800015167391393,0.5596232450684201
1e-05,62,65.26,34,99,12.550394416112987,0,0,0,-4503.378179998411,0.0057400015894018,0.5621112493335703
1e-05,63,55.66,36,88,11.114153139128506,0,0,0,-4465.303649998453,0.004780001547260326,0.5640661098276168
1e-05,64,89.43,48,127,16.22914353870838,0,0,0,-4360.3029799985625,0.006950001437871833,0.5468277945619335
1e-05,65,90.19,58,127,14.341335363207989,0,0,0,-4381.209519998758,0.004690001242124708,0.5510929447307624
1e-05,66,80.7,44,117,14.240435386602476,0,0,0,-4411.29549999852,0.005440001479655621,0.5493157988270837
1e-05,67,79.34,47,134,15.050727557164803,0,0,0,-4381.2448399986,0.0048400014002254466,0.5585569575262129
1e-05,68,99.36,54,132,14.799675672122008,0,0,0,-4315.287119998526,0.006310001474048477,0.5439843611160476
1e-05,69,66.88,40,95,10.927286945989842,0,0,0,-4459.268299998573,0.004390001427054813,0.559800959658788
1e-05,70,64.98,37,90,11.191943530951182,0,0,0,-4406.2441899986325,0.004320001367887016,0.5562466678514306
1e-05,71,59.01,31,96,12.345440453867978,0,0,0,-4327.310359998464,0.004100001535334741,0.550204371778923
1e-05,72,62.59,28,93,11.84997468351726,0,0,0,-4270.3509599984955,0.005130001504767279,0.5414963568508975
1e-05,73,51.25,15,78,13.063211703099663,0,0,0,-4433.411989998424,0.0036400015760591486,0.5494935134174516
1e-05,74,90.04,52,129,15.231493689064113,0,0,0,-4377.33149999848,0.008670001520840742,0.5452283632486227
1e-05,75,66.38,38,111,12.428016736390404,0,0,0,-4383.2984099985215,0.004540001478744671,0.5567798116225342
1e-05,76,78.58,44,106,12.669001539190058,0,0,0,-4431.247409998628,0.0053400013712234795,0.5518038030922339
1e-05,77,60.42,27,89,12.346805254801746,0,0,0,-4476.32626999845,0.0036500015503406757,0.5532255198151769
1e-05,78,81.16,43,116,14.511871002734278,0,0,0,-4449.278419998584,0.0050400014160914,0.5614003909720988
1e-05,79,62.23,27,102,14.058346275433681,0,0,0,-4646.194959998778,0.00289000122120342,0.5688644037675493
1e-05,80,81.33,36,126,16.96470158888744,0,0,0,-4558.241649998619,0.003480001380921749,0.5695752621290208
1e-05,81,90.73,55,132,14.531245645160638,0,0,0,-4425.275679998596,0.0068300014036140055,0.5519815176826017
1e-05,82,63.24,35,91,11.918154219508992,0,0,0,-4394.27017999855,0.0039000014503471903,0.5487826550559801
1e-05,83,90.76,52,130,16.811971924792164,0,0,0,-4450.30493999853,0.006700001469653216,0.5534032344055447
1e-05,84,89.98,55,137,16.590949339926276,0,0,0,-4405.241519998603,0.005330001397851447,0.5551803803092233
1e-05,85,72.1,42,115,14.784113094805518,0,0,0,-4413.261019998556,0.004420001444486843,0.5509152301403946
1e-05,86,59.8,27,86,12.243365550370536,0,0,0,-4436.343339998406,0.0038500015944009647,0.554291807357384
1e-05,87,53.92,26,86,12.243104181538275,0,0,0,-4451.304249998522,0.004710001478088088,0.5605118180202595
1e-05,88,62.75,31,91,13.41072332128286,0,0,0,-4552.264669998579,0.0029400014209386427,0.5640661098276168
1e-05,89,67.88,47,92,10.631349867255805,0,0,0,-4442.261139998585,0.0050600014146766625,0.5521592322729696
1e-05,90,74.59,49,101,12.208271785965449,0,0,0,-4437.250679998614,0.0048900013862294145,0.5470055091523014
1e-05,91,75.67,44,105,12.919020860730894,0,0,0,-4488.255199998624,0.00476000137587107,0.5647769681890883
1e-05,92,100.01,56,134,16.399082291396674,0,0,0,-4386.274249998562,0.007640001438630861,0.5523369468633375
1e-05,93,53.22,23,86,11.36712804537716,0,0,0,-4556.441369998316,0.004130001683734008,0.5690421183579172
1e-05,94,76.79,49,105,12.970192751073517,0,0,0,-4455.24033999862,0.004270001380064059,0.5558912386706949
1e-05,95,54.4,25,92,12.918204209564115,0,0,0,-4430.3643999983815,0.003880001618199458,0.5521592322729696
1e-05,96,80.66,49,111,13.908429098931338,0,0,0,-4545.253429998601,0.004940001398608729,0.5505598009596588
1e-05,97,75.74,47,112,13.87776639088582,0,0,0,-4616.291399998462,0.005910001537813514,0.561222676381731
1e-05,98,54.95,30,87,11.424863237693483,0,0,0,-4464.231079998652,0.0027500013484313968,0.5608672472009952
1e-05,99,66.22,35,105,14.30285286227891,0,0,0,-4478.244789998585,0.003200001415279985,0.5663763995023992
1e-05,100,71.84,42,117,13.454902452266236,0,0,0,-4270.359509998538,0.007270001462529763,0.5423849298027368
1e-05,101,73.47,37,112,15.251527792322971,0,0,0,-4590.27295999852,0.004160001480158826,0.5587346721165808
1e-05,102,86.46,52,116,14.182679577569253,0,0,0,-4395.398449998479,0.008790001520537771,0.5535809489959126
1e-05,103,42.64,14,75,11.234340212046277,0,0,0,-4342.266639998604,0.0012200013961773948,0.5466500799715657
1e-05,104,87.26,58,122,12.679605672101953,0,0,0,-4399.272379998651,0.0076400013495003805,0.5599786742491558
1e-05,105,57.63,26,86,10.870745144653148,0,0,0,-4481.26807999849,0.003260001510170696,0.5582015283454772
1e-05,106,63.59,27,96,12.98390927263434,0,0,0,-4519.378279998395,0.003950001605517173,0.5590901012973165
1e-05,107,75.36,46,107,11.492188651427544,0,0,0,-4524.254429998567,0.0051200014331698185,0.554291807357384
1e-05,108,69.27,31,111,13.002965046480744,0,0,0,-4388.305759998492,0.0037700015082009486,0.5503820863692909
1e-05,109,80.77,45,113,13.605774509376525,0,0,0,-4421.230559998654,0.00386000134585629,0.5562466678514306
1e-05,110,61.01,41,82,8.541071361369134,0,0,0,-4464.364829998394,0.006390001605723228,0.5539363781766483
1e-05,111,67.75,40,114,13.539110015063768,0,0,0,-4330.301919998612,0.004690001387643861,0.550204371778923
1e-05,112,54.62,26,83,11.775211250758943,0,0,0,-4435.237829998641,0.0027800013585874694,0.5562466678514306
1e-05,113,54.78,24,98,11.53479952144813,0,0,0,-4511.273649998572,0.003380001428013202,0.5629998222854097
1e-05,114,66.29,38,90,10.636066002051699,0,0,0,-4580.2123499986965,0.0036600013036149903,0.5629998222854097
1e-05,115,76.86,57,102,9.44459633864783,0,0,0,-4522.317709998484,0.008030001516090124,0.5590901012973165
1e-05,116,54.8,30,92,12.525973016097392,0,0,0,-4378.29083999851,0.004250001489708666,0.5519815176826017
1e-05,117,79.48,48,120,15.179248993280266,0,0,0,-4372.284009998571,0.005430001428976539,0.5537586635862805
1e-05,118,70.84,35,104,14.605286714063507,0,0,0,-4415.277379998533,0.004050001466566755,0.5562466678514306
1e-05,119,56.21,26,95,12.951675567276999,0,0,0,-4491.285659998474,0.0027900015256818733,0.5574906699840056
1e-05,120,75.34,48,112,13.377757659637881,0,0,0,-4530.28140999851,0.005840001490469149,0.5576683845743735
1e-05,121,57.65,22,97,12.908427479751358,0,0,0,-4574.221839998636,0.0019100013641946134,0.5590901012973165
1e-05,122,64.68,41,99,11.054302329862342,0,0,0,-4347.295269998553,0.0046800014470136375,0.5550026657188555
1e-05,123,59.49,30,84,11.688879330372094,0,0,0,-4487.26677999853,0.003320001469546696,0.5562466678514306
1e-05,124,77.77,44,105,12.77642751319789,0,0,0,-4269.24288999862,0.00400000138051837,0.5482495112848765
1e-05,125,58.88,30,89,11.301575111461235,0,0,0,-4395.25837999858,0.0028900014203827595,0.5532255198151769
1e-05,126,52.35,26,80,11.317574828557575,0,0,0,-4532.288059998528,0.0035400014712649863,0.5640661098276168
1e-05,127,74.2,42,99,13.169662106523463,0,0,0,-4504.311379998484,0.0064400015162391355,0.5567798116225342
1e-05,128,84.99,57,119,13.218543792717865,0,0,0,-4547.235949998608,0.0056100013925970416,0.5587346721165808
1e-05,129,73.44,39,103,12.918451919638049,0,0,0,-4344.295289998527,0.004870001473136654,0.5484272258752444
1e-05,130,76.36,38,117,15.406180577936896,0,0,0,-4379.431529998438,0.0061400015620165505,0.5551803803092233
1e-05,131,56.11,19,87,13.249071665592272,0,0,0,-4421.274919998502,0.0021300014977896353,0.551626088501866
1e-05,132,71.47,37,108,13.532520090507902,0,0,0,-4367.291119998543,0.004660001457523322,0.5484272258752444
1e-05,133,52.48,26,79,10.554127154814841,0,0,0,-4469.29407999853,0.0033000014700519387,0.5512706593211303
1e-05,134,54.69,29,83,11.689905902102035,0,0,0,-4369.238979998607,0.002610001392895356,0.5459392216100942
1e-05,135,62.29,35,82,9.541797524575756,0,0,0,-4461.224479998687,0.003080001313719549,0.5553580948995912
1e-05,136,69.22,38,100,11.39085598188301,0,0,0,-4524.253879998583,0.0037700014163419837,0.5573129553936378
1e-05,137,87.63,64,119,12.179207691799988,0,0,0,-4410.383199998455,0.010980001545249252,0.5535809489959126
1e-05,138,55.71,21,84,11.491992864599247,0,0,0,-4524.305789998436,0.0026400015640319907,0.5601563888395237
1e-05,139,43.01,18,78,13.206434037998298,0,0,0,-4584.2690299985,0.0019800015006694593,0.5663763995023992
1e-05,140,58.82,34,90,10.82993998136647,0,0,0,-4371.287659998477,0.00410000152351131,0.5555358094899592
1e-05,141,71.05,29,104,13.312681923639579,0,0,0,-4368.333679998512,0.0038500014879900846,0.5470055091523014
1e-05,142,72.41,48,107,13.544810814477993,0,0,0,-4463.248849998612,0.005280001388200617,0.5587346721165808
1e-05,143,65.75,38,102,13.001826794723886,0,0,0,-4372.356309998455,0.00592000154483685,0.5537586635862805
1e-05,144,46.04,20,72,11.199035672771116,0,0,0,-4426.259519998537,0.0021700014631278464,0.5573129553936378
1e-05,145,83.95,40,112,14.102747959174481,0,0,0,-4489.2842399985,0.005250001499916834,0.565132397369824
1e-05,146,54.83,32,84,11.697055184960016,0,0,0,-4688.337549998348,0.004220001652356586,0.5704638350808602
1e-05,147,61.26,40,90,10.481049565763918,0,0,0,-4495.222809998724,0.003580001275622635,0.5660209703216634
1e-05,148,50.86,30,91,11.173200078759889,0,0,0,-4533.378309998375,0.004570001625324949,0.5615781055624667
1e-05,149,45.36,20,80,11.46518207443737,0,0,0,-4504.309959998431,0.0028600015693882597,0.5551803803092233
1e-05,150,51.96,23,84,13.361077800836277,0,0,0,-4465.325509998465,0.0032700015344744315,0.5645992535987204
1e-05,151,71.79,44,102,12.128722109109434,0,0,0,-4383.26491999858,0.004530001419880136,0.5491380842367158
1e-05,152,61.41,34,90,11.303180968205366,0,0,0,-4368.343659998534,0.0062200014654081315,0.550204371778923
1e-05,153,62.7,34,92,13.157127346043286,0,0,0,-4533.238289998627,0.003460001373241539,0.5610449617913631
1e-05,154,61.46,33,83,10.437835024563284,0,0,0,-4529.26132999859,0.003040001410226978,0.5578460991647414
1e-05,155,84.15,51,120,12.650197626914766,0,0,0,-4468.321159998523,0.00819000147657789,0.5585569575262129
1e-05,156,57.53,27,87,11.299960176920978,0,0,0,-4459.298439998449,0.0032600015510979574,0.5617558201528345
1e-05,157,95.82,67,131,14.607107858847348,0,0,0,-4411.2240599987,0.005420001300080912,0.5539363781766483
1e-05,158,63.99,36,99,13.727705562110515,0,0,0,-4445.227299998689,0.00372000131119421,0.5610449617913631
1e-05,159,60.22,38,87,10.405364001321628,0,0,0,-4424.394809998488,0.0055800015115892165,0.5640661098276168
1e-05,160,73.35,42,106,13.055554373522403,0,0,0,-4505.283149998473,0.005260001526949054,0.5535809489959126
1e-05,161,79.99,50,109,12.93869777064137,0,0,0,-4486.278749998516,0.0055500014841527445,0.561222676381731
1e-05,162,76.85,41,106,13.694798282559697,0,0,0,-4431.255689998621,0.00547000137885334,0.5582015283454772
1e-05,163,81.29,48,110,10.554899336327184,0,0,0,-4478.2785999985035,0.005680001496330078,0.559800959658788
1e-05,164,67.2,31,98,13.703284277865654,0,0,0,-4500.286639998493,0.003870001506584231,0.5587346721165808
1e-05,165,53.25,31,75,10.084022015049353,0,0,0,-4449.37785999838,0.0042900016205749125,0.5592678158876844
1e-05,166,56.58,30,89,10.745399015392588,0,0,0,-4414.261029998606,0.0030000013939570636,0.5546472365381198
1e-05,167,83.08,44,124,15.35687468204387,0,0,0,-4318.249559998656,0.004210001344290504,0.5466500799715657
1e-05,168,70.37,39,105,12.80519816324605,0,0,0,-4398.348439998439,0.005680001560904202,0.5471832237426693
1e-05,169,67.87,44,97,11.908530555866244,0,0,0,-4509.232029998628,0.0040300013724845485,0.5658432557312956
1e-05,170,59.34,30,99,13.556710515460601,0,0,0,-4493.214839998675,0.0022100013247836614,0.5514483739114981
1e-05,171,61.24,35,87,11.471808924489633,0,0,0,-4408.273359998595,0.0038600014049734455,0.5541140927670162
1e-05,172,63.63,37,91,11.299252187644985,0,0,0,-4394.239189998659,0.003510001341055613,0.5537586635862805
1e-05,173,83.36,47,119,14.359331460760977,0,0,0,-4354.225689998631,0.0044300013687461615,0.5491380842367158
1e-05,174,76.03,48,109,11.560670395785877,0,0,0,-4365.259389998575,0.004720001425084774,0.5484272258752444
1e-05,175,72.77,48,97,11.231077419375222,0,0,0,-4364.227559998697,0.004520001302807941,0.5512706593211303
1e-05,176,57.54,27,101,13.239652563417213,0,0,0,-4496.227549998653,0.0030700013476234744,0.5631775368757775
1e-05,177,66.5,35,106,13.51702630018896,0,0,0,-4500.278929998498,0.004540001502391533,0.5574906699840056
1e-05,178,73.68,50,106,13.526921305308166,0,0,0,-4493.335759998481,0.007130001518817153,0.5592678158876844
1e-05,179,78.43,44,117,15.637298360010915,0,0,0,-4448.22565999868,0.004080001319380244,0.5585569575262129
1e-05,180,62.74,38,105,13.340629670296677,0,0,0,-4519.2634199985605,0.004120001439332555,0.5614003909720988
1e-05,181,75.68,44,116,13.34007496230812,0,0,0,-4457.270599998616,0.004350001384409552,0.5605118180202595
1e-05,182,59.94,35,87,11.96646982196504,0,0,0,-4455.313609998489,0.005550001511437586,0.5605118180202595
1e-05,183,56.85,28,87,12.21668940425351,0,0,0,-4451.228789998667,0.002710001333070977,0.5619335347432024
1e-05,184,83.89,53,114,14.44914876385457,0,0,0,-4400.291119998521,0.006610001479202765,0.5526923760440732
1e-05,185,82.58,45,130,14.727647469979718,0,0,0,-4484.251039998614,0.004940001385875803,0.5578460991647414
1e-05,186,99.3,62,136,13.320285282230259,0,0,0,-4355.260419998644,0.0064200013566733105,0.5544695219477519
1e-05,187,61.96,33,90,12.25391366054127,0,0,0,-4365.364359998474,0.0048100015255840844,0.5498489425981873
1e-05,188,76.68,52,108,13.078134423533044,0,0,0,-4474.224699998642,0.004540001357781875,0.5606895326106274
1e-05,189,60.59,33,95,12.412167417498042,0,0,0,-4495.260689998566,0.005390001434534497,0.56797583081571
1e-05,190,80.36,50,111,12.485607714484706,0,0,0,-4392.251909998614,0.005290001386129006,0.5388306379953794
1e-05,191,48.28,21,76,11.536099860871524,0,0,0,-4458.214419998696,0.001700001304016041,0.5551803803092233
1e-05,192,74.13,50,112,12.108389653459291,0,0,0,-4247.430439998551,0.008800001448435069,0.5438066465256798
1e-05,193,90.64,58,122,14.264305100494731,0,0,0,-4419.224609998706,0.00515000129416876,0.5574906699840056
1e-05,194,56.27,29,79,11.31711535683895,0,0,0,-4473.279379998525,0.003400001474801684,0.5606895326106274
1e-05,195,58.11,32,84,13.035256038912316,0,0,0,-4459.400249998407,0.0053500015928875655,0.5548249511284876
1e-05,196,70.17,40,104,12.525218560967309,0,0,0,-4414.344699998461,0.0060300015393295325,0.5555358094899592
1e-05,197,86.85,50,116,12.3161479367536,0,0,0,-4479.3283499984345,0.006900001565554703,0.5619335347432024
1e-05,198,66.97,37,96,13.244965081116673,0,0,0,-4507.232009998652,0.0029800013480780763,0.5580238137551093
1e-05,199,84.09,48,122,16.33039803556545,0,0,0,-4475.323249998487,0.00630000151340937,0.5578460991647414
0.0001,0,78.83,35,114,14.45064358428371,0,0,0,-4377.450799999549,0.03260000045065681,0.5432735027545762
0.0001,1,80.86,55,116,13.688696066463015,0,0,0,-4589.37239999963,0.09740000036981655,0.5644215390083526
0.0001,2,77.4,49,110,11.689311356961966,0,0,0,-4323.925899999624,0.06570000037663704,0.5443397902967834
0.0001,3,78.46,49,113,13.593689712509992,0,0,0,-4472.9603999995425,0.06370000045717461,0.5573129553936378
0.0001,4,72.03,46,104,11.325594907111943,0,0,0,-4540.5015999996485,0.07900000035169796,0.5661986849120313
0.0001,5,82.02,35,113,13.652091414871203,0,0,0,-4470.4374999995625,0.03320000043731852,0.5566020970321663
0.0001,6,64.05,40,88,11.150224212992311,0,0,0,-4455.89419999957,0.04850000042915781,0.554291807357384
0.0001,7,65.0,41,88,10.882095386459357,0,0,0,-4392.329499999618,0.05780000038248545,0.5523369468633375
0.0001,8,76.12,36,115,15.612354082584728,0,0,0,-4522.832199999645,0.05650000035529956,0.5603341034298915
0.0001,9,76.26,37,118,14.286091137886526,0,0,0,-4273.483199999749,0.05880000025172194,0.5434512173449441
0.0001,10,74.78,42,104,12.300878017442496,0,0,0,-4458.166299999531,0.035800000469862425,0.5525146614537053
0.0001,11,61.51,30,91,12.395559688856329,0,0,0,-4393.334099999607,0.04240000039317238,0.5553580948995912
0.0001,12,82.63,43,122,13.881394022215492,0,0,0,-4439.8239999995585,0.02970000044115295,0.5553580948995912
0.0001,13,66.75,37,101,14.275415930893223,0,0,0,-4400.767499999577,0.038500000422573066,0.5473609383330371
0.0001,14,55.56,26,90,11.837499736008445,0,0,0,-4422.139699999543,0.03100000045651541,0.5512706593211303
0.0001,15,64.02,28,101,13.62496238526918,0,0,0,-4443.570299999583,0.029000000416999683,0.5553580948995912
0.0001,16,59.15,36,84,10.217020113516465,0,0,0,-4319.475299999627,0.0376000003725494,0.5482495112848765
0.0001,17,69.61,40,101,14.372122320659535,0,0,0,-4472.520999999658,0.06500000034247932,0.5496712280078194
0.0001,18,69.04,42,95,12.72,0,0,0,-4370.139899999555,0.04360000044471235,0.552870090634441
0.0001,19,79.13,51,114,12.238182054537349,0,0,0,-4383.08469999961,0.07140000038998551,0.5512706593211303
0.0001,20,61.98,40,89,10.386510482351616,0,0,0,-4584.6156999995765,0.04200000042328611,0.5647769681890883
0.0001,21,72.39,33,117,15.333554708546874,0,0,0,-4474.656199999514,0.035300000486131466,0.5592678158876844
0.0001,22,68.62,31,99,11.910314857299113,0,0,0,-4397.838799999555,0.036700000445307523,0.5583792429358451
0.0001,23,57.83,31,89,11.896264119462042,0,0,0,-4519.018699999552,0.025800000447816274,0.5637106806468811
0.0001,24,57.77,27,90,11.777822379370475,0,0,0,-4616.477999999564,0.038400000436013215,0.5629998222854097
0.0001,25,89.72,40,135,15.599410245262476,0,0,0,-4506.908699999567,0.05070000043269829,0.5548249511284876
0.0001,26,62.02,35,85,10.411512858369816,0,0,0,-4515.223099999634,0.045400000366498716,0.5551803803092233
0.0001,27,54.28,27,87,11.938241076473535,0,0,0,-4581.599399999531,0.027900000469344377,0.5674426870446063
0.0001,28,88.83,41,130,15.95058306144324,0,0,0,-4438.688599999597,0.045400000403788,0.5505598009596588
0.0001,29,76.15,48,112,14.470228056253985,0,0,0,-4471.500699999519,0.05180000048039801,0.5535809489959126
0.0001,30,53.23,28,77,9.488788120724374,0,0,0,-4432.539699999697,0.04620000030263327,0.5571352408032699
0.0001,31,51.72,17,74,11.647385972826694,0,0,0,-4424.9902999997075,0.038800000292212644,0.5514483739114981
0.0001,32,82.01,56,113,12.22006137464129,0,0,0,-4454.555199999527,0.061100000472833926,0.5582015283454772
0.0001,33,66.31,40,97,12.262703617065856,0,0,0,-4507.87789999959,0.04550000040944724,0.5580238137551093
0.0001,34,75.1,39,109,13.392161886715677,0,0,0,-4413.752099999507,0.04830000049332739,0.5576683845743735
0.0001,35,64.98,35,96,11.574955723457434,0,0,0,-4574.539999999649,0.0524000003515539,0.5699306913097565
0.0001,36,61.88,37,99,13.191876288079722,0,0,0,-4516.5061999996215,0.03530000037881109,0.5617558201528345
0.0001,37,51.04,24,77,10.930617548885333,0,0,0,-4418.498799999538,0.02290000046195928,0.5553580948995912
0.0001,38,63.19,22,108,15.178731831085232,0,0,0,-4485.683099999591,0.022800000409006316,0.559800959658788
0.0001,39,50.32,30,74,10.635675813036048,0,0,0,-4304.702599999606,0.032800000393763185,0.550204371778923
0.0001,40,74.17,31,131,16.151195002228164,0,0,0,-4270.552299999714,0.05060000028606737,0.5425626443931046
0.0001,41,89.55,50,119,13.532460973525845,0,0,0,-4465.280899999662,0.06510000033722463,0.5546472365381198
0.0001,42,58.51,31,89,11.835113011712224,0,0,0,-4453.618499999485,0.03550000051563984,0.5576683845743735
0.0001,43,91.38,65,125,13.466090746760916,0,0,0,-4407.107099999622,0.082000000377775,0.5526923760440732
0.0001,44,57.51,24,104,14.095740491368307,0,0,0,-4304.1397999995725,0.020500000427091436,0.5443397902967834
0.0001,45,82.22,43,118,14.097219584017267,0,0,0,-4345.205199999611,0.061500000389060006,0.5446952194775191
0.0001,46,77.37,51,108,11.78359452798678,0,0,0,-4382.702199999579,0.05950000042139436,0.5510929447307624
0.0001,47,80.68,50,114,14.646419357645062,0,0,0,-4553.095099999606,0.08700000039425504,0.5715301226230673
0.0001,48,65.42,40,92,11.58894300615893,0,0,0,-4365.256799999482,0.037700000518270826,0.5432735027545762
0.0001,49,87.17,56,113,12.289064244278325,0,0,0,-4319.152099999547,0.05190000045240595,0.5493157988270837
0.0001,50,62.82,36,91,13.091508698389198,0,0,0,-4410.370799999518,0.03390000048239017,0.5510929447307624
0.0001,51,76.07,53,106,12.713972628568934,0,0,0,-4494.1139999996185,0.06410000038158614,0.5603341034298915
0.0001,52,60.19,23,98,12.26433447032492,0,0,0,-4484.2084999995595,0.020300000440329313,0.5580238137551093
0.0001,53,62.07,26,83,10.563384874177405,0,0,0,-4467.159499999541,0.023300000458220893,0.5500266571885551
0.0001,54,63.68,28,91,12.860699825437182,0,0,0,-4498.530199999521,0.043000000478969014,0.5555358094899592
0.0001,55,65.07,37,92,11.286500786337633,0,0,0,-4305.996699999607,0.04460000039307488,0.5491380842367158
0.0001,56,88.05,48,117,13.139539565753436,0,0,0,-4424.862799999703,0.09410000029674848,0.5505598009596588
0.0001,57,61.73,27,104,14.224524596625365,0,0,0,-4415.317299999544,0.023200000456199632,0.5539363781766483
0.0001,58,43.29,24,64,8.718136268721658,0,0,0,-4409.317299999614,0.034000000386186,0.5505598009596588
0.0001,59,81.82,45,117,14.091401633620409,0,0,0,-4324.762099999602,0.05550000039875158,0.5466500799715657
0.0001,60,69.64,37,109,12.965739469848991,0,0,0,-4474.787299999591,0.04940000040915038,0.561222676381731
0.0001,61,60.68,34,89,11.71228414955853,0,0,0,-4516.71219999955,0.04160000045067136,0.5596232450684201
0.0001,62,64.59,31,104,14.998729946232112,0,0,0,-4506.7906999996585,0.04850000034184632,0.5621112493335703
0.0001,63,56.28,32,83,10.380828483314808,0,0,0,-4468.044399999587,0.03990000041358144,0.5640661098276168
0.0001,64,92.1,62,134,14.637281168304447,0,0,0,-4363.02679999963,0.07250000036947313,0.5468277945619335
0.0001,65,91.03,50,121,13.863949653688158,0,0,0,-4383.09999999954,0.04210000045986817,0.5510929447307624
0.0001,66,80.52,46,116,12.715722551235537,0,0,0,-4413.942499999641,0.06690000035905541,0.5493157988270837
0.0001,67,78.18,41,113,13.229043805203759,0,0,0,-4383.451699999479,0.045100000520506,0.5585569575262129
0.0001,68,103.02,70,133,13.872260089833956,0,0,0,-4317.853999999623,0.08030000037706486,0.5439843611160476
0.0001,69,66.72,44,92,11.175043624075926,0,0,0,-4461.674899999556,0.05200000044351327,0.559800959658788
0.0001,70,66.09,39,92,10.649032819932524,0,0,0,-4408.4413999994895,0.04370000051039824,0.5562466678514306
0.0001,71,57.15,28,90,12.675468433158594,0,0,0,-4330.098499999589,0.04610000041066087,0.550204371778923
0.0001,72,65.01,45,88,10.351323586865595,0,0,0,-4273.498399999666,0.06250000033469405,0.5414963568508975
0.0001,73,52.53,31,81,11.235172450834922,0,0,0,-4437.103599999692,0.052700000307595474,0.5494935134174516
0.0001,74,91.67,57,123,13.902557318709388,0,0,0,-4380.319099999654,0.08260000034624682,0.5452283632486227
0.0001,75,65.64,37,95,11.793659313376828,0,0,0,-4385.988599999624,0.04090000037558639,0.5567798116225342
0.0001,76,76.73,44,105,12.970624503083881,0,0,0,-4433.48459999958,0.04290000042055908,0.5518038030922339
0.0001,77,61.34,32,88,12.545293938365893,0,0,0,-4479.246999999594,0.05220000040662853,0.5532255198151769
0.0001,78,78.62,38,120,14.9878484112964,0,0,0,-4451.790399999643,0.0442000003567955,0.5614003909720988
0.0001,79,61.85,34,99,14.1875825988785,0,0,0,-4647.954399999551,0.02410000044892513,0.5688644037675493
0.0001,80,75.81,35,115,14.32668489218633,0,0,0,-4560.41909999954,0.03220000045985216,0.5695752621290208
0.0001,81,88.57,55,119,13.885427613148973,0,0,0,-4427.757799999655,0.06730000034531258,0.5519815176826017
0.0001,82,60.66,35,92,11.965968410454709,0,0,0,-4396.701799999567,0.03900000043267937,0.5487826550559801
0.0001,83,87.31,57,130,15.168187103276384,0,0,0,-4453.048699999652,0.06770000034794066,0.5534032344055447
0.0001,84,88.21,47,127,16.957768131449374,0,0,0,-4407.420199999481,0.04830000051879324,0.5551803803092233
0.0001,85,68.79,34,101,12.779902190549032,0,0,0,-4415.620199999595,0.034200000405689934,0.5509152301403946
0.0001,86,58.79,33,90,10.931875410925612,0,0,0,-4439.425199999587,0.04670000041278399,0.554291807357384
0.0001,87,53.7,29,81,12.059436139388938,0,0,0,-4454.04909999963,0.04050000037022983,0.5605118180202595
0.0001,88,62.21,36,91,13.978050650931266,0,0,0,-4554.63989999955,0.036200000449753134,0.5640661098276168
0.0001,89,69.25,36,102,12.964085004349517,0,0,0,-4444.619799999623,0.042200000377306424,0.5521592322729696
0.0001,90,74.48,36,96,12.6952589575794,0,0,0,-4439.522499999546,0.03320000045368943,0.5470055091523014
0.0001,91,75.86,49,118,12.042441612895615,0,0,0,-4490.550599999581,0.049000000418345735,0.5647769681890883
0.0001,92,99.75,63,130,14.845453849579675,0,0,0,-4388.74929999958,0.06960000041999592,0.5523369468633375
0.0001,93,56.14,23,86,12.222945635156854,0,0,0,-4560.4145999997045,0.04040000029544899,0.5690421183579172
0.0001,94,75.87,40,131,13.767828441696969,0,0,0,-4457.408199999516,0.03790000048411457,0.5558912386706949
0.0001,95,58.81,28,99,13.91020848154333,0,0,0,-4433.641399999604,0.041400000395697134,0.5521592322729696
0.0001,96,80.54,43,112,12.839330200598472,0,0,0,-4547.535899999484,0.04780000051596289,0.5505598009596588
0.0001,97,76.59,39,111,13.245448274784817,0,0,0,-4618.926799999529,0.04630000047109206,0.561222676381731
0.0001,98,55.93,32,87,10.89702252911317,0,0,0,-4466.308099999565,0.030200000435797847,0.5608672472009952
0.0001,99,66.22,33,94,12.841791152327621,0,0,0,-4480.446599999474,0.033300000526651274,0.5663763995023992
0.0001,100,71.54,48,105,12.765124362888127,0,0,0,-4273.595799999677,0.07200000032298703,0.5423849298027368
0.0001,101,76.23,53,107,11.8227365698471,0,0,0,-4592.712299999504,0.058900000496578286,0.5587346721165808
0.0001,102,88.82,49,117,14.269113497341031,0,0,0,-4398.973699999651,0.09870000034879922,0.5535809489959126
0.0001,103,41.69,23,76,11.434767159850697,0,0,0,-4344.653599999631,0.02500000036889105,0.5466500799715657
0.0001,104,85.0,50,121,15.063864046120438,0,0,0,-4401.737299999616,0.06290000038370636,0.5599786742491558
0.0001,105,56.37,30,86,11.550458865343835,0,0,0,-4483.679099999497,0.034300000502298644,0.5582015283454772
0.0001,106,59.27,27,93,13.188521524416602,0,0,0,-4522.778699999681,0.04360000031920208,0.5590901012973165
0.0001,107,73.87,46,105,12.23000817661215,0,0,0,-4526.539399999611,0.056100000389051274,0.554291807357384
0.0001,108,66.71,26,98,11.56485624640445,0,0,0,-4391.060599999607,0.03470000039305887,0.5503820863692909
0.0001,109,76.52,44,108,14.06448008281856,0,0,0,-4423.305199999468,0.039000000531814294,0.5562466678514306
0.0001,110,61.2,35,85,10.447966309287182,0,0,0,-4467.658099999595,0.054100000405014725,0.5539363781766483
0.0001,111,66.7,34,115,13.967462188959022,0,0,0,-4333.0237999997225,0.04230000027746428,0.550204371778923
0.0001,112,54.05,31,90,11.001249928985343,0,0,0,-4437.373299999533,0.032800000467432255,0.5562466678514306
0.0001,113,55.16,22,84,12.227608106248743,0,0,0,-4513.748899999558,0.0214000004425543,0.5629998222854097
0.0001,114,65.38,38,100,13.349741570532366,0,0,0,-4582.130799999549,0.0293000004512578,0.5629998222854097
0.0001,115,77.02,51,101,9.996979543842231,0,0,0,-4525.182099999582,0.07530000041879248,0.5590901012973165
0.0001,116,56.29,26,90,12.754838297681394,0,0,0,-4380.917399999568,0.033500000431558874,0.5519815176826017
0.0001,117,81.18,45,120,14.065830938838985,0,0,0,-4374.844799999589,0.04960000041137391,0.5537586635862805
0.0001,118,71.42,44,104,13.29299063416506,0,0,0,-4417.766699999564,0.04760000043643231,0.5562466678514306
0.0001,119,53.04,27,82,11.875116841530446,0,0,0,-4493.8489999996045,0.03550000039558654,0.5574906699840056
0.0001,120,74.51,40,111,13.975331838636249,0,0,0,-4532.8268999995835,0.04560000041692547,0.5576683845743735
0.0001,121,58.24,22,97,13.51896445738356,0,0,0,-4576.219299999479,0.01820000052157411,0.5590901012973165
0.0001,122,63.29,36,106,12.422797591525025,0,0,0,-4349.9570999996085,0.04240000039135339,0.5550026657188555
0.0001,123,57.58,35,88,11.783191418287323,0,0,0,-4489.664599999536,0.0364000004638001,0.5562466678514306
0.0001,124,74.6,45,110,13.651373557265217,0,0,0,-4271.415499999535,0.05340000046453497,0.5482495112848765
0.0001,125,57.87,36,98,11.671893591015984,0,0,0,-4397.575099999602,0.037600000398015254,0.5532255198151769
0.0001,126,55.06,27,90,11.768449345601992,0,0,0,-4534.880399999542,0.035600000458543946,0.5640661098276168
0.0001,127,76.74,34,118,14.542090633743141,0,0,0,-4507.12979999964,0.04840000035983394,0.5567798116225342
0.0001,128,80.56,49,123,14.43351655003035,0,0,0,-4549.367899999516,0.047700000483928306,0.5587346721165808
0.0001,129,73.06,42,110,13.939741747966496,0,0,0,-4346.949699999597,0.05190000040238374,0.5484272258752444
0.0001,130,75.43,39,101,13.016339731276224,0,0,0,-4383.312499999711,0.06420000028901995,0.5551803803092233
0.0001,131,55.93,24,85,12.184625558465061,0,0,0,-4423.7436999995525,0.026800000447110506,0.551626088501866
0.0001,132,72.28,47,107,12.464413343595439,0,0,0,-4369.904099999594,0.05370000040602463,0.5484272258752444
0.0001,133,51.23,25,79,11.8201988138948,0,0,0,-4471.943599999615,0.030200000384866144,0.5512706593211303
0.0001,134,56.32,31,86,10.495599077708714,0,0,0,-4371.386899999506,0.029000000494306732,0.5459392216100942
0.0001,135,61.34,37,90,10.732399545302068,0,0,0,-4463.242099999529,0.033500000470667146,0.5553580948995912
0.0001,136,68.68,42,104,12.605459134835193,0,0,0,-4526.534399999546,0.0421000004544112,0.5573129553936378
0.0001,137,87.34,60,120,13.232701916086526,0,0,0,-4413.845999999619,0.09580000038022263,0.5535809489959126
0.0001,138,53.8,25,82,10.67988763985839,0,0,0,-4527.053499999527,0.030800000473391265,0.5601563888395237
0.0001,139,46.11,18,84,12.168726309684182,0,0,0,-4586.693099999509,0.017000000490952516,0.5663763995023992
0.0001,140,58.96,37,89,9.976893304030067,0,0,0,-4373.876099999624,0.04150000037589052,0.5555358094899592
0.0001,141,71.85,38,104,14.045194907867957,0,0,0,-4371.3118999996705,0.06340000032923854,0.5470055091523014
0.0001,142,72.48,35,118,13.232898397554482,0,0,0,-4465.505699999566,0.03560000043398759,0.5587346721165808
0.0001,143,63.93,44,90,10.891515046126502,0,0,0,-4375.555499999602,0.06680000039796141,0.5537586635862805
0.0001,144,45.43,26,72,12.507801565423078,0,0,0,-4428.590199999504,0.026700000496020948,0.5573129553936378
0.0001,145,82.75,47,116,14.574892795489097,0,0,0,-4491.842899999593,0.052000000407133484,0.565132397369824
0.0001,146,51.92,14,82,12.208750959864814,0,0,0,-4691.400099999504,0.017600000495804125,0.5704638350808602
0.0001,147,60.93,31,84,11.26610402934395,0,0,0,-4497.233999999556,0.02990000044428598,0.5660209703216634
0.0001,148,51.94,21,75,10.472650094412588,0,0,0,-4536.797699999605,0.03110000039487204,0.5615781055624667
0.0001,149,44.52,21,65,10.121738981024949,0,0,0,-4507.092499999568,0.03570000043237087,0.5551803803092233
0.0001,150,53.01,28,84,12.151950460728516,0,0,0,-4468.249899999599,0.03790000040135055,0.5645992535987204
0.0001,151,74.03,39,107,11.578821183522958,0,0,0,-4385.654599999635,0.039900000364468724,0.5491380842367158
0.0001,152,58.89,33,93,12.618950035561594,0,0,0,-4371.452599999661,0.04620000033901306,0.550204371778923
0.0001,153,62.29,36,92,11.8821673107224,0,0,0,-4535.378899999624,0.03860000037548161,0.5610449617913631
0.0001,154,59.96,37,94,12.097867580693714,0,0,0,-4531.608499999601,0.0352000003986177,0.5578460991647414
0.0001,155,80.7,48,119,13.451022265984099,0,0,0,-4471.229899999676,0.06360000032418611,0.5585569575262129
0.0001,156,54.46,29,88,12.09993388411689,0,0,0,-4461.983599999607,0.033400000393157825,0.5617558201528345
0.0001,157,94.9,61,136,16.682625692618053,0,0,0,-4413.23809999953,0.05670000046939094,0.5539363781766483
0.0001,158,64.39,37,98,13.38498785953876,0,0,0,-4447.27289999956,0.03730000044015469,0.5610449617913631
0.0001,159,60.0,31,91,12.580937961853241,0,0,0,-4427.959099999672,0.044800000327995804,0.5640661098276168
0.0001,160,73.09,39,104,13.688750856086177,0,0,0,-4507.830299999579,0.053800000420778815,0.5535809489959126
0.0001,161,78.42,49,110,13.956489529964188,0,0,0,-4488.784799999624,0.05820000037601858,0.561222676381731
0.0001,162,76.91,41,106,13.560306043744,0,0,0,-4433.553899999547,0.057700000453223765,0.5582015283454772
0.0001,163,84.23,53,126,13.177901957443757,0,0,0,-4480.780399999496,0.06240000050456729,0.559800959658788
0.0001,164,67.41,36,106,13.279378750528956,0,0,0,-4502.859799999594,0.04530000040631421,0.5587346721165808
0.0001,165,52.95,31,78,10.462671742915383,0,0,0,-4452.777199999583,0.04430000041702442,0.5592678158876844
0.0001,166,55.76,29,85,11.459598596809576,0,0,0,-4416.609999999564,0.03030000043600012,0.5546472365381198
0.0001,167,83.47,47,127,15.609903907455676,0,0,0,-4320.490799999578,0.04690000042228348,0.5466500799715657
0.0001,168,69.26,41,98,11.503582050822256,0,0,0,-4401.479099999645,0.06210000035480334,0.5471832237426693
0.0001,169,65.78,29,93,12.092625852146423,0,0,0,-4511.337499999557,0.023100000443264435,0.5658432557312956
0.0001,170,62.15,37,90,11.703311497178907,0,0,0,-4495.138999999486,0.03150000051391544,0.5514483739114981
0.0001,171,59.23,25,98,14.478159413406113,0,0,0,-4410.745399999589,0.026800000411640212,0.5541140927670162
0.0001,172,61.78,37,91,10.229936461190752,0,0,0,-4396.394099999544,0.032900000455811096,0.5537586635862805
0.0001,173,80.17,46,126,13.136251367875083,0,0,0,-4356.259599999493,0.04160000050706003,0.5491380842367158
0.0001,174,74.69,46,111,13.470482545180037,0,0,0,-4367.59399999954,0.04710000045997731,0.5484272258752444
0.0001,175,72.01,38,97,12.577356638022154,0,0,0,-4366.286599999551,0.03420000044934568,0.5512706593211303
0.0001,176,58.83,22,90,12.135118458424705,0,0,0,-4498.2890999994925,0.017100000507525692,0.5631775368757775
0.0001,177,68.0,29,107,13.660893089399389,0,0,0,-4502.804899999493,0.029800000507748337,0.5574906699840056
0.0001,178,73.23,43,106,13.128484299415527,0,0,0,-4496.369599999629,0.05930000037096761,0.5592678158876844
0.0001,179,74.12,38,107,14.293550993367603,0,0,0,-4450.2563999995555,0.041000000444910256,0.5585569575262129
0.0001,180,58.91,32,82,10.984621067656363,0,0,0,-4521.623999999542,0.05140000045776105,0.5614003909720988
0.0001,181,76.06,28,112,15.530499026109881,0,0,0,-4459.717099999514,0.03240000048572256,0.5605118180202595
0.0001,182,60.8,30,85,11.311940593903417,0,0,0,-4458.15209999958,0.03950000042004831,0.5605118180202595
0.0001,183,57.22,27,86,10.308811764699168,0,0,0,-4453.287299999572,0.027700000428012572,0.5619335347432024
0.0001,184,80.11,48,117,13.831048405670483,0,0,0,-4402.918999999614,0.0583000003853158,0.5526923760440732
0.0001,185,87.32,54,124,15.619782328829041,0,0,0,-4486.501399999596,0.05840000040370796,0.5578460991647414
0.0001,186,98.41,64,137,13.79282059623774,0,0,0,-4357.580499999622,0.08790000037788559,0.5544695219477519
0.0001,187,63.05,29,105,13.987405048828752,0,0,0,-4368.635599999646,0.056100000354490476,0.5498489425981873
0.0001,188,76.08,47,111,14.02760136302711,0,0,0,-4476.251299999535,0.04110000046512141,0.5606895326106274
0.0001,189,63.53,33,96,12.741628624316437,0,0,0,-4497.624299999555,0.03650000044490298,0.56797583081571
0.0001,190,79.29,51,130,13.406188869324497,0,0,0,-4394.521999999568,0.05000000043219188,0.5388306379953794
0.0001,191,48.69,23,72,10.958736241008813,0,0,0,-4460.139999999488,0.021200000511271355,0.5551803803092233
0.0001,192,71.21,38,103,14.01377536568929,0,0,0,-4251.323099999749,0.06930000025113259,0.5438066465256798
0.0001,193,90.11,58,130,15.40902008565113,0,0,0,-4421.245399999516,0.05220000048393558,0.5574906699840056
0.0001,194,55.13,32,85,11.309867373227682,0,0,0,-4475.793299999583,0.034500000417210686,0.5606895326106274
0.0001,195,54.92,21,87,12.826285510622316,0,0,0,-4463.024599999595,0.0314000004045738,0.5548249511284876
0.0001,196,68.04,42,108,13.42007451544141,0,0,0,-4417.448099999673,0.05920000032710959,0.5555358094899592
0.0001,197,85.11,52,118,12.357908399077894,0,0,0,-4482.285899999593,0.06660000040665182,0.5619335347432024
0.0001,198,65.78,42,96,12.648778597161071,0,0,0,-4509.3129999995635,0.03690000043661712,0.5580238137551093
0.0001,199,82.47,47,119,13.868997800850645,0,0,0,-4478.2339999996375,0.06150000036268466,0.5578460991647414
0.001,0,74.26,35,114,14.3350061039401,0,0,0,-4399.486000001439,0.3479999985611357,0.5432735027545762
0.001,1,69.27,47,107,12.675847111731821,0,0,0,-4628.902000001983,0.795999998017578,0.5644215390083526
0.001,2,72.01,37,99,12.798824164742634,0,0,0,-4350.360000001584,0.555999998416155,0.5443397902967834
0.001,3,72.92,42,108,12.66702806501983,0,0,0,-4499.732000001643,0.5089999983565576,0.5573129553936378
0.001,4,64.69,30,105,13.542300395427656,0,0,0,-4581.244000001971,0.5619999980290231,0.5661986849120313
0.001,5,76.43,22,107,13.81032584698855,0,0,0,-4492.4840000014365,0.2229999985638642,0.5566020970321663
0.001,6,60.95,36,97,12.643081111817642,0,0,0,-4482.005000001615,0.42199999838430813,0.554291807357384
0.001,7,58.1,32,88,12.269881825021788,0,0,0,-4422.450000001749,0.42299999825081613,0.5523369468633375
0.001,8,68.42,31,114,15.067966020667818,0,0,0,-4557.205000001859,0.6819999981407818,0.5603341034298915
0.001,9,70.26,40,101,13.947487228888221,0,0,0,-4304.78000000178,0.6399999982204463,0.5434512173449441
0.001,10,71.37,46,103,11.683882060342786,0,0,0,-4477.594000001285,0.42699999871456384,0.5525146614537053
0.001,11,56.04,28,87,12.523513883890576,0,0,0,-4423.42600000174,0.33899999826007843,0.5553580948995912
0.001,12,78.63,39,110,14.582630078281488,0,0,0,-4456.251000001134,0.2859999988659183,0.5553580948995912
0.001,13,57.57,26,97,13.982313828547833,0,0,0,-4425.718000001553,0.341999998447136,0.5473609383330371
0.001,14,50.01,26,77,11.172730194540634,0,0,0,-4450.391000001672,0.3159999983281523,0.5512706593211303
0.001,15,60.33,21,99,13.20231419108029,0,0,0,-4466.755000001459,0.23799999854145426,0.5553580948995912
0.001,16,56.2,23,90,11.769451983843599,0,0,0,-4341.910000001407,0.21899999859306263,0.5482495112848765
0.001,17,60.61,27,93,12.98914546842863,0,0,0,-4504.486000001807,0.3739999981926303,0.5496712280078194
0.001,18,66.38,36,104,15.12400740544648,0,0,0,-4389.459000001276,0.37599999872418266,0.552870090634441
0.001,19,73.69,48,111,13.260237554433179,0,0,0,-4410.974000001641,0.5869999983588059,0.5512706593211303
0.001,20,58.29,31,80,10.301742571041077,0,0,0,-4608.239000001492,0.33799999850816675,0.5647769681890883
0.001,21,67.44,32,119,16.009572136693723,0,0,0,-4498.44800000149,0.46699999850989116,0.5592678158876844
0.001,22,64.93,36,101,13.21457907010284,0,0,0,-4423.352000001581,0.4029999984195456,0.5583792429358451
0.001,23,55.31,27,93,12.652031457437971,0,0,0,-4537.207000001219,0.23799999878065137,0.5637106806468811
0.001,24,52.22,26,92,11.756342968797737,0,0,0,-4647.795000001805,0.36899999819434015,0.5629998222854097
0.001,25,83.18,48,125,15.417120353684732,0,0,0,-4532.940000001594,0.6539999984061069,0.5548249511284876
0.001,26,55.33,32,77,9.82655076819939,0,0,0,-4544.249000001735,0.435999998265288,0.5551803803092233
0.001,27,49.57,25,96,13.172892620833133,0,0,0,-4605.016000001523,0.25699999847711297,0.5674426870446063
0.001,28,85.01,44,125,13.595216070368284,0,0,0,-4462.846000001538,0.4939999984617316,0.5505598009596588
0.001,29,68.73,33,102,14.707722461346625,0,0,0,-4494.109000001446,0.41599999855407077,0.5535809489959126
0.001,30,44.17,18,66,9.275834194292177,0,0,0,-4473.538000001955,0.3209999980454086,0.5571352408032699
0.001,31,40.53,9,73,10.813375976077037,0,0,0,-4470.006000002068,0.284999997932573,0.5514483739114981
0.001,32,78.05,48,110,14.235431149073078,0,0,0,-4477.693000001429,0.469999998570529,0.5582015283454772
0.001,33,62.88,30,95,12.616084971178658,0,0,0,-4533.877000001593,0.3569999984074457,0.5580238137551093
0.001,34,70.45,40,98,13.570095799219695,0,0,0,-4438.555000001523,0.44899999847712024,0.5576683845743735
0.001,35,63.25,23,93,12.394656106564636,0,0,0,-4606.604000001796,0.3199999982043664,0.5699306913097565
0.001,36,57.2,21,91,11.896217886370442,0,0,0,-4539.179000001438,0.23599999856196519,0.5617558201528345
0.001,37,49.18,18,86,11.14035906064073,0,0,0,-4440.938000001417,0.27899999858254887,0.5553580948995912
0.001,38,61.53,26,98,12.847922010971269,0,0,0,-4509.796000001531,0.2629999984692404,0.559800959658788
0.001,39,44.52,14,77,11.286700137772776,0,0,0,-4329.220000001538,0.133999998462059,0.550204371778923
0.001,40,64.5,26,100,13.827870407260837,0,0,0,-4302.626000001821,0.402999998179439,0.5425626443931046
0.001,41,84.5,48,114,15.771176240217468,0,0,0,-4494.823000001688,0.6369999983116941,0.5546472365381198
0.001,42,53.68,22,92,12.323863030722144,0,0,0,-4477.333000001514,0.20699999848602602,0.5576683845743735
0.001,43,85.36,53,132,14.491735575837698,0,0,0,-4435.250000001659,0.6409999983407033,0.5526923760440732
0.001,44,55.62,22,95,13.68925125782999,0,0,0,-4323.440000001266,0.16299999873444904,0.5443397902967834
0.001,45,74.86,42,124,15.29903264915792,0,0,0,-4373.948000001695,0.7189999983056623,0.5446952194775191
0.001,46,72.66,44,102,12.156660725709179,0,0,0,-4407.131000001512,0.4859999984882961,0.5510929447307624
0.001,47,71.37,43,108,13.4370048745991,0,0,0,-4590.085000001966,0.7359999980335488,0.5715301226230673
0.001,48,61.29,31,91,12.810382507950338,0,0,0,-4385.662000001356,0.2829999986433904,0.5432735027545762
0.001,49,83.66,59,113,12.360598691001988,0,0,0,-4338.481000001264,0.5589999987359988,0.5493157988270837
0.001,50,58.61,29,80,11.06516606292016,0,0,0,-4431.774000001381,0.2729999986186158,0.5510929447307624
0.001,51,68.69,42,102,13.369887808055832,0,0,0,-4522.267000001667,0.5139999983330199,0.5603341034298915
0.001,52,59.12,33,86,11.30953579949239,0,0,0,-4503.962000001299,0.3259999987003539,0.5580238137551093
0.001,53,58.19,22,89,12.267595526426522,0,0,0,-4486.624000001309,0.20399999869187013,0.5500266571885551
0.001,54,57.7,26,103,13.501481400201978,0,0,0,-4521.464000001466,0.26799999853392364,0.5555358094899592
0.001,55,62.38,24,85,10.510737367092759,0,0,0,-4333.081000001629,0.3319999983705202,0.5491380842367158
0.001,56,76.73,51,113,12.716803843733693,0,0,0,-4459.772000001781,0.7969999982196896,0.5505598009596588
0.001,57,60.09,23,103,13.9764766661702,0,0,0,-4436.188000001374,0.21699999862539698,0.5539363781766483
0.001,58,40.84,19,67,9.591371122003363,0,0,0,-4439.221000001731,0.29199999826869316,0.5505598009596588
0.001,59,75.28,49,109,14.101120522852076,0,0,0,-4349.601000001531,0.5749999984691385,0.5466500799715657
0.001,60,68.59,36,102,13.605950903924356,0,0,0,-4499.891000001534,0.47599999846624996,0.561222676381731
0.001,61,56.09,33,87,11.819555829217949,0,0,0,-4541.166000001553,0.37199999844688136,0.5596232450684201
0.001,62,59.18,31,100,13.028722116923058,0,0,0,-4540.910000001891,0.4819999981091314,0.5621112493335703
0.001,63,51.44,28,87,11.076389303378605,0,0,0,-4495.48100000166,0.3619999983402522,0.5640661098276168
0.001,64,84.58,48,122,14.16698980023632,0,0,0,-4390.307000001616,0.6859999983844318,0.5468277945619335
0.001,65,84.58,55,121,14.025106060205035,0,0,0,-4401.966000001233,0.4549999987675619,0.5510929447307624
0.001,66,73.02,30,114,13.086619120307581,0,0,0,-4440.72300000164,0.37099999836027564,0.5493157988270837
0.001,67,74.2,39,128,14.859340496805366,0,0,0,-4405.562000001438,0.40599999856203794,0.5585569575262129
0.001,68,91.39,60,122,14.046277086829807,0,0,0,-4343.632000001573,0.7109999984268143,0.5439843611160476
0.001,69,62.39,30,105,14.74170614277737,0,0,0,-4485.97000000149,0.29899999851022585,0.559800959658788
0.001,70,63.55,38,93,11.6647974693091,0,0,0,-4430.451000001426,0.3999999985735485,0.5562466678514306
0.001,71,51.11,26,84,11.629183118344985,0,0,0,-4358.097000001681,0.34899999831850437,0.550204371778923
0.001,72,53.22,27,81,10.940365624603228,0,0,0,-4305.211000001769,0.39799999823117105,0.5414963568508975
0.001,73,43.84,18,78,11.653085428331845,0,0,0,-4474.243000001957,0.31999999804338586,0.5494935134174516
0.001,74,81.2,51,110,14.59040780787158,0,0,0,-4410.324000001734,0.6929999982658046,0.5452283632486227
0.001,75,61.28,32,93,11.65511046708696,0,0,0,-4412.938000001612,0.3569999983883463,0.5567798116225342
0.001,76,71.69,41,102,12.669408036684272,0,0,0,-4455.890000001428,0.3849999985714021,0.5518038030922339
0.001,77,54.01,19,92,11.986237941906543,0,0,0,-4508.67800000171,0.31399999829045555,0.5532255198151769
0.001,78,72.8,29,97,13.391041781728559,0,0,0,-4476.873000001521,0.4729999984783717,0.5614003909720988
0.001,79,59.63,33,92,13.523797543589595,0,0,0,-4665.552000001162,0.2329999988378404,0.5688644037675493
0.001,80,72.95,42,106,13.84151364555192,0,0,0,-4582.1420000013895,0.3709999986103867,0.5695752621290208
0.001,81,84.75,57,121,12.208501136503203,0,0,0,-4452.584000001533,0.666999998466963,0.5519815176826017
0.001,82,54.85,27,85,11.059272127947661,0,0,0,-4421.1230000014975,0.2849999985028262,0.5487826550559801
0.001,83,82.24,55,115,13.692421261413191,0,0,0,-4480.491000001618,0.6729999983817834,0.5534032344055447
0.001,84,84.09,42,116,14.19020436780246,0,0,0,-4429.295000001411,0.38999999858970114,0.5551803803092233
0.001,85,65.96,29,109,14.507873724291924,0,0,0,-4439.227000001528,0.3169999984720562,0.5509152301403946
0.001,86,55.45,32,81,10.315401107082556,0,0,0,-4470.291000001767,0.4279999982327354,0.554291807357384
0.001,87,48.44,16,78,12.320973987473556,0,0,0,-4481.674000001656,0.22199999834356277,0.5605118180202595
0.001,88,53.76,17,90,12.693399859769645,0,0,0,-4578.584000001474,0.17699999852629844,0.5640661098276168
0.001,89,65.16,42,91,11.966386254839012,0,0,0,-4468.129000001508,0.49099999849204323,0.5521592322729696
0.001,90,70.59,46,99,11.599219801348712,0,0,0,-4462.09600000144,0.4609999985596005,0.5470055091523014
0.001,91,71.61,37,118,14.397843588537834,0,0,0,-4513.607000001456,0.3889999985440227,0.5647769681890883
0.001,92,91.79,57,143,16.63508040257095,0,0,0,-4413.565000001548,0.6239999984527458,0.5523369468633375
0.001,93,46.97,16,71,10.62869229961993,0,0,0,-4600.219000002037,0.33099999796286284,0.5690421183579172
0.001,94,70.37,41,109,14.135526166365366,0,0,0,-4479.078000001405,0.382999998595551,0.5558912386706949
0.001,95,48.84,24,86,12.428773068971854,0,0,0,-4466.475000001854,0.3529999981465153,0.5521592322729696
0.001,96,76.24,50,112,13.38814400878628,0,0,0,-4570.299000001452,0.5379999985480026,0.5505598009596588
0.001,97,69.08,36,104,13.936771505624966,0,0,0,-4645.292000001629,0.4389999983704911,0.561222676381731
0.001,98,50.15,22,77,11.08636550001848,0,0,0,-4487.15400000136,0.22899999863966514,0.5608672472009952
0.001,99,62.49,32,95,13.52959348982814,0,0,0,-4502.519000001431,0.2799999985691102,0.5663763995023992
0.001,100,63.72,36,100,13.056860265775997,0,0,0,-4306.118000001793,0.5599999982068766,0.5423849298027368
0.001,101,69.25,44,95,12.440558669127364,0,0,0,-4617.193000001524,0.5189999984768292,0.5587346721165808
0.001,102,78.27,50,112,13.812932346174724,0,0,0,-4434.917000001845,0.8069999981553337,0.5535809489959126
0.001,103,39.6,15,68,11.643023662262308,0,0,0,-4368.624000001494,0.16199999850596214,0.5466500799715657
0.001,104,82.55,53,124,15.31690242836325,0,0,0,-4426.440000001496,0.5619999985046888,0.5599786742491558
0.001,105,53.11,19,95,11.841363941708742,0,0,0,-4507.933000001545,0.20099999845479033,0.5582015283454772
0.001,106,57.12,20,96,13.737743628412929,0,0,0,-4556.8090000018465,0.41399999815348565,0.5590901012973165
0.001,107,69.82,26,105,13.416691097286245,0,0,0,-4549.640000001468,0.3149999985316754,0.554291807357384
0.001,108,61.99,36,102,13.029577890323232,0,0,0,-4418.513000001663,0.4399999983370435,0.5503820863692909
0.001,109,73.32,48,118,12.422463523794304,0,0,0,-4444.018000001334,0.42399999866574944,0.5562466678514306
0.001,110,54.16,33,77,10.062524534131581,0,0,0,-4500.609000001866,0.5129999981345463,0.5539363781766483
0.001,111,63.21,34,114,15.414470474200535,0,0,0,-4360.212000001619,0.4489999983807138,0.550204371778923
0.001,112,49.51,27,81,11.248551017797803,0,0,0,-4458.791000001405,0.26999999859435775,0.5562466678514306
0.001,113,48.19,20,86,12.343982339585553,0,0,0,-4538.491000001503,0.2119999984970491,0.5629998222854097
0.001,114,62.34,35,99,12.542105086467743,0,0,0,-4601.305000001252,0.2959999987479023,0.5629998222854097
0.001,115,72.32,48,104,11.531591390610405,0,0,0,-4553.928000001685,0.6459999983144371,0.5590901012973165
0.001,116,50.14,22,79,11.576718015050727,0,0,0,-4407.216000001608,0.2929999983916787,0.5519815176826017
0.001,117,74.54,38,120,14.85625794067941,0,0,0,-4400.512000001589,0.43199999841181125,0.5537586635862805
0.001,118,66.78,22,102,16.355170436287114,0,0,0,-4442.767000001537,0.3759999984631577,0.5562466678514306
0.001,119,52.7,26,89,12.890694317995443,0,0,0,-4519.5520000015995,0.2929999984007736,0.5574906699840056
0.001,120,69.5,31,112,15.42822089548889,0,0,0,-4558.312000001577,0.41299999842340185,0.5576683845743735
0.001,121,57.94,26,92,12.171129775004454,0,0,0,-4596.174000001326,0.20099999867397855,0.5590901012973165
0.001,122,58.05,31,95,11.070117433884791,0,0,0,-4376.622000001576,0.37299999842343823,0.5550026657188555
0.001,123,54.11,26,84,11.766813502388827,0,0,0,-4513.738000001512,0.2719999984883543,0.5562466678514306
0.001,124,69.34,48,111,12.112984768421034,0,0,0,-4293.227000001379,0.46199999862164987,0.5482495112848765
0.001,125,54.38,28,79,11.59722380572178,0,0,0,-4420.846000001489,0.28099999851110624,0.5532255198151769
0.001,126,51.13,24,78,11.797164913656163,0,0,0,-4560.870000001593,0.2899999984065289,0.5640661098276168
0.001,127,70.72,40,102,12.506862116454311,0,0,0,-4535.1750000016655,0.6069999983346861,0.5567798116225342
0.001,128,82.03,55,118,12.230662287873047,0,0,0,-4570.620000001381,0.5359999986185358,0.5587346721165808
0.001,129,69.6,41,117,12.240098038823056,0,0,0,-4373.518000001622,0.4979999983779635,0.5484272258752444
0.001,130,64.54,27,102,14.170688056689416,0,0,0,-4422.289000001941,0.4779999980592038,0.5551803803092233
0.001,131,52.98,30,82,11.236529713394612,0,0,0,-4448.377000001554,0.32799999844610284,0.551626088501866
0.001,132,66.58,37,104,14.5555350296717,0,0,0,-4396.1310000015665,0.44699999843396654,0.5484272258752444
0.001,133,49.03,25,79,10.414849974915626,0,0,0,-4498.438000001619,0.29999999838128133,0.5512706593211303
0.001,134,52.89,30,84,10.675106556845229,0,0,0,-4392.892000001415,0.2669999985846516,0.5459392216100942
0.001,135,58.78,34,97,11.883248714051222,0,0,0,-4483.426000001305,0.32999999869571184,0.5553580948995912
0.001,136,63.61,38,93,11.74129038905009,0,0,0,-4549.385000001462,0.37999999853855115,0.5573129553936378
0.001,137,79.24,52,134,15.217831645802892,0,0,0,-4448.63100000184,0.7869999981594447,0.5535809489959126
0.001,138,51.78,23,85,11.651248860100791,0,0,0,-4554.552000001679,0.2909999983212401,0.5601563888395237
0.001,139,41.82,12,75,13.524333624988701,0,0,0,-4610.972000001547,0.12899999845285492,0.5663763995023992
0.001,140,52.98,26,88,10.677996066678428,0,0,0,-4399.882000001621,0.2939999983791495,0.5555358094899592
0.001,141,64.08,29,107,13.338425694211443,0,0,0,-4401.369000001708,0.3839999982919835,0.5470055091523014
0.001,142,68.44,36,100,14.03090873749808,0,0,0,-4488.02700000144,0.3859999985597824,0.5587346721165808
0.001,143,62.07,34,94,13.224413030452428,0,0,0,-4407.684000001765,0.5389999982353402,0.5537586635862805
0.001,144,40.52,17,66,11.079241851318166,0,0,0,-4451.991000001479,0.1779999985210452,0.5573129553936378
0.001,145,75.98,37,103,13.974963327322186,0,0,0,-4517.50400000162,0.4449999983798989,0.565132397369824
0.001,146,50.61,29,77,10.880160844399315,0,0,0,-4721.827000001792,0.34999999820774974,0.5704638350808602
0.001,147,60.36,30,90,12.90699035406783,0,0,0,-4517.3730000012965,0.2659999987035917,0.5660209703216634
0.001,148,45.71,21,74,9.570052246461353,0,0,0,-4570.9710000018895,0.3169999981100773,0.5615781055624667
0.001,149,42.78,20,70,10.431279883120768,0,0,0,-4535.024000001696,0.2579999983045127,0.5551803803092233
0.001,150,46.98,9,76,13.70326968281658,0,0,0,-4497.7570000017295,0.12099999827023566,0.5645992535987204
0.001,151,68.5,47,99,12.412493705939996,0,0,0,-4409.475000001497,0.4699999985023169,0.5491380842367158
0.001,152,51.62,23,76,10.744096053181952,0,0,0,-4402.664000001722,0.3239999982779409,0.550204371778923
0.001,153,56.18,20,91,13.966660302305629,0,0,0,-4556.951000001385,0.22399999861499964,0.5610449617913631
0.001,154,58.68,31,95,12.47066958907981,0,0,0,-4555.141000001467,0.29599999853326153,0.5578460991647414
0.001,155,76.07,40,116,12.690354604974598,0,0,0,-4500.26000000167,0.6749999983303496,0.5585569575262129
0.001,156,51.08,21,75,11.197928379838835,0,0,0,-4488.850000001639,0.3199999983607995,0.5617558201528345
0.001,157,90.52,58,127,15.225294742631421,0,0,0,-4433.446000001328,0.5019999986725452,0.5539363781766483
0.001,158,58.59,17,89,14.026471402316407,0,0,0,-4467.93400000136,0.16799999863997073,0.5610449617913631
0.001,159,50.57,30,89,11.240333624941922,0,0,0,-4463.611000001859,0.4279999981408764,0.5640661098276168
0.001,160,65.89,40,101,13.176414535069851,0,0,0,-4533.274000001575,0.566999998425672,0.5535809489959126
0.001,161,71.73,34,100,13.935461958614791,0,0,0,-4514.048000001544,0.3819999984561946,0.561222676381731
0.001,162,74.96,37,115,15.165698137573491,0,0,0,-4456.7460000014635,0.3699999985365139,0.5582015283454772
0.001,163,75.52,50,108,12.582909043619445,0,0,0,-4505.863000001556,0.5649999984434544,0.559800959658788
0.001,164,62.18,26,90,13.667757680029302,0,0,0,-4528.771000001598,0.27999999840267265,0.5587346721165808
0.001,165,48.68,22,70,10.390264674203443,0,0,0,-4486.915000001879,0.29999999812116585,0.5592678158876844
0.001,166,52.61,27,83,11.66781470541935,0,0,0,-4440.111000001454,0.29199999854608905,0.5546472365381198
0.001,167,75.74,42,108,15.087491507868364,0,0,0,-4342.904000001395,0.47299999860570097,0.5466500799715657
0.001,168,63.35,39,91,11.920885034258152,0,0,0,-4432.824000001822,0.5879999981780202,0.5471832237426693
0.001,169,62.71,35,94,12.994071725213772,0,0,0,-4532.247000001373,0.35899999862704135,0.5658432557312956
0.001,170,56.87,37,87,10.650497640955562,0,0,0,-4514.408000001285,0.2969999987153642,0.5514483739114981
0.001,171,55.44,27,82,12.092410843169365,0,0,0,-4435.459000001512,0.2629999984874303,0.5541140927670162
0.001,172,59.74,33,88,10.89093200786783,0,0,0,-4417.954000001375,0.31599999862555705,0.5537586635862805
0.001,173,76.54,42,111,13.734933563727203,0,0,0,-4376.629000001351,0.3829999986483017,0.5491380842367158
0.001,174,72.52,42,101,12.247024128334196,0,0,0,-4390.968000001473,0.4429999985268296,0.5484272258752444
0.001,175,66.27,39,91,12.464232828377366,0,0,0,-4386.8380000013385,0.36999999866111466,0.5512706593211303
0.001,176,55.58,25,88,12.528511483811634,0,0,0,-4518.8420000013475,0.2199999986523835,0.5631775368757775
0.001,177,62.05,35,102,13.477666712009167,0,0,0,-4527.95400000156,0.3929999984393362,0.5574906699840056
0.001,178,66.65,38,102,13.309676930714735,0,0,0,-4526.729000001765,0.559999998235071,0.5592678158876844
0.001,179,69.86,40,103,13.010011529587512,0,0,0,-4470.631000001332,0.34299999866834696,0.5585569575262129
0.001,180,58.07,27,86,13.222144304158839,0,0,0,-4545.330000001502,0.4239999984974929,0.5614003909720988
0.001,181,70.91,28,102,14.95131766768401,0,0,0,-4484.198000001525,0.2969999984752576,0.5605118180202595
0.001,182,54.53,28,88,12.681052795410956,0,0,0,-4486.5500000016655,0.36599999833470065,0.5605118180202595
0.001,183,51.13,28,78,10.633583591621406,0,0,0,-4473.87500000135,0.27499999864994606,0.5619335347432024
0.001,184,77.05,31,109,15.955171575385833,0,0,0,-4429.357000001629,0.41599999837126234,0.5526923760440732
0.001,185,78.03,39,109,13.993180481934761,0,0,0,-4509.163000001454,0.43499999854611815,0.5578460991647414
0.001,186,90.42,59,124,14.455573319657717,0,0,0,-4381.04900000147,0.6349999985304748,0.5544695219477519
0.001,187,56.34,21,97,13.524954713417712,0,0,0,-4401.610000001824,0.3069999981762521,0.5498489425981873
0.001,188,70.4,49,103,12.205736356320335,0,0,0,-4496.523000001342,0.40099999865833524,0.5606895326106274
0.001,189,54.39,24,97,13.673986251272888,0,0,0,-4521.2880000015,0.3199999984999522,0.56797583081571
0.001,190,77.33,47,119,12.564278729795832,0,0,0,-4417.218000001467,0.5019999985333925,0.5388306379953794
0.001,191,45.18,15,71,11.219964349319476,0,0,0,-4479.503000001282,0.10899999871799082,0.5551803803092233
0.001,192,64.17,31,100,12.36370090223797,0,0,0,-4290.372000001935,0.5519999980651846,0.5438066465256798
0.001,193,86.72,59,120,13.369427811241584,0,0,0,-4441.38500000129,0.5909999987097763,0.5574906699840056
0.001,194,52.96,24,88,10.746087660167305,0,0,0,-4501.011000001564,0.266999998436404,0.5606895326106274
0.001,195,51.34,18,76,11.24652835322972,0,0,0,-4499.097000001895,0.4629999981052606,0.5548249511284876
0.001,196,64.07,31,114,13.736997488534385,0,0,0,-4448.619000001752,0.4539999982480367,0.5555358094899592
0.001,197,78.67,40,114,13.694564615204092,0,0,0,-4511.9720000017205,0.5529999982791196,0.5619335347432024
0.001,198,61.39,32,101,13.765823622290096,0,0,0,-4530.22600000135,0.2729999986495386,0.5580238137551093
0.001,199,75.03,46,119,15.31564885990796,0,0,0,-4507.336000001711,0.6189999982889276,0.5578460991647414
0.01,0,35.45,11,67,10.45215288828096,0,0,0,-4622.240000000294,1.099999999706597,0.5432735027545762
0.01,1,13.98,0,34,8.043606156445007,1,1,1,-5031.979999999903,9.640643838793039e-11,0.5644215390083526
0.01,2,31.33,7,59,9.413878053172349,0,0,0,-4619.370000000218,0.7899999997816849,0.5443397902967834
0.01,3,27.21,7,48,9.734777860845105,0,0,0,-4771.599999999974,0.810000000025866,0.5573129553936378
0.01,4,14.92,0,33,6.733023095163123,2,2,2,-4994.060000000021,-2.091837814077735e-11,0.5661986849120313
0.01,5,40.16,15,66,10.217357779778489,0,0,0,-4713.71000000022,1.3599999997795749,0.5566020970321663
0.01,6,23.53,6,45,8.491707719887678,0,0,0,-4746.64000000003,0.6299999999700958,0.554291807357384
0.01,7,13.11,0,34,6.881707636916873,0,4,4,-4727.730000000147,-1.4733814168721437e-10,0.5523369468633375
0.01,8,17.38,0,38,8.129920048807367,2,2,2,-4907.870000000023,-2.2737367544323206e-11,0.5603341034298915
0.01,9,17.05,0,44,8.827655407864537,0,1,1,-4624.200000000296,-2.964952727779746e-10,0.5434512173449441
0.01,10,39.41,12,66,10.48436454917512,0,0,0,-4675.310000000037,0.8999999999632564,0.5525146614537053
0.01,11,18.94,0,42,8.137346004687279,0,2,2,-4727.650000000223,-2.2373569663614035e-10,0.5553580948995912
0.01,12,46.65,19,78,11.013968403804327,0,0,0,-4621.940000000056,1.4299999999439024,0.5553580948995912
0.01,13,24.52,4,48,8.950396639255715,0,0,0,-4678.200000000188,0.3999999998122803,0.5473609383330371
0.01,14,18.61,3,41,7.573499851455732,0,0,0,-4735.730000000079,0.3399999999210195,0.5512706593211303
0.01,15,25.29,0,52,9.93005035233961,0,2,2,-4700.930000000149,-1.4915713109076023e-10,0.5553580948995912
0.01,16,25.74,4,48,9.927356143505682,0,0,0,-4567.870000000233,0.4199999997672421,0.5482495112848765
0.01,17,18.55,4,39,7.346257550617185,0,0,0,-4827.250000000009,0.34999999999126885,0.5496712280078194
0.01,18,31.88,7,59,10.215948316235748,0,0,0,-4585.750000000085,0.5999999999157808,0.552870090634441
0.01,19,26.62,9,56,10.238925724899072,0,0,0,-4694.7500000000755,0.8599999999241845,0.5512706593211303
0.01,20,26.79,3,52,9.775781298699352,0,0,0,-4847.519999999725,0.2500000002755769,0.5647769681890883
0.01,21,25.18,3,54,10.788308486505194,0,0,0,-4741.0000000000755,0.14999999992414814,0.5592678158876844
0.01,22,27.74,4,53,10.081289600046217,0,0,0,-4682.130000000192,0.4199999998081694,0.5583792429358451
0.01,23,24.93,3,55,9.802300750334076,0,0,0,-4721.189999999958,0.26000000004205504,0.5637106806468811
0.01,24,11.03,0,29,6.311030026865662,0,4,4,-4964.639999999806,1.9463186617940664e-10,0.5629998222854097
0.01,25,31.26,11,66,10.961405019430677,0,0,0,-4798.579999999987,1.3600000000124055,0.5548249511284876
0.01,26,17.1,0,40,7.6935037531673425,1,1,1,-4838.849999999977,2.3646862246096134e-11,0.5551803803092233
0.01,27,19.78,4,41,8.045595068110252,0,0,0,-4841.290000000008,0.43999999999141437,0.5674426870446063
0.01,28,34.08,7,67,11.102864495255268,0,0,0,-4708.670000000148,0.7299999998513158,0.5505598009596588
0.01,29,34.61,13,64,10.07064546094241,0,0,0,-4722.810000000089,1.4399999999113788,0.5535809489959126
0.01,30,4.57,0,16,3.9579161183632987,30,30,30,-4886.590000000037,-3.728928277269006e-11,0.5571352408032699
0.01,31,1.57,0,10,2.5661449686251165,0,68,68,-4922.910000000103,-1.0277290130034089e-10,0.5514483739114981
0.01,32,36.55,18,66,10.344442952619536,0,0,0,-4712.010000000165,1.6199999998352723,0.5582015283454772
0.01,33,25.51,4,57,9.340765493255892,0,0,0,-4796.8899999999685,0.4500000000316504,0.5580238137551093
0.01,34,28.43,9,57,9.861293018666467,0,0,0,-4690.0700000002125,0.9699999997874329,0.5576683845743735
0.01,35,19.2,0,43,7.844743462982075,1,1,1,-4930.2399999999025,9.731593308970332e-11,0.5699306913097565
0.01,36,23.56,6,50,9.281508498083705,0,0,0,-4767.5500000000375,0.599999999962165,0.5617558201528345
0.01,37,21.93,5,50,8.57817579675306,0,0,0,-4667.630000000135,0.5399999998653584,0.5553580948995912
0.01,38,23.87,7,51,8.91140280763921,0,0,0,-4752.860000000041,0.7299999999595457,0.559800959658788
0.01,39,17.0,0,40,7.751128950030441,0,1,1,-4575.540000000115,-1.1459633242338896e-10,0.550204371778923
0.01,40,16.98,3,34,7.876522075129353,0,0,0,-4627.1100000003,0.1799999997001578,0.5425626443931046
0.01,41,28.55,9,62,10.458847928906893,0,0,0,-4795.329999999968,1.2700000000322689,0.5546472365381198
0.01,42,23.37,6,47,8.134684996974377,0,0,0,-4715.890000000094,0.5099999999056308,0.5576683845743735
0.01,43,35.91,11,58,10.2665427481699,0,0,0,-4721.520000000147,1.3899999998529893,0.5526923760440732
0.01,44,26.7,6,55,10.088111815399351,0,0,0,-4517.4700000001085,0.5599999998912608,0.5443397902967834
0.01,45,23.18,3,63,8.824262008802776,0,0,0,-4668.260000000039,0.4099999999607462,0.5446952194775191
0.01,46,34.14,13,55,9.090676542480212,0,0,0,-4654.740000000006,1.4299999999939246,0.5510929447307624
0.01,47,18.06,3,40,8.1741299231172,0,0,0,-4966.830000000024,0.3799999999764623,0.5715301226230673
0.01,48,29.71,8,58,10.042205932961144,0,0,0,-4591.850000000229,0.5999999997711711,0.5432735027545762
0.01,49,44.78,24,78,10.778293000285343,0,0,0,-4535.380000000021,2.0199999999786087,0.5493157988270837
0.01,50,28.82,7,53,8.868348211476588,0,0,0,-4647.949999999945,0.5200000000550062,0.5510929447307624
0.01,51,28.0,7,55,10.597169433391164,0,0,0,-4808.010000000038,0.7999999999619831,0.5603341034298915
0.01,52,30.2,11,56,9.096153033013461,0,0,0,-4703.970000000138,0.9099999998625208,0.5580238137551093
0.01,53,33.71,3,56,10.30077181574274,0,0,0,-4682.879999999906,0.40000000009331416,0.5500266571885551
0.01,54,25.69,0,59,10.38912412092569,1,1,1,-4753.32000000003,-3.001332515850663e-11,0.5555358094899592
0.01,55,25.57,3,45,7.95267879396622,0,0,0,-4606.75000000036,0.37999999963994924,0.5491380842367158
0.01,56,12.66,0,27,6.375296071556206,2,2,2,-4816.689999999977,2.2737367544323206e-11,0.5505598009596588
0.01,57,26.97,6,54,10.640916313927104,0,0,0,-4646.560000000008,0.48999999999250576,0.5539363781766483
0.01,58,11.96,0,30,6.660210206892873,0,2,2,-4741.130000000191,-1.9099388737231493e-10,0.5505598009596588
0.01,59,30.35,13,64,10.551184767598377,0,0,0,-4602.510000000158,1.2499999998426574,0.5466500799715657
0.01,60,27.62,7,56,9.34856138665196,0,0,0,-4754.810000000137,0.8599999998632484,0.561222676381731
0.01,61,22.89,0,43,9.06078914885453,1,1,1,-4789.379999999907,9.276845958083868e-11,0.5596232450684201
0.01,62,14.09,0,38,7.2140072082026645,0,1,1,-4886.92000000011,-1.1004885891452432e-10,0.5621112493335703
0.01,63,19.76,3,46,8.197706996471634,0,0,0,-4772.990000000022,0.43999999997868144,0.5640661098276168
0.01,64,31.46,10,49,8.639930555276472,0,0,0,-4668.740000000184,1.189999999815882,0.5468277945619335
0.01,65,46.05,21,82,12.430909057667504,0,0,0,-4593.520000000031,1.689999999968677,0.5510929447307624
0.01,66,26.78,11,52,8.970596412725298,0,0,0,-4710.6200000001245,1.3199999998751082,0.5493157988270837
0.01,67,32.91,10,67,10.80286536063465,0,0,0,-4629.580000000184,1.0999999998166459,0.5585569575262129
0.01,68,39.5,18,74,10.574970449131289,0,0,0,-4606.48000000025,1.9499999997506166,0.5439843611160476
0.01,69,30.14,8,55,9.570809788100483,0,0,0,-4730.939999999933,0.7500000000663931,0.559800959658788
0.01,70,28.61,4,50,9.14318872166598,0,0,0,-4654.170000000189,0.3399999998109706,0.5562466678514306
0.01,71,18.26,3,36,8.076657724578897,0,0,0,-4641.250000000069,0.20999999993091478,0.550204371778923
0.01,72,10.77,0,26,5.834132326233268,0,5,5,-4626.090000000174,-1.737134880386293e-10,0.5414963568508975
0.01,73,9.59,0,24,5.407578016080767,6,6,6,-4848.630000000085,-8.458300726488233e-11,0.5494935134174516
0.01,74,26.89,7,47,8.930727853876189,0,0,0,-4716.10000000009,1.069999999909669,0.5452283632486227
0.01,75,25.42,7,57,9.183877176879056,0,0,0,-4685.0100000001385,0.9399999998613566,0.5567798116225342
0.01,76,31.23,9,62,10.50414680019277,0,0,0,-4682.830000000024,0.9199999999764259,0.5518038030922339
0.01,77,18.39,0,42,8.118983926576034,1,1,1,-4805.919999999974,2.637534635141492e-11,0.5532255198151769
0.01,78,31.72,12,57,10.485304001315367,0,0,0,-4731.310000000211,1.1499999997886334,0.5614003909720988
0.01,79,34.55,9,66,10.610725705624475,0,0,0,-4843.129999999891,0.720000000109394,0.5688644037675493
0.01,80,35.06,11,63,11.137163013981613,0,0,0,-4802.149999999975,0.9800000000250293,0.5695752621290208
0.01,81,33.4,12,62,9.809179374443104,0,0,0,-4706.25000000007,1.2599999999301872,0.5519815176826017
0.01,82,25.76,7,50,9.336080548067267,0,0,0,-4667.430000000171,0.6499999998286512,0.5487826550559801
0.01,83,31.31,9,61,9.48651147682856,0,0,0,-4760.63000000013,1.0099999998701605,0.5534032344055447
0.01,84,36.88,14,63,11.06641766788151,0,0,0,-4650.470000000105,1.3799999998955172,0.5551803803092233
0.01,85,25.29,0,48,8.702062973801096,1,1,1,-4678.440000000063,-6.366462912410498e-11,0.5509152301403946
0.01,86,20.79,5,59,8.543178565381856,0,0,0,-4782.7700000000705,0.4199999999291322,0.554291807357384
0.01,87,16.56,0,44,8.602697251443875,0,3,3,-4759.960000000132,-1.318767317570746e-10,0.5605118180202595
0.01,88,25.51,4,46,10.195582376696292,0,0,0,-4819.149999999963,0.46000000003641617,0.5640661098276168
0.01,89,24.95,3,50,9.044749858343238,0,0,0,-4707.940000000164,0.25999999983559974,0.5521592322729696
0.01,90,32.73,7,59,10.577197171273681,0,0,0,-4691.950000000133,0.6199999998671046,0.5470055091523014
0.01,91,35.03,12,61,9.276265412330545,0,0,0,-4746.7700000000805,1.1899999999195643,0.5647769681890883
0.01,92,42.21,19,78,11.294507514717054,0,0,0,-4665.920000000017,1.9699999999829743,0.5523369468633375
0.01,93,10.49,0,23,5.530813683356183,0,2,2,-5001.499999999854,1.4642864698544145e-10,0.5690421183579172
0.01,94,36.31,11,64,11.241614652708925,0,0,0,-4698.690000000138,0.9199999998618296,0.5558912386706949
0.01,95,10.66,0,33,6.635088545000737,6,6,6,-4798.2799999999825,1.7280399333685637e-11,0.5521592322729696
0.01,96,34.82,10,59,9.98837324092367,0,0,0,-4802.130000000045,1.2399999999552165,0.5505598009596588
0.01,97,25.9,6,62,10.478072341800278,0,0,0,-4912.580000000005,0.729999999995016,0.561222676381731
0.01,98,28.19,7,56,10.721655655727803,0,0,0,-4697.249999999995,0.5800000000044747,0.5608672472009952
0.01,99,27.64,7,52,9.24610188133356,0,0,0,-4725.370000000146,0.6199999998534622,0.5663763995023992
0.01,100,18.03,3,48,8.055377086145628,0,0,0,-4636.430000000299,0.34999999970114004,0.5423849298027368
0.01,101,24.06,3,48,9.018669524935483,0,0,0,-4866.809999999866,0.3100000001340959,0.5587346721165808
0.01,102,19.71,0,50,8.593363718591224,0,1,1,-4802.240000000162,-1.6189005691558123e-10,0.5535809489959126
0.01,103,15.7,0,35,7.673982017179869,0,1,1,-4609.860000000293,-2.937667886726558e-10,0.5466500799715657
0.01,104,34.42,10,61,10.38670303801933,0,0,0,-4678.070000000194,0.9499999998060957,0.5599786742491558
0.01,105,22.31,4,52,9.418805656769866,0,0,0,-4751.910000000002,0.42999999999847205,0.5582015283454772
0.01,106,12.55,0,35,6.690851963688929,3,3,3,-4901.230000000027,-2.7284841053187847e-11,0.5590901012973165
0.01,107,34.97,7,58,9.632709899088626,0,0,0,-4782.829999999761,0.7200000002394518,0.554291807357384
0.01,108,22.66,3,55,9.417239510599694,0,0,0,-4697.080000000107,0.4499999998924977,0.5503820863692909
0.01,109,36.34,15,75,11.661234926027346,0,0,0,-4654.130000000203,1.2899999997971463,0.5562466678514306
0.01,110,16.45,0,50,8.293823002693028,1,1,1,-4835.219999999965,3.54702933691442e-11,0.5539363781766483
0.01,111,18.98,3,51,8.56735665185009,0,0,0,-4636.350000000258,0.2599999997419218,0.550204371778923
0.01,112,23.52,4,49,9.354656594445355,0,0,0,-4675.260000000026,0.34999999997398845,0.5562466678514306
0.01,113,23.18,3,44,8.663001789218331,0,0,0,-4787.810000000049,0.21999999995114194,0.5629998222854097
0.01,114,31.87,7,64,10.989681524047912,0,0,0,-4795.529999999878,0.4800000001223452,0.5629998222854097
0.01,115,26.84,10,51,8.548356567200505,0,0,0,-4846.470000000059,1.26999999994041,0.5590901012973165
0.01,116,16.5,3,34,7.483982896827063,0,0,0,-4672.780000000005,0.3099999999949432,0.5519815176826017
0.01,117,27.92,6,49,9.975650354738784,0,0,0,-4660.95000000022,0.489999999779684,0.5537586635862805
0.01,118,26.89,6,51,9.935688199616573,0,0,0,-4695.8100000000695,0.6199999999307693,0.5562466678514306
0.01,119,21.12,4,46,9.078854553301314,0,0,0,-4779.049999999911,0.4000000000887667,0.5574906699840056
0.01,120,25.88,3,61,10.622880965161945,0,0,0,-4816.7900000000045,0.4599999999954889,0.5576683845743735
0.01,121,27.44,10,51,9.33093778781104,0,0,0,-4797.01999999996,0.7300000000395812,0.5590901012973165
0.01,122,25.01,7,48,9.22767034521715,0,0,0,-4646.230000000123,0.7199999998765634,0.5550026657188555
0.01,123,22.6,4,48,8.271638289964086,0,0,0,-4756.799999999964,0.3000000000365617,0.5562466678514306
0.01,124,33.15,11,57,9.444972207476313,0,0,0,-4514.859999999989,1.0300000000115688,0.5482495112848765
0.01,125,25.72,3,52,10.09760367612039,0,0,0,-4656.060000000213,0.20999999978721462,0.5532255198151769
0.01,126,18.27,3,36,7.700461025159467,0,0,0,-4823.250000000015,0.3499999999858119,0.5640661098276168
0.01,127,24.52,3,52,9.330037513322226,0,0,0,-4821.299999999953,0.5200000000468208,0.5567798116225342
0.01,128,37.0,10,62,9.849873095629201,0,0,0,-4787.589999999869,0.9700000001312219,0.5587346721165808
0.01,129,27.01,7,54,10.077197030920852,0,0,0,-4643.290000000224,0.8699999997761552,0.5484272258752444
0.01,130,7.67,0,20,5.268880336466183,0,16,16,-4816.670000000123,-1.227817847393453e-10,0.5551803803092233
0.01,131,22.99,6,53,9.68245320153937,0,0,0,-4697.390000000066,0.6599999999343709,0.551626088501866
0.01,132,22.83,4,47,9.428737985541861,0,0,0,-4662.330000000108,0.44999999989158823,0.5484272258752444
0.01,133,18.02,0,42,7.744649766128873,0,2,2,-4766.380000000109,-1.0913936421275139e-10,0.5512706593211303
0.01,134,23.25,3,46,8.59927322510455,0,0,0,-4610.439999999981,0.1500000000187356,0.5459392216100942
0.01,135,31.03,15,60,8.905565675463857,0,0,0,-4687.260000000014,1.2999999999865395,0.5553580948995912
0.01,136,31.2,7,61,10.40768946500615,0,0,0,-4780.790000000067,0.85999999993237,0.5573129553936378
0.01,137,19.53,0,37,8.386244689967016,1,1,1,-4804.180000000052,-5.184119800105691e-11,0.5535809489959126
0.01,138,17.88,3,39,7.813168371409898,0,0,0,-4832.080000000004,0.3499999999967258,0.5601563888395237
0.01,139,15.26,3,38,7.043607030492262,0,0,0,-4854.750000000094,0.2599999999065403,0.5663763995023992
0.01,140,24.0,7,54,8.34865258589672,0,0,0,-4661.780000000039,0.9799999999613647,0.5555358094899592
0.01,141,19.88,0,47,9.536540253152607,0,1,1,-4705.530000000222,-2.219167072325945e-10,0.5470055091523014
0.01,142,32.94,5,54,9.86085189017663,0,0,0,-4716.729999999978,0.40000000002237357,0.5587346721165808
0.01,143,19.51,0,36,7.586165039069478,0,1,1,-4734.230000000197,-1.9736035028472543e-10,0.5537586635862805
0.01,144,15.74,3,32,6.83172013478304,0,0,0,-4687.389999999979,0.3000000000201908,0.5573129553936378
0.01,145,30.43,9,58,9.839974593463136,0,0,0,-4777.610000000085,0.8799999999146166,0.565132397369824
0.01,146,16.51,0,38,6.840314320263361,1,1,1,-5029.769999999917,8.36735125631094e-11,0.5704638350808602
0.01,147,32.09,14,61,9.890495437540022,0,0,0,-4720.290000000005,1.0999999999949068,0.5660209703216634
0.01,148,7.64,0,18,4.535460285351422,8,8,8,-4915.879999999934,6.639311322942376e-11,0.5615781055624667
0.01,149,15.58,0,41,7.629128390583029,2,2,2,-4816.819999999958,4.18367562815547e-11,0.5551803803092233
0.01,150,14.66,3,31,6.826741536047781,0,0,0,-4793.430000000099,0.3499999999003194,0.5645992535987204
0.01,151,33.81,11,59,9.876937784556507,0,0,0,-4651.4700000001085,0.9799999998913336,0.5491380842367158
0.01,152,7.45,0,20,4.602988159880492,0,10,10,-4717.880000000148,-1.482476363889873e-10,0.550204371778923
0.01,153,26.91,0,55,9.867213385753853,1,1,1,-4774.74999999996,4.001776687800884e-11,0.5610449617913631
0.01,154,28.77,8,59,9.122340708392777,0,0,0,-4792.860000000035,0.509999999964748,0.5578460991647414
0.01,155,26.67,6,50,9.704694740176013,0,0,0,-4796.68000000021,0.6699999997899795,0.5585569575262129
0.01,156,21.95,3,45,8.688354274544748,0,0,0,-4760.370000000022,0.32999999997809937,0.5617558201528345
0.01,157,46.45,9,77,12.971796328959224,0,0,0,-4639.6699999999955,0.8100000000040382,0.5539363781766483
0.01,158,25.88,3,59,10.891537999750081,0,0,0,-4675.810000000004,0.2099999999963984,0.5610449617913631
0.01,159,7.18,0,22,5.437609769006967,0,17,17,-4824.39000000014,-1.4006218407303095e-10,0.5640661098276168
0.01,160,26.79,3,52,9.759400596348119,0,0,0,-4793.020000000018,0.3899999999821375,0.5535809489959126
0.01,161,30.49,11,61,10.12175380060195,0,0,0,-4769.2799999999,1.020000000100481,0.561222676381731
0.01,162,30.32,7,55,10.1871291343538,0,0,0,-4691.530000000142,0.629999999858228,0.5582015283454772
0.01,163,32.25,7,55,9.091067044082338,0,0,0,-4761.369999999956,0.9100000000435102,0.559800959658788
0.01,164,21.86,3,52,8.9084454311625,0,0,0,-4790.250000000097,0.25999999990290235,0.5587346721165808
0.01,165,15.87,0,39,6.549282403439327,2,2,2,-4831.150000000037,-3.728928277269006e-11,0.5592678158876844
0.01,166,25.72,6,47,8.676496988992735,0,0,0,-4677.330000000111,0.6999999998888597,0.5546472365381198
0.01,167,32.59,3,58,10.23337187832046,0,0,0,-4571.5800000001045,0.18999999989591743,0.5466500799715657
0.01,168,18.0,0,41,8.357032966310472,1,1,1,-4752.120000000088,-8.822098607197404e-11,0.5471832237426693
0.01,169,32.6,7,57,9.628083921528727,0,0,0,-4744.400000000032,0.6599999999680222,0.5658432557312956
0.01,170,31.66,14,58,8.818412555556696,0,0,0,-4709.100000000027,0.9499999999734428,0.5514483739114981
0.01,171,22.81,3,48,8.289384778136432,0,0,0,-4684.990000000107,0.22999999989315256,0.5541140927670162
0.01,172,31.01,12,51,8.690793979838665,0,0,0,-4635.610000000213,1.0899999997864143,0.5537586635862805
0.01,173,36.52,12,65,10.216144086689459,0,0,0,-4583.030000000056,1.0899999999437568,0.5491380842367158
0.01,174,35.6,16,58,9.167333309092673,0,0,0,-4627.510000000179,1.5999999998202838,0.5484272258752444
0.01,175,34.59,16,65,9.546826697913815,0,0,0,-4594.590000000134,1.489999999866086,0.5512706593211303
0.01,176,26.64,5,52,9.369653141925799,0,0,0,-4726.300000000127,0.3199999998732892,0.5631775368757775
0.01,177,24.08,3,45,8.476650281803538,0,0,0,-4783.04000000011,0.4299999998902422,0.5574906699840056
0.01,178,22.74,4,47,8.88551630463869,0,0,0,-4835.419999999984,0.47000000001662556,0.5592678158876844
0.01,179,36.27,16,64,10.546900018488845,0,0,0,-4676.320000000212,1.4199999997881605,0.5585569575262129
0.01,180,24.27,7,45,9.040857260238102,0,0,0,-4785.550000000057,0.989999999943393,0.5614003909720988
0.01,181,31.73,11,55,10.03678733460065,0,0,0,-4730.990000000206,0.9599999997935811,0.5605118180202595
0.01,182,18.62,3,45,8.137296848462638,0,0,0,-4773.790000000046,0.36999999995350663,0.5605118180202595
0.01,183,25.84,6,66,9.400765926242393,0,0,0,-4681.910000000141,0.5899999998591738,0.5619335347432024
0.01,184,27.02,7,54,9.343425496037307,0,0,0,-4697.110000000159,0.6199999998407293,0.5526923760440732
0.01,185,34.07,11,61,10.987497440272739,0,0,0,-4738.930000000012,1.049999999987449,0.5578460991647414
0.01,186,43.09,18,77,11.04454163829355,0,0,0,-4620.020000000333,1.819999999666834,0.5544695219477519
0.01,187,16.77,0,41,7.533730815472504,0,2,2,-4734.170000000194,-1.9372237147763371e-10,0.5498489425981873
0.01,188,35.34,15,63,10.069975173752914,0,0,0,-4701.9599999999255,1.280000000074324,0.5606895326106274
0.01,189,22.79,7,52,9.790091930109748,0,0,0,-4760.350000000102,0.7299999998977,0.56797583081571
0.01,190,32.24,11,57,9.299591388872955,0,0,0,-4648.239999999972,0.9600000000282307,0.5388306379953794
0.01,191,22.49,4,47,8.954881350414421,0,0,0,-4673.790000000045,0.3299999999544525,0.5551803803092233
0.01,192,15.23,3,34,7.5615540730725455,0,0,0,-4685.870000000251,0.3699999997488703,0.5438066465256798
0.01,193,43.86,16,77,13.232550774510559,0,0,0,-4647.320000000046,1.439999999954125,0.5574906699840056
0.01,194,20.46,3,53,8.869520843878773,0,0,0,-4755.450000000108,0.32999999989169737,0.5606895326106274
0.01,195,13.91,3,34,7.1764824252554265,0,0,0,-4864.180000000084,0.41999999991639925,0.5548249511284876
0.01,196,19.25,3,43,7.928902824477041,0,0,0,-4764.390000000105,0.33999999989464413,0.5555358094899592
0.01,197,27.03,9,50,9.151453436476633,0,0,0,-4813.210000000066,1.0399999999335705,0.5619335347432024
0.01,198,34.89,8,73,10.180270133940454,0,0,0,-4741.219999999918,0.7700000000813816,0.5580238137551093
0.01,199,28.09,7,57,9.732517659886367,0,0,0,-4803.620000000202,0.9299999997983832,0.5578460991647414
0.1,0,0.0,0,0,0.0,0,100,100,-6858.399999998886,1.1132215149700642e-09,0.5432735027545762
0.1,1,0.0,0,0,0.0,0,100,100,-9054.799999999426,5.729816621169448e-10,0.5644215390083526
0.1,2,0.0,0,0,0.0,0,100,100,-7312.599999999093,9.076757123693824e-10,0.5443397902967834
0.1,3,0.0,0,0,0.0,0,100,100,-7494.099999999048,9.522409527562559e-10,0.5573129553936378
0.1,4,0.0,0,0,0.0,0,100,100,-9116.599999999375,6.257323548197746e-10,0.5661986849120313
0.1,5,0.0,0,0,0.0,0,100,100,-6938.699999998938,1.0622898116707802e-09,0.5566020970321663
0.1,6,0.0,0,0,0.0,0,100,100,-7395.699999999129,8.712959242984653e-10,0.554291807357384
0.1,7,0.0,0,0,0.0,0,100,100,-7776.299999999287,7.130438461899757e-10,0.5523369468633375
0.1,8,0.0,0,0,0.0,0,100,100,-8407.699999999266,7.34871719032526e-10,0.5603341034298915
0.1,9,0.0,0,0,0.0,0,100,100,-7811.999999999347,6.530171958729625e-10,0.5434512173449441
0.1,10,0.0,0,0,0.0,0,100,100,-6658.099999998791,1.2096279533579946e-09,0.5525146614537053
0.1,11,0.0,0,0,0.0,0,100,100,-7766.499999999161,8.385541150346398e-10,0.5553580948995912
0.1,12,0.0,0,0,0.0,0,100,100,-6291.6999999985655,1.4342731446959078e-09,0.5553580948995912
0.1,13,0.0,0,0,0.0,0,100,100,-7203.999999998961,1.038642949424684e-09,0.5473609383330371
0.1,14,0.0,0,0,0.0,0,100,100,-7589.699999999107,8.940332918427885e-10,0.5512706593211303
0.1,15,0.0,0,0,0.0,0,100,100,-7040.29999999886,1.140506356023252e-09,0.5553580948995912
0.1,16,0.0,0,0,0.0,0,100,100,-6829.899999998995,1.0049916454590857e-09,0.5482495112848765
0.1,17,0.0,0,0,0.0,0,100,100,-8054.999999999272,7.275957614183426e-10,0.5496712280078194
0.1,18,0.0,0,0,0.0,0,100,100,-6551.499999998712,1.2878444977104664e-09,0.552870090634441
0.1,19,0.0,0,0,0.0,0,100,100,-7536.099999999169,8.312781574204564e-10,0.5512706593211303
0.1,20,0.0,0,0,0.0,0,100,100,-7239.6999999989375,1.0631993063725531e-09,0.5647769681890883
0.1,21,0.0,0,0,0.0,0,100,100,-7163.499999998922,1.07775122160092e-09,0.5592678158876844
0.1,22,0.0,0,0,0.0,0,100,100,-7270.499999999028,9.722498361952603e-10,0.5583792429358451
0.1,23,0.0,0,0,0.0,0,100,100,-6561.499999998724,1.2760210665874183e-09,0.5637106806468811
0.1,24,0.0,0,0,0.0,0,100,100,-8129.3999999992075,7.921698852442205e-10,0.5629998222854097
0.1,25,0.0,0,0,0.0,0,100,100,-7463.399999999024,9.75887815002352e-10,0.5548249511284876
0.1,26,0.0,0,0,0.0,0,100,100,-7780.499999999247,7.530616130679846e-10,0.5551803803092233
0.1,27,0.0,0,0,0.0,0,100,100,-7206.299999998877,1.1232259566895664e-09,0.5674426870446063
0.1,28,0.0,0,0,0.0,0,100,100,-7169.99999999905,9.5042196335271e-10,0.5505598009596588
0.1,29,0.0,0,0,0.0,0,100,100,-7021.499999998832,1.1677911970764399e-09,0.5535809489959126
0.1,30,0.0,0,0,0.0,0,100,100,-9013.899999999408,5.929905455559492e-10,0.5571352408032699
0.1,31,0.0,0,0,0.0,0,100,100,-9449.09999999951,4.911271389573812e-10,0.5514483739114981
0.1,32,0.0,0,0,0.0,0,100,100,-7068.299999998903,1.0968506103381515e-09,0.5582015283454772
0.1,33,0.0,0,0,0.0,0,100,100,-7428.399999998982,1.0177245712839067e-09,0.5580238137551093
0.1,34,0.0,0,0,0.0,0,100,100,-7211.399999998992,1.0077201295644045e-09,0.5576683845743735
0.1,35,0.0,0,0,0.0,0,100,100,-8163.399999999326,6.739355740137398e-10,0.5699306913097565
0.1,36,0.0,0,0,0.0,0,100,100,-7055.499999998972,1.027729013003409e-09,0.5617558201528345
0.1,37,0.0,0,0,0.0,0,100,100,-6937.699999998909,1.0913936421275139e-09,0.5553580948995912
0.1,38,0.0,0,0,0.0,0,100,100,-7188.8999999989865,1.013177097775042e-09,0.559800959658788
0.1,39,0.0,0,0,0.0,0,100,100,-7037.399999998961,1.038642949424684e-09,0.550204371778923
0.1,40,0.0,0,0,0.0,0,100,100,-7869.899999999393,6.066329660825431e-10,0.5425626443931046
0.1,41,0.0,0,0,0.0,0,100,100,-7807.999999999217,7.830749382264912e-10,0.5546472365381198
0.1,42,0.0,0,0,0.0,0,100,100,-7104.9999999988995,1.1004885891452432e-09,0.5576683845743735
0.1,43,0.0,0,0,0.0,0,100,100,-7593.099999999109,8.913048077374697e-10,0.5526923760440732
0.1,44,0.0,0,0,0.0,0,100,100,-6462.299999998759,1.241460267920047e-09,0.5443397902967834
0.1,45,0.0,0,0,0.0,0,100,100,-7608.699999999214,7.867129170335829e-10,0.5446952194775191
0.1,46,0.0,0,0,0.0,0,100,100,-7141.699999999027,9.740688255988061e-10,0.5510929447307624
0.1,47,0.0,0,0,0.0,0,100,100,-8731.09999999946,5.402398528531194e-10,0.5715301226230673
0.1,48,0.0,0,0,0.0,0,100,100,-6657.499999998833,1.166881702374667e-09,0.5432735027545762
0.1,49,0.0,0,0,0.0,0,100,100,-6520.999999998699,1.3005774235352874e-09,0.5493157988270837
0.1,50,0.08,0,4,0.5599999999999999,0,98,98,-6812.699999998818,1.1823431123048067e-09,0.5510929447307624
0.1,51,0.0,0,0,0.0,0,100,100,-7669.099999999141,8.594724931754172e-10,0.5603341034298915
0.1,52,0.0,0,0,0.0,0,100,100,-6710.799999998746,1.254193193744868e-09,0.5580238137551093
0.1,53,0.0,0,0,0.0,0,100,100,-6647.79999999873,1.2705640983767807e-09,0.5500266571885551
0.1,54,0.0,0,0,0.0,0,100,100,-7069.199999998933,1.0677467798814178e-09,0.5555358094899592
0.1,55,0.0,0,0,0.0,0,100,100,-7344.299999999124,8.758433978073299e-10,0.5491380842367158
0.1,56,0.0,0,0,0.0,0,100,100,-8377.899999999277,7.22138793207705e-10,0.5505598009596588
0.1,57,0.0,0,0,0.0,0,100,100,-6753.499999998824,1.1759766493923962e-09,0.5539363781766483
0.1,58,0.0,0,0,0.0,0,100,100,-7757.299999999276,7.239577826112509e-10,0.5505598009596588
0.1,59,0.0,0,0,0.0,0,100,100,-7139.599999999006,9.940777090378106e-10,0.5466500799715657
0.1,60,0.0,0,0,0.0,0,100,100,-7308.699999999073,9.276845958083868e-10,0.561222676381731
0.1,61,0.0,0,0,0.0,0,100,100,-7267.799999999018,9.822542779147625e-10,0.5596232450684201
0.1,62,0.0,0,0,0.0,0,100,100,-8342.199999999444,5.566107574850321e-10,0.5621112493335703
0.1,63,0.0,0,0,0.0,0,100,100,-7549.299999999057,9.431460057385266e-10,0.5640661098276168
0.1,64,0.0,0,0,0.0,0,100,100,-7459.299999999114,8.858478395268321e-10,0.5468277945619335
0.1,65,0.0,0,0,0.0,0,100,100,-6523.099999998713,1.2869350030086935e-09,0.5510929447307624
0.1,66,0.0,0,0,0.0,0,100,100,-7420.399999999105,8.949427865445614e-10,0.5493157988270837
0.1,67,0.0,0,0,0.0,0,100,100,-6877.799999998817,1.1832526070065796e-09,0.5585569575262129
0.1,68,0.0,0,0,0.0,0,100,100,-7249.2999999990725,9.276845958083868e-10,0.5439843611160476
0.1,69,0.0,0,0,0.0,0,100,100,-7185.8999999989755,1.0240910341963172e-09,0.559800959658788
0.1,70,0.0,0,0,0.0,0,100,100,-6891.09999999884,1.1605152394622564e-09,0.5562466678514306
0.1,71,0.0,0,0,0.0,0,100,100,-7471.599999999125,8.74933903105557e-10,0.550204371778923
0.1,72,0.0,0,0,0.0,0,100,100,-7830.899999999265,7.34871719032526e-10,0.5414963568508975
0.1,73,0.0,0,0,0.0,0,100,100,-8589.299999999395,6.039044819772243e-10,0.5494935134174516
0.1,74,0.0,0,0,0.0,0,100,100,-7778.699999999317,6.83940015733242e-10,0.5452283632486227
0.1,75,0.0,0,0,0.0,0,100,100,-7412.499999999039,9.613358997739851e-10,0.5567798116225342
0.1,76,0.0,0,0,0.0,0,100,100,-6958.499999998954,1.0459189070388675e-09,0.5518038030922339
0.1,77,0.0,0,0,0.0,0,100,100,-7775.199999999182,8.185452315956354e-10,0.5532255198151769
0.1,78,0.0,0,0,0.0,0,100,100,-7283.599999998991,1.0095391189679503e-09,0.5614003909720988
0.1,79,0.09,0,3,0.5117616632769595,0,97,97,-6624.49999999872,1.27965904539451e-09,0.5688644037675493
0.1,80,0.0,0,0,0.0,0,100,100,-7009.299999999012,9.88620740827173e-10,0.5695752621290208
0.1,81,0.0,0,0,0.0,0,100,100,-7250.09999999902,9.804352885112166e-10,0.5519815176826017
0.1,82,0.0,0,0,0.0,0,100,100,-7134.799999998943,1.0568328434601426e-09,0.5487826550559801
0.1,83,0.0,0,0,0.0,0,100,100,-7566.399999999189,8.103597792796791e-10,0.5534032344055447
0.1,84,0.0,0,0,0.0,0,100,100,-6873.499999998869,1.1314114090055227e-09,0.5551803803092233
0.1,85,0.0,0,0,0.0,0,100,100,-7067.399999999006,9.940777090378106e-10,0.5509152301403946
0.1,86,0.09,0,3,0.5117616632769595,0,97,97,-7907.899999999227,7.73070496506989e-10,0.554291807357384
0.1,87,0.0,0,0,0.0,0,100,100,-7540.59999999921,7.903508958406746e-10,0.5605118180202595
0.1,88,0.0,0,0,0.0,0,100,100,-7228.099999998898,1.102307578548789e-09,0.5640661098276168
0.1,89,0.0,0,0,0.0,0,100,100,-7103.999999999076,9.240466170012951e-10,0.5521592322729696
0.1,90,0.0,0,0,0.0,0,100,100,-6992.699999998857,1.1441443348303437e-09,0.5470055091523014
0.1,91,0.0,0,0,0.0,0,100,100,-7087.599999998894,1.1059455573558807e-09,0.5647769681890883
0.1,92,0.04,0,2,0.27999999999999997,0,98,98,-7204.899999998947,1.052285369951278e-09,0.5523369468633375
0.1,93,0.0,0,0,0.0,0,100,100,-9010.999999999449,5.511537892743945e-10,0.5690421183579172
0.1,94,0.0,0,0,0.0,0,100,100,-6901.099999998884,1.115949999075383e-09,0.5558912386706949
0.1,95,0.0,0,0,0.0,0,100,100,-8112.799999999338,6.621121428906918e-10,0.5521592322729696
0.1,96,0.0,0,0,0.0,0,100,100,-7128.699999998859,1.141415850725025e-09,0.5505598009596588
0.1,97,0.0,0,0,0.0,0,100,100,-7589.09999999907,9.304130799137056e-10,0.561222676381731
0.1,98,0.0,0,0,0.0,0,100,100,-6802.299999998773,1.2269083526916802e-09,0.5608672472009952
0.1,99,0.0,0,0,0.0,0,100,100,-6957.899999998774,1.2259988579899073e-09,0.5663763995023992
0.1,100,0.0,0,0,0.0,0,100,100,-7937.799999999436,5.638867150992155e-10,0.5423849298027368
0.1,101,0.0,0,0,0.0,0,100,100,-7361.199999998951,1.0495568858459592e-09,0.5587346721165808
0.1,102,0.0,0,0,0.0,0,100,100,-8467.399999999407,5.929905455559492e-10,0.5535809489959126
0.1,103,0.0,0,0,0.0,0,100,100,-7020.599999998979,1.0213625500909984e-09,0.5466500799715657
0.1,104,0.0,0,0,0.0,0,100,100,-7199.199999999082,9.185896487906575e-10,0.5599786742491558
0.1,105,0.0,0,0,0.0,0,100,100,-7194.399999998977,1.0222720447927713e-09,0.5582015283454772
0.1,106,0.0,0,0,0.0,0,100,100,-8341.29999999939,6.093614501878619e-10,0.5590901012973165
0.1,107,0.0,0,0,0.0,0,100,100,-7119.499999998851,1.1486918083392084e-09,0.554291807357384
0.1,108,0.0,0,0,0.0,0,100,100,-7483.299999999035,9.649738785810769e-10,0.5503820863692909
0.1,109,0.0,0,0,0.0,0,100,100,-6765.199999998731,1.2696546036750078e-09,0.5562466678514306
0.1,110,0.0,0,0,0.0,0,100,100,-8176.199999999365,6.357367965392768e-10,0.5539363781766483
0.1,111,0.0,0,0,0.0,0,100,100,-7396.099999999191,8.094502845779061e-10,0.550204371778923
0.1,112,0.0,0,0,0.0,0,100,100,-6841.099999998917,1.0832081898115575e-09,0.5562466678514306
0.1,113,0.0,0,0,0.0,0,100,100,-7281.299999999034,9.658833732828498e-10,0.5629998222854097
0.1,114,0.0,0,0,0.0,0,100,100,-6740.099999998675,1.3251337804831564e-09,0.5629998222854097
0.1,115,0.0,0,0,0.0,0,100,100,-7779.3999999990965,9.031282388605177e-10,0.5590901012973165
0.1,116,0.0,0,0,0.0,0,100,100,-7328.899999999124,8.758433978073299e-10,0.5519815176826017
0.1,117,0.0,0,0,0.0,0,100,100,-7266.399999999024,9.75887815002352e-10,0.5537586635862805
0.1,118,0.0,0,0,0.0,0,100,100,-7229.299999999063,9.36779542826116e-10,0.5562466678514306
0.1,119,0.0,0,0,0.0,0,100,100,-7375.4999999990105,9.89530235528946e-10,0.5574906699840056
0.1,120,0.0,0,0,0.0,0,100,100,-7402.499999999069,9.313225746154785e-10,0.5576683845743735
0.1,121,0.0,0,0,0.0,0,100,100,-6811.49999999881,1.1896190699189901e-09,0.5590901012973165
0.1,122,0.0,0,0,0.0,0,100,100,-7346.499999999049,9.51331458054483e-10,0.5550026657188555
0.1,123,0.0,0,0,0.0,0,100,100,-7187.999999998921,1.0786607163026929e-09,0.5562466678514306
0.1,124,0.0,0,0,0.0,0,100,100,-6737.89999999892,1.0795702110044658e-09,0.5482495112848765
0.1,125,0.0,0,0,0.0,0,100,100,-7007.699999999057,9.440555004402995e-10,0.5532255198151769
0.1,126,0.0,0,0,0.0,0,100,100,-7447.999999999078,9.222276275977492e-10,0.5640661098276168
0.1,127,0.0,0,0,0.0,0,100,100,-7682.19999999916,8.403731044381857e-10,0.5567798116225342
0.1,128,0.0,0,0,0.0,0,100,100,-6962.599999998869,1.1314114090055227e-09,0.5587346721165808
0.1,129,0.0,0,0,0.0,0,100,100,-7345.599999999162,8.385541150346398e-10,0.5484272258752444
0.1,130,0.0,0,0,0.0,0,100,100,-8755.699999999395,6.057234713807702e-10,0.5551803803092233
0.1,131,0.0,0,0,0.0,0,100,100,-7191.49999999908,9.204086381942034e-10,0.551626088501866
0.1,132,0.0,0,0,0.0,0,100,100,-7324.799999999056,9.440555004402995e-10,0.5484272258752444
0.1,133,0.0,0,0,0.0,0,100,100,-7442.799999999122,8.785718819126487e-10,0.5512706593211303
0.1,134,0.0,0,0,0.0,0,100,100,-6784.899999998913,1.0868461686186492e-09,0.5459392216100942
0.1,135,0.0,0,0,0.0,0,100,100,-6736.599999998849,1.1514202924445271e-09,0.5553580948995912
0.1,136,0.0,0,0,0.0,0,100,100,-7100.499999998857,1.1432348401285708e-09,0.5573129553936378
0.1,137,0.0,0,0,0.0,0,100,100,-8351.799999999334,6.657501216977835e-10,0.5535809489959126
0.1,138,0.0,0,0,0.0,0,100,100,-7608.299999999078,9.222276275977492e-10,0.5601563888395237
0.1,139,0.0,0,0,0.0,0,100,100,-7294.099999998917,1.0832081898115575e-09,0.5663763995023992
0.1,140,0.0,0,0,0.0,0,100,100,-7288.599999999088,9.12223185878247e-10,0.5555358094899592
0.1,141,0.0,0,0,0.0,0,100,100,-7743.299999999303,6.97582436259836e-10,0.5470055091523014
0.1,142,0.0,0,0,0.0,0,100,100,-7004.299999998969,1.0313669918105006e-09,0.5587346721165808
0.1,143,0.0,0,0,0.0,0,100,100,-7994.299999999298,7.021299097687006e-10,0.5537586635862805
0.1,144,0.0,0,0,0.0,0,100,100,-7042.899999998836,1.1632437235675752e-09,0.5573129553936378
0.1,145,0.0,0,0,0.0,0,100,100,-7383.899999998975,1.0250005288980901e-09,0.565132397369824
0.1,146,0.0,0,0,0.0,0,100,100,-8105.699999999224,7.767084753140807e-10,0.5704638350808602
0.1,147,0.0,0,0,0.0,0,100,100,-6758.899999998731,1.2687451089732349e-09,0.5660209703216634
0.1,148,0.0,0,0,0.0,0,100,100,-8361.799999999343,6.566551746800542e-10,0.5615781055624667
0.1,149,0.0,0,0,0.0,0,100,100,-7632.199999999109,8.913048077374697e-10,0.5551803803092233
0.1,150,0.0,0,0,0.0,0,100,100,-7752.799999999186,8.139977580867708e-10,0.5645992535987204
0.1,151,0.0,0,0,0.0,0,100,100,-7077.499999999013,9.868017514236271e-10,0.5491380842367158
0.1,152,0.0,0,0,0.0,0,100,100,-7866.799999999285,7.148628355935216e-10,0.550204371778923
0.1,153,0.0,0,0,0.0,0,100,100,-6950.49999999891,1.089574652723968e-09,0.5610449617913631
0.1,154,0.09,0,3,0.5117616632769595,0,97,97,-7172.699999998945,1.0559233487583697e-09,0.5578460991647414
0.1,155,0.0,0,0,0.0,0,100,100,-7761.499999999229,7.712515071034431e-10,0.5585569575262129
0.1,156,0.0,0,0,0.0,0,100,100,-7475.999999999029,9.713403414934874e-10,0.5617558201528345
0.1,157,0.0,0,0,0.0,0,100,100,-6705.799999998695,1.305124897044152e-09,0.5539363781766483
0.1,158,0.0,0,0,0.0,0,100,100,-6755.199999998853,1.1477823136374354e-09,0.5610449617913631
0.1,159,0.0,0,0,0.0,0,100,100,-8427.899999999478,5.220499588176608e-10,0.5640661098276168
0.1,160,0.0,0,0,0.0,0,100,100,-7389.099999999086,9.140421752817929e-10,0.5535809489959126
0.1,161,0.0,0,0,0.0,0,100,100,-7328.999999998959,1.0413714335300028e-09,0.561222676381731
0.1,162,0.0,0,0,0.0,0,100,100,-7042.599999998938,1.0622898116707802e-09,0.5582015283454772
0.1,163,0.0,0,0,0.0,0,100,100,-7320.799999998911,1.089574652723968e-09,0.559800959658788
0.1,164,0.0,0,0,0.0,0,100,100,-7405.099999999017,9.831637726165354e-10,0.5587346721165808
0.1,165,0.0,0,0,0.0,0,100,100,-8270.499999999283,7.166818249970675e-10,0.5592678158876844
0.1,166,0.0,0,0,0.0,0,100,100,-7054.299999998924,1.0759322321973741e-09,0.5546472365381198
0.1,167,0.12,0,3,0.5878775382679627,0,96,96,-6855.6999999988875,1.1132215149700642e-09,0.5466500799715657
0.1,168,0.0,0,0,0.0,0,100,100,-7939.199999999341,6.59383658785373e-10,0.5471832237426693
0.1,169,0.03,0,3,0.29849623113198603,0,99,99,-6869.599999998871,1.1295924196019769e-09,0.5658432557312956
0.1,170,0.0,0,0,0.0,0,100,100,-6663.499999998794,1.2059899745509028e-09,0.5514483739114981
0.1,171,0.03,0,3,0.29849623113198603,0,99,99,-7180.19999999901,9.904397302307189e-10,0.5541140927670162
0.1,172,0.0,0,0,0.0,0,100,100,-6820.999999998842,1.1577867553569376e-09,0.5537586635862805
0.1,173,0.0,0,0,0.0,0,100,100,-6655.199999998828,1.1723386705853045e-09,0.5491380842367158
0.1,174,0.0,0,0,0.0,0,100,100,-7006.099999999008,9.922587196342647e-10,0.5484272258752444
0.1,175,0.0,0,0,0.0,0,100,100,-6684.799999998907,1.0932126315310597e-09,0.5512706593211303
0.1,176,0.0,0,0,0.0,0,100,100,-6802.199999998764,1.2369127944111824e-09,0.5631775368757775
0.1,177,0.0,0,0,0.0,0,100,100,-7334.69999999906,9.404175216332078e-10,0.5574906699840056
0.1,178,0.0,0,0,0.0,0,100,100,-7921.899999999144,8.558345143683255e-10,0.5592678158876844
0.1,179,0.0,0,0,0.0,0,100,100,-6745.399999998911,1.088665158022195e-09,0.5585569575262129
0.1,180,0.0,0,0,0.0,0,100,100,-7194.399999999009,9.904397302307189e-10,0.5614003909720988
0.1,181,0.03,0,3,0.29849623113198603,0,99,99,-7206.499999998958,1.0422809282317758e-09,0.5605118180202595
0.1,182,0.0,0,0,0.0,0,100,100,-7646.599999999063,9.37689037527889e-10,0.5605118180202595
0.1,183,0.0,0,0,0.0,0,100,100,-6765.99999999886,1.139596861321479e-09,0.5619335347432024
0.1,184,0.0,0,0,0.0,0,100,100,-7377.2999999990625,9.37689037527889e-10,0.5526923760440732
0.1,185,0.0,0,0,0.0,0,100,100,-7043.7999999989515,1.0486473911441863e-09,0.5578460991647414
0.1,186,0.0,0,0,0.0,0,100,100,-7023.399999998987,1.0122676030732691e-09,0.5544695219477519
0.1,187,0.0,0,0,0.0,0,100,100,-8056.699999999292,7.084963726811111e-10,0.5498489425981873
0.1,188,0.0,0,0,0.0,0,100,100,-6766.399999998726,1.2732925824820995e-09,0.5606895326106274
0.1,189,0.0,0,0,0.0,0,100,100,-7155.799999998926,1.0741132427938282e-09,0.56797583081571
0.1,190,0.0,0,0,0.0,0,100,100,-6963.999999998928,1.0722942533902824e-09,0.5388306379953794
0.1,191,0.0,0,0,0.0,0,100,100,-6619.199999998704,1.2969394447281957e-09,0.5551803803092233
0.1,192,0.0,0,0,0.0,0,100,100,-8639.399999999481,5.20230969414115e-10,0.5438066465256798
0.1,193,0.0,0,0,0.0,0,100,100,-6716.599999998768,1.2323653209023178e-09,0.5574906699840056
0.1,194,0.0,0,0,0.0,0,100,100,-7300.799999998942,1.0577423381619155e-09,0.5606895326106274
0.1,195,0.0,0,0,0.0,0,100,100,-8514.99999999936,6.402842700481415e-10,0.5548249511284876
0.1,196,0.0,0,0,0.0,0,100,100,-7921.299999999244,7.557900971733034e-10,0.5555358094899592
0.1,197,0.0,0,0,0.0,0,100,100,-7831.49999999926,7.403286872431636e-10,0.5619335347432024
0.1,198,0.0,0,0,0.0,0,100,100,-6856.899999998836,1.1632437235675752e-09,0.5580238137551093
0.1,199,0.0,0,0,0.0,0,100,100,-7770.499999999275,7.248672773130238e-10,0.5578460991647414
