alpha,instance_id,hd_mean,hd_min,hd_max,hd_std,eng_count,bit_count,gs_count,best_energy,best_delta,target_density
0.003,0,42.89,23,68,9.191185995289182,0,0,0,-4542.487000000361,0.6569999996390834,0.5525659301496793
0.003,1,32.25,8,55,10.677429465934205,0,0,0,-4685.133000000127,0.2699999998731073,0.5673556664290805
0.003,2,41.17,14,70,11.412322287772986,0,0,0,-4438.91599999998,0.663000000019565,0.5434782608695652
0.003,3,44.66,17,79,11.595878578184578,0,0,0,-4537.247000000378,0.43799999962266156,0.5600498930862438
0.003,4,43.89,20,87,12.75452468734135,0,0,0,-4594.306000000377,0.6839999996227561,0.5568424803991446
0.003,5,25.72,4,44,8.372669825091634,0,0,0,-4606.054000000004,0.16499999999632564,0.5577334283677833
0.003,6,45.32,23,68,9.927618042612236,0,0,0,-4498.51400000018,0.9599999998199564,0.5491803278688525
0.003,7,34.02,14,57,8.806792832808092,0,0,0,-4463.861000000369,0.4049999996304905,0.5491803278688525
0.003,8,55.4,26,94,11.849894514298429,0,0,0,-4556.972000000079,1.1699999999209467,0.559871703492516
0.003,9,41.71,10,66,10.469283643115224,0,0,0,-4389.559000000419,0.5699999995813414,0.5457947255880257
0.003,10,59.81,29,90,12.305035554601213,0,0,0,-4522.644000000362,0.7919999996374827,0.5514967925873129
0.003,11,44.01,12,81,12.31624536942976,0,0,0,-4472.183000000153,0.8009999998475905,0.5450819672131147
0.003,12,49.11,19,79,13.702477878106574,0,0,0,-4492.613000000112,0.8999999998877684,0.5543478260869565
0.003,13,56.36,18,86,12.838629210316808,0,0,0,-4500.114000000214,0.6719999997858395,0.5523877405559515
0.003,14,50.96,26,81,11.883534827651241,0,0,0,-4545.099999999824,1.5780000001759618,0.5564861012116893
0.003,15,74.5,35,107,14.094325099131211,0,0,0,-4471.210000000357,0.8429999996433253,0.5541696364932288
0.003,16,43.07,18,79,11.329832302377648,0,0,0,-4384.24600000013,0.8369999998694766,0.546863863150392
0.003,17,38.0,13,69,11.462111498323509,0,0,0,-4526.489000000143,0.4379999998564017,0.5591589451176051
0.003,18,35.61,17,65,9.852811781415495,0,0,0,-4454.039000000256,0.6119999997436025,0.5495367070563079
0.003,19,38.84,13,64,9.59866657406121,0,0,0,-4484.925999999899,0.6900000001005537,0.5545260156806843
0.003,20,52.89,23,74,10.441163728244089,0,0,0,-4636.352000000249,0.8789999997507039,0.5648610121168923
0.003,21,65.49,21,102,14.141778530298092,0,0,0,-4445.118000000162,1.3739999998379062,0.5450819672131147
0.003,22,57.78,26,91,13.10845528656981,0,0,0,-4531.938000000401,0.7619999995986291,0.5595153243050606
0.003,23,29.84,7,52,9.37200085360645,0,0,0,-4596.019000000031,0.34499999996842234,0.5580898075552387
0.003,24,49.04,22,78,11.733643935282851,0,0,0,-4649.500000000196,0.8399999998036947,0.5630791161796151
0.003,25,60.78,32,107,13.847440196657287,0,0,0,-4615.720000000363,0.9449999996368206,0.5627227369921597
0.003,26,31.26,9,67,9.865718422902612,0,0,0,-4525.830000000133,0.3899999998675412,0.554704205274412
0.003,27,55.6,19,92,13.271774561075093,0,0,0,-4692.314000000463,0.47999999953663064,0.5641482537419815
0.003,28,45.89,21,77,11.204369683297672,0,0,0,-4460.999000000306,0.6599999996933548,0.5575552387740556
0.003,29,60.54,29,101,12.58524532935294,0,0,0,-4399.624000000388,0.7559999996119586,0.5550605844618675
0.003,30,64.61,27,107,13.83466298830586,0,0,0,-4557.571000000445,0.6869999995551552,0.5614754098360656
0.003,31,69.56,39,103,12.886675288840017,0,0,0,-4455.5060000003705,1.049999999629108,0.5506058446186742
0.003,32,44.95,23,70,10.877844455589535,0,0,0,-4568.072000000165,0.7649999998357089,0.5539914468995011
0.003,33,75.28,51,109,12.578616776100622,0,0,0,-4471.842000000372,1.4369999996288243,0.5486457590876693
0.003,34,64.91,43,97,12.781310574428586,0,0,0,-4484.594000000427,1.001999999572945,0.5498930862437633
0.003,35,53.7,26,80,11.5,0,0,0,-4685.91399999999,1.2420000000101936,0.571632216678546
0.003,36,57.8,26,88,13.169662106523463,0,0,0,-4558.277000000418,0.6839999995818289,0.5545260156806843
0.003,37,39.41,6,74,12.22791478544073,0,0,0,-4601.691000000163,0.23099999983696762,0.5605844618674269
0.003,38,54.17,18,82,12.478826066581744,0,0,0,-4484.840000000411,0.47999999958847184,0.5602280826799715
0.003,39,62.79,17,114,15.64755252427676,0,0,0,-4418.987000000485,0.46799999951508653,0.547576621525303
0.003,40,76.61,49,106,12.740404232205506,0,0,0,-4381.372000000383,1.6229999996166953,0.550071275837491
0.003,41,47.38,14,78,12.28721286541419,0,0,0,-4535.448000000079,0.5669999999208812,0.5577334283677833
0.003,42,44.61,12,67,10.70317242690222,0,0,0,-4637.9640000000545,0.46199999994587415,0.5646828225231646
0.003,43,55.18,29,86,12.753336818260545,0,0,0,-4456.203000000095,1.1129999999047868,0.552744119743407
0.003,44,70.48,40,111,15.12314782047706,0,0,0,-4404.40200000026,1.4039999997394261,0.5465074839629366
0.003,45,62.64,31,95,13.155622372202693,0,0,0,-4446.118000000113,1.073999999886837,0.544903777619387
0.003,46,49.95,24,82,11.924240017711819,0,0,0,-4448.128000000078,0.9899999999224747,0.5506058446186742
0.003,47,58.56,29,88,13.462778316528873,0,0,0,-4582.043000000369,0.7379999996310289,0.5564861012116893
0.003,48,55.04,28,93,10.603697468336222,0,0,0,-4449.550000000122,1.136999999877844,0.5539914468995011
0.003,49,50.12,21,98,14.038717890177862,0,0,0,-4397.70000000001,1.1279999999906067,0.5484675694939416
0.003,50,60.44,29,88,12.737597889712173,0,0,0,-4463.337000000278,0.9899999997223858,0.5525659301496793
0.003,51,57.02,34,95,12.823400485050756,0,0,0,-4561.36600000042,1.0079999995796243,0.5621881682109765
0.003,52,33.35,6,68,10.94474759873429,0,0,0,-4572.5099999995655,0.41700000043420005,0.5582679971489665
0.003,53,68.83,34,101,13.001580673133555,0,0,0,-4490.034000000231,1.2359999997697741,0.5506058446186742
0.003,54,53.32,28,101,12.467461650231774,0,0,0,-4580.807000000194,1.112999999805652,0.5602280826799715
0.003,55,56.59,30,93,14.166929801477806,0,0,0,-4472.704000000558,0.7229999994415266,0.550784034212402
0.003,56,51.75,15,90,12.359105954720187,0,0,0,-4567.546000000061,0.7859999999391221,0.5600498930862438
0.003,57,30.7,11,53,9.400531899844816,0,0,0,-4533.231999999555,0.8310000004448739,0.5418745545260156
0.003,58,65.29,22,98,14.742655798735857,0,0,0,-4468.338000000357,0.7259999996431361,0.561831789023521
0.003,59,51.17,24,89,11.874388405303238,0,0,0,-4364.964000000395,0.7799999996050246,0.5418745545260156
0.003,60,72.11,38,117,14.324032253524145,0,0,0,-4568.273000000339,1.1639999996605184,0.5497148966500356
0.003,61,40.15,18,72,11.071020729815295,0,0,0,-4514.733000000155,0.6569999998455387,0.5548823948681397
0.003,62,43.5,15,66,10.562670116973264,0,0,0,-4611.986000000215,0.48599999978432606,0.5564861012116893
0.003,63,48.31,15,89,14.509786352665568,0,0,0,-4567.205000000262,0.488999999738553,0.5543478260869565
0.003,64,36.81,12,76,12.55125093367191,0,0,0,-4545.761999999868,0.5640000001321823,0.5470420527441198
0.003,65,64.59,33,100,12.642859644874651,0,0,0,-4515.381000000337,1.0289999996630286,0.5555951532430506
0.003,66,59.52,28,99,13.13200670118623,0,0,0,-4441.122000000191,0.9809999998087733,0.550784034212402
0.003,67,34.35,14,61,10.21310432728463,0,0,0,-4511.309000000172,0.5489999998280837,0.5563079116179616
0.003,68,52.73,22,79,11.131805783429748,0,0,0,-4384.606000000072,0.7709999999287902,0.5450819672131147
0.003,69,63.73,36,89,12.077959264710243,0,0,0,-4527.979000000331,1.0889999996688857,0.5573770491803278
0.003,70,56.09,27,84,11.024604301289003,0,0,0,-4537.862000000223,0.9929999997766572,0.5506058446186742
0.003,71,46.9,27,75,9.578622030334008,0,0,0,-4459.258000000015,1.277999999984786,0.5513186029935851
0.003,72,50.08,18,78,11.713820896701469,0,0,0,-4359.312000000205,0.6419999997942796,0.5408054169636494
0.003,73,37.07,10,65,11.12227944263225,0,0,0,-4549.13400000031,0.3179999996900733,0.5607626514611547
0.003,74,48.96,27,68,10.031869217648325,0,0,0,-4454.43599999996,1.3950000000404543,0.5416963649322879
0.003,75,76.47,48,108,13.905721843902962,0,0,0,-4383.89500000025,1.6499999997504347,0.5481111903064861
0.003,76,83.69,48,114,12.907900681365659,0,0,0,-4385.384000000245,1.4879999997556297,0.5436564504632929
0.003,77,32.25,14,65,9.613922196481518,0,0,0,-4615.413000000043,0.6599999999571082,0.5623663578047042
0.003,78,50.61,14,79,12.136634624145195,0,0,0,-4592.107000000044,0.5789999999560678,0.5678902352102637
0.003,79,63.41,35,95,12.99468737600101,0,0,0,-4584.557000000344,1.0649999996567203,0.5621881682109765
0.003,80,63.32,41,88,9.521428464258921,0,0,0,-4622.466000000204,1.4459999997961859,0.5575552387740556
0.003,81,64.46,33,106,13.566443896614913,0,0,0,-4475.574000000353,0.9539999996468396,0.5607626514611547
0.003,82,65.52,35,109,15.127114728195856,0,0,0,-4438.9779999999655,1.6290000000344662,0.5506058446186742
0.003,83,40.0,11,73,10.886689120205462,0,0,0,-4473.808000000178,0.4799999998213025,0.5516749821810406
0.003,84,75.42,42,108,13.723833283744012,0,0,0,-4471.363000000376,1.3829999996241895,0.5509622238061297
0.003,85,40.71,16,70,11.010263393761296,0,0,0,-4563.672000000127,0.647999999872809,0.5573770491803278
0.003,86,46.38,26,69,10.656246994134474,0,0,0,-4478.34300000017,1.0139999998300482,0.5582679971489665
0.003,87,59.53,24,90,13.126656085995396,0,0,0,-4547.768000000102,1.1369999998978528,0.5621881682109765
0.003,88,41.44,12,66,10.251165787362918,0,0,0,-4599.240000000419,0.3239999995812468,0.5596935138987883
0.003,89,62.64,32,102,13.471094981477934,0,0,0,-4551.348000000229,1.0439999997706764,0.5584461867426942
0.003,90,54.43,21,92,12.684049038063515,0,0,0,-4531.724000000405,0.5309999995952239,0.5573770491803278
0.003,91,58.85,35,90,12.231414472578386,0,0,0,-4598.242000000018,1.5419999999812717,0.5641482537419815
0.003,92,56.32,24,87,11.434054399030993,0,0,0,-4445.804000000504,0.7229999994960963,0.5481111903064861
0.003,93,48.5,17,80,12.177438154226035,0,0,0,-4634.389000000359,0.5309999996406987,0.561831789023521
0.003,94,55.97,28,81,10.805975198935077,0,0,0,-4545.517000000172,1.0139999998282292,0.5621881682109765
0.003,95,40.45,18,65,10.482723882655689,0,0,0,-4563.207000000307,0.6119999996935803,0.5538132573057734
0.003,96,39.47,16,61,10.599485836586602,0,0,0,-4664.774000000339,0.5609999996613624,0.5648610121168923
0.003,97,43.67,20,67,10.781516590906865,0,0,0,-4618.069000000439,0.4949999995615144,0.5709194583036351
0.003,98,54.0,26,85,11.863389060466659,0,0,0,-4488.950000000498,0.7229999995015532,0.5620099786172488
0.003,99,51.47,23,84,12.20037294511934,0,0,0,-4583.784000000453,0.6839999995472681,0.5671774768353528
0.003,100,58.57,33,85,12.281901318606986,0,0,0,-4435.518000000253,1.2119999997466948,0.5434782608695652
0.003,101,50.73,18,76,12.39423656382272,0,0,0,-4599.238000000291,0.6419999997087871,0.5609408410548824
0.003,102,71.59,41,101,13.745613845878257,0,0,0,-4458.843000000382,1.187999999618114,0.5609408410548824
0.003,103,54.86,28,86,12.371758161231572,0,0,0,-4461.251000000103,1.0919999998968706,0.550071275837491
0.003,104,49.14,27,75,9.291953508278008,0,0,0,-4550.9790000002195,1.0199999997803388,0.550071275837491
0.003,105,58.55,25,92,11.998645756917737,0,0,0,-4539.38000000029,0.737999999710155,0.5616535994297933
0.003,106,65.6,40,107,13.820274961085254,0,0,0,-4517.713000000147,1.3919999998524872,0.5600498930862438
0.003,107,52.31,26,86,12.087758270250111,0,0,0,-4520.633000000389,0.7499999996107363,0.5552387740555952
0.003,108,49.17,22,71,9.95796665991607,0,0,0,-4485.183000000158,0.9419999998417552,0.5518531717747683
0.003,109,30.0,6,59,9.493155429044656,0,0,0,-4585.3839999997035,0.23400000029687362,0.552744119743407
0.003,110,85.82,54,122,14.838045693419332,0,0,0,-4340.420000000375,1.5179999996253173,0.5443692088382038
0.003,111,46.07,23,74,10.450124401173413,0,0,0,-4416.985000000445,0.8099999995547478,0.5497148966500356
0.003,112,58.46,35,95,11.888162179243686,0,0,0,-4439.637000000504,0.8789999994960453,0.5506058446186742
0.003,113,45.3,11,87,13.020368658375231,0,0,0,-4546.483000000177,0.4739999998237181,0.5484675694939416
0.003,114,46.73,25,76,10.772980089093267,0,0,0,-4672.075000000329,0.8579999996709375,0.5689593727726301
0.003,115,69.59,42,109,13.797894766956299,0,0,0,-4577.691000000311,1.4759999996895203,0.5671774768353528
0.003,116,68.78,25,110,16.243509473017212,0,0,0,-4339.795000000306,0.866999999694599,0.5445473984319316
0.003,117,52.03,32,77,12.042802829906334,0,0,0,-4539.200999999811,1.6530000001894223,0.5514967925873129
0.003,118,56.95,32,87,11.740847499222534,0,0,0,-4487.553000000472,0.794999999528045,0.5582679971489665
0.003,119,49.83,24,76,11.537811750934404,0,0,0,-4532.345000000099,1.1159999999008505,0.5573770491803278
0.003,120,46.41,21,77,12.392816467615424,0,0,0,-4562.054000000097,0.7379999999029678,0.5514967925873129
0.003,121,28.49,7,54,9.666948846456156,0,0,0,-4700.168999999902,0.3570000000981963,0.5627227369921597
0.003,122,46.53,9,77,12.439015234334267,0,0,0,-4457.970000000094,0.44699999990643846,0.5509622238061297
0.003,123,73.86,43,109,13.016159187717395,0,0,0,-4436.207000000284,1.9499999997160558,0.5575552387740556
0.003,124,65.29,37,99,14.636457904834762,0,0,0,-4294.696000000203,1.1879999997972845,0.5359942979330007
0.003,125,57.43,31,83,12.607343098369299,0,0,0,-4474.061000000255,0.9779999997444975,0.5573770491803278
0.003,126,37.51,15,66,10.825428397989615,0,0,0,-4687.041000000122,0.5729999998775384,0.5611190306486101
0.003,127,58.55,28,88,11.971946374754607,0,0,0,-4612.11400000025,1.0139999997500126,0.5584461867426942
0.003,128,53.89,17,92,14.023476744374058,0,0,0,-4572.404000000063,0.71999999993659,0.5612972202423379
0.003,129,38.33,12,57,9.673732475110112,0,0,0,-4498.5480000003345,0.3839999996653205,0.5636136849607983
0.003,130,39.65,14,74,11.03845550790508,0,0,0,-4462.963000000149,0.5999999998512067,0.5504276550249465
0.003,131,45.8,19,83,11.53082824431966,0,0,0,-4442.634000000362,0.47999999963758455,0.5529223093371347
0.003,132,54.09,27,93,13.904024597216448,0,0,0,-4450.636000000277,0.878999999723419,0.5452601568068425
0.003,133,33.07,14,62,11.639806699425897,0,0,0,-4552.248000000054,0.6239999999461361,0.5531004989308624
0.003,134,55.24,25,80,11.490100086596287,0,0,0,-4401.404000000131,1.0079999998688436,0.5406272273699216
0.003,135,55.61,29,85,11.376198837924731,0,0,0,-4548.8320000001695,1.0229999998300627,0.5604062722736992
0.003,136,60.95,29,99,12.80576042255984,0,0,0,-4565.242000000316,0.914999999684369,0.556664290805417
0.003,137,45.69,19,77,11.690761309683813,0,0,0,-4513.517000000219,0.7469999997811101,0.5525659301496793
0.003,138,38.35,4,65,11.241329992487543,0,0,0,-4638.458999999806,0.1980000001940425,0.5611190306486101
0.003,139,48.46,26,74,10.682153340970162,0,0,0,-4586.13100000014,0.9689999998599887,0.567712045616536
0.003,140,57.77,34,94,11.536771645482112,0,0,0,-4487.04300000022,1.0109999997803243,0.5571988595866001
0.003,141,48.27,14,77,11.590388259243088,0,0,0,-4524.074000000201,0.5309999997989507,0.5584461867426942
0.003,142,44.19,19,73,10.298247423712443,0,0,0,-4510.381000000385,0.5849999996153201,0.5568424803991446
0.003,143,44.96,15,70,12.727859207266555,0,0,0,-4491.532999999925,0.7560000000748914,0.5481111903064861
0.003,144,37.27,16,70,11.032547303320298,0,0,0,-4544.840999999814,0.9030000001857843,0.5548823948681397
0.003,145,61.06,32,97,12.784224653845849,0,0,0,-4481.550000000346,1.0079999996542028,0.5637918745545261
0.003,146,43.07,10,78,12.614479775242417,0,0,0,-4699.545000000243,0.3239999997567793,0.5639700641482538
0.003,147,52.91,29,72,10.16572181401793,0,0,0,-4562.437000000382,0.7289999996182814,0.5591589451176051
0.003,148,36.6,13,60,10.498571331376475,0,0,0,-4583.011000000292,0.5249999997076884,0.556664290805417
0.003,149,42.07,19,68,11.885499568802317,0,0,0,-4548.680999999961,0.786000000038257,0.5550605844618675
0.003,150,48.83,27,82,12.285808886678973,0,0,0,-4604.461000000204,1.0229999997964114,0.5612972202423379
0.003,151,50.05,24,79,11.703311497178909,0,0,0,-4549.149999999954,1.104000000045744,0.5550605844618675
0.003,152,65.51,34,98,12.76909942008441,0,0,0,-4360.108000000424,1.03499999957603,0.5520313613684961
0.003,153,40.35,16,65,9.981357623089155,0,0,0,-4556.819000000041,0.6629999999586289,0.5541696364932288
0.003,154,53.84,24,95,13.379626302703675,0,0,0,-4433.1250000003765,0.7709999996232,0.546863863150392
0.003,155,46.01,14,75,12.0453268946924,0,0,0,-4591.745000000148,0.5249999998522981,0.5563079116179616
0.003,156,53.39,16,85,13.065906015275022,0,0,0,-4496.2120000003515,0.43499999964842573,0.5504276550249465
0.003,157,60.94,33,96,12.580794887446501,0,0,0,-4554.883000000316,1.1339999996835104,0.5518531717747683
0.003,158,63.36,39,97,12.290256303267235,0,0,0,-4481.965000000143,1.5089999998572239,0.5559515324305061
0.003,159,55.62,30,93,12.52739398278828,0,0,0,-4502.777000000445,0.7109999995554972,0.5538132573057734
0.003,160,57.05,28,87,12.581236028308188,0,0,0,-4501.98600000021,1.202999999790336,0.5534568781183179
0.003,161,46.78,23,72,10.552326757639758,0,0,0,-4497.939000000168,1.0289999998321946,0.552744119743407
0.003,162,49.53,20,85,12.602741765187444,0,0,0,-4392.334000000357,0.6509999996424085,0.5548823948681397
0.003,163,57.59,34,89,12.25079181114429,0,0,0,-4554.051000000456,0.9449999995440521,0.5522095509622238
0.003,164,62.48,37,104,13.141902449797746,0,0,0,-4654.798000000246,1.556999999753316,0.5600498930862438
0.003,165,59.87,33,94,12.360141584949583,0,0,0,-4507.270000000207,1.2419999997928244,0.5645046329294369
0.003,166,62.53,34,91,10.93933727425935,0,0,0,-4405.263000000345,0.9449999996550105,0.5538132573057734
0.003,167,58.21,28,96,12.78616048702659,0,0,0,-4370.735000000285,0.8759999997146224,0.5425873129009265
0.003,168,70.54,26,107,15.26199200628804,0,0,0,-4430.491000000367,0.8459999996330225,0.5502494654312188
0.003,169,52.17,25,84,13.379876681046056,0,0,0,-4487.26000000006,1.028999999939515,0.5532786885245902
0.003,170,65.8,32,97,13.878040207464453,0,0,0,-4498.989000000286,1.0349999997142731,0.550784034212402
0.003,171,44.77,9,76,10.755328911753466,0,0,0,-4596.371000000363,0.2609999996366241,0.5543478260869565
0.003,172,49.5,28,77,11.038568747804218,0,0,0,-4513.249000000424,0.7409999995761609,0.554704205274412
0.003,173,55.72,26,86,12.615926442398116,0,0,0,-4392.8820000004025,0.7439999995976905,0.5427655024946543
0.003,174,66.66,31,105,13.82911421602989,0,0,0,-4465.288000000383,0.8489999996163533,0.5541696364932288
0.003,175,71.0,38,112,13.783323256747627,0,0,0,-4484.867000000086,1.48499999991418,0.5518531717747683
0.003,176,61.58,35,95,13.094411021500738,0,0,0,-4629.431000000225,1.4219999997749255,0.5636136849607983
0.003,177,62.86,28,87,12.705919880118872,0,0,0,-4501.282000000371,0.827999999628446,0.5584461867426942
0.003,178,59.46,16,88,12.886752888140597,0,0,0,-4565.116000000358,0.5069999996412662,0.5605844618674269
0.003,179,59.19,30,96,12.44885135263491,0,0,0,-4575.700999999988,1.314000000012129,0.5559515324305061
0.003,180,57.58,20,96,13.208466981447922,0,0,0,-4514.722000000322,0.6179999996784318,0.5609408410548824
0.003,181,66.34,35,112,13.51977810468796,0,0,0,-4563.051000000299,1.21199999970122,0.5596935138987883
0.003,182,51.8,23,87,13.043772460450235,0,0,0,-4537.017000000236,1.0049999997636405,0.5539914468995011
0.003,183,46.06,21,81,12.564887584057407,0,0,0,-4575.023000000223,0.6719999997767445,0.5646828225231646
0.003,184,72.1,38,103,14.027473043994775,0,0,0,-4436.082000000322,1.0919999996776824,0.5536350677120456
0.003,185,66.24,33,107,15.133486049156023,0,0,0,-4530.892000000148,1.3049999998520434,0.562544547398432
0.003,186,58.35,22,102,13.600275732498957,0,0,0,-4455.111000000035,1.2959999999648062,0.5555951532430506
0.003,187,31.54,9,58,9.92614728885281,0,0,0,-4657.140999999528,0.7590000004720423,0.550784034212402
0.003,188,51.13,19,83,13.241340566574065,0,0,0,-4616.397000000334,0.506999999666732,0.5545260156806843
0.003,189,48.7,24,79,10.818964830333815,0,0,0,-4627.1230000002915,0.8129999997081541,0.5548823948681397
0.003,190,49.07,17,83,12.434834136408899,0,0,0,-4400.96700000022,0.5879999997805498,0.5491803278688525
0.003,191,72.71,47,105,12.857134206346297,0,0,0,-4422.942000000173,1.7489999998269923,0.550784034212402
0.003,192,50.46,25,88,10.888911791359135,0,0,0,-4302.9680000002845,0.788999999715088,0.5375980042765502
0.003,193,69.37,44,97,12.229190488335684,0,0,0,-4457.585000000296,1.1609999997044724,0.5495367070563079
0.003,194,54.32,37,78,9.246491226405832,0,0,0,-4625.991000000462,0.9599999995380131,0.5634354953670706
0.003,195,45.69,19,74,10.628918101105116,0,0,0,-4556.494000000278,0.6689999997215637,0.5602280826799715
0.003,196,55.59,21,87,13.140087518734417,0,0,0,-4521.845000000364,0.6209999996362967,0.5477548111190307
0.003,197,54.5,22,82,11.963695081370137,0,0,0,-4469.906000000308,0.6539999996921324,0.5504276550249465
0.003,198,57.7,26,88,12.885262899917874,0,0,0,-4629.087000000336,0.8249999996642146,0.5675338560228083
0.003,199,49.83,25,88,14.010035688748262,0,0,0,-4589.809000000096,1.025999999904343,0.5538132573057734
0.003,200,60.62,23,113,14.16882493363511,0,0,0,-4553.028000000271,0.9269999997286504,0.5593371347113328
0.003,201,43.72,16,77,11.324380777773237,0,0,0,-4528.664000000307,0.5759999996926126,0.5541696364932288
0.003,202,58.19,26,97,12.914871273071212,0,0,0,-4579.845000000335,0.8279999996648257,0.5614754098360656
0.003,203,42.98,21,75,9.99697954384223,0,0,0,-4633.435000000298,0.7379999997019695,0.5609408410548824
0.003,204,59.99,35,96,13.044918550914758,0,0,0,-4603.727999999973,1.5240000000276268,0.5604062722736992
0.003,205,67.26,39,98,13.184551566132237,0,0,0,-4465.985000000488,0.9689999995116523,0.5561297220242338
0.003,206,47.31,18,78,12.003078771715195,0,0,0,-4473.070000000237,0.6419999997633568,0.5545260156806843
0.003,207,35.98,8,75,11.673028741504922,0,0,0,-4624.357000000193,0.3209999998070998,0.5680684248039914
0.003,208,44.43,18,71,10.192404034377759,0,0,0,-4508.84100000024,0.6419999997606283,0.5639700641482538
0.003,209,42.55,17,67,11.311388066899658,0,0,0,-4579.634000000445,0.6119999995553371,0.556664290805417
0.003,210,49.82,25,77,11.285725497281954,0,0,0,-4580.0660000005155,0.5639999994846221,0.5653955808980755
0.003,211,43.72,22,81,11.158924679376593,0,0,0,-4505.519000000331,0.5759999996689658,0.5552387740555952
0.003,212,73.33,43,113,15.414314775558465,0,0,0,-4574.861000000272,1.4309999997285558,0.562544547398432
0.003,213,51.88,27,79,11.83324131419621,0,0,0,-4506.50700000044,0.683999999560001,0.5564861012116893
0.003,214,77.21,35,116,15.052106164919248,0,0,0,-4586.5680000000675,1.478999999932057,0.5568424803991446
0.003,215,55.11,25,89,12.89953099922629,0,0,0,-4575.906000000328,0.8519999996715342,0.5529223093371347
0.003,216,41.11,17,67,11.75405887342751,0,0,0,-4562.035999999965,0.8220000000355867,0.5552387740555952
0.003,217,48.84,21,77,12.28960536388374,0,0,0,-4417.262000000377,0.5609999996231636,0.5477548111190307
0.003,218,49.57,27,83,12.311177847793441,0,0,0,-4490.811000000217,0.9779999997826962,0.5520313613684961
0.003,219,65.71,38,104,13.664768567377935,0,0,0,-4614.982000000379,1.0529999996206243,0.562544547398432
0.003,220,51.25,23,85,13.016431922765932,0,0,0,-4499.0940000004,0.6659999995999897,0.5577334283677833
0.003,221,63.02,33,88,12.617432385394425,0,0,0,-4437.870000000258,1.2119999997421473,0.5538132573057734
0.003,222,44.72,19,74,11.897966212760902,0,0,0,-4643.678999999857,1.0710000001427034,0.5648610121168923
0.003,223,79.7,49,117,12.92168719633779,0,0,0,-4472.854000000367,1.5839999996333063,0.5557733428367784
0.003,224,45.49,12,75,13.376468143721645,0,0,0,-4490.379000000368,0.3059999996321494,0.5588025659301497
0.003,225,54.24,28,83,11.44912223709748,0,0,0,-4550.559000000391,0.7889999996086772,0.5575552387740556
0.003,226,58.48,30,91,12.028699015271767,0,0,0,-4424.8470000005145,0.7529999994858372,0.5531004989308624
0.003,227,61.95,26,97,13.875427921329129,0,0,0,-4596.138000000267,0.8669999997327977,0.5609408410548824
0.003,228,45.43,16,85,10.648243986686255,0,0,0,-4587.246000000174,0.6179999998257699,0.5661083392729864
0.003,229,56.91,26,88,13.247713010176511,0,0,0,-4504.4790000002085,1.07399999979134,0.5491803278688525
0.003,230,46.27,19,83,12.767031761533296,0,0,0,-4546.479000000301,0.6449999996984843,0.5573770491803278
0.003,231,70.61,32,113,15.423290829132414,0,0,0,-4414.591000000158,1.1159999998426429,0.5381325730577334
0.003,232,31.65,15,59,9.489336120087643,0,0,0,-4567.8350000003,0.46799999969971395,0.5602280826799715
0.003,233,54.35,24,93,13.790123277186465,0,0,0,-4516.131000000303,0.7229999996970946,0.5511404133998574
0.003,234,43.4,8,68,12.195900950729305,0,0,0,-4490.4549999999,0.4560000001001754,0.5463292943692089
0.003,235,46.0,20,75,11.976643937263894,0,0,0,-4508.891000000433,0.5399999995661346,0.5531004989308624
0.003,236,37.92,11,67,11.781069560952435,0,0,0,-4479.357000000081,0.4499999999188731,0.5568424803991446
0.003,237,63.28,31,97,12.746042523073584,0,0,0,-4491.959999999926,1.5150000000739965,0.5514967925873129
0.003,238,49.3,20,83,12.65029643921438,0,0,0,-4519.495000000313,0.6089999996875122,0.5525659301496793
0.003,239,61.76,32,96,14.031478895683092,0,0,0,-4444.8030000003455,0.8279999996548213,0.5466856735566643
0.003,240,34.42,8,70,11.328000706214667,0,0,0,-4621.077000000304,0.2939999996960978,0.5525659301496793
0.003,241,44.3,16,75,10.877040038539898,0,0,0,-4538.104000000171,0.6299999998291241,0.5564861012116893
0.003,242,46.25,21,66,10.338641109933162,0,0,0,-4615.797000000409,0.5969999995913895,0.5561297220242338
0.003,243,46.5,22,72,11.131486872830601,0,0,0,-4492.008000000331,0.7649999996692713,0.5516749821810406
0.003,244,53.58,28,87,13.524925138424981,0,0,0,-4534.546000000288,1.0379999997121558,0.5561297220242338
0.003,245,75.77,49,118,13.593274072128468,0,0,0,-4555.108000000371,1.3679999996284096,0.5570206699928724
0.003,246,55.05,26,91,12.768222272501369,0,0,0,-4511.052000000267,0.8909999997331397,0.5573770491803278
0.003,247,54.56,23,84,10.857550368292104,0,0,0,-4444.744000000447,0.722999999552485,0.5595153243050606
0.003,248,54.56,30,80,10.597471396517191,0,0,0,-4451.5529999999535,1.5390000000461441,0.5506058446186742
0.003,249,63.11,28,99,10.864524840047078,0,0,0,-4420.342000000355,0.7679999996444167,0.5482893799002139
0.003,250,41.42,9,64,10.189386635121862,0,0,0,-4495.580999999869,0.453000000130487,0.5550605844618675
0.003,251,56.86,23,91,12.845248148634575,0,0,0,-4569.90300000022,0.8609999997797786,0.5602280826799715
0.003,252,55.08,21,83,14.042563868467894,0,0,0,-4582.759999999998,0.8580000000019936,0.5630791161796151
0.003,253,51.77,28,81,13.126198992853949,0,0,0,-4607.864000000134,1.127999999866006,0.5616535994297933
0.003,254,48.83,23,84,11.056269714510405,0,0,0,-4433.844000000351,0.6329999996487459,0.544903777619387
0.003,255,43.19,16,74,10.94960729889433,0,0,0,-4454.780000000216,0.5519999997841296,0.5575552387740556
0.003,256,53.51,23,87,12.281282506318304,0,0,0,-4605.713000000376,0.6779999996233528,0.5646828225231646
0.003,257,54.8,31,85,11.260550608207398,0,0,0,-4430.681000000253,1.172999999746935,0.5548823948681397
0.003,258,61.66,25,92,12.494974989970968,0,0,0,-4398.551000000124,1.0259999998761486,0.5506058446186742
0.003,259,55.35,19,92,11.71441419790166,0,0,0,-4417.954000000211,0.6749999997891791,0.550071275837491
0.003,260,54.98,24,85,12.562627113784758,0,0,0,-4576.244000000127,0.908999999873231,0.5577334283677833
0.003,261,45.3,23,80,11.393419153177856,0,0,0,-4520.2480000003625,0.6989999996376355,0.5545260156806843
0.003,262,59.13,22,88,14.039697290184003,0,0,0,-4540.934000000075,0.791999999924883,0.5611190306486101
0.003,263,59.18,33,91,12.161726851068478,0,0,0,-4669.064000000422,0.8129999995780963,0.5671774768353528
0.003,264,46.5,20,73,11.442464769445436,0,0,0,-4485.63800000036,0.5729999996401602,0.5520313613684961
0.003,265,41.88,9,73,12.147658210535889,0,0,0,-4417.298000000434,0.2309999995668477,0.5497148966500356
0.003,266,50.61,23,80,11.395521049956425,0,0,0,-4640.156000000006,1.0529999999935171,0.5641482537419815
0.003,267,57.05,32,87,12.974108832594244,0,0,0,-4465.060000000234,1.232999999765525,0.5523877405559515
0.003,268,63.53,38,102,12.104094348607829,0,0,0,-4462.92500000024,1.3139999997592895,0.5532786885245902
0.003,269,46.02,26,75,11.013609762471159,0,0,0,-4468.157000000411,0.596999999588661,0.5534568781183179
0.003,270,60.26,30,90,11.773376745861826,0,0,0,-4606.649000000155,1.0019999998448839,0.5604062722736992
0.003,271,39.14,14,75,9.173897753953877,0,0,0,-4422.306000000182,0.7829999998175481,0.5497148966500356
0.003,272,56.6,23,87,12.395967086113128,0,0,0,-4448.2260000005235,0.5639999994764366,0.5454383464005702
0.003,273,56.89,23,90,12.571312580633734,0,0,0,-4538.369000000335,0.8129999996644983,0.5543478260869565
0.003,274,68.1,34,102,13.623876100434854,0,0,0,-4514.437000000377,1.04699999962304,0.5563079116179616
0.003,275,64.21,25,98,13.677934785631932,0,0,0,-4523.633000000523,0.6659999994772079,0.5511404133998574
0.003,276,45.19,18,82,12.503355549611472,0,0,0,-4539.216000000127,0.6779999998734638,0.5514967925873129
0.003,277,58.04,28,86,12.074700824451098,0,0,0,-4517.521000000212,0.9959999997881823,0.5595153243050606
0.003,278,64.45,35,96,13.102957681378658,0,0,0,-4365.969000000354,1.1249999996462066,0.5523877405559515
0.003,279,65.79,39,103,13.694739866094572,0,0,0,-4456.446000000484,1.0709999995160615,0.5511404133998574
0.003,280,44.08,19,67,10.492549737790142,0,0,0,-4566.269000000065,0.7919999999348875,0.5534568781183179
0.003,281,63.7,31,94,13.215521177766696,0,0,0,-4485.565000000423,0.8129999995762773,0.5495367070563079
0.003,282,52.93,16,85,12.610515453382545,0,0,0,-4624.945000000161,0.7289999998392886,0.5637918745545261
0.003,283,50.29,25,82,11.8256458597406,0,0,0,-4537.644000000204,0.9089999997959239,0.562544547398432
0.003,284,42.62,12,70,10.687169877942429,0,0,0,-4525.158999999789,0.8310000002111337,0.5491803278688525
0.003,285,49.21,25,81,10.878690178509544,0,0,0,-4621.246000000498,0.6869999995024045,0.5611190306486101
0.003,286,26.8,3,47,9.543584232352119,0,0,0,-4709.779999999986,0.1170000000138316,0.5668210976478973
0.003,287,43.82,18,85,12.242859143190367,0,0,0,-4516.252000000013,0.7349999999869397,0.5532786885245902
0.003,288,45.05,10,79,13.109824560229628,0,0,0,-4511.912000000381,0.33599999961825233,0.5559515324305061
0.003,289,48.21,18,83,12.091563174379068,0,0,0,-4669.899000000002,0.8339999999980137,0.5707412687099074
0.003,290,57.37,26,88,13.323404219642965,0,0,0,-4424.647000000443,0.7139999995570179,0.5555951532430506
0.003,291,47.54,19,80,12.664454192739614,0,0,0,-4572.067000000256,0.8369999997448758,0.5568424803991446
0.003,292,40.21,14,60,10.082950956937161,0,0,0,-4515.313000000196,0.542999999804124,0.5479330007127584
0.003,293,37.11,13,70,11.45154574719064,0,0,0,-4573.825999999904,0.6900000000960063,0.5541696364932288
0.003,294,53.36,27,88,12.438263544402007,0,0,0,-4483.542000000328,0.8699999996724728,0.5612972202423379
0.003,295,48.35,13,79,12.266519473754565,0,0,0,-4520.825999999966,0.5370000000339132,0.5506058446186742
0.003,296,43.33,17,75,12.745238326528067,0,0,0,-4477.133000000459,0.7979999995404796,0.562544547398432
0.003,297,34.44,13,66,10.532160272232852,0,0,0,-4608.436000000083,0.5579999999163192,0.5612972202423379
0.003,298,57.53,27,98,12.99650337590846,0,0,0,-4419.941000000335,0.7919999996647675,0.5497148966500356
0.003,299,47.74,14,78,11.09650395394874,0,0,0,-4374.696000000322,0.47099999967849726,0.550784034212402
0.003,300,55.93,26,94,13.204737786112982,0,0,0,-4609.793000000086,1.2389999999140855,0.5616535994297933
0.003,301,42.42,22,73,10.576558986740443,0,0,0,-4548.279000000138,0.8579999998619314,0.5541696364932288
0.003,302,48.58,19,82,10.471083993551002,0,0,0,-4485.366000000391,0.5399999996088809,0.5588025659301497
0.003,303,54.38,22,118,15.624199179477968,0,0,0,-4624.717000000216,0.761999999784166,0.5570206699928724
0.003,304,41.24,14,65,11.067176695074494,0,0,0,-4502.095000000375,0.4889999996248662,0.5548823948681397
0.003,305,61.53,24,86,12.430168944950024,0,0,0,-4516.4300000001,0.9299999998993371,0.5561297220242338
0.003,306,65.6,35,120,13.509256086106296,0,0,0,-4387.913000000409,0.9749999995910912,0.5447255880256593
0.003,307,57.76,31,90,11.753399508227396,0,0,0,-4485.4450000003535,0.9599999996462429,0.5529223093371347
0.003,308,45.45,15,85,11.909974811056486,0,0,0,-4496.0150000002,0.6689999997997802,0.5548823948681397
0.003,309,67.29,38,106,13.270489817636724,0,0,0,-4435.251000000373,1.1579999996265542,0.552744119743407
0.003,310,40.8,22,64,10.093562304756434,0,0,0,-4603.766000000368,0.665999999631822,0.5637918745545261
0.003,311,44.04,20,65,11.371824831573866,0,0,0,-4531.6430000001465,0.8459999998531202,0.5571988595866001
0.003,312,65.18,44,107,13.069338162278916,0,0,0,-4475.473000000406,1.3049999995946564,0.5586243763364219
0.003,313,53.21,27,94,12.254219681399546,0,0,0,-4474.687000000385,0.842999999615131,0.552744119743407
0.003,314,48.48,19,86,11.971198770382188,0,0,0,-4481.442000000011,0.8999999999887223,0.5561297220242338
0.003,315,54.5,22,80,12.007081243999309,0,0,0,-4645.093000000389,0.6989999996112601,0.5602280826799715
0.003,316,82.12,49,120,14.686238456459842,0,0,0,-4527.215000000362,1.6739999996379993,0.5588025659301497
0.003,317,53.06,21,82,12.460995144850992,0,0,0,-4633.986000000185,0.8399999998146086,0.56503920171062
0.003,318,55.83,34,81,11.543877164973647,0,0,0,-4537.866000000232,1.2629999997679988,0.5623663578047042
0.003,319,51.54,29,86,11.626194562280471,0,0,0,-4444.507000000236,1.019999999763968,0.5589807555238774
0.003,320,38.64,6,64,10.369686591213835,0,0,0,-4636.55299999948,0.4410000005200345,0.557911617961511
0.003,321,71.69,43,104,12.87299110541136,0,0,0,-4502.6790000003175,1.451999999682812,0.5563079116179616
0.003,322,33.1,9,60,10.25426740435415,0,0,0,-4406.149000000216,0.3089999997837367,0.5554169636493229
0.003,323,48.21,20,80,13.165329467962433,0,0,0,-4420.910000000179,0.7589999998208441,0.5516749821810406
0.003,324,53.63,23,96,13.824366169918967,0,0,0,-4469.193999999987,1.0230000000128712,0.5532786885245902
0.003,325,56.26,28,87,12.731551358730798,0,0,0,-4398.1290000001845,0.9089999998150233,0.5509622238061297
0.003,326,84.61,50,131,16.54502644301302,0,0,0,-4433.330000000456,1.3109999995440376,0.5586243763364219
0.003,327,49.92,22,79,11.467937914027962,0,0,0,-4381.884000000361,0.6509999996387705,0.5470420527441198
0.003,328,56.74,29,90,12.681971455574248,0,0,0,-4541.9350000003515,1.0169999996487604,0.5571988595866001
0.003,329,66.14,29,97,13.207588727697422,0,0,0,-4585.967000000192,1.4639999998080384,0.5614754098360656
0.003,330,47.46,22,73,10.9100137488456,0,0,0,-4476.691000000176,0.8099999998239582,0.550071275837491
0.003,331,50.13,19,75,11.211293413339963,0,0,0,-4559.428999999888,0.8340000001117005,0.5525659301496793
0.003,332,46.69,21,83,11.13974416223281,0,0,0,-4537.422000000455,0.656999999544496,0.5545260156806843
0.003,333,57.28,30,94,12.605617795253035,0,0,0,-4570.04000000003,1.2389999999704742,0.5593371347113328
0.003,334,71.8,38,106,15.607690412101336,0,0,0,-4671.382000000273,1.1189999997268387,0.5630791161796151
0.003,335,53.02,30,86,12.79216947980287,0,0,0,-4508.362000000288,0.9779999997117557,0.5568424803991446
0.003,336,65.52,30,101,15.204920256285465,0,0,0,-4409.963000000256,0.96299999974417,0.5518531717747683
0.003,337,60.43,36,85,10.859332392002742,0,0,0,-4563.679000000135,1.4639999998653366,0.5561297220242338
0.003,338,37.08,16,66,9.739281287651568,0,0,0,-4585.737000000013,0.6539999999868087,0.5557733428367784
0.003,339,50.0,26,75,10.586784214292837,0,0,0,-4482.618000000206,1.0919999997940977,0.5525659301496793
0.003,340,42.62,14,72,10.624292917648685,0,0,0,-4500.447999999875,0.7890000001252702,0.5450819672131147
0.003,341,45.98,17,83,12.796858989611474,0,0,0,-4546.3960000001525,0.6149999998478961,0.5491803278688525
0.003,342,72.81,37,127,15.706492288222725,0,0,0,-4302.546000000362,1.031999999638174,0.5420527441197434
0.003,343,66.42,30,105,13.899050327270565,0,0,0,-4433.860000000348,0.7769999996517072,0.5484675694939416
0.003,344,60.0,34,87,12.470765814495916,0,0,0,-4570.355000000251,1.3679999997493724,0.5561297220242338
0.003,345,49.26,24,78,10.51629212222635,0,0,0,-4530.6839999999775,1.11000000002241,0.5543478260869565
0.003,346,47.61,19,73,10.66198386793002,0,0,0,-4683.652000000063,0.8789999999371503,0.5682466143977192
0.003,347,90.73,60,129,14.922369114855725,0,0,0,-4443.514000000181,2.4329999998190033,0.5532786885245902
0.003,348,50.16,20,79,13.086420442580927,0,0,0,-4449.24100000037,0.542999999629501,0.5538132573057734
0.003,349,87.63,47,126,14.933623137068913,0,0,0,-4566.725000000194,1.748999999806074,0.5497148966500356
0.003,350,76.8,43,111,15.276779765382493,0,0,0,-4383.67600000038,1.1219999996201295,0.5381325730577334
0.003,351,33.16,9,63,9.798693790500856,0,0,0,-4559.174000000149,0.3299999998507701,0.5557733428367784
0.003,352,54.22,24,82,11.717149824082647,0,0,0,-4416.1930000003385,0.7979999996614424,0.550071275837491
0.003,353,44.77,22,72,9.989849848721452,0,0,0,-4563.829000000229,0.8279999997712366,0.5532786885245902
0.003,354,53.39,24,79,12.553800221446892,0,0,0,-4397.145000000236,0.7919999997639025,0.5561297220242338
0.003,355,44.63,21,71,11.120840795551386,0,0,0,-4551.436999999975,1.05300000002444,0.5493585174625801
0.003,356,41.16,19,77,11.556573886753808,0,0,0,-4563.398000000384,0.6779999996160768,0.5557733428367784
0.003,357,72.01,44,122,14.423241660597663,0,0,0,-4468.5250000001915,1.2809999998080457,0.5541696364932288
0.003,358,68.21,30,98,15.223859563198813,0,0,0,-4534.683000000474,0.6629999995257094,0.5506058446186742
0.003,359,51.8,28,78,10.576388797694609,0,0,0,-4560.964000000371,0.7409999996289116,0.5588025659301497
0.003,360,55.34,28,94,12.676135057658545,0,0,0,-4665.752999999897,1.3980000001029111,0.5614754098360656
0.003,361,54.39,25,91,13.270941940947523,0,0,0,-4568.942000000115,0.9089999998850544,0.5595153243050606
0.003,362,80.06,49,106,13.443823860791989,0,0,0,-4472.420000000393,1.2539999996070037,0.5580898075552387
0.003,363,37.16,16,63,10.482099026435499,0,0,0,-4478.006000000308,0.47999999969215423,0.5520313613684961
0.003,364,55.29,34,77,10.310475255777495,0,0,0,-4598.574000000466,0.9239999995334074,0.5523877405559515
0.003,365,49.25,18,86,10.883358856529542,0,0,0,-4643.040000000177,0.5879999998223866,0.5641482537419815
0.003,366,43.72,17,76,11.445593038370706,0,0,0,-4605.543999999878,0.8850000001220906,0.5529223093371347
0.003,367,54.36,28,93,12.555891047631784,0,0,0,-4510.732000000358,0.8249999996414772,0.5563079116179616
0.003,368,49.89,21,75,12.444994977901759,0,0,0,-4448.561000000161,0.8309999998391504,0.5506058446186742
0.003,369,49.05,24,85,12.405140063699402,0,0,0,-4554.944000000168,0.8369999998321873,0.5600498930862438
0.003,370,58.41,31,92,11.61989242635232,0,0,0,-4424.100000000288,1.1909999997124032,0.5511404133998574
0.003,371,54.12,26,101,13.796579286185398,0,0,0,-4484.733999999768,1.491000000232816,0.5552387740555952
0.003,372,43.62,16,73,10.426677323097708,0,0,0,-4269.8210000001845,0.6239999998151688,0.5379543834640057
0.003,373,49.97,20,77,10.708365888407062,0,0,0,-4528.948000000253,0.5999999997466148,0.5571988595866001
0.003,374,33.72,9,62,11.162508678608049,0,0,0,-4643.673000000137,0.3599999998632484,0.5611190306486101
0.003,375,42.29,23,65,9.575275452956955,0,0,0,-4656.989999999986,1.1130000000139262,0.5623663578047042
0.003,376,65.18,37,105,13.626723744172697,0,0,0,-4519.218000000014,1.8539999999857173,0.5529223093371347
0.003,377,42.84,17,74,11.339947089823657,0,0,0,-4507.793000000245,0.6659999997546038,0.5623663578047042
0.003,378,49.04,27,83,10.895797354943786,0,0,0,-4561.74800000039,0.7889999996104962,0.5568424803991446
0.003,379,55.03,23,82,11.976188876266106,0,0,0,-4431.8969999999135,1.0710000000863147,0.5445473984319316
0.003,380,72.78,43,106,12.961928868806524,0,0,0,-4413.096000000313,1.4009999996869738,0.5463292943692089
0.003,381,44.66,19,77,11.678373174376643,0,0,0,-4458.190000000192,0.7139999998080384,0.5555951532430506
0.003,382,50.55,30,80,10.503689827865253,0,0,0,-4513.154000000438,0.7619999995622493,0.5561297220242338
0.003,383,61.66,32,97,13.257616678724725,0,0,0,-4565.5720000001065,1.637999999893509,0.5614754098360656
0.003,384,68.21,35,100,13.300597730929239,0,0,0,-4475.691000000217,1.3589999997830091,0.5514967925873129
0.003,385,46.05,26,76,11.200334816424016,0,0,0,-4536.555000000319,0.956999999681102,0.5605844618674269
0.003,386,75.88,48,111,14.028741925062276,0,0,0,-4444.305000000369,1.4459999996315673,0.561831789023521
0.003,387,46.87,24,69,10.408318788353862,0,0,0,-4480.074000000077,0.9509999999227148,0.5529223093371347
0.003,388,84.95,41,125,15.935730293902441,0,0,0,-4384.360000000096,1.5089999999036081,0.5447255880256593
0.003,389,51.75,22,84,12.457427503300993,0,0,0,-4599.6980000003105,0.7259999996895203,0.5659301496792587
0.003,390,37.93,16,74,9.053457902923059,0,0,0,-4628.962000000237,0.5009999997628256,0.5602280826799715
0.003,391,66.16,23,110,15.153032699760137,0,0,0,-4498.071000000281,0.6479999997191044,0.557911617961511
0.003,392,51.07,29,83,11.091668044077048,0,0,0,-4496.361000000226,0.9779999997736013,0.5634354953670706
0.003,393,50.09,24,82,12.131030459115992,0,0,0,-4424.382000000417,0.8039999995826292,0.5550605844618675
0.003,394,55.94,24,99,14.351877925902238,0,0,0,-4473.829999999942,1.1520000000582513,0.5482893799002139
0.003,395,56.2,19,88,13.772436240549453,0,0,0,-4448.674000000327,0.6569999996727347,0.550071275837491
0.003,396,51.33,25,75,10.804679541754119,0,0,0,-4487.167000000332,0.8789999996679398,0.5481111903064861
0.003,397,66.42,35,100,12.888894444443247,0,0,0,-4452.388000000366,0.9239999996334518,0.5538132573057734
0.003,398,55.74,32,103,13.276008436273306,0,0,0,-4557.5940000002975,1.2089999997024279,0.556664290805417
0.003,399,69.14,32,101,13.864357179472838,0,0,0,-4609.238000000514,1.0049999994862446,0.561831789023521
0.003,400,71.81,41,108,13.78165084451061,0,0,0,-4573.787999999942,2.0280000000575455,0.5531004989308624
0.003,401,48.04,21,73,12.261256053112993,0,0,0,-4542.357000000286,0.7679999997144478,0.5532786885245902
0.003,402,71.99,34,108,15.292805498011147,0,0,0,-4496.0230000004985,0.881999999501204,0.5591589451176051
0.003,403,70.8,34,107,13.923361663046752,0,0,0,-4504.496000000161,1.4549999998389467,0.5588025659301497
0.003,404,56.6,28,92,12.613484847574837,0,0,0,-4382.581000000247,0.9329999997535197,0.5431218816821097
0.003,405,58.28,28,88,12.587358738035553,0,0,0,-4454.559000000326,1.1849999996738916,0.5488239486813971
0.003,406,48.76,17,74,9.533226106623088,0,0,0,-4454.063000000287,0.6149999997132909,0.5522095509622238
0.003,407,60.99,21,85,13.48739782167042,0,0,0,-4476.904000000245,0.6869999997552441,0.5456165359942979
0.003,408,61.31,28,106,14.569622507120766,0,0,0,-4540.507000000371,0.8159999996296392,0.5570206699928724
0.003,409,56.91,22,87,11.84744276204785,0,0,0,-4467.003000000197,0.7919999998030107,0.5477548111190307
0.003,410,48.61,19,83,12.77411053655009,0,0,0,-4528.254000000197,0.6779999998025232,0.5523877405559515
0.003,411,58.61,31,90,12.669565896272847,0,0,0,-4433.075000000139,1.2689999998610801,0.546863863150392
0.003,412,52.68,17,84,13.645424141447565,0,0,0,-4506.069999999957,0.7110000000429864,0.5550605844618675
0.003,413,49.09,18,83,12.17546303020957,0,0,0,-4584.6340000001865,0.6359999998139756,0.5548823948681397
0.003,414,53.22,29,84,11.100072071838094,0,0,0,-4548.505000000392,0.9839999996074766,0.5596935138987883
0.003,415,63.02,31,95,14.612309879002705,0,0,0,-4435.721000000549,0.7109999994509053,0.5532786885245902
0.003,416,59.91,34,94,14.047843250833916,0,0,0,-4510.071000000301,1.1789999996990446,0.5577334283677833
0.003,417,41.25,20,69,10.738132984834934,0,0,0,-4540.300000000191,0.6809999998085914,0.5561297220242338
0.003,418,42.44,21,69,10.53216027223285,0,0,0,-4518.980000000192,0.7049999998080239,0.5563079116179616
0.003,419,44.78,24,72,11.123470681401557,0,0,0,-4622.039000000148,0.9299999998520434,0.5721667854597291
0.003,420,47.11,20,87,10.966216302809277,0,0,0,-4539.946000000131,0.8969999998689673,0.5557733428367784
0.003,421,39.39,13,76,11.294153354722965,0,0,0,-4548.612000000204,0.5279999997965206,0.5621881682109765
0.003,422,39.66,19,65,9.58354840338379,0,0,0,-4507.708000000029,0.7859999999709544,0.5520313613684961
0.003,423,41.16,18,69,10.32929813685325,0,0,0,-4724.229000000122,0.8459999998776766,0.5689593727726301
0.003,424,50.23,24,86,10.392165318161561,0,0,0,-4433.0730000002995,0.7409999997007617,0.5493585174625801
0.003,425,65.77,36,94,13.525424207765166,0,0,0,-4460.196000000404,1.0079999995959952,0.5543478260869565
0.003,426,41.49,13,77,11.590940427765126,0,0,0,-4446.788000000332,0.5609999996677288,0.5466856735566643
0.003,427,44.44,18,66,10.134416608764413,0,0,0,-4475.2390000001205,0.7169999998795902,0.5580898075552387
0.003,428,41.67,19,70,9.659249453244284,0,0,0,-4575.216000000151,0.824999999848842,0.5605844618674269
0.003,429,65.37,40,103,13.390784144328517,0,0,0,-4511.589000000228,1.5839999997715495,0.5561297220242338
0.003,430,63.92,29,100,14.256703686336474,0,0,0,-4374.040000000309,0.8459999996912302,0.5559515324305061
0.003,431,79.56,52,111,13.920718372268007,0,0,0,-4521.992000000067,2.3579999999337815,0.5511404133998574
0.003,432,63.65,21,107,17.020208576865326,0,0,0,-4482.105000000304,0.6479999996954575,0.5538132573057734
0.003,433,41.89,14,72,12.04150738072273,0,0,0,-4534.795000000171,0.5489999998289932,0.5614754098360656
0.003,434,53.58,28,81,12.968561986588954,0,0,0,-4526.459000000166,1.0889999998335043,0.5488239486813971
0.003,435,49.89,19,77,10.784150406962988,0,0,0,-4527.929000000318,0.5429999996813422,0.5470420527441198
0.003,436,47.7,19,94,13.419016357393712,0,0,0,-4638.121000000307,0.6809999996930856,0.5671774768353528
0.003,437,64.71,33,96,12.650134386637953,0,0,0,-4500.211000000354,1.1039999996455663,0.5602280826799715
0.003,438,77.76,43,108,14.76151753716399,0,0,0,-4424.147000000234,1.5239999997666018,0.5514967925873129
0.003,439,37.79,8,61,10.965669154228573,0,0,0,-4541.681000000115,0.26999999988493073,0.5548823948681397
0.003,440,55.17,21,91,13.48336382361612,0,0,0,-4502.43400000036,0.6419999996396655,0.5589807555238774
0.003,441,60.39,35,94,11.793977276559422,0,0,0,-4454.126000000488,0.8909999995121325,0.5495367070563079
0.003,442,36.61,12,76,11.92048237279012,0,0,0,-4522.667000000175,0.4499999998251951,0.5591589451176051
0.003,443,39.26,18,62,9.166918784411695,0,0,0,-4550.324000000248,0.677999999752501,0.5607626514611547
0.003,444,49.26,23,87,11.386500779431756,0,0,0,-4609.802999999907,1.2300000000932414,0.554704205274412
0.003,445,42.39,19,69,11.14979372006496,0,0,0,-4387.6000000000295,0.869999999970787,0.5413399857448326
0.003,446,69.89,36,108,13.153626876264964,0,0,0,-4705.843000000265,1.2809999997343766,0.5643264433357092
0.003,447,43.66,16,70,10.043127003080267,0,0,0,-4430.63600000025,0.5939999997499399,0.5443692088382038
0.003,448,60.29,34,91,11.68699704800168,0,0,0,-4473.413000000117,1.3379999998833227,0.5555951532430506
0.003,449,59.7,23,97,14.856984889270096,0,0,0,-4416.1370000004135,0.6479999995863182,0.5623663578047042
0.003,450,51.7,29,75,11.14943944779288,0,0,0,-4528.459000000257,1.0199999997430496,0.5545260156806843
0.003,451,54.22,29,84,11.962926063467918,0,0,0,-4450.452000000272,1.0379999997276173,0.5523877405559515
0.003,452,42.16,20,70,9.514956647300082,0,0,0,-4671.359000000455,0.5729999995446633,0.5710976478973628
0.003,453,43.89,20,73,11.349797355019163,0,0,0,-4399.527000000312,0.5879999996877814,0.5531004989308624
0.003,454,58.83,28,88,12.444319989457037,0,0,0,-4556.774000000406,0.8999999995940016,0.5589807555238774
0.003,455,47.98,22,76,11.385938696479972,0,0,0,-4610.642000000379,0.5849999996207771,0.5662865288667142
0.003,456,53.81,25,83,12.32290144405935,0,0,0,-4546.8470000003745,0.8519999996251499,0.5571988595866001
0.003,457,46.16,22,74,11.035143859506318,0,0,0,-4554.271999999868,1.2210000001323351,0.559871703492516
0.003,458,49.83,16,88,13.4506914320417,0,0,0,-4415.259000000068,0.743999999931475,0.5454383464005702
0.003,459,44.51,14,89,12.364056777611465,0,0,0,-4471.087000000307,0.4259999996929764,0.5415181753385603
0.003,460,42.65,21,69,9.491443515082414,0,0,0,-4508.3090000004695,0.44999999953051883,0.556664290805417
0.003,461,62.02,31,85,10.244979258153723,0,0,0,-4551.024000000378,0.803999999622647,0.56503920171062
0.003,462,57.73,34,83,11.327713802881851,0,0,0,-4549.870000000401,0.9359999995986072,0.5605844618674269
0.003,463,41.37,13,83,12.893141587681415,0,0,0,-4492.373000000304,0.329999999696156,0.5506058446186742
0.003,464,35.56,13,61,9.829872837427756,0,0,0,-4375.761000000049,0.5639999999511929,0.5470420527441198
0.003,465,51.83,25,81,11.02093916143266,0,0,0,-4574.631000000366,0.7169999996340266,0.5582679971489665
0.003,466,61.41,36,84,10.921625336917577,0,0,0,-4456.282000000559,0.7829999994410173,0.5441910192444761
0.003,467,41.4,16,71,11.24188596277333,0,0,0,-4598.970000000406,0.515999999593987,0.5636136849607983
0.003,468,46.73,21,92,12.281575631815326,0,0,0,-4477.996000000104,0.8819999998959247,0.5466856735566643
0.003,469,30.73,7,67,11.171262238440201,0,0,0,-4495.919000000161,0.31499999983952875,0.5532786885245902
0.003,470,60.0,30,92,14.545789768864392,0,0,0,-4481.489000000112,1.3439999998872736,0.5473984319315752
0.003,471,56.02,35,98,11.755832594929208,0,0,0,-4573.540999999956,1.6920000000445725,0.5523877405559515
0.003,472,66.7,31,115,16.85734261382855,0,0,0,-4462.610000000222,1.2149999997782288,0.5564861012116893
0.003,473,64.08,29,97,13.923131831595937,0,0,0,-4461.144999999964,1.2720000000363143,0.5488239486813971
0.003,474,47.75,25,77,11.772319227747776,0,0,0,-4551.157000000259,0.7799999997405394,0.5591589451176051
0.003,475,52.57,26,80,12.469366463457556,0,0,0,-4546.095000000203,0.9929999997966661,0.5591589451176051
0.003,476,30.69,11,61,10.276862361635482,0,0,0,-4479.41599999979,0.6870000002099914,0.5441910192444761
0.003,477,59.94,27,100,15.033176643677145,0,0,0,-4479.254000000219,1.0859999997810519,0.5557733428367784
0.003,478,40.65,25,66,8.766270586743259,0,0,0,-4454.884000000377,0.6689999996233382,0.5509622238061297
0.003,479,64.82,37,97,11.908299626730928,0,0,0,-4489.476000000508,1.1669999994919635,0.5554169636493229
0.003,480,46.84,19,74,11.426915594332531,0,0,0,-4559.955000000201,0.665999999799169,0.5488239486813971
0.003,481,55.68,30,90,11.502938754944319,0,0,0,-4534.334000000396,0.8219999996035767,0.561831789023521
0.003,482,65.12,35,93,11.902335905191046,0,0,0,-4507.880000000324,1.1669999996756815,0.5596935138987883
0.003,483,71.91,38,106,13.021593604470997,0,0,0,-4372.076000000396,1.0499999996045517,0.5463292943692089
0.003,484,46.14,21,85,12.20984848390839,0,0,0,-4617.75300000024,0.8849999997601117,0.5646828225231646
0.003,485,54.75,24,82,13.370396403996406,0,0,0,-4525.462000000381,0.74699999961922,0.5554169636493229
0.003,486,77.77,53,132,14.245599320491925,0,0,0,-4390.108000000314,1.6379999996861443,0.5513186029935851
0.003,487,71.03,44,110,12.865034006950777,0,0,0,-4551.136000000286,1.562999999713611,0.5584461867426942
0.003,488,70.31,43,106,13.836686742135923,0,0,0,-4404.069000000402,1.223999999597254,0.5484675694939416
0.003,489,57.53,24,95,13.66122615287515,0,0,0,-4406.452000000091,1.0379999999086067,0.5502494654312188
0.003,490,53.67,24,91,12.04330104248831,0,0,0,-4508.346000000334,0.7799999996659608,0.554704205274412
0.003,491,37.72,15,69,10.078769766196666,0,0,0,-4565.290000000471,0.39299999952891085,0.5584461867426942
0.003,492,58.15,28,95,14.817135350667483,0,0,0,-4448.511000000359,0.8099999996411498,0.5580898075552387
0.003,493,46.01,19,74,12.46715284256995,0,0,0,-4542.831000000135,0.7319999998653657,0.5593371347113328
0.003,494,47.88,16,86,13.65157866329019,0,0,0,-4473.743000000207,0.6959999997934574,0.5511404133998574
0.003,495,60.13,34,96,13.321903017211918,0,0,0,-4451.702000000339,0.9419999996616752,0.5541696364932288
0.003,496,50.08,26,76,9.692966522174725,0,0,0,-4542.216000000051,1.1339999999490828,0.5548823948681397
0.003,497,56.75,29,86,12.17897778961765,0,0,0,-4510.580000000351,0.9299999996492261,0.5555951532430506
0.003,498,41.72,13,73,11.298743292950771,0,0,0,-4526.51300000033,0.42599999967023905,0.5559515324305061
0.003,499,42.71,18,83,12.43808264966912,0,0,0,-4651.764000000163,0.6929999998374115,0.5636136849607983
0.005,0,35.37,4,59,11.595391325867359,0,0,0,-4593.049999999008,0.19000000099185854,0.5525659301496793
0.005,1,24.97,3,52,9.550345543486895,0,0,0,-4752.809999998941,0.1950000010592703,0.5673556664290805
0.005,2,31.75,10,59,10.517960828982012,0,0,0,-4517.084999998921,0.8800000010787699,0.5434782608695652
0.005,3,39.07,19,66,9.29758570812875,0,0,0,-4582.644999999073,0.8300000009276118,0.5600498930862438
0.005,4,34.37,12,58,10.942262106164339,0,0,0,-4649.009999998996,0.6400000010035001,0.5568424803991446
0.005,5,17.96,0,53,8.876846286829574,4,4,4,-4678.364999998862,1.1377778719179332e-09,0.5577334283677833
0.005,6,36.75,9,73,11.576160848917054,0,0,0,-4563.174999998872,0.6150000011275552,0.5491803278688525
0.005,7,27.98,6,53,9.70976827735863,0,0,0,-4514.804999998982,0.3050000010180156,0.5491803278688525
0.005,8,44.51,19,79,12.51039168051904,0,0,0,-4630.249999998913,1.3200000010865551,0.559871703492516
0.005,9,38.85,17,78,10.978501719269348,0,0,0,-4439.3449999989525,0.8700000010476288,0.5457947255880257
0.005,10,50.02,24,79,11.679880136371263,0,0,0,-4569.924999998986,1.1350000010143049,0.5514967925873129
0.005,11,33.78,15,63,11.139640927785779,0,0,0,-4534.70499999899,0.9350000010099393,0.5450819672131147
0.005,12,40.63,15,76,11.820875602086337,0,0,0,-4560.849999998949,1.0050000010505755,0.5543478260869565
0.005,13,45.83,16,86,12.172965949184283,0,0,0,-4558.43499999898,0.875000001020453,0.5523877405559515
0.005,14,35.03,12,60,10.030408765349495,0,0,0,-4639.969999998971,1.1600000010294025,0.5564861012116893
0.005,15,65.17,35,102,14.16760741974452,0,0,0,-4517.11499999901,1.6400000009898577,0.5541696364932288
0.005,16,34.4,11,61,10.40768946500615,0,0,0,-4449.0249999989655,0.7800000010347503,0.546863863150392
0.005,17,29.63,10,56,9.587132000760185,0,0,0,-4586.914999998988,0.6300000010123767,0.5591589451176051
0.005,18,30.62,7,54,10.573343841945176,0,0,0,-4514.63999999896,0.4450000010401709,0.5495367070563079
0.005,19,31.44,10,57,10.491253499939843,0,0,0,-4574.564999999081,0.7950000009186624,0.5545260156806843
0.005,20,43.4,16,73,10.587728746053141,0,0,0,-4700.299999998908,1.0850000010923395,0.5648610121168923
0.005,21,52.32,14,98,13.108684144489866,0,0,0,-4509.904999998948,0.9150000010513395,0.5450819672131147
0.005,22,51.04,21,83,11.664407400292568,0,0,0,-4581.219999998985,1.2800000010147414,0.5595153243050606
0.005,23,21.63,7,46,7.17447559059197,0,0,0,-4671.439999998917,0.5000000010822987,0.5580898075552387
0.005,24,38.07,12,70,11.919945469673927,0,0,0,-4713.05499999889,0.8450000011098382,0.5630791161796151
0.005,25,50.21,20,81,10.67454448676851,0,0,0,-4668.784999999001,0.9900000009984069,0.5627227369921597
0.005,26,26.99,10,51,9.347186742544519,0,0,0,-4593.034999998897,0.6650000011031807,0.554704205274412
0.005,27,48.1,10,72,11.374972527439352,0,0,0,-4739.544999999074,0.44500000092557457,0.5641482537419815
0.005,28,37.09,8,67,11.32880841041987,0,0,0,-4516.244999998947,0.5200000010536314,0.5575552387740556
0.005,29,52.0,19,84,13.020752666416792,0,0,0,-4444.4449999989865,0.85500000101365,0.5550605844618675
0.005,30,52.68,24,85,11.66608760467707,0,0,0,-4603.2999999989925,1.1300000010078293,0.5614754098360656
0.005,31,60.26,23,96,13.713949103011865,0,0,0,-4505.309999998988,0.9500000010120857,0.5506058446186742
0.005,32,35.4,17,64,10.40096149401583,0,0,0,-4632.3899999989735,1.0050000010269287,0.5539914468995011
0.005,33,69.57,40,106,14.451473973266532,0,0,0,-4521.399999998927,2.0650000010728036,0.5486457590876693
0.005,34,56.88,30,85,13.109752095291505,0,0,0,-4527.524999999043,1.1350000009570067,0.5498930862437633
0.005,35,41.38,12,70,11.313514042948812,0,0,0,-4764.394999998925,0.8650000010748045,0.571632216678546
0.005,36,49.73,24,78,11.443648893600328,0,0,0,-4603.909999999078,1.0250000009227733,0.5545260156806843
0.005,37,32.47,9,58,10.696218958117864,0,0,0,-4667.284999998889,0.5850000011105294,0.5605844618674269
0.005,38,49.49,17,84,12.503995361483465,0,0,0,-4529.409999999059,0.7900000009403811,0.5602280826799715
0.005,39,54.54,25,89,12.157647798813716,0,0,0,-4463.314999999063,1.1100000009373616,0.547576621525303
0.005,40,64.19,32,90,11.67364124855651,0,0,0,-4430.889999999023,1.4350000009771975,0.550071275837491
0.005,41,38.59,11,71,10.286005055413884,0,0,0,-4607.38999999893,0.635000001069784,0.5577334283677833
0.005,42,34.91,10,59,9.792951546903518,0,0,0,-4710.064999998914,0.6450000010863732,0.5646828225231646
0.005,43,44.76,22,77,11.053614793360586,0,0,0,-4523.429999998918,1.4300000010816802,0.552744119743407
0.005,44,58.42,33,92,12.02928094276628,0,0,0,-4461.174999998924,1.8350000010759686,0.5465074839629366
0.005,45,49.41,17,87,11.090622164693919,0,0,0,-4512.169999998982,1.1500000010173608,0.544903777619387
0.005,46,38.6,14,74,12.293087488503447,0,0,0,-4517.609999998948,0.9200000010514486,0.5506058446186742
0.005,47,53.82,27,85,13.317942784078928,0,0,0,-4631.374999998993,1.260000001007029,0.5564861012116893
0.005,48,43.5,16,79,12.174152947946729,0,0,0,-4514.0249999989655,1.1200000010348958,0.5539914468995011
0.005,49,33.74,14,58,9.52745506418162,0,0,0,-4472.3449999989425,1.0350000010575968,0.5484675694939416
0.005,50,49.06,19,82,13.006013993533912,0,0,0,-4521.519999998966,1.0250000010337317,0.5525659301496793
0.005,51,50.11,22,87,11.85571170364732,0,0,0,-4610.224999999082,1.0650000009181895,0.5621881682109765
0.005,52,14.59,0,31,6.551480748655222,1,1,1,-4697.5449999992725,7.275957614183426e-10,0.5582679971489665
0.005,53,55.96,32,97,12.531496319274884,0,0,0,-4549.779999998899,1.6700000011005613,0.5506058446186742
0.005,54,42.7,23,67,10.99863627910297,0,0,0,-4647.749999998927,1.4500000010730218,0.5602280826799715
0.005,55,48.96,21,79,12.106130678296845,0,0,0,-4514.234999999103,0.810000000897162,0.550784034212402
0.005,56,38.49,13,67,10.801384170558883,0,0,0,-4640.344999998897,0.8750000011032171,0.5600498930862438
0.005,57,15.44,0,37,7.8298403559715055,2,2,2,-4652.104999999171,8.285496733151376e-10,0.5418745545260156
0.005,58,56.25,21,86,13.348689074212494,0,0,0,-4519.37999999891,1.0600000010899748,0.561831789023521
0.005,59,46.48,18,80,11.819881556090147,0,0,0,-4411.439999999035,0.8000000009651558,0.5418745545260156
0.005,60,59.22,22,101,14.172212247916697,0,0,0,-4621.249999998951,1.145000001049084,0.5497148966500356
0.005,61,31.09,11,50,8.240260918199132,0,0,0,-4578.859999998958,0.790000001041335,0.5548823948681397
0.005,62,37.19,16,65,10.34861826525648,0,0,0,-4671.199999998942,0.9200000010578151,0.5564861012116893
0.005,63,39.05,15,74,13.531721989458694,0,0,0,-4622.70499999895,0.7850000010494114,0.5543478260869565
0.005,64,25.8,11,51,8.40713982279348,0,0,0,-4630.304999998959,0.9050000010411168,0.5470420527441198
0.005,65,53.8,28,91,12.639620247459968,0,0,0,-4567.994999998939,1.3550000010609438,0.5555951532430506
0.005,66,44.47,14,79,12.115655161814404,0,0,0,-4504.499999998971,1.0050000010287476,0.550784034212402
0.005,67,27.73,9,61,9.399845743415154,0,0,0,-4575.859999998888,0.570000001112021,0.5563079116179616
0.005,68,39.19,13,69,11.855543007386881,0,0,0,-4453.47499999887,0.8200000011302109,0.5450819672131147
0.005,69,54.26,27,86,12.286268758252035,0,0,0,-4580.409999998926,1.370000001074004,0.5573770491803278
0.005,70,45.48,14,82,11.952807201657691,0,0,0,-4600.584999998856,0.8400000011442899,0.5506058446186742
0.005,71,34.93,11,69,9.812497133757542,0,0,0,-4532.714999998947,0.8450000010534495,0.5513186029935851
0.005,72,43.13,14,74,12.921807149156809,0,0,0,-4417.739999998938,0.8500000010617441,0.5408054169636494
0.005,73,31.91,7,58,9.832695459537023,0,0,0,-4602.064999999032,0.3550000009681753,0.5607626514611547
0.005,74,35.55,4,70,10.791084282869818,0,0,0,-4532.049999998938,0.3350000010623262,0.5416963649322879
0.005,75,62.59,41,92,11.848286795988693,0,0,0,-4438.479999998989,2.0950000010107033,0.5481111903064861
0.005,76,72.19,36,107,14.57168144038292,0,0,0,-4439.944999998986,2.1750000010142685,0.5436564504632929
0.005,77,24.86,6,52,9.111553105810227,0,0,0,-4688.9999999988795,0.4550000011204247,0.5623663578047042
0.005,78,38.74,10,67,10.550469183879928,0,0,0,-4665.074999998895,0.7350000011056181,0.5678902352102637
0.005,79,56.95,23,83,10.545496669194867,0,0,0,-4635.579999999086,1.7900000009140058,0.5621881682109765
0.005,80,52.18,25,82,11.2431134477955,0,0,0,-4683.15499999889,1.3650000011102748,0.5575552387740556
0.005,81,54.51,24,83,12.713374846986932,0,0,0,-4527.584999999005,1.29500000099506,0.5607626514611547
0.005,82,49.83,10,78,14.051373598335504,0,0,0,-4523.609999998954,0.735000001046501,0.5506058446186742
0.005,83,31.45,11,61,10.08699657975554,0,0,0,-4541.7199999989625,0.7600000010370422,0.5516749821810406
0.005,84,64.18,32,95,13.478412369415027,0,0,0,-4522.2099999989905,1.7000000010093572,0.5509622238061297
0.005,85,30.03,11,51,9.362109804953155,0,0,0,-4630.424999998955,0.7750000010446456,0.5573770491803278
0.005,86,36.48,13,61,10.93661739296022,0,0,0,-4542.799999998962,0.7950000010378062,0.5582679971489665
0.005,87,47.78,15,79,12.046227625277549,0,0,0,-4621.099999998924,1.0750000010757503,0.5621881682109765
0.005,88,34.52,9,59,9.97444735311185,0,0,0,-4643.434999999106,0.5050000008932329,0.5596935138987883
0.005,89,50.95,17,79,12.152674602736633,0,0,0,-4610.374999999021,0.9450000009783253,0.5584461867426942
0.005,90,48.77,22,83,14.054789219337298,0,0,0,-4575.464999999057,0.9600000009431824,0.5573770491803278
0.005,91,47.07,16,76,10.771494789489527,0,0,0,-4678.534999998945,1.1050000010554868,0.5641482537419815
0.005,92,46.36,20,76,12.114883408436086,0,0,0,-4490.54499999904,1.0000000009604264,0.5481111903064861
0.005,93,41.15,20,70,10.399399021097326,0,0,0,-4683.319999999045,0.8800000009550786,0.561831789023521
0.005,94,45.31,22,79,11.572981465465153,0,0,0,-4609.50999999897,1.3750000010304575,0.5621881682109765
0.005,95,33.61,10,60,10.009890109286914,0,0,0,-4621.764999998905,0.6000000010944859,0.5538132573057734
0.005,96,33.38,13,54,8.836039836940529,0,0,0,-4721.449999998946,0.7750000010546501,0.5648610121168923
0.005,97,36.93,17,57,9.406651901712957,0,0,0,-4666.22499999907,0.7150000009296491,0.5709194583036351
0.005,98,47.87,28,68,9.214830437940787,0,0,0,-4532.164999999013,1.2900000009867654,0.5620099786172488
0.005,99,41.8,17,65,11.226753760548952,0,0,0,-4628.139999999071,0.6400000009289215,0.5671774768353528
0.005,100,43.77,18,77,12.220355968628736,0,0,0,-4493.534999998908,1.0150000010926306,0.5434782608695652
0.005,101,39.78,10,66,11.085648379774634,0,0,0,-4659.349999998818,0.4500000011821612,0.5609408410548824
0.005,102,60.36,35,94,14.14321038519897,0,0,0,-4505.664999999059,1.7200000009415817,0.5609408410548824
0.005,103,42.45,18,65,10.121635243378414,0,0,0,-4524.784999998954,1.1200000010458098,0.550071275837491
0.005,104,42.91,13,73,11.743163968879937,0,0,0,-4613.864999998952,0.8000000010479198,0.550071275837491
0.005,105,49.67,16,82,13.723013517445795,0,0,0,-4596.629999998943,0.900000001056469,0.5616535994297933
0.005,106,54.34,18,92,14.099801417041306,0,0,0,-4580.249999998947,0.9250000010533768,0.5600498930862438
0.005,107,43.09,18,76,11.407975280478128,0,0,0,-4571.364999998957,0.9400000010436997,0.5552387740555952
0.005,108,39.25,20,68,9.491443515082414,0,0,0,-4551.524999998929,1.350000001070839,0.5518531717747683
0.005,109,17.98,3,37,6.923842863612662,0,0,0,-4683.769999999072,0.2600000009279029,0.552744119743407
0.005,110,72.75,40,121,15.5745786459859,0,0,0,-4381.594999999027,1.6350000009724681,0.5443692088382038
0.005,111,40.35,19,72,11.387163825992845,0,0,0,-4461.489999998976,0.8350000010241274,0.5497148966500356
0.005,112,49.16,17,80,11.92536791885265,0,0,0,-4479.904999999031,0.9550000009685391,0.5506058446186742
0.005,113,34.52,17,62,9.970436299380284,0,0,0,-4610.599999998925,0.9950000010749136,0.5484675694939416
0.005,114,38.44,13,70,11.90488975169447,0,0,0,-4728.824999999014,0.7300000009863652,0.5689593727726301
0.005,115,57.03,22,108,13.693396218615748,0,0,0,-4632.9249999989515,1.0200000010481745,0.5671774768353528
0.005,116,55.52,23,87,13.579013218934577,0,0,0,-4390.704999999005,1.0650000009954965,0.5445473984319316
0.005,117,38.67,15,69,10.571712254880946,0,0,0,-4628.609999999033,1.4800000009672658,0.5514967925873129
0.005,118,50.24,20,82,11.917315133871385,0,0,0,-4531.764999999037,0.8150000009627547,0.5582679971489665
0.005,119,38.61,11,67,11.413934466256585,0,0,0,-4605.689999998928,0.7450000010721851,0.5573770491803278
0.005,120,36.86,16,69,10.049895521844991,0,0,0,-4628.249999998955,1.0700000010447184,0.5514967925873129
0.005,121,20.51,0,45,8.777807243269812,1,1,1,-4788.209999998935,1.065018295776099e-09,0.5627227369921597
0.005,122,37.27,13,60,11.49335025134099,0,0,0,-4533.6749999989415,1.020000001058179,0.5509622238061297
0.005,123,62.23,34,114,14.94446720361753,0,0,0,-4493.459999998937,2.1350000010634176,0.5575552387740556
0.005,124,53.31,17,84,12.383614173576307,0,0,0,-4352.149999998977,0.9900000010229633,0.5359942979330007
0.005,125,48.71,17,85,13.014065467792916,0,0,0,-4528.159999999009,0.9050000009901851,0.5573770491803278
0.005,126,30.79,10,54,10.292030897738309,0,0,0,-4756.094999998891,0.5950000011089287,0.5611190306486101
0.005,127,52.13,24,85,11.99637862023369,0,0,0,-4670.694999998975,1.1850000010254007,0.5584461867426942
0.005,128,42.87,15,71,12.533678629995267,0,0,0,-4645.5699999990165,0.9700000009834184,0.5612972202423379
0.005,129,33.33,9,58,9.2898385346571,0,0,0,-4549.709999999009,0.5100000009915675,0.5636136849607983
0.005,130,27.23,8,54,8.946345622655096,0,0,0,-4526.074999998965,0.5300000010347503,0.5504276550249465
0.005,131,38.28,17,71,8.983406926105484,0,0,0,-4492.454999998967,0.7350000010328586,0.5529223093371347
0.005,132,44.37,10,90,13.513441456564644,0,0,0,-4505.849999998949,0.6750000010506483,0.5452601568068425
0.005,133,21.43,0,45,8.364514331388285,1,1,1,-4628.119999998914,1.0859366739168763e-09,0.5531004989308624
0.005,134,44.41,15,76,12.83907706963394,0,0,0,-4466.949999998937,1.0700000010638178,0.5406272273699216
0.005,135,46.26,16,74,11.104611654623497,0,0,0,-4613.534999998944,0.8900000010562508,0.5604062722736992
0.005,136,49.67,18,80,13.486330116084213,0,0,0,-4616.729999998983,0.8650000010175063,0.556664290805417
0.005,137,36.4,16,58,9.181503144910424,0,0,0,-4575.359999998937,1.080000001062217,0.5525659301496793
0.005,138,26.67,0,57,11.03997735504924,1,1,1,-4731.0949999989925,1.0077201295644045e-09,0.5611190306486101
0.005,139,38.49,12,61,10.308729310637661,0,0,0,-4649.694999998912,0.8050000010880467,0.567712045616536
0.005,140,48.35,19,77,11.651072911968237,0,0,0,-4544.964999998925,1.1250000010750227,0.5571988595866001
0.005,141,38.55,9,74,11.643345739090634,0,0,0,-4585.144999998957,0.5300000010429358,0.5584461867426942
0.005,142,39.04,20,69,8.730315000044385,0,0,0,-4560.60499999902,1.005000000979635,0.5568424803991446
0.005,143,34.73,9,70,10.962531641915566,0,0,0,-4579.084999998946,0.7300000010536678,0.5481111903064861
0.005,144,23.91,6,57,10.720163245025702,0,0,0,-4637.644999998992,0.5950000010079748,0.5548823948681397
0.005,145,49.57,24,90,10.865776548411072,0,0,0,-4533.629999998928,1.3000000010724762,0.5637918745545261
0.005,146,36.07,12,71,10.543486140741116,0,0,0,-4758.339999998967,0.7750000010328222,0.5639700641482538
0.005,147,45.46,21,66,10.692445931591143,0,0,0,-4605.704999999048,0.9050000009519863,0.5591589451176051
0.005,148,29.01,6,55,9.887866301685113,0,0,0,-4642.244999998954,0.3150000010464282,0.556664290805417
0.005,149,24.68,7,51,8.923990138945694,0,0,0,-4621.929999999026,0.5150000009734867,0.5550605844618675
0.005,150,37.24,15,63,9.628208556112607,0,0,0,-4668.284999998921,0.8550000010791337,0.5612972202423379
0.005,151,35.72,11,72,11.237508620686349,0,0,0,-4628.209999998947,0.880000001053304,0.5550605844618675
0.005,152,54.6,25,89,13.262729734108284,0,0,0,-4402.809999999009,1.0950000009906944,0.5520313613684961
0.005,153,32.26,6,61,10.130765025406523,0,0,0,-4631.969999998921,0.5000000010795702,0.5541696364932288
0.005,154,47.66,20,92,13.887562781136221,0,0,0,-4478.289999998961,0.8700000010385338,0.546863863150392
0.005,155,35.11,10,59,10.831338790749738,0,0,0,-4657.809999998819,0.6400000011808515,0.5563079116179616
0.005,156,46.88,20,84,13.541255480936766,0,0,0,-4544.7899999990295,0.9550000009703581,0.5504276550249465
0.005,157,52.31,30,81,11.396223058540052,0,0,0,-4609.039999998914,1.655000001085682,0.5518531717747683
0.005,158,50.63,13,88,11.518380962617966,0,0,0,-4548.954999998957,0.8350000010432268,0.5559515324305061
0.005,159,47.04,22,72,10.1694837627089,0,0,0,-4547.569999998999,0.9100000010002987,0.5538132573057734
0.005,160,46.86,19,77,11.762669764981078,0,0,0,-4566.109999998888,1.2050000011113298,0.5534568781183179
0.005,161,38.22,16,68,10.592053625241896,0,0,0,-4561.319999998918,0.9600000010814256,0.552744119743407
0.005,162,44.02,18,72,10.818484182176356,0,0,0,-4440.119999999031,0.8550000009690848,0.5548823948681397
0.005,163,49.25,24,80,11.836701398616086,0,0,0,-4600.564999999046,1.095000000953405,0.5522095509622238
0.005,164,49.25,24,88,12.54382318115175,0,0,0,-4722.22999999892,1.6950000010801887,0.5600498930862438
0.005,165,47.74,15,75,11.1531340886766,0,0,0,-4570.529999998953,0.9900000010475196,0.5645046329294369
0.005,166,52.53,29,90,11.95445941897834,0,0,0,-4452.29499999903,1.3850000009706491,0.5538132573057734
0.005,167,50.5,16,90,13.020368658375231,0,0,0,-4421.909999998957,0.7750000010437361,0.5425873129009265
0.005,168,58.75,30,90,13.560512527187164,0,0,0,-4477.419999998945,1.4750000010553777,0.5502494654312188
0.005,169,32.82,8,55,10.373408311639912,0,0,0,-4567.214999998953,0.6000000010462827,0.5532786885245902
0.005,170,52.6,23,86,12.469963913339924,0,0,0,-4552.839999998992,1.2000000010075382,0.550784034212402
0.005,171,38.32,15,62,9.752825231695684,0,0,0,-4650.914999998993,0.8050000010071017,0.5543478260869565
0.005,172,40.34,18,74,11.52494685454124,0,0,0,-4559.919999999028,0.7300000009718133,0.554704205274412
0.005,173,47.36,20,80,12.51840245398749,0,0,0,-4439.824999998976,0.8850000010243093,0.5427655024946543
0.005,174,56.5,27,89,10.556988206870367,0,0,0,-4513.51499999903,1.38000000097054,0.5541696364932288
0.005,175,58.71,26,87,12.583556730908795,0,0,0,-4552.049999998912,1.8700000010876465,0.5518531717747683
0.005,176,46.59,21,86,11.75252738775792,0,0,0,-4689.509999998965,1.2450000010348958,0.5636136849607983
0.005,177,48.75,24,88,12.072592927784818,0,0,0,-4553.414999998917,1.4350000010836084,0.5584461867426942
0.005,178,50.51,24,86,12.857289761065509,0,0,0,-4617.3599999989465,1.3450000010534495,0.5605844618674269
0.005,179,45.58,24,73,10.25785552637587,0,0,0,-4651.294999998951,1.7300000010482108,0.5559515324305061
0.005,180,49.23,26,83,12.432903924666997,0,0,0,-4565.494999998994,1.4050000010056465,0.5609408410548824
0.005,181,56.73,33,84,11.092208977476037,0,0,0,-4615.364999998987,1.7400000010129588,0.5596935138987883
0.005,182,39.79,13,74,11.2181059007303,0,0,0,-4594.459999998945,0.9100000010548683,0.5539914468995011
0.005,183,41.51,13,71,12.424568402966761,0,0,0,-4634.004999998927,0.8200000010729127,0.5646828225231646
0.005,184,65.14,30,107,12.510811324610406,0,0,0,-4490.004999998933,1.2850000010666918,0.5536350677120456
0.005,185,49.3,25,80,10.994998863119541,0,0,0,-4599.2349999989565,1.7600000010434087,0.562544547398432
0.005,186,42.91,7,75,12.828168224653123,0,0,0,-4528.8049999989735,0.5400000010267831,0.5555951532430506
0.005,187,18.78,0,41,9.009528289538805,3,3,3,-4778.499999999175,8.249116945080459e-10,0.550784034212402
0.005,188,44.33,15,84,12.325627773058864,0,0,0,-4666.109999999015,0.7300000009854557,0.5545260156806843
0.005,189,37.99,17,71,10.107912742005642,0,0,0,-4685.479999998945,1.0800000010558506,0.5548823948681397
0.005,190,39.35,17,78,10.357967947430616,0,0,0,-4456.849999998962,1.075000001038461,0.5491803278688525
0.005,191,59.13,26,89,13.701572902407957,0,0,0,-4485.049999998975,1.4350000010244912,0.550784034212402
0.005,192,40.34,16,64,10.828868823658361,0,0,0,-4354.779999998958,0.8150000010418808,0.5375980042765502
0.005,193,57.44,31,89,12.50705400963792,0,0,0,-4508.369999998997,1.5400000010031363,0.5495367070563079
0.005,194,47.79,18,79,10.745506037409314,0,0,0,-4672.709999999074,0.8750000009258656,0.5634354953670706
0.005,195,36.5,15,57,9.823950325607312,0,0,0,-4611.684999999001,0.9200000009986979,0.5602280826799715
0.005,196,47.18,24,68,9.889772494855482,0,0,0,-4569.0849999990205,1.025000000979162,0.5477548111190307
0.005,197,47.41,27,77,10.060909501630556,0,0,0,-4524.284999998945,1.3150000010555232,0.5504276550249465
0.005,198,48.28,23,81,11.880303026438341,0,0,0,-4681.289999998997,1.2300000010036456,0.5675338560228083
0.005,199,41.17,14,78,12.475620225062961,0,0,0,-4659.919999998894,0.8050000011062366,0.5538132573057734
0.005,200,48.62,16,80,12.344861279090988,0,0,0,-4613.024999998871,0.9000000011292286,0.5593371347113328
0.005,201,36.28,13,66,10.31899219885353,0,0,0,-4582.6999999989885,0.7000000010111762,0.5541696364932288
0.005,202,46.69,19,76,12.430362022081255,0,0,0,-4635.434999999004,1.0200000009963333,0.5614754098360656
0.005,203,34.78,12,63,10.212325885908653,0,0,0,-4692.2599999989025,0.6950000010974691,0.5609408410548824
0.005,204,45.76,17,82,10.431797544047718,0,0,0,-4680.31499999889,1.1050000011100565,0.5604062722736992
0.005,205,58.41,28,90,13.594186257367522,0,0,0,-4508.464999999023,1.1250000009767973,0.5561297220242338
0.005,206,38.84,19,83,12.212059613349421,0,0,0,-4532.369999998903,1.1500000010973963,0.5545260156806843
0.005,207,28.34,7,61,11.2411921076014,0,0,0,-4686.664999998968,0.465000001032422,0.5680684248039914
0.005,208,37.65,6,59,10.432041986111827,0,0,0,-4569.519999998948,0.28500000105213985,0.5639700641482538
0.005,209,35.97,13,69,10.739138699169501,0,0,0,-4625.664999999031,0.7450000009685027,0.556664290805417
0.005,210,45.33,11,80,11.681656560608173,0,0,0,-4620.659999999109,0.3900000008916322,0.5653955808980755
0.005,211,36.68,15,58,10.03282612228479,0,0,0,-4556.184999998969,0.6400000010307849,0.5552387740555952
0.005,212,60.64,31,118,12.897689715604109,0,0,0,-4632.094999998994,1.7250000010053554,0.562544547398432
0.005,213,43.09,11,70,10.692141974366034,0,0,0,-4553.484999999047,0.500000000952241,0.5564861012116893
0.005,214,60.06,28,92,13.700963469771022,0,0,0,-4656.729999998958,2.015000001041699,0.5568424803991446
0.005,215,46.51,21,83,12.348680091410579,0,0,0,-4632.799999998926,1.1300000010742224,0.5529223093371347
0.005,216,31.74,9,64,10.00961537722604,0,0,0,-4640.679999998971,0.750000001029548,0.5552387740555952
0.005,217,41.43,21,76,11.248337654960398,0,0,0,-4466.619999998968,1.0850000010323129,0.5477548111190307
0.005,218,42.07,8,73,11.730520022573595,0,0,0,-4553.819999998945,0.4950000010549047,0.5520313613684961
0.005,219,56.95,16,88,13.333697911682265,0,0,0,-4668.0499999989925,0.675000001007902,0.562544547398432
0.005,220,44.15,17,79,13.808964479641476,0,0,0,-4546.854999998997,0.7450000010030635,0.5577334283677833
0.005,221,55.42,23,89,12.682413019611056,0,0,0,-4495.139999999032,1.330000000968539,0.5538132573057734
0.005,222,32.68,12,57,10.698485874178644,0,0,0,-4732.25999999898,0.9900000010202348,0.5648610121168923
0.005,223,67.84,29,100,14.603917282701925,0,0,0,-4524.924999998971,1.8050000010289295,0.5557733428367784
0.005,224,36.7,12,70,11.205802068571442,0,0,0,-4539.844999998981,0.6300000010196527,0.5588025659301497
0.005,225,48.0,26,70,9.965942002640794,0,0,0,-4602.149999999018,1.4300000009816358,0.5575552387740556
0.005,226,48.57,25,78,12.200209014602988,0,0,0,-4467.0349999990785,0.9650000009214637,0.5531004989308624
0.005,227,47.82,17,78,11.492936961455936,0,0,0,-4656.599999998975,1.0750000010248186,0.5609408410548824
0.005,228,33.66,12,58,8.279154546208206,0,0,0,-4653.689999998957,0.7500000010422809,0.5661083392729864
0.005,229,43.76,20,78,11.240213521103591,0,0,0,-4565.934999998919,1.3200000010810982,0.5491803278688525
0.005,230,39.79,15,65,10.351130373055883,0,0,0,-4599.804999998956,0.7350000010437725,0.5573770491803278
0.005,231,52.55,30,86,12.102375799817159,0,0,0,-4474.919999998964,1.9250000010360964,0.5381325730577334
0.005,232,24.43,9,47,8.347760178634745,0,0,0,-4628.074999998953,0.43000000104711944,0.5602280826799715
0.005,233,41.51,11,75,11.316797250105703,0,0,0,-4569.559999998948,0.5300000010520307,0.5511404133998574
0.005,234,27.0,0,48,9.689169211031459,1,1,1,-4574.184999998976,1.0240910341963172e-09,0.5463292943692089
0.005,235,41.1,17,64,10.879797792238604,0,0,0,-4553.54499999899,0.8400000010105941,0.5531004989308624
0.005,236,32.17,10,66,11.605218653691967,0,0,0,-4551.594999998981,0.7500000010195436,0.5568424803991446
0.005,237,48.21,18,84,13.05549309677731,0,0,0,-4577.614999998954,1.5100000010461372,0.5514967925873129
0.005,238,41.28,16,67,10.051945085405112,0,0,0,-4571.984999998974,0.855000001026383,0.5525659301496793
0.005,239,52.61,21,81,11.040738199957465,0,0,0,-4496.219999998972,1.1650000010286021,0.5466856735566643
0.005,240,27.52,3,51,9.772901309232585,0,0,0,-4678.059999998922,0.22500000107811502,0.5525659301496793
0.005,241,36.81,16,63,9.132026062161673,0,0,0,-4600.829999999014,1.0600000009862924,0.5564861012116893
0.005,242,37.41,16,66,10.097618531119107,0,0,0,-4667.159999998983,0.8300000010167423,0.5561297220242338
0.005,243,39.57,18,65,10.611555022709915,0,0,0,-4543.054999998939,0.9000000010610165,0.5516749821810406
0.005,244,43.02,19,77,11.855783398831138,0,0,0,-4589.594999998922,1.0450000010787335,0.5561297220242338
0.005,245,64.59,41,93,12.811006986181845,0,0,0,-4601.789999999014,1.670000000985965,0.5570206699928724
0.005,246,47.62,15,81,11.770964276557805,0,0,0,-4571.139999998927,0.7650000010726217,0.5573770491803278
0.005,247,44.74,18,69,11.000563621924107,0,0,0,-4491.514999999001,0.9300000009989162,0.5595153243050606
0.005,248,39.96,12,82,11.43146534788957,0,0,0,-4540.749999998992,1.070000001007429,0.5506058446186742
0.005,249,57.34,29,86,11.798491428992097,0,0,0,-4470.644999999013,1.2050000009876385,0.5482893799002139
0.005,250,32.5,7,51,9.19945650568554,0,0,0,-4584.759999998972,0.6300000010287476,0.5550605844618675
0.005,251,45.97,21,71,11.229830809054961,0,0,0,-4634.424999998881,1.515000001119006,0.5602280826799715
0.005,252,43.9,11,90,12.095867062761561,0,0,0,-4657.09499999898,0.9350000010199437,0.5630791161796151
0.005,253,43.71,16,85,12.691962023264962,0,0,0,-4677.344999998908,0.9750000010917574,0.5616535994297933
0.005,254,43.39,20,68,11.231113034779767,0,0,0,-4481.629999998996,1.1650000010040458,0.544903777619387
0.005,255,34.63,15,60,9.865753899221286,0,0,0,-4511.409999998929,0.8100000010708754,0.5575552387740556
0.005,256,44.85,11,81,12.74548939821457,0,0,0,-4653.299999999046,0.6850000009535506,0.5646828225231646
0.005,257,47.17,17,78,10.999140875541142,0,0,0,-4490.139999998928,0.9500000010721124,0.5548823948681397
0.005,258,49.4,28,75,10.658330075579382,0,0,0,-4463.249999998952,2.0450000010478107,0.5506058446186742
0.005,259,42.79,17,71,11.467602190519168,0,0,0,-4478.284999998955,1.4300000010453005,0.550071275837491
0.005,260,41.88,18,67,9.631490019721767,0,0,0,-4642.299999998907,0.9550000010931399,0.5577334283677833
0.005,261,38.18,14,72,11.167255705857192,0,0,0,-4567.669999998968,0.5750000010320946,0.5545260156806843
0.005,262,46.34,18,77,12.143492084240018,0,0,0,-4614.509999998928,1.7000000010721124,0.5611190306486101
0.005,263,51.71,28,81,12.15425439918056,0,0,0,-4714.614999999062,1.18000000093798,0.5671774768353528
0.005,264,36.69,3,63,10.994266687687723,0,0,0,-4537.524999998915,0.16000000108579115,0.5520313613684961
0.005,265,35.64,16,83,10.939396692688312,0,0,0,-4464.394999998949,0.8200000010510848,0.5497148966500356
0.005,266,39.61,15,80,11.749804253688655,0,0,0,-4716.77499999893,1.240000001070257,0.5641482537419815
0.005,267,47.28,18,74,12.314284388465293,0,0,0,-4520.334999999044,0.8200000009555879,0.5523877405559515
0.005,268,53.05,16,80,12.496699564284965,0,0,0,-4520.164999998986,0.9000000010137228,0.5532786885245902
0.005,269,39.79,19,77,10.487416269034046,0,0,0,-4513.844999999067,0.7450000009330324,0.5534568781183179
0.005,270,48.76,27,85,10.847230061172299,0,0,0,-4670.459999998902,1.62500000109776,0.5604062722736992
0.005,271,33.76,7,55,9.226180141315256,0,0,0,-4481.3899999990035,0.4250000009960786,0.5497148966500356
0.005,272,50.49,21,79,11.306188570866842,0,0,0,-4487.999999999082,0.6500000009173164,0.5454383464005702
0.005,273,50.05,30,78,10.951141493013411,0,0,0,-4590.464999998975,1.5050000010251097,0.5543478260869565
0.005,274,52.86,25,90,12.52199664590276,0,0,0,-4563.9599999989505,1.180000001049848,0.5563079116179616
0.005,275,56.48,28,91,11.987893893424316,0,0,0,-4563.954999999111,1.2100000008886127,0.5511404133998574
0.005,276,35.45,13,65,10.282387854968318,0,0,0,-4607.744999999023,0.7450000009766882,0.5514967925873129
0.005,277,45.02,17,70,10.792571519336807,0,0,0,-4577.129999998928,1.065000001071894,0.5595153243050606
0.005,278,55.87,22,85,10.987861484383574,0,0,0,-4415.459999998954,1.0300000010456642,0.5523877405559515
0.005,279,59.08,30,89,13.188388832605746,0,0,0,-4501.779999999063,1.4150000009367432,0.5511404133998574
0.005,280,34.59,5,63,11.03185841098407,0,0,0,-4634.1199999989385,0.31500000106188963,0.5534568781183179
0.005,281,57.7,30,83,12.143722658229642,0,0,0,-4531.2099999990405,1.4200000009595897,0.5495367070563079
0.005,282,41.09,11,85,12.594518648999651,0,0,0,-4690.10999999894,0.6800000010598524,0.5637918745545261
0.005,283,42.23,10,66,11.24264648559226,0,0,0,-4599.694999998967,0.5600000010326767,0.562544547398432
0.005,284,23.54,6,48,8.452715539990685,0,0,0,-4628.149999999085,0.5000000009149517,0.5491803278688525
0.005,285,41.97,16,70,11.380206500762629,0,0,0,-4665.579999999029,0.9750000009717041,0.5611190306486101
0.005,286,17.75,3,46,7.829910599745057,0,0,0,-4784.299999998933,0.19500000106654625,0.5668210976478973
0.005,287,33.27,3,56,9.391331109060099,0,0,0,-4593.344999998923,0.3000000010770236,0.5532786885245902
0.005,288,38.37,11,62,11.62123487414311,0,0,0,-4560.509999998944,0.5700000010556323,0.5559515324305061
0.005,289,36.49,15,64,11.33269164850081,0,0,0,-4745.504999998844,1.0500000011561497,0.5707412687099074
0.005,290,50.49,24,85,12.722024210006833,0,0,0,-4473.499999998937,1.4350000010635995,0.5555951532430506
0.005,291,39.22,16,68,11.517447633916118,0,0,0,-4629.809999998931,1.030000001069311,0.5568424803991446
0.005,292,29.68,6,52,8.81575861738512,0,0,0,-4579.289999998957,0.4700000010434451,0.5479330007127584
0.005,293,25.38,8,46,9.13868699540585,0,0,0,-4658.094999998975,0.7650000010244185,0.5541696364932288
0.005,294,45.14,18,74,12.042441612895617,0,0,0,-4537.0249999989255,0.9950000010749136,0.5612972202423379
0.005,295,36.94,8,68,12.27177248811271,0,0,0,-4596.92499999893,0.6800000010698568,0.5506058446186742
0.005,296,33.85,10,67,10.100866299481444,0,0,0,-4521.369999999041,0.5150000009589348,0.562544547398432
0.005,297,27.02,4,46,8.75897254248465,0,0,0,-4680.6799999989735,0.3100000010263102,0.5612972202423379
0.005,298,47.42,21,81,10.791830243290525,0,0,0,-4469.404999998988,1.1500000010119038,0.5497148966500356
0.005,299,38.99,17,68,11.060284806459551,0,0,0,-4428.9299999989125,1.0150000010871736,0.550784034212402
0.005,300,44.23,21,74,11.426158584581259,0,0,0,-4680.249999998918,1.4700000010825534,0.5616535994297933
0.005,301,32.75,12,56,8.891990778222839,0,0,0,-4617.1099999989665,0.78500000103395,0.5541696364932288
0.005,302,42.01,20,71,11.187935466385209,0,0,0,-4535.564999998967,0.9450000010328949,0.5588025659301497
0.005,303,49.14,26,94,12.351534317646532,0,0,0,-4682.939999998969,1.5250000010310032,0.5570206699928724
0.005,304,35.45,10,62,9.570135840206241,0,0,0,-4553.01499999897,0.6250000010304575,0.5548823948681397
0.005,305,48.64,22,92,12.36003236241718,0,0,0,-4588.249999998975,1.3500000010253643,0.5561297220242338
0.005,306,54.21,29,89,12.14355384555938,0,0,0,-4432.199999999026,1.2800000009738142,0.5447255880256593
0.005,307,48.02,26,73,9.259568024481489,0,0,0,-4537.339999998974,1.3350000010259464,0.5529223093371347
0.005,308,35.68,12,64,10.424854915057571,0,0,0,-4556.394999998914,0.745000001086737,0.5548823948681397
0.005,309,59.11,33,102,13.32733656812193,0,0,0,-4484.394999998986,1.6200000010139775,0.552744119743407
0.005,310,32.54,12,71,10.094969044033766,0,0,0,-4660.059999998921,0.6600000010794247,0.5637918745545261
0.005,311,37.06,13,61,9.65589975092948,0,0,0,-4597.854999998944,0.9600000010559597,0.5571988595866001
0.005,312,54.75,25,92,13.342694630396066,0,0,0,-4521.289999998987,1.3400000010133226,0.5586243763364219
0.005,313,46.61,16,70,11.061550524225796,0,0,0,-4523.834999999037,0.7150000009633004,0.552744119743407
0.005,314,37.65,16,64,9.890778533563473,0,0,0,-4559.354999998956,1.215000001043336,0.5561297220242338
0.005,315,44.2,19,67,10.249878048055011,0,0,0,-4697.384999998937,0.93500000106269,0.5602280826799715
0.005,316,68.67,33,100,15.035328396812622,0,0,0,-4580.864999999005,1.9500000009948053,0.5588025659301497
0.005,317,41.15,14,75,10.76789208712643,0,0,0,-4699.964999998869,0.7450000011313023,0.56503920171062
0.005,318,46.74,22,71,11.382987305624125,0,0,0,-4599.8499999989845,1.3650000010156873,0.5623663578047042
0.005,319,42.31,16,77,11.952150434126906,0,0,0,-4505.584999998907,0.960000001093249,0.5589807555238774
0.005,320,22.66,6,42,8.464301506917154,0,0,0,-4760.434999999188,0.5550000008115603,0.557911617961511
0.005,321,60.98,23,90,12.568993595352017,0,0,0,-4559.664999998988,1.2200000010125223,0.5563079116179616
0.005,322,28.22,9,63,9.656686802418312,0,0,0,-4464.82999999898,0.6000000010199074,0.5554169636493229
0.005,323,39.82,14,71,13.468021384004409,0,0,0,-4483.309999998947,0.8050000010525764,0.5516749821810406
0.005,324,32.58,7,64,10.047069224405691,0,0,0,-4551.094999998966,0.6000000010335498,0.5532786885245902
0.005,325,45.84,11,75,12.023077808947258,0,0,0,-4457.149999998996,0.5800000010040094,0.5509622238061297
0.005,326,74.97,41,111,13.737143079985737,0,0,0,-4476.029999999097,1.7050000009030555,0.5586243763364219
0.005,327,42.64,20,71,10.830069251856148,0,0,0,-4429.229999999052,0.9950000009484938,0.5470420527441198
0.005,328,49.93,26,83,10.918108810595358,0,0,0,-4597.68999999893,1.2300000010700387,0.5571988595866001
0.005,329,51.93,23,79,12.786911276770478,0,0,0,-4648.714999998943,1.6700000010569056,0.5614754098360656
0.005,330,37.09,14,65,10.896875699024928,0,0,0,-4540.909999998878,0.9250000011215889,0.550071275837491
0.005,331,38.15,13,75,10.373403491622216,0,0,0,-4642.024999998993,1.0800000010067379,0.5525659301496793
0.005,332,39.76,19,68,10.385682452299415,0,0,0,-4586.584999998971,0.8800000010287476,0.5545260156806843
0.005,333,42.8,13,72,10.796295661012623,0,0,0,-4642.844999999,0.620000001000335,0.5593371347113328
0.005,334,60.5,35,92,11.475626344561764,0,0,0,-4725.224999998992,1.6100000010083022,0.5630791161796151
0.005,335,46.39,9,92,14.202038586062214,0,0,0,-4564.449999998949,0.4500000010502845,0.5568424803991446
0.005,336,52.53,27,81,12.862701893459242,0,0,0,-4464.814999999053,1.3950000009472205,0.5518531717747683
0.005,337,47.52,31,71,8.80736055807868,0,0,0,-4631.73999999891,2.1650000010895383,0.5561297220242338
0.005,338,26.89,6,55,9.553946828405525,0,0,0,-4659.534999998911,0.45000000108848326,0.5557733428367784
0.005,339,40.02,17,61,10.168559386658467,0,0,0,-4543.8399999989315,1.0100000010688746,0.5525659301496793
0.005,340,27.97,10,51,9.629595007060264,0,0,0,-4592.494999999009,0.9000000009909854,0.5450819672131147
0.005,341,35.39,11,62,11.163238777344144,0,0,0,-4613.019999998845,0.6650000011550219,0.5491803278688525
0.005,342,59.81,15,92,14.252505042974025,0,0,0,-4353.904999998948,0.7250000010517397,0.5420527441197434
0.005,343,57.01,27,88,12.21105646535139,0,0,0,-4483.084999998964,1.3100000010363146,0.5484675694939416
0.005,344,47.9,23,71,10.959470790143108,0,0,0,-4634.6249999988395,1.5800000011604425,0.5561297220242338
0.005,345,36.43,17,64,10.304615470749019,0,0,0,-4611.674999998915,1.315000001084627,0.5543478260869565
0.005,346,34.93,12,71,9.345860046031078,0,0,0,-4755.9749999988935,0.9100000011067095,0.5682466143977192
0.005,347,73.8,35,111,16.66253282067285,0,0,0,-4508.764999998938,2.4800000010618533,0.5532786885245902
0.005,348,40.32,12,77,11.541992895509855,0,0,0,-4499.144999998967,0.49500000103307684,0.5538132573057734
0.005,349,65.98,37,108,14.42496447136006,0,0,0,-4628.604999998934,2.185000001066328,0.5497148966500356
0.005,350,62.01,27,99,14.74618255685179,0,0,0,-4428.144999998975,1.1850000010244912,0.5381325730577334
0.005,351,26.3,6,59,9.751410154434076,0,0,0,-4623.404999998908,0.4350000010917938,0.5557733428367784
0.005,352,45.13,22,76,12.561572353809852,0,0,0,-4467.774999998927,1.2100000010723306,0.550071275837491
0.005,353,37.74,13,63,9.225638189307015,0,0,0,-4624.319999998948,0.7750000010519216,0.5532786885245902
0.005,354,42.95,21,82,11.316691212540881,0,0,0,-4454.744999999028,1.1500000009727955,0.5561297220242338
0.005,355,34.48,7,70,11.28049644297626,0,0,0,-4627.58499999889,0.5650000011091834,0.5493585174625801
0.005,356,34.64,15,55,9.540985274068921,0,0,0,-4620.784999998896,0.6750000011043085,0.5557733428367784
0.005,357,61.86,36,94,11.674776229118914,0,0,0,-4527.159999998965,1.8500000010353688,0.5541696364932288
0.005,358,55.86,30,103,14.630119616735879,0,0,0,-4575.839999999054,1.0700000009455835,0.5506058446186742
0.005,359,44.83,19,75,10.225512212109475,0,0,0,-4611.2899999989595,0.8850000010406802,0.5588025659301497
0.005,360,41.68,9,72,12.45301569901845,0,0,0,-4745.879999999014,0.7050000009858195,0.5614754098360656
0.005,361,45.33,18,70,12.048282035211493,0,0,0,-4631.9899999988875,1.0950000011125667,0.5595153243050606
0.005,362,69.14,40,109,13.394043452221586,0,0,0,-4516.9649999989915,1.8250000010084477,0.5580898075552387
0.005,363,30.65,12,66,10.905388576295664,0,0,0,-4532.2249999988735,0.5850000011269003,0.5520313613684961
0.005,364,49.5,24,74,11.327400407860578,0,0,0,-4644.719999999025,1.110000000974651,0.5523877405559515
0.005,365,41.63,18,70,10.93494855954979,0,0,0,-4706.344999998951,1.0350000010494114,0.5641482537419815
0.005,366,32.74,13,60,10.490586256258512,0,0,0,-4689.75499999895,0.9600000010505028,0.5529223093371347
0.005,367,49.76,14,81,13.507124046220943,0,0,0,-4561.7999999990325,0.7950000009677751,0.5563079116179616
0.005,368,38.71,16,70,11.257259879739829,0,0,0,-4511.394999998946,0.9250000010533768,0.5506058446186742
0.005,369,39.57,16,68,10.615323829257399,0,0,0,-4616.739999998946,0.8950000010545409,0.5600498930862438
0.005,370,46.92,24,75,11.054121403349974,0,0,0,-4481.994999998927,1.4900000010729855,0.5511404133998574
0.005,371,38.39,15,67,10.983528576919166,0,0,0,-4579.034999999006,1.3400000009942232,0.5552387740555952
0.005,372,37.99,18,64,9.446157949134664,0,0,0,-4330.894999998954,1.18000000104621,0.5379543834640057
0.005,373,39.51,9,75,11.466904551796008,0,0,0,-4586.144999998911,0.43500000108906534,0.5571988595866001
0.005,374,27.93,5,54,8.670934205724318,0,0,0,-4713.604999998915,0.4500000010848453,0.5611190306486101
0.005,375,32.28,8,53,9.018957811188608,0,0,0,-4736.854999999015,0.6500000009855285,0.5623663578047042
0.005,376,50.85,24,82,12.836958362478239,0,0,0,-4597.33999999892,1.780000001080225,0.5529223093371347
0.005,377,34.2,13,56,10.70420478129973,0,0,0,-4567.9349999989345,0.830000001065855,0.5623663578047042
0.005,378,41.43,16,73,11.189508478927928,0,0,0,-4612.019999998978,0.875000001022272,0.5568424803991446
0.005,379,39.04,19,65,9.806038955664004,0,0,0,-4514.569999999071,1.7100000009286305,0.5445473984319316
0.005,380,58.2,33,91,12.989996150884727,0,0,0,-4463.80999999897,1.6850000010299482,0.5463292943692089
0.005,381,35.9,11,68,11.45294721894762,0,0,0,-4520.114999998914,0.7250000010863005,0.5555951532430506
0.005,382,45.47,22,68,10.883432363000196,0,0,0,-4554.949999999053,0.9100000009466385,0.5561297220242338
0.005,383,49.21,22,82,12.268899706167623,0,0,0,-4641.8299999988885,1.520000001111839,0.5614754098360656
0.005,384,53.2,21,89,13.032267646115928,0,0,0,-4542.374999998927,1.3750000010732037,0.5514967925873129
0.005,385,38.51,7,66,12.108257512953712,0,0,0,-4594.019999998958,0.5000000010422809,0.5605844618674269
0.005,386,65.99,33,99,13.855320277784994,0,0,0,-4490.084999999063,1.5000000009367795,0.561831789023521
0.005,387,37.54,10,59,10.006417940501986,0,0,0,-4547.729999998885,0.6450000011145676,0.5529223093371347
0.005,388,67.43,35,98,13.888308032298246,0,0,0,-4446.859999998929,2.2550000010705844,0.5447255880256593
0.005,389,44.32,15,81,12.665606973216878,0,0,0,-4653.364999998987,0.675000001013359,0.5659301496792587
0.005,390,29.98,11,52,8.818140393529692,0,0,0,-4690.469999998982,0.6350000010179429,0.5602280826799715
0.005,391,55.84,19,90,13.960458445194414,0,0,0,-4550.76499999899,1.100000001009903,0.557911617961511
0.005,392,42.91,7,70,10.656542591291043,0,0,0,-4557.22999999893,0.33500000106960215,0.5634354953670706
0.005,393,43.93,22,68,9.826754296307607,0,0,0,-4472.34999999897,0.9600000010304939,0.5550605844618675
0.005,394,43.11,12,75,12.290561419235493,0,0,0,-4549.989999998919,0.9800000010809526,0.5482893799002139
0.005,395,46.88,19,72,11.13398401292188,0,0,0,-4501.8899999989535,0.9950000010467193,0.550071275837491
0.005,396,42.47,19,61,10.302868532598092,0,0,0,-4544.304999998934,1.1050000010654912,0.5481111903064861
0.005,397,55.82,23,87,12.560557312476227,0,0,0,-4500.449999998941,1.0700000010592703,0.5538132573057734
0.005,398,43.25,19,88,12.56055333176051,0,0,0,-4614.884999998883,1.1200000011167504,0.556664290805417
0.005,399,58.84,31,103,12.305868518719027,0,0,0,-4652.899999999072,1.5050000009277937,0.561831789023521
0.005,400,51.36,21,85,11.92016778405405,0,0,0,-4652.62999999898,1.7300000010200165,0.5531004989308624
0.005,401,39.21,21,66,10.309505322759186,0,0,0,-4600.449999998855,1.4250000011452357,0.5532786885245902
0.005,402,61.52,27,107,15.826863239441984,0,0,0,-4540.869999998983,1.3050000010171061,0.5591589451176051
0.005,403,54.96,20,86,12.983774489723702,0,0,0,-4573.219999998881,1.3650000011193697,0.5588025659301497
0.005,404,46.34,16,79,12.980154082290396,0,0,0,-4436.374999998947,0.8150000010527947,0.5431218816821097
0.005,405,46.76,23,77,11.815345953462387,0,0,0,-4506.889999998995,1.350000001004446,0.5488239486813971
0.005,406,39.4,13,62,10.935264057168443,0,0,0,-4508.444999998941,0.685000001059052,0.5522095509622238
0.005,407,50.69,24,74,10.003694317600873,0,0,0,-4530.604999998956,1.3800000010432996,0.5456165359942979
0.005,408,51.43,23,86,13.029393692724154,0,0,0,-4589.089999999112,1.115000000888358,0.5570206699928724
0.005,409,46.72,22,76,10.511974124777895,0,0,0,-4527.039999998903,1.285000001096705,0.5477548111190307
0.005,410,40.09,14,79,11.126630217635526,0,0,0,-4589.389999998997,0.8300000010030999,0.5523877405559515
0.005,411,47.69,27,93,11.856386464686446,0,0,0,-4499.599999998968,1.6400000010316944,0.546863863150392
0.005,412,38.55,14,77,12.152674602736633,0,0,0,-4591.364999998981,1.2700000010190706,0.5550605844618675
0.005,413,36.13,10,79,12.99665726254255,0,0,0,-4648.774999999,0.6750000009997166,0.5548823948681397
0.005,414,43.31,19,74,11.47231014225121,0,0,0,-4598.794999998958,1.020000001041808,0.5596935138987883
0.005,415,54.28,18,81,12.839844235815324,0,0,0,-4476.064999999026,0.6550000009738142,0.5532786885245902
0.005,416,51.73,21,94,10.666634895786018,0,0,0,-4565.534999998904,1.2150000010960866,0.5577334283677833
0.005,417,36.04,14,58,9.839634139539946,0,0,0,-4600.714999998889,0.9200000011114753,0.5561297220242338
0.005,418,36.02,16,90,11.16062722251756,0,0,0,-4580.529999998938,0.9450000010619988,0.5563079116179616
0.005,419,36.15,10,66,11.027579063420944,0,0,0,-4686.899999998922,0.7150000010778967,0.5721667854597291
0.005,420,38.08,17,60,9.298042804805752,0,0,0,-4606.18999999894,1.2150000010597068,0.5557733428367784
0.005,421,32.27,9,59,9.352919330348145,0,0,0,-4607.4949999989585,0.4050000010411168,0.5621881682109765
0.005,422,30.83,8,53,9.396866498998483,0,0,0,-4580.939999998992,0.550000001007902,0.5520313613684961
0.005,423,34.21,13,62,8.828697525682935,0,0,0,-4796.109999998899,1.015000001100816,0.5689593727726301
0.005,424,42.6,20,72,10.544192714475585,0,0,0,-4486.674999998906,1.01500000109354,0.5493585174625801
0.005,425,56.88,26,89,13.805274354390788,0,0,0,-4508.119999999003,1.2200000009970609,0.5543478260869565
0.005,426,35.26,11,76,12.34878131638908,0,0,0,-4500.234999998962,0.6800000010380245,0.5466856735566643
0.005,427,39.79,20,65,9.548083577346818,0,0,0,-4542.114999998933,1.1450000010672738,0.5580898075552387
0.005,428,34.7,12,62,10.389898940798222,0,0,0,-4641.914999998909,0.8200000010911026,0.5605844618674269
0.005,429,56.8,25,92,13.255942063844426,0,0,0,-4570.444999998976,1.5100000010243093,0.5561297220242338
0.005,430,54.09,28,96,12.62861433412233,0,0,0,-4423.414999998975,1.395000001025437,0.5559515324305061
0.005,431,59.46,21,90,13.032589919121984,0,0,0,-4597.534999998956,1.7150000010442454,0.5511404133998574
0.005,432,54.67,15,97,13.545519554450468,0,0,0,-4534.459999998912,0.7950000010878284,0.5538132573057734
0.005,433,33.55,11,61,11.107092328778041,0,0,0,-4597.534999999006,0.705000000994005,0.5614754098360656
0.005,434,40.73,20,67,10.45452533594902,0,0,0,-4591.324999998955,1.2550000010451186,0.5488239486813971
0.005,435,40.51,15,77,10.99317515552263,0,0,0,-4581.3599999989065,0.7600000010934309,0.5470420527441198
0.005,436,35.17,11,63,10.565088736021105,0,0,0,-4694.079999998986,0.5900000010142321,0.5671774768353528
0.005,437,55.37,16,91,12.455243875573052,0,0,0,-4552.629999998924,0.8950000010754593,0.5602280826799715
0.005,438,66.65,27,103,14.647440049373813,0,0,0,-4481.164999998962,1.6200000010376243,0.5514967925873129
0.005,439,28.59,10,53,9.558341906418708,0,0,0,-4609.989999998966,0.5950000010343501,0.5548823948681397
0.005,440,46.92,19,74,10.000679976881573,0,0,0,-4551.4999999989905,0.9600000010095755,0.5589807555238774
0.005,441,49.29,22,83,12.241972880218285,0,0,0,-4496.799999999061,0.8950000009390351,0.5495367070563079
0.005,442,29.03,7,68,10.974019318371916,0,0,0,-4582.784999998995,0.4100000010048461,0.5591589451176051
0.005,443,32.49,12,58,8.519970657226468,0,0,0,-4614.869999998907,0.8000000010933945,0.5607626514611547
0.005,444,37.23,12,62,10.875527573409947,0,0,0,-4697.9349999989845,1.1200000010157964,0.554704205274412
0.005,445,28.1,9,48,9.249324299644812,0,0,0,-4466.719999998967,0.7300000010327494,0.5413399857448326
0.005,446,53.9,29,80,12.284543133547947,0,0,0,-4764.939999998976,1.6000000010235453,0.5643264433357092
0.005,447,36.19,13,62,10.327337507799385,0,0,0,-4489.204999998911,0.8450000010889198,0.5443692088382038
0.005,448,50.2,20,82,12.373358476985947,0,0,0,-4537.4099999988875,1.175000001112494,0.5555951532430506
0.005,449,53.19,20,90,13.927451310272097,0,0,0,-4461.1449999990255,0.8300000009749056,0.5623663578047042
0.005,450,44.63,20,74,10.425598304174203,0,0,0,-4587.4149999989095,1.050000001090666,0.5545260156806843
0.005,451,43.59,18,75,11.928197684478572,0,0,0,-4508.154999998976,0.9950000010239819,0.5523877405559515
0.005,452,35.72,12,62,10.80099995370799,0,0,0,-4718.644999999021,0.5750000009793439,0.5710976478973628
0.005,453,39.7,14,70,10.828203913853857,0,0,0,-4448.899999999041,0.6250000009586074,0.5531004989308624
0.005,454,51.67,25,75,9.984042267538735,0,0,0,-4601.784999999012,1.0050000009878204,0.5589807555238774
0.005,455,41.94,19,71,10.046710904569714,0,0,0,-4659.204999999054,0.84000000094602,0.5662865288667142
0.005,456,41.87,11,69,11.657319588996435,0,0,0,-4599.579999998971,0.5850000010286749,0.5571988595866001
0.005,457,34.0,12,59,10.27131929208707,0,0,0,-4644.024999999036,1.1300000009641735,0.559871703492516
0.005,458,38.71,10,70,10.396436889627138,0,0,0,-4487.334999998958,0.6700000010423537,0.5454383464005702
0.005,459,38.65,9,68,11.311388066899658,0,0,0,-4523.399999998984,0.4550000010158328,0.5415181753385603
0.005,460,37.02,15,65,9.485757745167225,0,0,0,-4550.649999999039,0.6150000009611176,0.556664290805417
0.005,461,53.96,26,82,11.564531983612653,0,0,0,-4599.229999999014,1.150000000986438,0.56503920171062
0.005,462,49.84,21,79,12.35129143045374,0,0,0,-4597.109999999014,0.900000000986438,0.5605844618674269
0.005,463,34.43,9,64,10.171779588646228,0,0,0,-4547.989999998903,0.515000001097178,0.5506058446186742
0.005,464,24.44,6,53,8.654848352224318,0,0,0,-4451.4849999989565,0.39000000104351784,0.5470420527441198
0.005,465,43.02,11,85,11.311922913457288,0,0,0,-4626.974999998957,0.6050000010427539,0.5582679971489665
0.005,466,54.15,27,78,10.26389302360464,0,0,0,-4496.714999999076,1.0600000009235373,0.5441910192444761
0.005,467,35.83,16,65,11.050841596910166,0,0,0,-4650.959999998988,0.8500000010126314,0.5636136849607983
0.005,468,35.26,15,60,9.557844945383872,0,0,0,-4546.994999998897,1.1350000011034354,0.5466856735566643
0.005,469,21.88,3,53,8.900876361347798,0,0,0,-4564.149999998988,0.24000000101204932,0.5532786885245902
0.005,470,48.01,23,82,11.159296572813181,0,0,0,-4546.519999998949,1.5350000010512304,0.5473984319315752
0.005,471,40.47,17,65,10.26786735403219,0,0,0,-4652.709999998919,1.3450000010816439,0.5523877405559515
0.005,472,51.18,27,83,13.075457926971431,0,0,0,-4528.494999998934,1.880000001066037,0.5564861012116893
0.005,473,50.25,21,78,11.733179449748478,0,0,0,-4537.044999999023,1.6500000009764335,0.5488239486813971
0.005,474,38.16,11,66,10.952369606619383,0,0,0,-4609.329999998961,0.5650000010391523,0.5591589451176051
0.005,475,40.43,14,75,12.67458480582303,0,0,0,-4609.75499999895,0.7250000010499207,0.5591589451176051
0.005,476,19.78,3,39,7.368283382172541,0,0,0,-4583.204999999076,0.3000000009242285,0.5441910192444761
0.005,477,49.18,15,81,12.62725623403596,0,0,0,-4540.849999998919,1.0500000010806616,0.5557733428367784
0.005,478,35.33,12,62,9.05986202985454,0,0,0,-4504.624999998921,0.6300000010787699,0.5509622238061297
0.005,479,54.03,32,93,13.502929311819713,0,0,0,-4529.179999999059,1.2250000009407813,0.5554169636493229
0.005,480,37.58,10,68,11.609633930490661,0,0,0,-4620.439999998991,0.5950000010088843,0.5488239486813971
0.005,481,47.05,23,66,9.939190107850841,0,0,0,-4584.204999998996,1.0550000010043732,0.561831789023521
0.005,482,52.79,30,95,11.038383033759972,0,0,0,-4557.939999999015,1.8050000009852738,0.5596935138987883
0.005,483,60.82,32,96,11.338765364888719,0,0,0,-4417.074999999015,2.135000000985201,0.5463292943692089
0.005,484,36.08,12,61,11.408488068100874,0,0,0,-4678.939999998929,0.7900000010704389,0.5646828225231646
0.005,485,43.18,9,71,12.970258285785986,0,0,0,-4574.584999999068,0.4300000009325231,0.5554169636493229
0.005,486,65.04,40,99,12.701118061021242,0,0,0,-4440.889999998959,2.0200000010408985,0.5513186029935851
0.005,487,59.03,32,97,12.251085666176692,0,0,0,-4605.37499999899,1.7900000010104122,0.5584461867426942
0.005,488,59.23,31,91,12.349781374583115,0,0,0,-4450.689999999023,1.4650000009769428,0.5484675694939416
0.005,489,43.14,13,69,13.089705879048621,0,0,0,-4480.124999998873,1.0250000011265001,0.5502494654312188
0.005,490,45.84,13,74,10.276886688097715,0,0,0,-4562.554999998939,0.6550000010611257,0.554704205274412
0.005,491,35.04,12,62,10.333363440816354,0,0,0,-4610.294999999008,0.510000000992477,0.5584461867426942
0.005,492,48.52,21,88,12.206129607701206,0,0,0,-4496.544999999028,0.9900000009720316,0.5580898075552387
0.005,493,35.17,10,69,11.80258869909479,0,0,0,-4611.984999998921,0.6200000010785516,0.5593371347113328
0.005,494,40.31,13,72,12.749662740637495,0,0,0,-4535.314999998958,0.7500000010413714,0.5511404133998574
0.005,495,47.97,23,84,12.348647699242214,0,0,0,-4500.679999999005,1.0600000009944779,0.5541696364932288
0.005,496,38.64,15,70,10.922930009846258,0,0,0,-4614.959999998921,1.2900000010786243,0.5548823948681397
0.005,497,49.65,32,75,10.16698086946169,0,0,0,-4560.2349999990165,1.615000000983855,0.5555951532430506
0.005,498,36.78,18,63,10.948588950179836,0,0,0,-4578.70999999896,0.8550000010400254,0.5559515324305061
0.005,499,34.85,13,60,10.587138423577922,0,0,0,-4717.214999998902,0.8800000010978692,0.5636136849607983
0.015,0,14.32,3,30,6.548098960767163,0,0,0,-4843.419999998556,0.3000000014444595,0.5525659301496793
0.015,1,4.84,0,23,4.700468061799803,31,31,31,-5091.014999998456,1.5443220036104321e-09,0.5673556664290805
0.015,2,5.98,0,18,4.315043452851895,15,15,15,-4909.894999998361,1.6398189472965896e-09,0.5434782608695652
0.015,3,17.37,3,44,7.823880111555902,0,0,0,-4812.06499999865,0.3600000013502722,0.5600498930862438
0.015,4,11.3,0,30,6.3063460101710245,3,3,3,-4922.949999998521,1.4788383850827813e-09,0.5568424803991446
0.015,5,1.51,0,11,2.3259191731442432,64,64,64,-5039.09499999829,1.709850039333105e-09,0.5577334283677833
0.015,6,11.32,0,27,5.883672322623005,2,2,2,-4885.369999998421,1.5788828022778034e-09,0.5491803278688525
0.015,7,9.47,0,27,6.3046887314125195,9,9,9,-4769.329999998658,1.3415046851150692e-09,0.5491803278688525
0.015,8,8.69,0,23,5.757942340801964,7,7,7,-4998.709999998386,1.6143530956469476e-09,0.559871703492516
0.015,9,15.21,0,33,7.0615791435060755,1,1,1,-4690.644999998695,1.305124897044152e-09,0.5457947255880257
0.015,10,17.78,0,41,8.17628277397498,2,2,2,-4809.179999998728,1.2723830877803266e-09,0.5514967925873129
0.015,11,8.68,0,23,5.49887261172688,12,12,12,-4848.919999998575,1.4251781976781785e-09,0.5450819672131147
0.015,12,9.08,0,22,5.826971769281193,10,10,10,-4903.564999998524,1.4752004062756896e-09,0.5543478260869565
0.015,13,13.46,0,37,8.120862023209112,10,10,10,-4851.929999998417,1.583430275786668e-09,0.5523877405559515
0.015,14,3.06,0,11,2.7379554415658407,35,35,35,-5113.389999998317,1.6834746929816902e-09,0.5564861012116893
0.015,15,27.34,3,54,10.429976030653187,0,0,0,-4751.784999998835,0.48000000116553565,0.5541696364932288
0.015,16,6.88,0,22,4.790156573641409,17,17,17,-4773.4149999986585,1.3415046851150692e-09,0.546863863150392
0.015,17,8.02,0,22,4.937570252664766,9,9,9,-4890.634999998504,1.496118784416467e-09,0.5591589451176051
0.015,18,9.14,0,25,5.825838995372255,9,9,9,-4817.2549999985495,1.4506440493278205e-09,0.5495367070563079
0.015,19,4.54,0,18,4.332251146921194,32,32,32,-5024.079999998324,1.6761987353675067e-09,0.5545260156806843
0.015,20,12.67,0,31,6.700828307008022,3,3,3,-5022.154999998442,1.557964424137026e-09,0.5648610121168923
0.015,21,12.15,0,38,7.104048141728771,2,2,2,-4832.459999998519,1.4806573744863272e-09,0.5450819672131147
0.015,22,20.85,3,42,8.741138369800584,0,0,0,-4831.1549999985355,0.34500000146454113,0.5595153243050606
0.015,23,4.33,0,16,3.679823365326113,27,27,27,-5049.819999998258,1.7416823538951576e-09,0.5580898075552387
0.015,24,9.83,0,29,6.5818766320860185,10,10,10,-5031.699999998312,1.6880221664905548e-09,0.5630791161796151
0.015,25,18.35,3,47,9.321346469260758,0,0,0,-4934.964999998543,0.3600000014566831,0.5627227369921597
0.015,26,5.91,0,20,4.829275307952529,17,17,17,-4931.099999998509,1.4915713109076023e-09,0.554704205274412
0.015,27,19.85,4,35,7.98795968943259,0,0,0,-4975.3999999985535,0.570000001446715,0.5641482537419815
0.015,28,11.76,0,36,7.010164049435647,6,6,6,-4792.294999998646,1.3542376109398901e-09,0.5575552387740556
0.015,29,21.93,3,54,9.989249221037584,0,0,0,-4669.554999998838,0.3450000011616794,0.5550605844618675
0.015,30,20.97,3,51,10.919207846725877,0,0,0,-4834.944999998719,0.3450000012808232,0.5614754098360656
0.015,31,23.83,7,46,8.760199769411654,0,0,0,-4753.6699999986595,1.1100000013402678,0.5506058446186742
0.015,32,10.68,0,27,6.546571621849104,7,7,7,-4956.184999998415,1.585249265190214e-09,0.5539914468995011
0.015,33,29.88,6,56,9.773719865025804,0,0,0,-4773.689999998568,0.7050000014323814,0.5486457590876693
0.015,34,26.14,7,57,10.813898464476166,0,0,0,-4743.124999998932,0.8550000010673102,0.5498930862437633
0.015,35,6.37,0,23,4.778399313577717,16,16,16,-5155.779999998262,1.7380443750880659e-09,0.571632216678546
0.015,36,21.35,5,38,8.10108017489026,0,0,0,-4834.084999998714,0.7200000012862802,0.5545260156806843
0.015,37,8.65,0,22,4.914010581999189,7,7,7,-4997.609999998327,1.672560756560415e-09,0.5605844618674269
0.015,38,18.67,0,41,8.28378536660626,1,1,1,-4754.599999998814,1.1859810911118984e-09,0.5602280826799715
0.015,39,23.22,0,51,9.54942930231959,1,1,1,-4689.274999998785,1.2150849215686321e-09,0.547576621525303
0.015,40,26.16,7,56,10.222250241507494,0,0,0,-4678.224999998743,0.7500000012569217,0.550071275837491
0.015,41,9.57,0,29,6.337594180759762,10,10,10,-4968.074999998396,1.6034391592256725e-09,0.5577334283677833
0.015,42,8.29,0,28,5.212091710628277,8,8,8,-5072.129999998186,1.8144419300369918e-09,0.5646828225231646
0.015,43,10.9,0,33,6.754998149518622,3,3,3,-4862.57999999856,1.4397301129065454e-09,0.552744119743407
0.015,44,17.48,0,45,8.926903158430699,2,2,2,-4749.0299999986,1.3997123460285366e-09,0.5465074839629366
0.015,45,12.03,0,27,6.541337783664745,4,4,4,-4843.9599999985585,1.4415491023100913e-09,0.544903777619387
0.015,46,9.35,0,26,5.591734972260398,7,7,7,-4865.589999998525,1.4752004062756896e-09,0.5506058446186742
0.015,47,20.03,0,46,8.004317584903786,1,1,1,-4881.904999998659,1.3405951904132962e-09,0.5564861012116893
0.015,48,11.5,0,30,6.96921803361037,9,9,9,-4837.43499999853,1.470652932766825e-09,0.5539914468995011
0.015,49,6.91,0,27,5.124636572480043,12,12,12,-4846.139999998393,1.6070771380327642e-09,0.5484675694939416
0.015,50,13.32,0,33,7.544375388327386,5,5,5,-4813.634999998509,1.4915713109076023e-09,0.5525659301496793
0.015,51,18.63,4,46,7.9657454139584445,0,0,0,-4855.494999998668,0.37500000133150024,0.5621881682109765
0.015,52,0.22,0,4,0.87840765023991,94,94,94,-5320.63499999851,1.4906618162058294e-09,0.5582679971489665
0.015,53,18.19,3,38,7.457472762270071,0,0,0,-4851.884999998492,0.46500000150808773,0.5506058446186742
0.015,54,9.43,0,33,6.711564646190932,9,9,9,-4985.59999999851,1.4906618162058294e-09,0.5602280826799715
0.015,55,21.13,4,50,8.843817049215797,0,0,0,-4722.444999998661,0.6900000013392855,0.550784034212402
0.015,56,5.73,0,18,4.766245902175003,24,24,24,-5005.65999999833,1.6698322724550962e-09,0.5600498930862438
0.015,57,0.09,0,3,0.5117616632769595,97,97,97,-5242.314999998234,1.7653292161412537e-09,0.5418745545260156
0.015,58,20.35,0,39,8.48100819478439,1,1,1,-4777.319999998688,1.3114913599565625e-09,0.561831789023521
0.015,59,20.94,4,46,7.390290927967587,0,0,0,-4644.239999998733,0.48000000126739906,0.5418745545260156
0.015,60,23.15,3,58,10.676492869851971,0,0,0,-4886.839999998519,0.3450000014818215,0.5497148966500356
0.015,61,8.15,0,23,4.911975162803655,7,7,7,-4900.949999998459,1.5406840248033404e-09,0.5548823948681397
0.015,62,10.11,0,28,5.614080512425877,3,3,3,-4970.359999998486,1.5133991837501526e-09,0.5564861012116893
0.015,63,10.68,0,29,6.700567140175524,5,5,5,-4902.469999998544,1.4561010175384581e-09,0.5543478260869565
0.015,64,2.93,0,12,2.895703714125463,38,38,38,-5055.6299999982475,1.7525962903164327e-09,0.5470420527441198
0.015,65,19.06,3,40,7.433464871780858,0,0,0,-4833.6749999985395,0.3750000014606485,0.5555951532430506
0.015,66,8.19,0,27,5.959353991835021,14,14,14,-4822.514999998438,1.5625118976458907e-09,0.550784034212402
0.015,67,6.37,0,18,4.900316316320815,16,16,16,-4899.289999998465,1.5352270565927029e-09,0.5563079116179616
0.015,68,9.43,0,27,5.891103462000986,13,13,13,-4798.884999998478,1.5224941307678819e-09,0.5450819672131147
0.015,69,17.78,0,40,7.804588394015408,1,1,1,-4845.339999998587,1.4133547665551305e-09,0.5573770491803278
0.015,70,13.08,0,36,7.090387859630811,2,2,2,-4914.274999998439,1.5606929082423449e-09,0.5506058446186742
0.015,71,6.82,0,20,4.320601809933426,9,9,9,-4898.679999998386,1.6143530956469476e-09,0.5513186029935851
0.015,72,12.49,0,39,7.174252574310441,5,5,5,-4711.769999998594,1.406078808940947e-09,0.5408054169636494
0.015,73,8.74,0,28,5.463734986252536,8,8,8,-4867.259999998548,1.4524630387313664e-09,0.5607626514611547
0.015,74,4.18,0,16,3.766643067772682,31,31,31,-4915.15499999835,1.6498233890160918e-09,0.5416963649322879
0.015,75,20.83,3,41,8.577942643781201,0,0,0,-4715.12499999872,0.6000000012800228,0.5481111903064861
0.015,76,25.5,7,52,8.594765849050223,0,0,0,-4717.0549999986715,1.3050000013281533,0.5436564504632929
0.015,77,4.77,0,17,4.3355622472754325,30,30,30,-5056.364999998299,1.7007550923153758e-09,0.5623663578047042
0.015,78,7.41,0,25,4.829275307952529,9,9,9,-5031.429999998473,1.5270416042767465e-09,0.5678902352102637
0.015,79,20.19,3,36,7.708041255727683,0,0,0,-4895.764999998679,0.34500000132084097,0.5621881682109765
0.015,80,15.3,0,42,6.913031173081747,1,1,1,-4987.559999998453,1.547050487715751e-09,0.5575552387740556
0.015,81,19.97,3,51,8.160214457966163,0,0,0,-4790.144999998677,0.49500000132320565,0.5607626514611547
0.015,82,9.49,0,28,6.122899639876518,7,7,7,-4943.034999998371,1.6289050108753145e-09,0.5506058446186742
0.015,83,7.76,0,25,5.692310602909858,12,12,12,-4883.439999998414,1.585249265190214e-09,0.5516749821810406
0.015,84,20.26,3,44,8.999577767873335,0,0,0,-4779.249999998594,0.48000000140564225,0.5509622238061297
0.015,85,6.57,0,19,4.974444692626505,22,22,22,-4965.59999999844,1.5606929082423449e-09,0.5573770491803278
0.015,86,9.28,0,23,5.306750418099574,5,5,5,-4864.784999998615,1.3851604308001697e-09,0.5582679971489665
0.015,87,10.64,0,27,6.585620699675923,5,5,5,-4988.52499999837,1.6298145055770874e-09,0.5621881682109765
0.015,88,16.36,0,36,7.525317269059159,1,1,1,-4865.819999998659,1.3405951904132962e-09,0.5596935138987883
0.015,89,16.91,3,36,8.08095910149284,0,0,0,-4905.419999998565,0.5400000014351463,0.5584461867426942
0.015,90,21.49,4,50,9.330053590414153,0,0,0,-4796.764999998788,0.5100000012116652,0.5573770491803278
0.015,91,9.16,0,23,5.20522814101361,4,4,4,-5078.919999998318,1.6816557035781443e-09,0.5641482537419815
0.015,92,19.76,0,45,10.04103580314302,1,1,1,-4716.634999998639,1.3615135685540736e-09,0.5481111903064861
0.015,93,16.4,3,33,6.29285308902091,0,0,0,-4930.254999998508,0.34500000149273546,0.561831789023521
0.015,94,12.2,0,31,6.053098380168623,3,3,3,-4932.6549999984545,1.545231498312205e-09,0.5621881682109765
0.015,95,9.26,0,26,5.315298674580761,6,6,6,-4915.094999998385,1.6152625903487206e-09,0.5538132573057734
0.015,96,10.88,0,31,5.562876953519644,3,3,3,-5006.674999998456,1.5443220036104321e-09,0.5648610121168923
0.015,97,16.08,0,35,6.949359682733367,1,1,1,-4908.819999998625,1.3751559890806675e-09,0.5709194583036351
0.015,98,19.58,3,53,8.693882906963953,0,0,0,-4751.959999998756,0.4050000012439341,0.5620099786172488
0.015,99,19.13,3,42,8.751748396749074,0,0,0,-4850.0399999988085,0.30000000119161996,0.5671774768353528
0.015,100,13.52,0,39,7.8453553138146646,3,3,3,-4783.649999998578,1.4215402188710868e-09,0.5434782608695652
0.015,101,11.24,0,35,6.346841734280129,6,6,6,-4959.399999998507,1.4924808056093752e-09,0.5609408410548824
0.015,102,24.07,6,48,9.2674214320921,0,0,0,-4743.209999998786,0.9450000012138844,0.5609408410548824
0.015,103,10.38,0,31,5.604962087293722,3,3,3,-4843.714999998472,1.5279510989785194e-09,0.550071275837491
0.015,104,10.76,0,28,6.182426708016844,7,7,7,-4927.994999998527,1.4724719221703708e-09,0.550071275837491
0.015,105,17.3,3,38,7.4114775854751125,0,0,0,-4884.094999998498,0.4950000015023761,0.5616535994297933
0.015,106,15.42,0,38,8.030168117791806,1,1,1,-4891.524999998636,1.3633325579576194e-09,0.5600498930862438
0.015,107,16.61,0,39,7.71867216559947,3,3,3,-4826.9149999985,1.4997567632235587e-09,0.5552387740555952
0.015,108,9.55,0,26,5.297876933262984,2,2,2,-4886.624999998513,1.4870238373987377e-09,0.5518531717747683
0.015,109,1.42,0,8,2.0058913230780977,62,62,62,-5176.089999998432,1.5679688658565283e-09,0.552744119743407
0.015,110,31.64,8,67,10.468543356169471,0,0,0,-4588.534999999033,1.1550000009665382,0.5443692088382038
0.015,111,17.38,0,39,8.247157085929672,2,2,2,-4684.9749999988735,1.126863935496658e-09,0.5497148966500356
0.015,112,24.94,6,47,9.691047415011445,0,0,0,-4682.024999998855,0.5550000011453449,0.5506058446186742
0.015,113,7.98,0,24,5.1458332658569494,10,10,10,-4934.784999998435,1.5652403817512095e-09,0.5484675694939416
0.015,114,12.07,0,29,5.8995847311484555,2,2,2,-5012.664999998467,1.533408067189157e-09,0.5689593727726301
0.015,115,20.85,4,51,8.950279325250134,0,0,0,-4907.204999998554,0.6300000014462057,0.5671774768353528
0.015,116,16.9,0,40,8.942594701763017,1,1,1,-4647.309999998655,1.3451426639221609e-09,0.5445473984319316
0.015,117,1.4,0,8,2.1908902300206647,67,67,67,-5076.269999998204,1.7962520360015333e-09,0.5514967925873129
0.015,118,19.96,3,53,9.363674492420163,0,0,0,-4753.424999998692,0.3150000013074532,0.5582679971489665
0.015,119,7.98,0,25,5.658586395911968,12,12,12,-4971.3049999983,1.6998455976136029e-09,0.5573770491803278
0.015,120,9.56,0,26,5.860580176057657,6,6,6,-4961.959999998399,1.6007106751203537e-09,0.5514967925873129
0.015,121,2.82,0,15,3.5563464398171334,54,54,54,-5226.62999999828,1.7198544810526073e-09,0.5627227369921597
0.015,122,6.34,0,18,4.862550770943168,18,18,18,-4916.084999998463,1.5370460459962487e-09,0.5509622238061297
0.015,123,20.23,3,46,8.574211333994516,0,0,0,-4782.349999998675,0.43500000132462446,0.5575552387740556
0.015,124,18.11,3,42,7.96353564693472,0,0,0,-4639.0899999987305,0.33000000126958184,0.5359942979330007
0.015,125,18.6,3,50,9.719053451854249,0,0,0,-4798.789999998748,0.40500000125211955,0.5573770491803278
0.015,126,6.37,0,20,5.256719509351816,20,20,20,-5102.069999998365,1.634361979085952e-09,0.5611190306486101
0.015,127,17.06,0,41,8.018503601046769,1,1,1,-4965.639999998442,1.557964424137026e-09,0.5584461867426942
0.015,128,8.57,0,22,5.710087565002835,13,13,13,-5013.619999998399,1.6007106751203537e-09,0.5612972202423379
0.015,129,13.59,0,41,6.844114259712501,2,2,2,-4806.659999998639,1.3606040738523006e-09,0.5636136849607983
0.015,130,7.17,0,22,4.909287117291064,9,9,9,-4841.814999998475,1.5243131201714277e-09,0.5504276550249465
0.015,131,15.39,3,39,7.1440814665007855,0,0,0,-4743.434999998671,0.13500000132899004,0.5529223093371347
0.015,132,13.71,0,32,8.216197417297128,7,7,7,-4781.574999998617,1.382431946694851e-09,0.5452601568068425
0.015,133,4.21,0,15,3.677757468893238,31,31,31,-5004.359999998378,1.621629053261131e-09,0.5531004989308624
0.015,134,10.32,0,31,5.89386121316069,6,6,6,-4796.059999998575,1.4251781976781785e-09,0.5406272273699216
0.015,135,13.83,3,28,6.006754531358843,0,0,0,-4936.824999998459,0.4500000015405021,0.5604062722736992
0.015,136,18.46,0,40,8.651496980291908,3,3,3,-4874.7849999986065,1.393345883116126e-09,0.556664290805417
0.015,137,9.48,0,26,5.705225674765196,4,4,4,-4887.319999998486,1.5133991837501526e-09,0.5525659301496793
0.015,138,0.53,0,9,1.6398475538903,89,89,89,-5193.284999998296,1.7034835764206946e-09,0.5611190306486101
0.015,139,11.66,0,29,5.88934631347147,2,2,2,-4967.499999998571,1.4288161764852703e-09,0.567712045616536
0.015,140,16.49,3,37,6.908682942500691,0,0,0,-4835.774999998492,0.49500000150874257,0.5571988595866001
0.015,141,10.3,0,32,6.330086887239385,6,6,6,-4891.024999998483,1.5170371625572443e-09,0.5584461867426942
0.015,142,14.94,0,35,7.208078800901112,2,2,2,-4814.829999998582,1.4179022400639951e-09,0.5568424803991446
0.015,143,4.72,0,18,4.749905262213132,35,35,35,-5017.444999998317,1.6825651982799172e-09,0.5481111903064861
0.015,144,1.51,0,15,2.6286688646537435,68,68,68,-5100.719999998199,1.8017090042121708e-09,0.5548823948681397
0.015,145,18.44,3,36,7.979122758799993,0,0,0,-4796.204999998673,0.5850000013269891,0.5637918745545261
0.015,146,11.83,0,48,7.749909676893015,8,8,8,-5055.344999998453,1.547050487715751e-09,0.5639700641482538
0.015,147,22.03,3,46,8.599366255719081,0,0,0,-4823.484999998829,0.34500000117077434,0.5591589451176051
0.015,148,8.98,0,29,5.608885807359605,6,6,6,-4937.679999998481,1.5188561519607902e-09,0.556664290805417
0.015,149,1.66,0,9,2.3925718380019436,62,62,62,-4987.334999998438,1.5616024029441178e-09,0.5550605844618675
0.015,150,11.5,0,27,5.927056605094978,3,3,3,-4987.419999998393,1.6070771380327642e-09,0.5612972202423379
0.015,151,5.56,0,20,4.148059787418691,18,18,18,-5023.269999998297,1.7034835764206946e-09,0.5550605844618675
0.015,152,22.06,5,40,8.100395052094681,0,0,0,-4617.009999998859,0.7050000011413431,0.5520313613684961
0.015,153,4.97,0,17,4.364527465831782,30,30,30,-5007.409999998499,1.5006662579253316e-09,0.5541696364932288
0.015,154,19.05,0,39,8.581812162940878,1,1,1,-4705.479999998898,1.101398083847016e-09,0.546863863150392
0.015,155,7.96,0,24,5.412799645285237,10,10,10,-4989.34999999842,1.5807017916813493e-09,0.5563079116179616
0.015,156,16.94,0,35,8.366385121424905,1,1,1,-4791.234999998731,1.2687451089732349e-09,0.5504276550249465
0.015,157,20.5,3,44,9.023857268374762,0,0,0,-4883.574999998493,0.510000001507251,0.5518531717747683
0.015,158,13.15,0,29,6.4503875852540835,2,2,2,-4881.369999998506,1.494299795012921e-09,0.5559515324305061
0.015,159,23.16,7,46,8.62521883780348,0,0,0,-4772.704999998745,0.7350000012547753,0.5538132573057734
0.015,160,11.16,0,29,6.523373360463128,4,4,4,-4887.944999998554,1.446096575818956e-09,0.5534568781183179
0.015,161,11.12,0,29,6.479629619044595,4,4,4,-4878.839999998366,1.634361979085952e-09,0.552744119743407
0.015,162,16.68,0,40,7.671870697554802,1,1,1,-4680.924999998792,1.2078089639544487e-09,0.5548823948681397
0.015,163,22.65,3,44,8.071400126372128,0,0,0,-4834.649999998607,0.33000000139236363,0.5522095509622238
0.015,164,10.83,0,29,6.340433739106498,8,8,8,-5061.77499999819,1.8098944565281272e-09,0.5600498930862438
0.015,165,12.35,0,31,6.484404367403378,4,4,4,-4886.559999998513,1.4870238373987377e-09,0.5645046329294369
0.015,166,23.61,3,45,8.970947553073756,0,0,0,-4690.814999998805,0.22500000119453034,0.5538132573057734
0.015,167,20.49,3,48,8.051701683495235,0,0,0,-4677.829999998679,0.2250000013209501,0.5425873129009265
0.015,168,24.18,0,45,9.334216624870026,1,1,1,-4716.68499999873,1.2705640983767807e-09,0.5502494654312188
0.015,169,3.03,0,12,3.3300300298946253,44,44,44,-4965.444999998568,1.431544660590589e-09,0.5532786885245902
0.015,170,16.25,0,41,8.344309438174019,2,2,2,-4824.119999998629,1.3706085155718029e-09,0.550784034212402
0.015,171,15.1,0,31,6.422616289332565,1,1,1,-4927.159999998478,1.521584636066109e-09,0.5543478260869565
0.015,172,16.5,3,38,8.16639455328972,0,0,0,-4793.6199999987,0.33000000129959517,0.554704205274412
0.015,173,23.17,3,54,8.962203970006485,0,0,0,-4675.739999998664,0.39000000133637513,0.5427655024946543
0.015,174,25.31,7,46,8.958454107713004,0,0,0,-4757.6349999986305,1.050000001369881,0.5541696364932288
0.015,175,15.08,3,36,7.6140396636739425,0,0,0,-4891.309999998472,0.4500000015277692,0.5518531717747683
0.015,176,10.92,0,39,7.386040888053626,5,5,5,-4990.264999998471,1.5297700883820653e-09,0.5636136849607983
0.015,177,17.6,0,44,8.473488065725945,2,2,2,-4818.549999998604,1.3960743672214448e-09,0.5584461867426942
0.015,178,17.73,0,39,8.397446040314877,1,1,1,-4884.114999998627,1.3724275049753487e-09,0.5605844618674269
0.015,179,9.73,0,24,5.522417948688781,3,3,3,-5033.0749999983,1.6998455976136029e-09,0.5559515324305061
0.015,180,16.56,0,42,8.818525953922233,2,2,2,-4824.699999998751,1.2487362255342305e-09,0.5609408410548824
0.015,181,19.16,4,39,8.10644188284848,0,0,0,-4880.9399999985735,0.3750000014260877,0.5596935138987883
0.015,182,11.59,0,26,6.435984773133012,5,5,5,-4882.109999998494,1.5061232261359692e-09,0.5539914468995011
0.015,183,5.55,0,20,4.2340878592679205,14,14,14,-4930.474999998572,1.4288161764852703e-09,0.5646828225231646
0.015,184,25.69,6,51,9.569425270098513,0,0,0,-4761.194999998725,0.6750000012752935,0.5536350677120456
0.015,185,11.51,0,33,7.149118826820547,8,8,8,-4944.984999998497,1.5024852473288774e-09,0.562544547398432
0.015,186,7.92,0,22,5.3041116127019805,10,10,10,-4894.034999998596,1.4042598195374012e-09,0.5555951532430506
0.015,187,0.9,0,9,1.824828759089466,78,78,78,-5381.499999998322,1.6780177247710526e-09,0.550784034212402
0.015,188,15.35,0,35,7.542380260899075,2,2,2,-4916.519999998558,1.4424585970118642e-09,0.5545260156806843
0.015,189,12.88,3,29,5.855390678682337,0,0,0,-4979.409999998372,0.2700000016284321,0.5548823948681397
0.015,190,11.33,0,29,6.854276037627899,4,4,4,-4739.774999998476,1.5234036254696548e-09,0.5491803278688525
0.015,191,16.98,0,41,7.729139667517984,1,1,1,-4795.454999998552,1.4479155652225018e-09,0.550784034212402
0.015,192,16.55,0,37,7.4838158715991945,1,1,1,-4614.784999998679,1.3205863069742918e-09,0.5375980042765502
0.015,193,22.55,6,45,9.114137370042213,0,0,0,-4764.784999998732,0.9450000012675446,0.5495367070563079
0.015,194,19.78,6,47,8.985076516090444,0,0,0,-4906.124999998563,0.6300000014371108,0.5634354953670706
0.015,195,12.14,0,37,6.123757016734089,2,2,2,-4889.814999998621,1.3787939678877592e-09,0.5602280826799715
0.015,196,21.4,6,40,7.935993951610598,0,0,0,-4807.669999998682,0.6600000013177123,0.5477548111190307
0.015,197,16.72,3,36,6.682933487623529,0,0,0,-4800.394999998616,0.4050000013839963,0.5504276550249465
0.015,198,16.08,0,36,6.796587378971891,1,1,1,-4945.559999998601,1.3997123460285366e-09,0.5675338560228083
0.015,199,9.87,0,27,5.349121423187177,4,4,4,-5010.174999998242,1.7580532585270703e-09,0.5538132573057734
0.015,200,14.44,0,35,7.19766628845767,2,2,2,-4913.774999998457,1.5425030142068863e-09,0.5593371347113328
0.015,201,10.18,0,27,6.272766534791487,7,7,7,-4854.199999998557,1.4424585970118642e-09,0.5541696364932288
0.015,202,15.95,0,43,9.453438527858529,2,2,2,-4915.364999998482,1.5179466572590172e-09,0.5614754098360656
0.015,203,10.74,0,39,6.855100291024194,3,3,3,-4986.864999998482,1.5179466572590172e-09,0.5609408410548824
0.015,204,7.89,0,25,5.364503704910642,13,13,13,-5062.2599999983995,1.6007106751203537e-09,0.5604062722736992
0.015,205,26.56,3,54,9.128329529547013,0,0,0,-4722.4999999987585,0.2700000012418968,0.5561297220242338
0.015,206,5.85,0,19,4.490823977846382,21,21,21,-4832.559999998525,1.4752004062756896e-09,0.5545260156806843
0.015,207,6.73,0,24,5.1920227272229855,16,16,16,-4999.389999998319,1.6816557035781443e-09,0.5680684248039914
0.015,208,9.86,0,30,5.707924316246668,6,6,6,-4871.414999998604,1.3960743672214448e-09,0.5639700641482538
0.015,209,13.26,0,28,6.472433854432195,2,2,2,-4857.229999998655,1.344233169220388e-09,0.556664290805417
0.015,210,21.49,6,42,8.161488834765382,0,0,0,-4822.594999998836,0.5550000011635348,0.5653955808980755
0.015,211,13.26,0,34,6.5629566507786725,1,1,1,-4810.474999998612,1.3887984096072614e-09,0.5552387740555952
0.015,212,18.12,0,43,8.441895521741547,1,1,1,-4921.459999998533,1.4670149539597332e-09,0.562544547398432
0.015,213,17.2,0,49,9.132360045464699,1,1,1,-4787.954999998757,1.243279257323593e-09,0.5564861012116893
0.015,214,13.65,0,32,6.620234134832393,2,2,2,-5012.234999998536,1.4633769751526415e-09,0.5568424803991446
0.015,215,16.25,0,36,7.046098211066888,1,1,1,-4919.789999998428,1.57160684466362e-09,0.5529223093371347
0.015,216,6.05,0,18,4.508602887813474,23,23,23,-5034.289999998437,1.5625118976458907e-09,0.5552387740555952
0.015,217,14.86,3,42,6.3718443169933145,0,0,0,-4716.709999998634,0.4050000013658064,0.5477548111190307
0.015,218,11.79,0,36,5.862243597804513,3,3,3,-4866.944999998472,1.5279510989785194e-09,0.5520313613684961
0.015,219,22.04,3,44,8.836198277539951,0,0,0,-4931.889999998534,0.28500000146595994,0.562544547398432
0.015,220,16.32,0,47,8.56256970774545,2,2,2,-4786.799999998683,1.3169483281672e-09,0.5577334283677833
0.015,221,14.63,0,33,6.2795780112998045,1,1,1,-4783.409999998598,1.4015313354320824e-09,0.5538132573057734
0.015,222,2.32,0,11,2.8978612803238186,53,53,53,-5175.749999998308,1.6916601452976465e-09,0.5648610121168923
0.015,223,24.32,6,59,9.514073785713457,0,0,0,-4787.364999998696,0.8250000013040335,0.5557733428367784
0.015,224,12.63,0,41,7.124120998410962,3,3,3,-4789.424999998689,1.3114913599565625e-09,0.5588025659301497
0.015,225,17.17,3,37,7.313077327637115,0,0,0,-4864.364999998489,0.3750000015106707,0.5575552387740556
0.015,226,20.47,6,43,8.591222264614041,0,0,0,-4679.324999998784,0.6750000012161763,0.5531004989308624
0.015,227,13.21,0,35,8.212545281458118,5,5,5,-4961.024999998563,1.4370016288012266e-09,0.5609408410548824
0.015,228,4.54,0,14,3.424675167077894,23,23,23,-4987.319999998354,1.6452759155072272e-09,0.5661083392729864
0.015,229,8.98,0,27,6.424920232967878,11,11,11,-4875.764999998487,1.5133991837501526e-09,0.5491803278688525
0.015,230,12.17,0,29,6.640865907394908,5,5,5,-4867.619999998527,1.4724719221703708e-09,0.5573770491803278
0.015,231,13.8,0,33,7.500666637039671,2,2,2,-4782.534999998584,1.4160832506604493e-09,0.5381325730577334
0.015,232,5.51,0,17,3.9076719411946548,18,18,18,-4929.5149999984715,1.5288605936802924e-09,0.5602280826799715
0.015,233,13.5,0,48,8.50235261559999,5,5,5,-4836.269999998561,1.4397301129065454e-09,0.5511404133998574
0.015,234,2.1,0,13,2.930870177950569,58,58,58,-4990.554999998331,1.6689227777533233e-09,0.5463292943692089
0.015,235,18.64,0,36,7.370915818268446,1,1,1,-4779.154999998706,1.293301465921104e-09,0.5531004989308624
0.015,236,5.47,0,20,5.099911763942589,29,29,29,-4915.034999998472,1.5279510989785194e-09,0.5568424803991446
0.015,237,7.68,0,28,5.846161133598697,14,14,14,-5007.374999998291,1.7089405446313322e-09,0.5514967925873129
0.015,238,12.17,0,35,6.861566876450305,4,4,4,-4836.519999998581,1.419721229467541e-09,0.5525659301496793
0.015,239,18.51,3,39,8.092583023979426,0,0,0,-4755.944999998673,0.21000000132698915,0.5466856735566643
0.015,240,7.87,0,25,5.640310275153309,17,17,17,-4962.854999998408,1.5916157281026244e-09,0.5525659301496793
0.015,241,8.92,0,25,4.871714277336059,2,2,2,-4917.669999998487,1.5133991837501526e-09,0.5564861012116893
0.015,242,12.41,0,29,6.519348126921893,3,3,3,-4925.969999998533,1.4670149539597332e-09,0.5561297220242338
0.015,243,14.98,0,36,7.366111592964092,2,2,2,-4799.864999998587,1.4124452718533576e-09,0.5516749821810406
0.015,244,11.65,3,25,5.935275899231644,0,0,0,-4865.484999998552,0.43500000144831574,0.5561297220242338
0.015,245,29.67,10,51,9.90459994144135,0,0,0,-4837.119999998697,1.2600000013035242,0.5570206699928724
0.015,246,14.3,0,35,8.218880702382776,5,5,5,-4871.714999998598,1.4024408301338553e-09,0.5573770491803278
0.015,247,18.85,0,36,7.592595076783695,1,1,1,-4727.334999998795,1.20508047984913e-09,0.5595153243050606
0.015,248,5.24,0,22,4.530165559888513,24,24,24,-4985.459999998479,1.520675141364336e-09,0.5506058446186742
0.015,249,21.08,6,38,7.504238802170411,0,0,0,-4724.724999998672,0.8250000013285899,0.5482893799002139
0.015,250,4.28,0,17,4.113587242298381,31,31,31,-5032.169999998244,1.7562342691235244e-09,0.5550605844618675
0.015,251,11.92,0,32,6.761183328382688,4,4,4,-4961.819999998322,1.6780177247710526e-09,0.5602280826799715
0.015,252,9.62,0,28,6.080756531879894,10,10,10,-5030.089999998237,1.7635102267377079e-09,0.5630791161796151
0.015,253,8.74,0,23,5.680880213488048,9,9,9,-5024.959999998227,1.7726051737554371e-09,0.5616535994297933
0.015,254,15.92,0,40,7.292023038910396,1,1,1,-4724.384999998607,1.393345883116126e-09,0.544903777619387
0.015,255,11.71,0,32,6.83709733732086,4,4,4,-4796.659999998698,1.3014869182370603e-09,0.5575552387740556
0.015,256,17.02,3,38,8.433243741289587,0,0,0,-4891.579999998688,0.37500000131149136,0.5646828225231646
0.015,257,14.48,0,32,6.590113807818496,1,1,1,-4787.269999998543,1.457010512240231e-09,0.5548823948681397
0.015,258,13.51,0,36,7.410121456494489,2,2,2,-4793.884999998519,1.4815668691881e-09,0.5506058446186742
0.015,259,12.72,0,50,7.265094631179968,2,2,2,-4785.144999998531,1.469743438065052e-09,0.550071275837491
0.015,260,12.42,0,32,6.648578795502088,4,4,4,-4973.764999998311,1.6889316611923277e-09,0.5577334283677833
0.015,261,15.14,0,38,6.944091013228441,2,2,2,-4804.7349999986345,1.3651515473611653e-09,0.5545260156806843
0.015,262,10.55,0,26,6.629291063152982,8,8,8,-4988.629999998499,1.5006662579253316e-09,0.5611190306486101
0.015,263,22.38,6,50,10.236972208617155,0,0,0,-4944.664999998598,0.720000001401786,0.5671774768353528
0.015,264,11.84,0,35,7.194053099609427,4,4,4,-4795.054999998671,1.329681253992021e-09,0.5520313613684961
0.015,265,13.43,0,29,6.7070932601239415,4,4,4,-4703.644999998685,1.3151293387636542e-09,0.5497148966500356
0.015,266,6.65,0,19,4.559331091289598,12,12,12,-5102.044999998393,1.6070771380327642e-09,0.5641482537419815
0.015,267,12.73,0,32,7.002649498582662,3,3,3,-4795.464999998632,1.367880031466484e-09,0.5523877405559515
0.015,268,15.17,0,42,8.471192359992777,2,2,2,-4805.194999998665,1.3351382222026587e-09,0.5532786885245902
0.015,269,16.81,0,35,7.3248822516133325,1,1,1,-4743.769999998733,1.267835614271462e-09,0.5534568781183179
0.015,270,17.25,0,39,7.760637860382354,1,1,1,-4994.254999998402,1.597982191015035e-09,0.5604062722736992
0.015,271,11.21,0,25,5.5322599360478355,1,1,1,-4775.444999998656,1.343323674518615e-09,0.5497148966500356
0.015,272,23.58,6,48,7.421832657773955,0,0,0,-4687.364999998798,0.5850000012014789,0.5454383464005702
0.015,273,17.64,3,40,7.764689304795137,0,0,0,-4855.459999998666,0.45000000133404683,0.5543478260869565
0.015,274,21.73,6,45,8.174172741017895,0,0,0,-4812.71499999874,0.7050000012604869,0.5563079116179616
0.015,275,26.23,7,63,9.842616522043313,0,0,0,-4768.579999998683,0.915000001316912,0.5511404133998574
0.015,276,7.54,0,25,5.6787674719079675,18,18,18,-4951.469999998423,1.5770638128742576e-09,0.5514967925873129
0.015,277,14.25,0,32,6.875136362284024,2,2,2,-4876.584999998501,1.4988472685217857e-09,0.5595153243050606
0.015,278,21.42,3,44,8.663925207433406,0,0,0,-4662.959999998812,0.5100000011880184,0.5523877405559515
0.015,279,24.02,0,47,8.504093132133491,1,1,1,-4731.584999998748,1.2523742043413222e-09,0.5511404133998574
0.015,280,6.97,0,26,5.181611718374892,13,13,13,-4971.304999998484,1.5161276678554714e-09,0.5534568781183179
0.015,281,21.58,3,48,9.312550671003084,0,0,0,-4763.52999999867,0.36000000133026333,0.5495367070563079
0.015,282,10.16,0,31,6.5172386790726025,7,7,7,-5016.369999998464,1.5361365512944758e-09,0.5637918745545261
0.015,283,9.83,0,29,6.272248400693328,5,5,5,-4908.764999998576,1.4242687029764056e-09,0.562544547398432
0.015,284,0.57,0,6,1.3057947771376632,83,83,83,-5141.949999998457,1.5425030142068863e-09,0.5491803278688525
0.015,285,13.86,0,36,8.07839092889172,5,5,5,-4889.664999998579,1.420630724169314e-09,0.5611190306486101
0.015,286,1.09,0,8,1.8498378307300345,71,71,71,-5157.484999998208,1.7917045624926686e-09,0.5668210976478973
0.015,287,7.32,0,26,5.585481178913773,14,14,14,-4976.934999998483,1.5161276678554714e-09,0.5532786885245902
0.015,288,14.26,0,34,6.933426281428252,3,3,3,-4805.239999998709,1.2905729818157852e-09,0.5559515324305061
0.015,289,6.77,0,27,5.592593316163799,19,19,19,-5125.664999998243,1.7571437638252974e-09,0.5707412687099074
0.015,290,17.33,0,41,7.8141602235940875,1,1,1,-4722.804999998778,1.2223608791828156e-09,0.5555951532430506
0.015,291,10.42,0,30,6.439223555678123,6,6,6,-4920.519999998426,1.5743353287689388e-09,0.5568424803991446
0.015,292,7.18,0,21,5.117382143244728,13,13,13,-4899.279999998397,1.6025296645238996e-09,0.5479330007127584
0.015,293,2.96,0,13,2.928890574944718,39,39,39,-5080.579999998281,1.7189449863508344e-09,0.5541696364932288
0.015,294,12.91,0,31,6.581937404746418,5,5,5,-4806.059999998575,1.4251781976781785e-09,0.5612972202423379
0.015,295,5.92,0,19,4.844956140152354,23,23,23,-4978.8149999983225,1.6771082300692797e-09,0.5506058446186742
0.015,296,16.06,0,42,8.678502174914748,1,1,1,-4741.654999998697,1.3023964129388332e-09,0.562544547398432
0.015,297,6.74,0,24,5.3340791145238935,18,18,18,-5040.969999998437,1.5634213923476636e-09,0.5612972202423379
0.015,298,17.39,3,33,6.583152740139028,0,0,0,-4719.289999998701,0.37500000129875843,0.5497148966500356
0.015,299,12.06,0,33,6.454176942105012,4,4,4,-4703.834999998703,1.2969394447281957e-09,0.550784034212402
0.015,300,9.42,0,31,6.16957048748128,7,7,7,-5035.159999998358,1.6416379367001355e-09,0.5616535994297933
0.015,301,6.71,0,21,5.044392926804969,16,16,16,-4961.684999998341,1.6589183360338211e-09,0.5541696364932288
0.015,302,18.32,5,44,8.625404338348435,0,0,0,-4788.839999998675,0.6900000013247336,0.5588025659301497
0.015,303,13.18,0,33,6.741483516259607,1,1,1,-4979.394999998411,1.5897967386990786e-09,0.5570206699928724
0.015,304,12.31,0,29,6.567640367742436,2,2,2,-4808.919999998565,1.4351826393976808e-09,0.5548823948681397
0.015,305,9.49,0,30,6.068764289375557,6,6,6,-4950.799999998415,1.585249265190214e-09,0.5561297220242338
0.015,306,24.22,5,64,10.799611104109259,0,0,0,-4656.004999998823,0.4350000011763768,0.5447255880256593
0.015,307,19.23,7,38,6.2607587399611555,0,0,0,-4799.1699999986695,0.8550000013301542,0.5529223093371347
0.015,308,9.75,0,30,6.198991853519409,7,7,7,-4859.419999998403,1.597072696313262e-09,0.5548823948681397
0.015,309,22.98,4,42,8.33064223214513,0,0,0,-4733.564999998764,0.48000000123647624,0.552744119743407
0.015,310,10.33,0,29,6.488536044440225,5,5,5,-4942.159999998424,1.5761543181724846e-09,0.5637918745545261
0.015,311,7.44,0,27,5.229378548164208,11,11,11,-4930.444999998414,1.5861587598919868e-09,0.5571988595866001
0.015,312,21.12,3,45,9.242597037629631,0,0,0,-4751.51499999874,0.37500000126055966,0.5586243763364219
0.015,313,17.14,0,50,8.163357152544533,1,1,1,-4769.649999998732,1.267835614271462e-09,0.552744119743407
0.015,314,7.75,0,21,4.794528131109463,10,10,10,-4951.709999998452,1.5479599824175239e-09,0.5561297220242338
0.015,315,14.28,0,48,7.621128525356333,3,3,3,-4960.959999998447,1.5534169506281614e-09,0.5602280826799715
0.015,316,23.86,3,48,9.099472512184429,0,0,0,-4851.904999998642,0.5400000013578392,0.5588025659301497
0.015,317,10.9,0,35,6.8898476035395735,6,6,6,-5030.129999998336,1.6643753042444587e-09,0.56503920171062
0.015,318,12.1,0,28,6.144102863722254,2,2,2,-4911.64499999849,1.5106706996448338e-09,0.5623663578047042
0.015,319,11.93,0,29,6.624583005744588,2,2,2,-4811.634999998533,1.4670149539597332e-09,0.5589807555238774
0.015,320,1.01,0,6,1.6822306619485927,72,72,72,-5380.969999998324,1.6761987353675067e-09,0.557911617961511
0.015,321,19.32,3,44,9.032031886569046,0,0,0,-4844.054999998552,0.6000000014473699,0.5563079116179616
0.015,322,7.6,0,25,5.951470406546604,21,21,21,-4760.289999998676,1.3242242857813835e-09,0.5554169636493229
0.015,323,9.76,0,28,6.059900989290171,7,7,7,-4796.344999998622,1.3778844731859863e-09,0.5516749821810406
0.015,324,1.79,0,18,3.1441851090544906,63,63,63,-4959.084999998466,1.53431756189093e-09,0.5532786885245902
0.015,325,14.07,0,29,6.218126727560319,1,1,1,-4751.18999999874,1.2596501619555056e-09,0.5509622238061297
0.015,326,38.03,16,59,9.949326610379218,0,0,0,-4691.269999998745,1.9350000012545934,0.5586243763364219
0.015,327,15.65,0,36,8.468028105763468,4,4,4,-4668.6749999988015,1.1987140169367194e-09,0.5470420527441198
0.015,328,18.28,0,43,8.681105920330658,1,1,1,-4878.759999998483,1.5170371625572443e-09,0.5571988595866001
0.015,329,15.88,3,39,7.706205291841115,0,0,0,-4964.689999998508,0.46500000149171683,0.5614754098360656
0.015,330,8.08,0,21,5.309764589885318,9,9,9,-4863.504999998391,1.60889612743631e-09,0.550071275837491
0.015,331,7.0,0,21,4.688283267892417,10,10,10,-5057.314999998276,1.723492459859699e-09,0.5525659301496793
0.015,332,17.01,0,37,7.572971675636982,1,1,1,-4834.394999998553,1.4470060705207288e-09,0.5545260156806843
0.015,333,9.97,0,25,6.020722548000365,10,10,10,-5004.394999998478,1.5224941307678819e-09,0.5593371347113328
0.015,334,21.89,4,45,8.92736803318873,0,0,0,-4997.829999998529,0.6750000014708348,0.5630791161796151
0.015,335,14.62,3,36,6.74207683136287,0,0,0,-4842.309999998504,0.3900000014955367,0.5568424803991446
0.015,336,14.02,0,37,7.834513386292731,2,2,2,-4742.629999998644,1.356056600343436e-09,0.5518531717747683
0.015,337,12.45,0,33,6.310903263400573,1,1,1,-4977.714999998342,1.6580088413320482e-09,0.5561297220242338
0.015,338,5.59,0,21,4.652085553813472,19,19,19,-5027.954999998308,1.6916601452976465e-09,0.5557733428367784
0.015,339,5.32,0,20,4.874176853582562,27,27,27,-4850.549999998491,1.508851710241288e-09,0.5525659301496793
0.015,340,3.39,0,18,3.73067018108007,42,42,42,-5054.184999998306,1.6934791347011924e-09,0.5450819672131147
0.015,341,8.69,0,24,5.390166973294983,10,10,10,-4947.054999998432,1.5679688658565283e-09,0.5491803278688525
0.015,342,20.18,3,43,8.161347927885442,0,0,0,-4609.469999998752,0.4200000012478995,0.5420527441197434
0.015,343,22.84,0,44,9.386927079721032,1,1,1,-4733.184999998733,1.267835614271462e-09,0.5484675694939416
0.015,344,13.06,0,26,5.804860032765648,1,1,1,-4958.614999998332,1.6680132830515504e-09,0.5561297220242338
0.015,345,6.51,0,21,4.982960967135906,18,18,18,-5018.9699999983095,1.6907506505958736e-09,0.5543478260869565
0.015,346,8.61,0,23,5.651362667534264,9,9,9,-5118.654999998367,1.6325429896824062e-09,0.5682466143977192
0.015,347,16.44,3,41,8.066374650361833,0,0,0,-4837.34499999862,0.3900000013800309,0.5532786885245902
0.015,348,14.87,0,37,7.4265133137967245,1,1,1,-4748.919999998669,1.331500243395567e-09,0.5538132573057734
0.015,349,17.86,0,39,7.762757242114428,1,1,1,-4942.36999999841,1.5897967386990786e-09,0.5497148966500356
0.015,350,26.69,8,60,10.2173333115838,0,0,0,-4651.134999998881,0.8550000011191514,0.5381325730577334
0.015,351,7.4,0,23,4.57602447545902,6,6,6,-4945.519999998338,1.6625563148409128e-09,0.5557733428367784
0.015,352,14.3,0,35,7.5504966724050675,2,2,2,-4728.954999998625,1.3751559890806675e-09,0.550071275837491
0.015,353,13.3,0,34,5.955669567731238,1,1,1,-4927.284999998468,1.5315890777856112e-09,0.5532786885245902
0.015,354,13.89,0,32,6.118651812286756,1,1,1,-4745.684999998616,1.3842509360983968e-09,0.5561297220242338
0.015,355,6.56,0,20,5.121171740920236,21,21,21,-5006.449999998305,1.6943886294029653e-09,0.5493585174625801
0.015,356,10.46,0,26,5.816218702903115,2,2,2,-4908.379999998377,1.623448042664677e-09,0.5557733428367784
0.015,357,21.27,4,45,9.717875282179742,0,0,0,-4824.30999999863,0.7200000013699537,0.5541696364932288
0.015,358,22.73,3,45,9.741514256007635,0,0,0,-4784.519999998822,0.21000000117783202,0.5506058446186742
0.015,359,19.24,0,44,7.507489593732382,1,1,1,-4864.52499999857,1.4297256711870432e-09,0.5588025659301497
0.015,360,6.64,0,24,5.620533782480095,20,20,20,-5143.754999998248,1.7516867956146598e-09,0.5614754098360656
0.015,361,11.74,0,39,7.710538243209744,10,10,10,-4949.254999998395,1.6052581486292183e-09,0.5595153243050606
0.015,362,35.48,13,59,9.696886098124489,0,0,0,-4742.839999998838,1.5300000011620796,0.5580898075552387
0.015,363,9.5,0,26,5.990826320300064,8,8,8,-4804.429999998606,1.394255377817899e-09,0.5520313613684961
0.015,364,23.06,5,49,8.519178364138176,0,0,0,-4876.784999998568,0.7050000014314719,0.5523877405559515
0.015,365,12.11,0,28,5.777360989240676,1,1,1,-5026.139999998516,1.4842953532934189e-09,0.5641482537419815
0.015,366,4.11,0,18,4.029627774373211,36,36,36,-5112.144999998297,1.7034835764206946e-09,0.5529223093371347
0.015,367,18.35,3,40,7.66469177462473,0,0,0,-4817.589999998664,0.19500000133575668,0.5563079116179616
0.015,368,9.39,0,36,6.228796031337035,7,7,7,-4826.959999998549,1.4506440493278205e-09,0.5506058446186742
0.015,369,11.58,0,28,6.3311610309642266,4,4,4,-4926.904999998439,1.5606929082423449e-09,0.5600498930862438
0.015,370,12.22,0,28,6.775809914689166,3,3,3,-4774.454999998585,1.4151737559586763e-09,0.5511404133998574
0.015,371,4.28,0,13,3.552689122340991,27,27,27,-5051.124999998312,1.6880221664905548e-09,0.5552387740555952
0.015,372,10.75,0,33,6.3629788621368215,4,4,4,-4640.2249999986525,1.3478711480274796e-09,0.5379543834640057
0.015,373,11.63,0,27,5.8474866395743055,3,3,3,-4871.739999998451,1.5488694771192968e-09,0.5571988595866001
0.015,374,6.75,0,15,4.461782155148321,13,13,13,-5064.164999998231,1.7689671949483454e-09,0.5611190306486101
0.015,375,5.01,0,20,4.330115471901413,28,28,28,-5134.51499999828,1.7207639757543802e-09,0.5623663578047042
0.015,376,9.94,0,33,6.629962292502123,7,7,7,-4989.3599999984735,1.5261321095749736e-09,0.5529223093371347
0.015,377,7.49,0,28,5.534428606459749,16,16,16,-4870.294999998482,1.5179466572590172e-09,0.5623663578047042
0.015,378,15.8,3,31,6.736467917239717,0,0,0,-4864.309999998634,0.37500000136606104,0.5568424803991446
0.015,379,6.14,0,17,4.434004961657124,15,15,15,-4932.83999999844,1.559783413540572e-09,0.5445473984319316
0.015,380,22.1,3,50,9.54829827770373,0,0,0,-4719.9299999987115,0.5550000012881355,0.5463292943692089
0.015,381,7.89,0,21,4.865994245783692,6,6,6,-4830.5199999984325,1.5679688658565283e-09,0.5555951532430506
0.015,382,22.59,7,49,8.28504073617022,0,0,0,-4764.814999998907,0.7650000010926306,0.5561297220242338
0.015,383,8.91,0,29,6.514744814649305,11,11,11,-5024.049999998453,1.547050487715751e-09,0.5614754098360656
0.015,384,12.06,0,37,7.045310497061148,3,3,3,-4877.24999999844,1.559783413540572e-09,0.5514967925873129
0.015,385,11.47,0,32,6.406957156092117,3,3,3,-4879.559999998597,1.4033503248356283e-09,0.5605844618674269
0.015,386,29.71,10,61,9.67604774688509,0,0,0,-4719.43499999891,1.320000001090193,0.561831789023521
0.015,387,9.35,0,27,5.435761216241935,5,5,5,-4885.124999998383,1.6170815797522664e-09,0.5529223093371347
0.015,388,15.19,0,36,7.709338493022602,4,4,4,-4765.344999998558,1.4424585970118642e-09,0.5447255880256593
0.015,389,16.32,0,33,7.103351321735396,1,1,1,-4922.119999998506,1.494299795012921e-09,0.5659301496792587
0.015,390,9.0,0,24,5.856620185738529,10,10,10,-4999.314999998425,1.5743353287689388e-09,0.5602280826799715
0.015,391,17.73,0,44,8.022287703641648,2,2,2,-4817.594999998657,1.343323674518615e-09,0.557911617961511
0.015,392,15.18,0,35,6.9891058083277,2,2,2,-4858.694999998657,1.342414179816842e-09,0.5634354953670706
0.015,393,18.79,3,40,8.356189322891147,0,0,0,-4713.52499999863,0.40500000137035386,0.5550605844618675
0.015,394,8.88,0,33,5.9954649527788915,9,9,9,-4930.909999998439,1.5606929082423449e-09,0.5482893799002139
0.015,395,15.94,0,48,8.196121033757372,4,4,4,-4770.654999998534,1.4661054592579603e-09,0.550071275837491
0.015,396,15.24,0,45,8.033828477133428,2,2,2,-4832.229999998446,1.5534169506281614e-09,0.5481111903064861
0.015,397,21.82,0,38,7.824806706877813,1,1,1,-4742.559999998815,1.1850715964101255e-09,0.5538132573057734
0.015,398,13.03,0,40,7.165828633172859,3,3,3,-4902.014999998421,1.5788828022778034e-09,0.556664290805417
0.015,399,24.85,3,51,9.71429359243378,0,0,0,-4874.944999998577,0.27000000142288627,0.561831789023521
0.015,400,9.22,0,27,6.160486993736778,11,11,11,-5047.079999998451,1.5488694771192968e-09,0.5531004989308624
0.015,401,10.82,0,32,6.717707942445846,5,5,5,-4895.624999998463,1.5370460459962487e-09,0.5532786885245902
0.015,402,25.22,3,48,8.432769414611075,0,0,0,-4768.059999998689,0.4650000013107274,0.5591589451176051
0.015,403,14.31,0,32,7.160579585480494,2,2,2,-4917.754999998468,1.532498572487384e-09,0.5588025659301497
0.015,404,14.4,0,43,8.191458966508959,1,1,1,-4705.569999998663,1.3369572116062045e-09,0.5431218816821097
0.015,405,14.62,0,34,7.546893400598686,2,2,2,-4770.719999998543,1.457010512240231e-09,0.5488239486813971
0.015,406,10.24,0,35,7.479465221524865,9,9,9,-4781.3899999987125,1.2878444977104664e-09,0.5522095509622238
0.015,407,17.86,3,41,9.008906703923623,0,0,0,-4803.609999998595,0.3450000014045145,0.5456165359942979
0.015,408,17.96,0,37,7.6536527227200475,1,1,1,-4834.614999998724,1.2760210665874183e-09,0.5570206699928724
0.015,409,14.27,0,38,7.384923831699281,2,2,2,-4830.974999998536,1.4642864698544145e-09,0.5477548111190307
0.015,410,10.34,0,29,5.73274803213956,4,4,4,-4896.659999998435,1.5652403817512095e-09,0.5523877405559515
0.015,411,11.58,0,30,6.687570560375419,8,8,8,-4835.719999998545,1.4551915228366852e-09,0.546863863150392
0.015,412,5.71,0,26,5.9452417949146525,29,29,29,-5021.904999998401,1.5988916857168078e-09,0.5550605844618675
0.015,413,8.01,0,25,5.527196396004036,9,9,9,-4970.349999998398,1.6025296645238996e-09,0.5548823948681397
0.015,414,18.13,0,62,9.137455882246437,2,2,2,-4851.444999998573,1.4269971870817244e-09,0.5596935138987883
0.015,415,27.09,8,63,11.239301579724605,0,0,0,-4677.334999998821,0.8250000011785232,0.5532786885245902
0.015,416,14.88,3,33,7.4044311057636305,0,0,0,-4843.814999998521,0.43500000147923856,0.5577334283677833
0.015,417,9.79,0,25,5.448476851377824,5,5,5,-4904.904999998382,1.6179910744540393e-09,0.5561297220242338
0.015,418,10.23,0,36,7.213674514420512,13,13,13,-4890.4249999985595,1.4406396076083183e-09,0.5563079116179616
0.015,419,8.85,0,21,4.9099388998235,5,5,5,-5010.844999998472,1.5279510989785194e-09,0.5721667854597291
0.015,420,7.03,0,22,4.873304833477996,13,13,13,-4940.214999998587,1.4133547665551305e-09,0.5557733428367784
0.015,421,9.56,0,24,5.488752135048548,6,6,6,-4901.699999998517,1.482476363889873e-09,0.5621881682109765
0.015,422,6.92,0,21,5.100352928964819,18,18,18,-4946.469999998545,1.4551915228366852e-09,0.5520313613684961
0.015,423,8.1,0,26,4.585847795119241,3,3,3,-5157.374999998281,1.7189449863508344e-09,0.5689593727726301
0.015,424,17.95,3,34,6.644358509291924,0,0,0,-4756.66499999867,0.4050000013294266,0.5493585174625801
0.015,425,25.41,7,52,9.640637945696332,0,0,0,-4749.044999998792,0.9750000012081728,0.5543478260869565
0.015,426,10.76,0,29,6.975844034953763,8,8,8,-4768.744999998622,1.3778844731859863e-09,0.5466856735566643
0.015,427,8.94,0,30,5.8151870133298385,7,7,7,-4879.77999999846,1.5397745301015675e-09,0.5580898075552387
0.015,428,7.41,0,27,5.424195792926358,12,12,12,-4976.20499999835,1.6498233890160918e-09,0.5605844618674269
0.015,429,15.8,3,36,7.698051701567093,0,0,0,-4865.234999998504,0.6300000014962279,0.5561297220242338
0.015,430,23.79,3,53,10.776172790002951,0,0,0,-4674.009999998709,0.42000000129155524,0.5559515324305061
0.015,431,10.97,0,29,6.751970082872109,5,5,5,-4973.7499999984175,1.5825207810848951e-09,0.5511404133998574
0.015,432,19.61,0,53,10.725572245805816,3,3,3,-4797.764999998718,1.2823875294998288e-09,0.5538132573057734
0.015,433,8.9,0,24,5.886425061104575,11,11,11,-4912.71999999856,1.4406396076083183e-09,0.5614754098360656
0.015,434,10.59,0,26,5.593022438717728,3,3,3,-4917.739999998426,1.5734258340671659e-09,0.5488239486813971
0.015,435,15.24,3,41,7.81680241531024,0,0,0,-4850.014999998504,0.34500000149546395,0.5470420527441198
0.015,436,11.49,0,28,7.0561958589597,9,9,9,-4974.009999998505,1.495209289714694e-09,0.5671774768353528
0.015,437,20.67,0,40,8.512408589817573,2,2,2,-4814.5749999986065,1.393345883116126e-09,0.5602280826799715
0.015,438,21.88,3,48,8.817346539634245,0,0,0,-4767.799999998588,0.5550000014118268,0.5514967925873129
0.015,439,6.75,0,28,5.337368265353254,20,20,20,-4953.75499999832,1.6798367141745985e-09,0.5548823948681397
0.015,440,17.49,0,39,7.579571227978533,1,1,1,-4799.379999998635,1.3651515473611653e-09,0.5589807555238774
0.015,441,21.37,3,50,9.025137118071946,0,0,0,-4710.769999998752,0.31500000124833605,0.5495367070563079
0.015,442,7.4,0,27,5.739337940912698,18,18,18,-4883.584999998531,1.4688339433632791e-09,0.5591589451176051
0.015,443,9.01,0,29,5.099990196069008,6,6,6,-4939.009999998423,1.5770638128742576e-09,0.5607626514611547
0.015,444,4.64,0,21,4.323239526096143,27,27,27,-5139.164999998357,1.6425474314019084e-09,0.554704205274412
0.015,445,1.7,0,9,2.2869193252058544,59,59,59,-4862.349999998496,1.5043042367324233e-09,0.5413399857448326
0.015,446,15.92,0,40,7.318032522474876,2,2,2,-5063.619999998454,1.546140993013978e-09,0.5643264433357092
0.015,447,11.78,0,29,6.352290925327649,4,4,4,-4784.1499999985635,1.4360921340994537e-09,0.5443692088382038
0.015,448,13.35,3,33,6.892568461756474,0,0,0,-4857.274999998575,0.48000000142474164,0.5555951532430506
0.015,449,21.42,3,51,9.014632549361066,0,0,0,-4687.504999998853,0.4200000011469456,0.5623663578047042
0.015,450,14.91,0,31,6.510138247380004,1,1,1,-4883.394999998496,1.5043042367324233e-09,0.5545260156806843
0.015,451,14.65,0,30,6.117801892837002,1,1,1,-4797.449999998641,1.3587850844487548e-09,0.5523877405559515
0.015,452,13.96,0,34,7.055380925222961,3,3,3,-4955.659999998619,1.380612957291305e-09,0.5710976478973628
0.015,453,15.17,0,36,7.439159898805778,3,3,3,-4696.574999998973,1.026819518301636e-09,0.5531004989308624
0.015,454,23.36,6,53,8.634257350809044,0,0,0,-4827.6949999987855,0.6750000012143573,0.5589807555238774
0.015,455,18.27,3,41,7.717324665970714,0,0,0,-4903.849999998609,0.2850000013913814,0.5662865288667142
0.015,456,14.63,3,39,6.850773678935832,0,0,0,-4862.089999998666,0.40500000133397407,0.5571988595866001
0.015,457,4.65,0,19,4.334454983039967,28,28,28,-5093.464999998429,1.570697349961847e-09,0.559871703492516
0.015,458,7.25,0,19,4.875192303899406,11,11,11,-4848.014999998417,1.583430275786668e-09,0.5454383464005702
0.015,459,13.68,0,31,7.57612037919145,4,4,4,-4785.564999998617,1.382431946694851e-09,0.5415181753385603
0.015,460,15.83,0,38,6.249887998996463,1,1,1,-4763.794999998759,1.241460267920047e-09,0.556664290805417
0.015,461,23.09,7,39,7.227855836968527,0,0,0,-4842.239999998673,0.9000000013274985,0.56503920171062
0.015,462,21.87,6,55,8.86076181826371,0,0,0,-4833.3849999986505,0.6450000013492172,0.5605844618674269
0.015,463,12.83,0,34,7.5472577801477,2,2,2,-4827.514999998565,1.4351826393976808e-09,0.5506058446186742
0.015,464,2.78,0,13,2.988578257298945,42,42,42,-4829.624999998507,1.4933903003111482e-09,0.5470420527441198
0.015,465,14.45,0,42,7.350340128184546,2,2,2,-4888.739999998487,1.5124896890483797e-09,0.5582679971489665
0.015,466,26.16,9,47,8.008395594624432,0,0,0,-4700.184999998765,1.1400000012345117,0.5441910192444761
0.015,467,13.87,0,50,7.392773498491618,1,1,1,-4913.429999998502,1.4979377738200128e-09,0.5636136849607983
0.015,468,8.06,0,22,5.907317496122923,19,19,19,-4894.389999998418,1.5825207810848951e-09,0.5466856735566643
0.015,469,4.34,0,18,3.824186187935937,24,24,24,-4905.1699999984085,1.5916157281026244e-09,0.5532786885245902
0.015,470,12.9,0,30,6.757958271549182,3,3,3,-4874.164999998471,1.5288605936802924e-09,0.5473984319315752
0.015,471,6.84,0,18,4.316758042790909,10,10,10,-5048.1649999983265,1.673470251262188e-09,0.5523877405559515
0.015,472,11.68,0,29,5.949588221045218,3,3,3,-4863.124999998567,1.433363649994135e-09,0.5564861012116893
0.015,473,10.43,0,28,6.324958497887555,8,8,8,-4920.084999998431,1.5688783605583012e-09,0.5488239486813971
0.015,474,12.34,0,28,5.838184649358051,1,1,1,-4899.684999998509,1.4915713109076023e-09,0.5591589451176051
0.015,475,10.84,0,28,6.5034144877902405,1,1,1,-4927.439999998447,1.5525074559263885e-09,0.5591589451176051
0.015,476,1.36,0,10,2.2159422375143265,67,67,67,-5100.51499999836,1.6407284419983625e-09,0.5441910192444761
0.015,477,11.3,0,38,7.301369734508724,5,5,5,-4849.699999998592,1.407897798344493e-09,0.5557733428367784
0.015,478,16.75,3,35,6.997678186370105,0,0,0,-4753.209999998625,0.555000001375447,0.5509622238061297
0.015,479,26.67,6,54,10.376950419077852,0,0,0,-4728.614999998884,0.6000000011163138,0.5554169636493229
0.015,480,11.23,0,34,6.598264923447679,6,6,6,-4923.104999998447,1.5525074559263885e-09,0.5488239486813971
0.015,481,20.05,3,38,7.399155357201254,0,0,0,-4835.449999998479,0.3300000015206024,0.561831789023521
0.015,482,19.72,3,45,8.538243379056373,0,0,0,-4812.979999998722,0.2550000012779492,0.5596935138987883
0.015,483,25.71,8,61,9.33948071361572,0,0,0,-4648.534999998878,1.0950000011216616,0.5463292943692089
0.015,484,8.27,0,29,6.097302682334214,9,9,9,-4985.189999998497,1.5024852473288774e-09,0.5646828225231646
0.015,485,14.98,0,49,9.081828009822692,3,3,3,-4819.044999998617,1.3833414413966238e-09,0.5554169636493229
0.015,486,23.07,6,49,9.498689383278094,0,0,0,-4697.91999999879,0.8100000012091186,0.5513186029935851
0.015,487,19.73,3,41,8.945227777983074,0,0,0,-4879.074999998536,0.42000000146344973,0.5584461867426942
0.015,488,24.11,7,60,9.49831037606163,0,0,0,-4685.519999998825,0.9450000011747761,0.5484675694939416
0.015,489,8.51,0,29,6.555143019034749,13,13,13,-4849.449999998392,1.6079866327345371e-09,0.5502494654312188
0.015,490,16.85,5,39,8.21751178885677,0,0,0,-4832.999999998522,0.630000001478038,0.554704205274412
0.015,491,15.12,0,34,7.41387887680936,2,2,2,-4836.414999998618,1.381522451993078e-09,0.5584461867426942
0.015,492,19.34,0,41,8.483183364751701,1,1,1,-4738.604999998727,1.2723830877803266e-09,0.5580898075552387
0.015,493,8.19,0,30,5.885057348913433,9,9,9,-4957.8149999985935,1.406078808940947e-09,0.5593371347113328
0.015,494,9.4,0,29,5.998333101787529,9,9,9,-4844.194999998466,1.533408067189157e-09,0.5511404133998574
0.015,495,19.66,0,38,7.748832170075694,1,1,1,-4747.219999998774,1.2259988579899073e-09,0.5541696364932288
0.015,496,11.17,0,25,5.700973601061488,3,3,3,-4980.749999998304,1.6962076188065112e-09,0.5548823948681397
0.015,497,17.02,3,34,6.864371784803035,0,0,0,-4813.33999999861,0.21000000138974428,0.5555951532430506
0.015,498,12.36,0,28,6.226588150825458,3,3,3,-4842.694999998573,1.4269971870817244e-09,0.5559515324305061
0.015,499,7.37,0,33,6.042607053251104,18,18,18,-5046.2849999982345,1.7653292161412537e-09,0.5636136849607983
