alpha,instance_id,hd_mean,hd_min,hd_max,hd_std,eng_count,bit_count,gs_count,best_energy,best_delta,target_density
0,0,177.41,140,220,17.844380067685176,0,0,0,-2698.2999999999165,3.3000000001070475,0.607448325017819
0,1,186.45,143,246,19.36614313692843,0,0,0,-2726.0999999999135,2.8000000001161425,0.6003207412687099
0,2,181.67,122,229,18.227481998345247,0,0,0,-2610.8999999999264,2.6000000000926775,0.5914112615823236
0,3,200.23,151,267,21.23433775750965,0,0,0,-2696.7999999999233,2.7000000001075932,0.5962223806129722
0,4,177.16,128,238,19.34100307636602,0,0,0,-2719.099999999902,2.2000000001289663,0.6019244476122595
0,5,181.1,133,255,22.475987186328435,0,0,0,-2684.8999999999073,2.8000000001138687,0.5978260869565217
0,6,182.37,140,251,20.391495776426016,0,0,0,-2695.8999999999455,2.9000000000796717,0.6004989308624377
0,7,167.62,121,214,19.74070920711817,0,0,0,-2718.099999999938,2.2000000000725777,0.6031717747683535
0,8,193.93,135,231,19.494232480403017,0,0,0,-2648.2999999999383,2.6000000000858563,0.5951532430506058
0,9,172.92,124,222,20.477636582379326,0,0,0,-2607.299999999944,1.9000000000669388,0.582679971489665
0,10,184.18,143,237,18.426817413758677,0,0,0,-2700.499999999916,3.000000000113687,0.6003207412687099
0,11,177.03,116,226,20.26053059522381,0,0,0,-2700.4999999999445,2.100000000071759,0.5969351389878831
0,12,175.82,126,234,19.568024938659498,0,0,0,-2654.9999999999313,2.400000000093769,0.6049536707056308
0,13,201.8,155,251,20.12858663692014,0,0,0,-2654.3999999999314,3.5000000000877662,0.5972915181753385
0,14,208.52,149,256,21.460419380804282,0,0,0,-2651.2999999999274,2.7000000001030457,0.5939059158945118
0,15,168.46,120,224,15.80722619563597,0,0,0,-2708.999999999936,2.7000000000853106,0.6056664290805417
0,16,190.14,134,234,19.549434774437856,0,0,0,-2692.0999999999212,2.6000000000944965,0.5908766928011404
0,17,191.36,153,246,17.309257638616394,0,0,0,-2647.599999999929,3.3000000000893124,0.5906985032074127
0,18,171.18,128,211,17.829402682086688,0,0,0,-2695.5999999999567,1.9000000000637556,0.5999643620812545
0,19,170.69,133,229,18.973505211214928,0,0,0,-2694.699999999919,2.700000000115324,0.5946186742694227
0,20,196.99,144,259,21.40443645602472,0,0,0,-2674.4999999999295,3.3000000000961336,0.5964005702066999
0,21,195.12,158,244,19.119769873092093,0,0,0,-2676.9999999999477,3.0000000000691216,0.6037063435495367
0,22,198.48,137,272,22.53818093813252,0,0,0,-2804.099999999934,3.1000000000854016,0.6143977191732003
0,23,191.81,145,242,20.291227168409502,0,0,0,-2693.0999999999453,2.200000000064847,0.6058446186742694
0,24,198.69,165,248,18.278782782231424,0,0,0,-2704.999999999917,2.500000000129603,0.599607982893799
0,25,184.04,137,250,22.62826551019764,0,0,0,-2678.2999999999283,2.400000000095588,0.5990734141126158
0,26,194.76,135,252,22.056799405172097,0,0,0,-2607.5999999999385,3.4000000000769433,0.595687811831789
0,27,198.74,150,252,22.419910793756515,0,0,0,-2697.4999999999527,3.100000000073578,0.5994297933000713
0,28,184.74,137,230,19.976295952953837,0,0,0,-2686.59999999992,2.80000000009386,0.5969351389878831
0,29,198.86,159,257,20.503667964537467,0,0,0,-2628.599999999945,3.0000000000850378,0.5896293656450463
0,30,204.1,162,256,19.357944105715358,0,0,0,-2649.3999999999314,2.900000000095588,0.594440484675695
0,31,196.63,159,255,19.451814825357555,0,0,0,-2621.7999999999497,2.300000000068394,0.5887384176764077
0,32,192.26,141,256,20.408635427191108,0,0,0,-2660.599999999921,2.1000000000981345,0.5969351389878831
0,33,198.08,150,250,19.736098905305475,0,0,0,-2758.2999999999483,2.400000000070122,0.6053100498930862
0,34,205.02,152,253,21.545755962602005,0,0,0,-2710.0999999999162,3.2000000001085027,0.5992516037063436
0,35,193.14,153,238,18.64028969731962,0,0,0,-2665.899999999906,2.600000000109503,0.6001425516749822
0,36,189.32,136,233,19.491988097677467,0,0,0,-2667.2999999999306,2.4000000000855835,0.602815395580898
0,37,167.83,121,209,18.73395580223248,0,0,0,-2710.6999999999402,2.600000000080854,0.6040627227369921
0,38,172.0,125,226,22.776303475322766,0,0,0,-2761.199999999924,2.900000000089676,0.5983606557377049
0,39,194.7,141,234,17.708472548472383,0,0,0,-2695.999999999938,3.100000000095406,0.5981824661439772
0,40,172.58,130,212,17.6772056615292,0,0,0,-2652.8999999999323,1.8000000000902219,0.6076265146115467
0,41,175.84,138,235,21.387248537387883,0,0,0,-2656.5999999999312,2.5000000000959517,0.5958660014255167
0,42,166.77,119,220,19.31986283595202,0,0,0,-2749.499999999958,2.600000000059481,0.6017462580185318
0,43,199.49,148,240,16.161370610192687,0,0,0,-2677.899999999927,2.7000000000962245,0.5960441910192444
0,44,155.82,108,217,17.975194018424393,0,0,0,-2737.8999999999323,2.300000000080672,0.5946186742694227
0,45,205.4,152,252,19.5509590557599,0,0,0,-2617.8999999999155,3.400000000111959,0.5896293656450463
0,46,198.72,159,258,20.78945886741644,0,0,0,-2645.8999999999237,3.7000000001048647,0.5990734141126158
0,47,217.61,172,260,19.476085335610954,0,0,0,-2724.0999999999185,2.900000000095133,0.6017462580185318
0,48,180.96,139,230,20.628097343187036,0,0,0,-2711.39999999992,2.6000000000944965,0.6065573770491803
0,49,179.17,137,226,19.017389410747207,0,0,0,-2614.3999999998973,3.1000000001181434,0.5940841054882395
0,50,186.45,134,253,19.647073573435815,0,0,0,-2695.8999999999287,2.7000000000907676,0.6001425516749822
0,51,189.39,119,236,21.736096705710526,0,0,0,-2736.3999999999005,2.3000000001284207,0.602815395580898
0,52,169.52,115,217,19.818920253131857,0,0,0,-2718.5999999998926,2.400000000127875,0.5997861724875267
0,53,177.39,134,238,19.35814815523427,0,0,0,-2684.1999999999134,3.0000000000964064,0.5983606557377049
0,54,171.52,128,219,18.255125307704684,0,0,0,-2679.099999999942,2.0000000000804903,0.5894511760513186
0,55,211.65,161,260,24.154243933520256,0,0,0,-2612.7999999999333,3.4000000000855835,0.5962223806129722
0,56,175.57,133,220,17.810252665248743,0,0,0,-2720.9999999999172,2.9000000001105946,0.5994297933000713
0,57,183.05,140,238,19.54808174732242,0,0,0,-2690.0999999999262,2.200000000111686,0.6078047042052744
0,58,197.8,156,246,18.39347710466947,0,0,0,-2667.699999999936,3.8000000000874934,0.5908766928011404
0,59,192.54,146,238,19.575198594139476,0,0,0,-2635.899999999945,2.4000000000764885,0.5876692801140413
0,60,184.83,134,245,20.271682219293,0,0,0,-2670.199999999935,2.5000000000804903,0.5928367783321454
0,61,170.68,116,217,20.958473226835967,0,0,0,-2692.0999999999494,2.700000000072123,0.6033499643620812
0,62,207.46,158,267,21.87163459826448,0,0,0,-2617.6999999999225,3.40000000010059,0.5928367783321454
0,63,197.07,153,230,16.455549215993976,0,0,0,-2651.4999999999213,3.600000000108139,0.5914112615823236
0,64,183.94,138,232,17.09316822593167,0,0,0,-2646.1999999999457,2.900000000066939,0.594440484675695
0,65,200.19,163,252,18.061392526602148,0,0,0,-2612.599999999937,2.9000000000855835,0.5867783321454028
0,66,183.31,135,235,19.248218099346236,0,0,0,-2690.3999999999255,2.500000000102773,0.5964005702066999
0,67,180.92,126,230,21.326828174859944,0,0,0,-2653.099999999934,2.7000000000766704,0.6006771204561654
0,68,209.8,158,262,22.940793360300336,0,0,0,-2613.299999999912,3.1000000001122316,0.5978260869565217
0,69,211.29,144,266,23.37618232303983,0,0,0,-2645.3999999999555,3.7000000000748514,0.5987170349251604
0,70,196.79,147,234,19.17618053732286,0,0,0,-2748.399999999916,2.900000000111504,0.6019244476122595
0,71,180.54,128,225,18.46912017395523,0,0,0,-2644.6999999999207,2.1000000001090484,0.5849964362081255
0,72,168.01,123,229,21.42684997847327,0,0,0,-2681.699999999928,2.6000000000931323,0.5964005702066999
0,73,199.73,152,262,23.224493535920217,0,0,0,-2704.099999999932,3.1000000000876753,0.610655737704918
0,74,184.76,132,233,19.332935628093317,0,0,0,-2560.1999999999402,2.900000000077398,0.5917676407697791
0,75,176.53,130,235,20.015721321001646,0,0,0,-2686.8999999999164,2.5000000001145963,0.5988952245188881
0,76,185.72,126,233,20.001039972961408,0,0,0,-2685.49999999994,2.4000000000924047,0.5946186742694227
0,77,178.49,135,233,17.50799531642615,0,0,0,-2673.7999999999174,2.800000000095224,0.6037063435495367
0,78,170.39,128,212,18.50129454930114,0,0,0,-2671.1999999999066,2.1000000001199624,0.6012116892373486
0,79,180.81,143,218,16.767048040725594,0,0,0,-2732.699999999892,2.20000000013124,0.5947968638631503
0,80,184.13,143,226,18.331205634109285,0,0,0,-2776.1999999999125,2.9000000001037733,0.6120812544547398
0,81,198.64,149,255,20.40662637478327,0,0,0,-2633.099999999957,2.9000000000678483,0.5933713471133286
0,82,184.6,139,230,18.92881401461803,0,0,0,-2639.699999999917,3.1000000001017725,0.5923022095509622
0,83,174.1,129,222,20.01574380331643,0,0,0,-2690.699999999936,2.5000000000763976,0.6060228082679971
0,84,194.33,150,245,18.99002632962893,0,0,0,-2603.8999999999537,2.600000000064483,0.5849964362081255
0,85,179.51,132,227,19.93464070406086,0,0,0,-2657.1999999999452,2.0000000000691216,0.5910548823948681
0,86,192.08,129,234,19.22845807650733,0,0,0,-2631.999999999894,3.0000000001377884,0.5933713471133286
0,87,192.2,143,237,20.88492279133442,0,0,0,-2714.599999999916,3.100000000100863,0.6037063435495367
0,88,199.6,136,246,19.763096923306325,0,0,0,-2684.9999999999463,3.500000000077307,0.604775481111903
0,89,182.03,143,249,17.348461026846156,0,0,0,-2687.1999999999107,1.700000000115324,0.6006771204561654
0,90,189.75,139,236,20.837166314064877,0,0,0,-2647.499999999918,3.5000000001086846,0.5949750534568781
0,91,179.69,133,229,18.7844057664862,0,0,0,-2768.9999999999304,2.1000000000963155,0.5987170349251604
0,92,202.4,146,272,21.828879952943073,0,0,0,-2658.5999999999394,2.3000000000961336,0.5969351389878831
0,93,196.9,144,241,20.237341722667036,0,0,0,-2781.299999999918,2.900000000113323,0.6053100498930862
0,94,187.5,129,252,22.5013332938295,0,0,0,-2662.299999999916,2.600000000113141,0.6017462580185318
0,95,191.67,159,245,19.763124752933173,0,0,0,-2638.799999999927,4.200000000083946,0.5969351389878831
0,96,193.34,151,241,18.149501370561122,0,0,0,-2761.4999999999286,2.8000000000943146,0.6017462580185318
0,97,183.21,137,232,22.063225058907413,0,0,0,-2721.499999999906,2.600000000120417,0.597647897362794
0,98,200.16,147,273,21.973948211461682,0,0,0,-2635.5999999999444,3.2000000000748514,0.5914112615823236
0,99,195.33,152,241,17.55451793698705,0,0,0,-2654.899999999951,3.700000000073487,0.5908766928011404
0,100,194.49,148,257,20.881328980694693,0,0,0,-2590.799999999935,3.7000000000948603,0.5876692801140413
0,101,180.52,134,243,20.006738864692565,0,0,0,-2738.599999999917,3.4000000001055923,0.6004989308624377
0,102,203.63,154,254,18.889497081711838,0,0,0,-2671.899999999959,3.7000000000693944,0.5951532430506058
0,103,190.68,140,242,18.07699090003643,0,0,0,-2615.699999999937,2.5000000000850378,0.5915894511760513
0,104,178.43,144,240,21.067156903578613,0,0,0,-2730.5999999999203,2.6000000000958607,0.6045972915181753
0,105,200.03,149,248,20.78819616994221,0,0,0,-2671.6999999999366,3.000000000084583,0.5958660014255167
0,106,207.56,161,265,20.565660699330813,0,0,0,-2621.19999999991,3.000000000117325,0.5931931575196009
0,107,176.42,137,221,18.908294476234495,0,0,0,-2681.399999999938,2.5000000000804903,0.5988952245188881
0,108,190.43,129,276,23.843764384006146,0,0,0,-2615.399999999916,2.6000000001085937,0.5915894511760513
0,109,223.43,151,260,19.116095312589337,0,0,0,-2730.0999999999244,2.1000000001067747,0.6017462580185318
0,110,172.29,128,215,17.11624666800523,0,0,0,-2615.499999999959,3.100000000075852,0.5962223806129722
0,111,185.16,135,233,21.431621497217606,0,0,0,-2675.79999999994,2.400000000090131,0.5955096222380613
0,112,199.6,140,242,19.23902284420911,0,0,0,-2588.7999999999292,2.900000000077398,0.5830363506771205
0,113,221.93,159,277,21.048161439897783,0,0,0,-2707.2999999999356,2.8000000000906766,0.5994297933000713
0,114,178.5,122,218,18.93594465560142,0,0,0,-2759.9999999999345,2.800000000080672,0.6092302209550963
0,115,188.81,137,242,21.847972445973102,0,0,0,-2656.9999999999472,3.3000000000729415,0.5935495367070563
0,116,209.66,159,273,23.3663090795273,0,0,0,-2597.5999999999476,3.5000000000727596,0.5919458303635068
0,117,212.18,167,280,20.739517834318136,0,0,0,-2662.6999999999125,3.000000000113687,0.5949750534568781
0,118,162.67,122,208,18.030560168780116,0,0,0,-2703.3999999999473,2.1000000000613,0.6045972915181753
0,119,197.37,146,265,21.786993826592965,0,0,0,-2682.399999999934,2.8000000000820364,0.5915894511760513
0,120,169.72,135,221,17.97669602568837,0,0,0,-2650.5999999999067,2.40000000011878,0.5857091945830364
0,121,188.6,140,239,20.14894538183078,0,0,0,-2717.499999999933,3.100000000089949,0.5997861724875267
0,122,187.13,153,234,17.045031534145075,0,0,0,-2606.599999999913,3.000000000104137,0.5887384176764077
0,123,181.03,132,231,18.7234905933696,0,0,0,-2678.899999999923,2.9000000000910404,0.599607982893799
0,124,224.61,176,273,22.88400970109915,0,0,0,-2524.299999999937,2.6000000000922228,0.5823235923022095
0,125,179.94,125,228,20.21228339401563,0,0,0,-2650.7999999999433,1.70000000007758,0.5942622950819673
0,126,175.48,138,227,18.362178519990486,0,0,0,-2785.099999999927,2.800000000111595,0.6083392729864576
0,127,190.17,145,248,20.28548988809489,0,0,0,-2757.0999999999262,3.300000000095224,0.6010334996436208
0,128,200.37,144,243,19.386931165091603,0,0,0,-2691.0999999999176,2.7000000001012268,0.595687811831789
0,129,200.16,150,263,23.16321221247174,0,0,0,-2653.099999999939,3.000000000077762,0.590520313613685
0,130,232.24,166,288,23.026558579171137,0,0,0,-2574.899999999908,3.600000000107684,0.5810762651461154
0,131,188.37,150,231,18.270552810465258,0,0,0,-2645.0999999999376,3.1000000000876753,0.5926585887384177
0,132,190.09,142,248,21.0224142286275,0,0,0,-2648.1999999999284,2.6000000000985892,0.5923022095509622
0,133,169.64,129,218,17.299433516736897,0,0,0,-2690.699999999912,2.000000000111868,0.5997861724875267
0,134,176.19,130,228,20.402301340780163,0,0,0,-2677.699999999934,2.2000000000821274,0.595687811831789
0,135,167.6,120,217,18.29426139531192,0,0,0,-2676.2999999999174,2.7000000001071385,0.5935495367070563
0,136,201.84,155,253,20.240909070493846,0,0,0,-2678.4999999999463,2.800000000079308,0.5935495367070563
0,137,220.28,160,269,20.69544877503264,0,0,0,-2575.4999999999163,3.000000000109594,0.579472558802566
0,138,170.96,134,229,20.032932885626106,0,0,0,-2684.1999999999352,2.5000000000818545,0.6004989308624377
0,139,195.91,133,238,19.75909663926972,0,0,0,-2645.8999999999537,2.7000000000730324,0.5992516037063436
0,140,198.6,122,254,22.027255843613382,0,0,0,-2617.799999999946,2.0000000000818545,0.5889166072701354
0,141,217.75,173,269,17.632569296616985,0,0,0,-2570.5999999999503,3.2000000000584805,0.5869565217391305
0,142,212.47,167,262,21.143535655135828,0,0,0,-2604.9999999999623,2.700000000054388,0.5912330719885959
0,143,173.01,127,221,20.961629230572704,0,0,0,-2661.3999999999405,2.5000000000850378,0.5988952245188881
0,144,169.34,126,211,19.448506369384774,0,0,0,-2585.5999999999603,2.900000000056025,0.5883820384889522
0,145,185.03,140,236,19.779512127451476,0,0,0,-2707.199999999924,2.9000000001019544,0.6024590163934426
0,146,221.11,167,288,22.239557099906463,0,0,0,-2662.199999999934,3.000000000086402,0.5987170349251604
0,147,210.08,168,262,19.090144053935266,0,0,0,-2675.5999999999267,2.6000000000817636,0.5969351389878831
0,148,182.96,147,246,19.0120593308563,0,0,0,-2714.0999999999394,3.2000000000743967,0.5990734141126158
0,149,173.82,131,239,19.426981237443968,0,0,0,-2724.8999999999232,1.6000000001122316,0.5939059158945118
0,150,179.98,119,227,20.100736304921767,0,0,0,-2639.5999999999426,2.10000000006994,0.6010334996436208
0,151,181.97,139,234,20.23089469104122,0,0,0,-2703.1999999999157,2.700000000126238,0.5987170349251604
0,152,164.12,112,202,16.36293372228831,0,0,0,-2578.2999999999333,2.3000000000911314,0.5887384176764077
0,153,164.57,126,211,18.04065131861929,0,0,0,-2683.699999999953,2.300000000068394,0.6035281539558089
0,154,188.13,151,228,16.367440239695394,0,0,0,-2707.499999999923,2.5000000000995897,0.6029935851746258
0,155,178.99,143,226,19.68374710262251,0,0,0,-2704.699999999938,2.6000000000822183,0.597647897362794
0,156,176.59,139,221,18.472733961165574,0,0,0,-2713.4999999999523,2.400000000052387,0.5974697077690663
0,157,185.96,131,229,20.09871637692318,0,0,0,-2702.3999999999423,2.8000000000820364,0.6069137562366358
0,158,181.9,132,236,18.96549498431296,0,0,0,-2614.899999999921,3.0000000001036824,0.5890947968638631
0,159,194.8,125,271,23.393161393877484,0,0,0,-2631.799999999924,2.1000000000858563,0.5889166072701354
0,160,192.51,132,244,21.87989716612032,0,0,0,-2628.9999999999122,2.8000000001070475,0.6013898788310763
0,161,189.16,142,250,21.263922497977646,0,0,0,-2653.1999999999302,2.3000000000870386,0.5940841054882395
0,162,188.66,146,230,17.967314768768315,0,0,0,-2734.4999999999072,2.5000000001123226,0.6111903064861012
0,163,195.77,149,265,21.190023596022726,0,0,0,-2619.0999999999326,2.500000000091404,0.5903421240199572
0,164,172.84,127,212,19.665563810885264,0,0,0,-2675.4999999999127,2.3000000001147782,0.5999643620812545
0,165,179.36,141,245,20.737174349462368,0,0,0,-2720.899999999947,2.50000000007185,0.5992516037063436
0,166,199.81,147,265,23.471129073821736,0,0,0,-2728.9999999999295,3.3000000000997716,0.6088738417676408
0,167,183.64,152,237,18.092274594422893,0,0,0,-2644.7999999999456,2.7000000000834916,0.599607982893799
0,168,182.05,143,233,19.071641250820548,0,0,0,-2664.8999999999223,2.3000000001020453,0.6017462580185318
0,169,177.36,136,227,17.98250260670077,0,0,0,-2664.9999999999272,2.2000000000998625,0.5985388453314326
0,170,180.09,131,238,21.296053625026396,0,0,0,-2681.2999999999283,1.9000000000887667,0.5947968638631503
0,171,178.81,145,229,16.396764924825874,0,0,0,-2668.4999999999377,3.0000000000818545,0.5964005702066999
0,172,178.76,133,217,17.08924808176182,0,0,0,-2719.999999999946,2.500000000070486,0.6124376336421953
0,173,172.54,113,220,20.270875659428235,0,0,0,-2654.5999999999176,2.90000000010059,0.5988952245188881
0,174,176.93,118,229,20.19121343555161,0,0,0,-2667.2999999999333,1.9000000000910404,0.5992516037063436
0,175,188.7,150,236,18.609406223735352,0,0,0,-2701.6999999999357,2.6000000000872205,0.5926585887384177
0,176,179.3,137,255,18.594891771666756,0,0,0,-2697.0999999999326,2.600000000084947,0.599607982893799
0,177,195.4,131,243,22.074419584668586,0,0,0,-2625.899999999919,2.800000000115233,0.5942622950819673
0,178,206.4,128,271,22.856071403458643,0,0,0,-2643.6999999999243,2.4000000000960426,0.5844618674269423
0,179,179.46,141,231,17.65299974508582,0,0,0,-2695.59999999992,2.7000000001003173,0.5962223806129722
0,180,168.93,119,231,18.823525174631875,0,0,0,-2718.199999999932,3.0000000000836735,0.6038845331432644
0,181,188.96,153,244,18.612855772288142,0,0,0,-2761.499999999931,2.5000000000995897,0.6113684960798289
0,182,186.45,152,234,16.63873492787237,0,0,0,-2694.799999999929,3.1000000000944965,0.6063791874554526
0,183,174.98,122,225,18.203285417748084,0,0,0,-2699.099999999896,2.1000000001345143,0.6019244476122595
0,184,210.57,154,255,18.208379938918235,0,0,0,-2655.399999999927,3.2000000000857654,0.5997861724875267
0,185,194.64,157,238,17.302323543385725,0,0,0,-2691.399999999916,2.2000000001175977,0.6021026372059872
0,186,194.63,146,247,20.610024260053653,0,0,0,-2593.599999999948,3.600000000066302,0.5915894511760513
0,187,194.13,140,270,20.851213393949045,0,0,0,-2604.2999999999447,3.2000000000675755,0.5912330719885959
0,188,189.22,135,238,21.57200964212653,0,0,0,-2657.3999999999282,3.0000000000945874,0.5903421240199572
0,189,179.4,135,235,20.655749804836425,0,0,0,-2707.0999999998935,2.4000000001374246,0.5980042765502495
0,190,176.37,131,233,20.49226927404576,0,0,0,-2648.399999999936,3.300000000080672,0.5901639344262295
0,191,189.52,142,246,21.483705453203363,0,0,0,-2614.1999999999402,3.00000000009004,0.5853528153955809
0,192,190.97,140,237,20.226939956404678,0,0,0,-2574.999999999936,3.500000000093223,0.5885602280826799
0,193,182.0,149,231,18.475930287809597,0,0,0,-2617.699999999958,2.80000000004884,0.5912330719885959
0,194,179.15,125,236,19.662337094048613,0,0,0,-2719.0999999999412,2.6000000000894943,0.6122594440484675
0,195,200.48,151,257,21.453428630407775,0,0,0,-2695.699999999954,1.9000000000542059,0.5987170349251604
0,196,190.1,135,237,20.7458429570842,0,0,0,-2679.8999999999296,2.4000000001033186,0.5915894511760513
0,197,176.24,125,238,20.465639496482883,0,0,0,-2628.5999999999403,2.600000000077671,0.5910548823948681
0,198,166.49,131,210,17.655307983719798,0,0,0,-2730.899999999931,2.70000000009577,0.6019244476122595
0,199,179.24,130,227,17.716726559948935,0,0,0,-2720.6999999999352,2.6000000000922228,0.5974697077690663
1e-09,0,124.58,81,177,17.958385228076605,0,0,0,-2699.1000274857693,2.500000946254204,0.607448325017819
1e-09,1,151.62,92,194,21.2611288505573,0,0,0,-2725.5000217847883,3.4000007972413187,0.6003207412687099
1e-09,2,133.39,98,178,17.42807792041337,0,0,0,-2611.2000350507424,2.3000020352765205,0.5914112615823236
1e-09,3,154.84,105,201,19.486775002549805,0,0,0,-2697.300037917812,2.2000016622187104,0.5962223806129722
1e-09,4,136.63,100,184,17.742973257038965,0,0,0,-2718.200035618764,3.1000019492671527,0.6019244476122595
1e-09,5,137.76,97,198,21.14952481735701,0,0,0,-2684.6000244867764,3.100000984244616,0.5978260869565217
1e-09,6,139.23,87,187,20.51772648223969,0,0,0,-2696.3000381357992,2.5000013192261576,0.6004989308624377
1e-09,7,124.15,85,159,14.400260414311958,0,0,0,-2717.8000297247836,2.500001041226824,0.6031717747683535
1e-09,8,144.24,101,200,20.978617685634102,0,0,0,-2648.4000372598016,2.500001867222636,0.5951532430506058
1e-09,9,127.02,86,181,18.048257533623573,0,0,0,-2607.100033403792,2.100001195218738,0.582679971489665
1e-09,10,126.66,88,166,17.34313697114798,0,0,0,-2701.600031486787,1.9000012582428099,0.6003207412687099
1e-09,11,139.52,99,191,18.91797029281947,0,0,0,-2699.5000291727856,3.100001207230889,0.5969351389878831
1e-09,12,141.16,95,182,18.290281572463556,0,0,0,-2654.100033294788,3.3000016632372535,0.6049536707056308
1e-09,13,150.81,98,202,20.774838146180585,0,0,0,-2654.800033138772,3.100001510247239,0.5972915181753385
1e-09,14,150.2,101,204,18.65475810617763,0,0,0,-2652.20002605575,1.8000010612804545,0.5939059158945118
1e-09,15,127.44,92,209,22.07637651427426,0,0,0,-2709.000028509773,2.700001070248163,0.6056664290805417
1e-09,16,132.39,74,173,18.366760737811116,0,0,0,-2692.9000285388306,1.8000013841851796,0.5908766928011404
1e-09,17,122.98,72,172,21.630524727800754,0,0,0,-2649.4000328757566,1.5000009642617442,0.5906985032074127
1e-09,18,121.31,77,167,19.08805647518888,0,0,0,-2695.6000198757715,1.9000008552488907,0.5999643620812545
1e-09,19,116.52,80,169,17.49827420061761,0,0,0,-2695.200043881791,2.200001472243457,0.5946186742694227
1e-09,20,136.64,85,192,20.676808264333253,0,0,0,-2675.5000408827646,2.300001894261186,0.5964005702066999
1e-09,21,145.95,96,194,19.234539245846257,0,0,0,-2677.3000267458174,2.7000010681995263,0.6037063435495367
1e-09,22,159.33,112,213,19.188566908448372,0,0,0,-2804.0000299847425,3.2000013762767594,0.6143977191732003
1e-09,23,145.22,94,193,18.135368758313135,0,0,0,-2692.40002879181,2.9000015562000954,0.6058446186742694
1e-09,24,139.03,97,188,17.84906440125084,0,0,0,-2705.300024268766,2.200001058280577,0.599607982893799
1e-09,25,128.81,83,182,18.030360506656542,0,0,0,-2679.0000328547353,1.7000014562886463,0.5990734141126158
1e-09,26,143.56,73,201,21.347749295885972,0,0,0,-2608.700034873781,2.3000010452342394,0.595687811831789
1e-09,27,132.89,91,178,19.637665339851374,0,0,0,-2698.2000267867797,2.400001046246416,0.5994297933000713
1e-09,28,144.42,99,182,19.309676330793323,0,0,0,-2686.80002698576,2.600001264253933,0.5969351389878831
1e-09,29,148.57,100,208,20.02461235579855,0,0,0,-2629.30002164776,2.300000972270027,0.5896293656450463
1e-09,30,152.8,108,203,20.0124960961895,0,0,0,-2649.900024492725,2.4000010393019693,0.594440484675695
1e-09,31,136.9,94,184,20.037215375395853,0,0,0,-2621.800038143786,2.3000016232322196,0.5887384176764077
1e-09,32,148.46,117,196,17.418622218763456,0,0,0,-2659.400025982745,3.3000013252740246,0.5969351389878831
1e-09,33,137.93,96,181,17.538104230503365,0,0,0,-2758.7000331877857,2.000001582232926,0.6053100498930862
1e-09,34,150.82,102,192,15.650801896388568,0,0,0,-2710.700033056754,2.600001747270653,0.5992516037063436
1e-09,35,129.32,90,167,17.25043767560696,0,0,0,-2666.100037991765,2.4000016352506464,0.6001425516749822
1e-09,36,136.25,99,176,18.02630023049655,0,0,0,-2667.8000334437556,1.9000013122604287,0.602815395580898
1e-09,37,113.73,80,149,15.37716163666104,0,0,0,-2711.3000402667985,2.0000017032225514,0.6040627227369921
1e-09,38,123.06,80,176,19.231131011981585,0,0,0,-2762.1000645337895,2.000002576224233,0.5983606557377049
1e-09,39,131.71,90,170,15.212688782723454,0,0,0,-2696.800023929762,2.3000012552715816,0.5981824661439772
1e-09,40,129.19,95,170,17.910161919982745,0,0,0,-2652.7000336417677,2.000001549254648,0.6076265146115467
1e-09,41,139.95,94,201,19.138638927572668,0,0,0,-2656.7000290727683,2.4000011592588635,0.5958660014255167
1e-09,42,108.98,61,155,18.340109050929875,0,0,0,-2750.6000291668192,1.5000007181984074,0.6017462580185318
1e-09,43,147.56,103,202,19.164717582056877,0,0,0,-2677.5000252297637,3.1000014612595805,0.5960441910192444
1e-09,44,116.07,78,165,17.817550336676476,0,0,0,-2737.8000291358503,2.400000942162478,0.5946186742694227
1e-09,45,165.3,111,220,18.631425066269085,0,0,0,-2617.6000249117565,3.7000013862711967,0.5896293656450463
1e-09,46,133.03,96,192,20.24571806580344,0,0,0,-2647.1000293907587,2.500001105269803,0.5990734141126158
1e-09,47,159.97,121,198,18.037436070572777,0,0,0,-2723.800024455754,3.200001212259849,0.6017462580185318
1e-09,48,137.34,82,191,20.872575308284315,0,0,0,-2710.700034449763,3.300001399251869,0.6065573770491803
1e-09,49,126.31,95,175,17.10829915567296,0,0,0,-2614.9000298638075,2.6000011752080354,0.5940841054882395
1e-09,50,148.55,100,199,19.890387125443286,0,0,0,-2695.600044531733,3.0000021702862796,0.6001425516749822
1e-09,51,144.13,95,194,19.725949913755738,0,0,0,-2737.0000282578007,1.7000010492283764,0.602815395580898
1e-09,52,117.38,76,187,19.217585696439603,0,0,0,-2719.400037541799,1.6000015752215404,0.5997861724875267
1e-09,53,125.64,91,161,15.9558891949023,0,0,0,-2685.2000330377996,2.00000125321003,0.5983606557377049
1e-09,54,131.62,83,177,19.24358594441275,0,0,0,-2678.8000230757984,2.300001066224013,0.5894511760513186
1e-09,55,168.11,123,219,19.24260637231869,0,0,0,-2612.8000385447694,3.4000020402495466,0.5962223806129722
1e-09,56,123.04,76,162,17.00348199634416,0,0,0,-2722.5000316017736,1.4000014702542103,0.5994297933000713
1e-09,57,150.27,100,183,16.141161668231938,0,0,0,-2689.5000280717904,2.8000012702473214,0.6078047042052744
1e-09,58,153.98,105,218,21.02140813551747,0,0,0,-2668.700028929765,2.8000013432588275,0.5908766928011404
1e-09,59,149.82,106,202,20.73373097153525,0,0,0,-2635.900022780769,2.400001223252275,0.5876692801140413
1e-09,60,133.32,85,186,19.851387860802078,0,0,0,-2670.600037390755,2.1000013612601833,0.5928367783321454
1e-09,61,134.32,86,191,20.847963929362503,0,0,0,-2691.600042581803,3.2000014912187,0.6033499643620812
1e-09,62,145.57,99,184,18.66132631942328,0,0,0,-2618.7000265317542,2.4000013212689737,0.5928367783321454
1e-09,63,143.9,105,203,19.129819654142064,0,0,0,-2651.8000248577905,3.3000011142389667,0.5914112615823236
1e-09,64,121.1,79,168,18.942280749687985,0,0,0,-2647.60003198281,1.5000009862028492,0.594440484675695
1e-09,65,156.48,112,201,18.92642597005573,0,0,0,-2612.6000283667863,2.9000013332365597,0.5867783321454028
1e-09,66,120.82,81,163,17.242610011248296,0,0,0,-2691.1000377578125,1.8000013262158063,0.5964005702066999
1e-09,67,136.39,87,197,20.466506785477584,0,0,0,-2653.200028599758,2.6000010172529073,0.6006771204561654
1e-09,68,166.41,126,214,18.877020421666128,0,0,0,-2612.8000229617564,3.6000011632677342,0.5978260869565217
1e-09,69,147.79,102,201,18.662419457294384,0,0,0,-2646.100029779773,3.0000013882572603,0.5987170349251604
1e-09,70,147.9,92,211,20.119393629033656,0,0,0,-2748.2000405048116,3.1000016442158085,0.6019244476122595
1e-09,71,133.48,93,181,18.91374103661145,0,0,0,-2644.500026461776,2.3000010762534657,0.5849964362081255
1e-09,72,134.13,88,184,18.765209830961123,0,0,0,-2681.20001935777,3.100000734250898,0.5964005702066999
1e-09,73,135.35,87,178,18.225462957082875,0,0,0,-2704.600031025746,2.6000013482739632,0.610655737704918
1e-09,74,125.15,84,164,16.704116259173965,0,0,0,-2561.2000398627756,1.900001575242186,0.5917676407697791
1e-09,75,137.39,98,189,20.694392960413214,0,0,0,-2687.1000330537177,2.3000017353133444,0.5988952245188881
1e-09,76,126.04,87,192,18.832907369814144,0,0,0,-2685.5000359717974,2.4000012492351743,0.5946186742694227
1e-09,77,139.14,96,181,18.28771172126245,0,0,0,-2674.200031333777,2.4000012742353647,0.6037063435495367
1e-09,78,103.97,67,139,14.21369410111249,0,0,0,-2671.600027573739,1.700000868287134,0.6012116892373486
1e-09,79,130.75,90,175,16.54048064597882,0,0,0,-2733.3000249627817,1.6000009782414963,0.5947968638631503
1e-09,80,142.53,96,205,19.868797145272787,0,0,0,-2776.700029677823,2.400001186193549,0.6120812544547398
1e-09,81,154.19,107,197,21.488925054548446,0,0,0,-2633.5000345017156,2.50000154530926,0.5933713471133286
1e-09,82,130.82,81,184,18.33869133826075,0,0,0,-2640.800056413803,2.0000022822159735,0.5923022095509622
1e-09,83,120.75,67,170,17.272159679669475,0,0,0,-2691.600023230814,1.6000008971986972,0.6060228082679971
1e-09,84,130.64,73,178,20.147714510584073,0,0,0,-2605.500040645746,1.0000012842720025,0.5849964362081255
1e-09,85,128.61,86,170,16.642052157110914,0,0,0,-2657.7000288587724,1.500001267242169,0.5910548823948681
1e-09,86,132.44,74,185,20.93863414838704,0,0,0,-2632.7000275177697,2.3000008932622222,0.5933713471133286
1e-09,87,135.67,78,191,20.71282452974485,0,0,0,-2715.8000525887956,1.9000020862208657,0.6037063435495367
1e-09,88,148.97,113,201,19.285463437522058,0,0,0,-2686.0000386857396,2.500001812284154,0.604775481111903
1e-09,89,118.76,75,168,15.582759704237244,0,0,0,-2687.3000286007496,1.600001286276438,0.6006771204561654
1e-09,90,147.71,88,200,18.718597703887973,0,0,0,-2648.5000276507476,2.500000958279088,0.5949750534568781
1e-09,91,135.38,89,171,18.544422342041287,0,0,0,-2769.100038039762,2.0000015732648535,0.5987170349251604
1e-09,92,160.95,111,218,20.821803476164114,0,0,0,-2658.8000222787828,2.100001023252844,0.5969351389878831
1e-09,93,145.66,103,186,15.380650181315483,0,0,0,-2781.400026121773,2.800001405258172,0.6053100498930862
1e-09,94,142.08,95,186,19.577885483371286,0,0,0,-2662.900024848771,2.0000010052581274,0.6017462580185318
1e-09,95,145.72,102,196,20.600524265173444,0,0,0,-2640.100029008757,2.900001200254337,0.5969351389878831
1e-09,96,151.57,90,195,19.938533045337113,0,0,0,-2761.8000244488076,2.500000902215561,0.6017462580185318
1e-09,97,118.98,76,159,15.829074514955067,0,0,0,-2722.30004614377,1.8000016582564058,0.597647897362794
1e-09,98,152.22,98,201,19.013984327331293,0,0,0,-2635.900024178826,2.9000010251934327,0.5914112615823236
1e-09,99,148.19,116,192,17.056784573887306,0,0,0,-2655.1000275407664,3.5000013872581803,0.5908766928011404
1e-09,100,133.48,98,175,18.383405560450438,0,0,0,-2592.400032670778,2.1000015802524103,0.5876692801140413
1e-09,101,122.88,79,158,17.268051424523847,0,0,0,-2739.7000257967516,2.3000009532711374,0.6004989308624377
1e-09,102,154.03,103,203,19.95166910311014,0,0,0,-2672.800019852754,2.800000844274564,0.5951532430506058
1e-09,103,141.14,82,198,22.829813840677723,0,0,0,-2615.900026143734,2.300001261287889,0.5915894511760513
1e-09,104,146.38,98,207,20.595523785521937,0,0,0,-2730.900022345777,2.3000008772391993,0.6045972915181753
1e-09,105,153.9,92,200,21.159631376751346,0,0,0,-2672.1000253538355,2.600001116185922,0.5958660014255167
1e-09,106,161.83,110,209,18.407637002070636,0,0,0,-2621.0000242648034,3.2000011322238606,0.5931931575196009
1e-09,107,122.97,74,170,17.32538888452435,0,0,0,-2682.400041988751,1.5000012592672647,0.5988952245188881
1e-09,108,132.17,82,180,21.801401331107137,0,0,0,-2616.200029595731,1.800001290293494,0.5915894511760513
1e-09,109,174.7,129,236,20.471199280941015,0,0,0,-2729.500031808723,2.7000020223081265,0.6017462580185318
1e-09,110,116.44,72,160,16.948935069791258,0,0,0,-2616.7000242647614,1.900000719273521,0.5962223806129722
1e-09,111,147.03,101,198,19.806289405135935,0,0,0,-2675.2000304827516,3.000001430278644,0.5955096222380613
1e-09,112,129.28,78,170,18.18190309071083,0,0,0,-2589.600030868756,2.100001231250644,0.5830363506771205
1e-09,113,171.43,120,231,21.121200249985797,0,0,0,-2706.4000320787877,3.7000014782383914,0.5994297933000713
1e-09,114,125.46,87,170,18.124800688559308,0,0,0,-2760.600033249804,2.2000013232113815,0.6092302209550963
1e-09,115,125.11,86,162,16.79160206770039,0,0,0,-2658.1000385688058,2.2000013702145225,0.5935495367070563
1e-09,116,172.81,104,227,24.236623114617267,0,0,0,-2598.1000246717913,3.000001068229267,0.5919458303635068
1e-09,117,147.52,101,195,18.51835845856754,0,0,0,-2663.200033174738,2.5000017372881302,0.5949750534568781
1e-09,118,123.36,74,170,18.157378665435164,0,0,0,-2703.700039323788,1.8000013282203327,0.6045972915181753
1e-09,119,149.38,107,191,18.85777293319654,0,0,0,-2682.900059360735,2.3000027692810363,0.5915894511760513
1e-09,120,137.56,102,191,18.790593391375378,0,0,0,-2649.5000283327595,3.500001224265816,0.5857091945830364
1e-09,121,136.78,100,192,18.418783890365834,0,0,0,-2717.6000305718285,3.0000013151948224,0.5997861724875267
1e-09,122,119.0,74,162,17.515707236649053,0,0,0,-2607.9000285368024,1.7000008402146705,0.5887384176764077
1e-09,123,132.16,98,170,15.007811299453362,0,0,0,-2679.200022281826,2.600001042187614,0.599607982893799
1e-09,124,153.08,113,192,18.798765916942525,0,0,0,-2524.4000245837356,2.5000013272938304,0.5823235923022095
1e-09,125,141.28,97,200,22.2746851829605,0,0,0,-2649.500030435787,3.000001567233994,0.5942622950819673
1e-09,126,126.89,91,168,16.55711025511396,0,0,0,-2784.8000244947907,3.100000871248085,0.6083392729864576
1e-09,127,140.3,98,196,19.8022725968511,0,0,0,-2757.9000275537937,2.5000012012278603,0.6010334996436208
1e-09,128,139.65,94,180,18.15619728908011,0,0,0,-2691.5000277307877,2.300001157231236,0.595687811831789
1e-09,129,157.08,110,192,18.13376960259504,0,0,0,-2652.9000364267345,3.200001778282058,0.590520313613685
1e-09,130,166.7,108,211,21.949259668608416,0,0,0,-2575.700026453752,2.8000014832637135,0.5810762651461154
1e-09,131,127.51,93,166,16.26621959768157,0,0,0,-2645.800031937828,2.4000012281971976,0.5926585887384177
1e-09,132,131.59,89,174,18.05552270082481,0,0,0,-2648.5000332727795,2.300001360247279,0.5923022095509622
1e-09,133,116.24,73,161,18.02338480974093,0,0,0,-2690.300026369778,2.40000089424575,0.5997861724875267
1e-09,134,138.32,80,187,19.706790707773806,0,0,0,-2677.300024735789,2.6000007592269867,0.595687811831789
1e-09,135,125.85,82,180,19.385755079439132,0,0,0,-2676.6000205277774,2.4000007452473255,0.5935495367070563
1e-09,136,137.6,85,190,20.443091742689017,0,0,0,-2679.200024545766,2.1000010952593584,0.5935495367070563
1e-09,137,175.47,124,228,19.895956875707185,0,0,0,-2575.300020384748,3.200001310277912,0.579472558802566
1e-09,138,129.84,83,178,19.136729083100906,0,0,0,-2684.600032767825,2.100001172192151,0.6004989308624377
1e-09,139,150.27,115,198,18.067570395601063,0,0,0,-2646.3000228207716,2.3000010542550626,0.5992516037063436
1e-09,140,132.63,101,183,17.828996045767692,0,0,0,-2617.7000426107734,2.100001795254684,0.5889166072701354
1e-09,141,166.38,118,212,19.614678177324247,0,0,0,-2570.9000231907803,2.900001196228459,0.5869565217391305
1e-09,142,148.58,104,198,19.605193189560772,0,0,0,-2605.300029911756,2.4000012662604604,0.5912330719885959
1e-09,143,122.08,78,170,16.57448641738259,0,0,0,-2662.2000567227215,1.7000019843039809,0.5988952245188881
1e-09,144,121.85,56,174,20.430553100687217,0,0,0,-2586.6000339808234,1.9000016261929886,0.5883820384889522
1e-09,145,130.35,93,170,19.18612780109629,0,0,0,-2708.200027018801,1.9000010342247151,0.6024590163934426
1e-09,146,174.4,125,227,22.22206111052708,0,0,0,-2662.5000308168032,2.700001599217103,0.5987170349251604
1e-09,147,165.33,103,222,24.993621186214693,0,0,0,-2676.2000242118224,2.000000973186161,0.5969351389878831
1e-09,148,141.69,89,185,18.73910083221711,0,0,0,-2714.7000294057957,2.6000014682181245,0.5990734141126158
1e-09,149,112.43,71,154,16.18657159499812,0,0,0,-2724.80002037879,1.7000005992454135,0.5939059158945118
1e-09,150,121.45,83,169,17.42204063822605,0,0,0,-2639.8000334798344,1.90000122517813,0.6010334996436208
1e-09,151,141.79,109,192,17.646696574713353,0,0,0,-2703.200029404761,2.7000014562809156,0.5987170349251604
1e-09,152,112.17,71,145,16.190154415569978,0,0,0,-2578.700026190777,1.9000008312473256,0.5887384176764077
1e-09,153,107.47,58,153,16.585207264306348,0,0,0,-2684.4000490467793,1.600001549242279,0.6035281539558089
1e-09,154,132.58,76,176,18.767621053292824,0,0,0,-2707.3000421577876,2.7000016082351976,0.6029935851746258
1e-09,155,119.94,80,171,18.52610050712238,0,0,0,-2705.900028960778,1.4000010252420907,0.597647897362794
1e-09,156,134.03,88,184,18.94120112347683,0,0,0,-2714.3000180677377,1.6000006662670785,0.5974697077690663
1e-09,157,128.79,78,168,18.91364322387414,0,0,0,-2702.7000329088164,2.5000014792080947,0.6069137562366358
1e-09,158,125.94,84,173,17.614096627417485,0,0,0,-2615.4000430657466,2.5000015142782104,0.5890947968638631
1e-09,159,157.55,92,231,20.495060380491687,0,0,0,-2631.3000273967914,2.6000013032180505,0.5889166072701354
1e-09,160,145.69,97,196,19.842225177635697,0,0,0,-2628.4000227927613,3.4000008672578588,0.6013898788310763
1e-09,161,135.88,98,173,16.669301125122193,0,0,0,-2653.600031550774,1.9000012552432963,0.5940841054882395
1e-09,162,125.24,83,180,19.458221912600337,0,0,0,-2735.200036069826,1.8000012421935025,0.6111903064861012
1e-09,163,132.47,90,187,18.738972757331176,0,0,0,-2619.50003330179,2.1000014962337445,0.5903421240199572
1e-09,164,123.15,90,179,17.237386692883582,0,0,0,-2675.8000294728004,2.0000011602269296,0.5999643620812545
1e-09,165,134.59,94,178,17.889155933134465,0,0,0,-2720.9000227787888,2.500000912230007,0.5992516037063436
1e-09,166,150.53,108,191,18.526443263616468,0,0,0,-2729.200029368776,3.1000014382530026,0.6088738417676408
1e-09,167,128.23,89,164,15.536315522027737,0,0,0,-2645.3000336478044,2.2000012072248865,0.599607982893799
1e-09,168,139.05,89,185,19.870769990113615,0,0,0,-2665.000031302784,2.200001047240221,0.6017462580185318
1e-09,169,135.79,96,189,16.20203382294951,0,0,0,-2665.300029538774,1.9000012212527508,0.5985388453314326
1e-09,170,128.63,92,175,16.27615126496433,0,0,0,-2681.400038552759,1.8000016152582248,0.5947968638631503
1e-09,171,141.32,98,184,19.21087192190922,0,0,0,-2668.6000247997627,2.900001052256812,0.5964005702066999
1e-09,172,119.54,67,156,17.384142199142296,0,0,0,-2720.600030656755,1.9000010432614545,0.6124376336421953
1e-09,173,129.07,79,173,16.461625071662883,0,0,0,-2655.300021567767,2.200001011251061,0.5988952245188881
1e-09,174,127.33,90,173,17.59207492025884,0,0,0,-2666.6000206687804,2.6000007722441296,0.5992516037063436
1e-09,175,122.04,82,160,17.572660583986707,0,0,0,-2702.5000329677796,1.8000011622434613,0.5926585887384177
1e-09,176,113.46,65,162,19.701482177744904,0,0,0,-2698.600034891791,1.100000895226458,0.599607982893799
1e-09,177,152.6,101,194,21.183956193308177,0,0,0,-2626.1000303248106,2.600001505223645,0.5942622950819673
1e-09,178,146.38,92,191,19.10014659629606,0,0,0,-2643.8000473097527,2.300002459267489,0.5844618674269423
1e-09,179,130.98,76,175,19.27484370883458,0,0,0,-2696.800039548829,1.5000011911911315,0.5962223806129722
1e-09,180,121.98,81,177,17.37065341315634,0,0,0,-2718.8000321997297,2.4000012892861378,0.6038845331432644
1e-09,181,147.34,99,215,20.21594420253479,0,0,0,-2761.9000236788143,2.100000929216094,0.6113684960798289
1e-09,182,130.65,95,186,19.22361828584827,0,0,0,-2695.3000285577637,2.6000012982594853,0.6063791874554526
1e-09,183,120.79,81,168,18.42025787007337,0,0,0,-2699.1000298287795,2.1000012122513,0.6019244476122595
1e-09,184,164.32,106,209,18.62142851663105,0,0,0,-2655.8000231138067,2.8000010132059288,0.5997861724875267
1e-09,185,147.48,96,200,18.114347904354712,0,0,0,-2691.1000240767507,2.500001111282927,0.6021026372059872
1e-09,186,162.49,97,206,19.637461648593998,0,0,0,-2594.0000205537262,3.2000008442882972,0.5915894511760513
1e-09,187,144.03,93,188,20.505830878069776,0,0,0,-2604.900025642739,2.60000099327317,0.5912330719885959
1e-09,188,127.38,86,176,19.16287034867167,0,0,0,-2658.2000269557698,2.2000010512529116,0.5903421240199572
1e-09,189,142.73,93,208,23.39523669467783,0,0,0,-2707.000023629792,2.5000009202390174,0.5980042765502495
1e-09,190,128.34,75,174,19.674968869098624,0,0,0,-2648.900042996778,2.8000013282385225,0.5901639344262295
1e-09,191,128.8,79,172,17.451074465487793,0,0,0,-2614.9000296307777,2.300001166252514,0.5853528153955809
1e-09,192,144.41,100,191,18.37775557569531,0,0,0,-2576.2000349047858,2.3000015322431864,0.5885602280826799
1e-09,193,135.37,82,174,18.981915077251823,0,0,0,-2617.8000252908423,2.7000011051645743,0.5912330719885959
1e-09,194,133.82,80,183,18.472888241961517,0,0,0,-2719.3000399667803,2.4000012912501916,0.6122594440484675
1e-09,195,146.87,109,191,18.54759013996158,0,0,0,-2695.100024759757,2.500001370251084,0.5987170349251604
1e-09,196,132.64,88,172,19.065948704431154,0,0,0,-2680.5000450847574,1.8000018812754206,0.5915894511760513
1e-09,197,114.32,65,157,18.441735276269423,0,0,0,-2629.9000328908032,1.3000009552147276,0.5910548823948681
1e-09,198,124.67,76,186,19.857016392197494,0,0,0,-2731.3000298897996,2.3000009292272807,0.6019244476122595
1e-09,199,128.4,98,163,15.104304022363955,0,0,0,-2720.6000232457827,2.7000010862448107,0.5974697077690663
1e-08,0,123.86,76,174,19.621427063289765,0,0,0,-2699.7002734403663,1.9000108796572022,0.607448325017819
1e-08,1,147.39,80,198,23.29330161226613,0,0,0,-2726.800218900428,2.1000069196020377,0.6003207412687099
1e-08,2,134.81,94,182,19.78216115595058,0,0,0,-2610.700354180286,2.8000166797332895,0.5914112615823236
1e-08,3,154.42,113,200,19.096167154693635,0,0,0,-2696.2003778803087,3.3000179197224497,0.5962223806129722
1e-08,4,136.56,98,200,18.80070211454881,0,0,0,-2718.8003591804377,2.5000164995935847,0.6019244476122595
1e-08,5,136.73,93,182,17.656644641607304,0,0,0,-2685.3002450803974,2.4000096296235824,0.5978260869565217
1e-08,6,136.51,96,198,19.425496132660292,0,0,0,-2696.300378730328,2.5000158196971825,0.6004989308624377
1e-08,7,125.11,79,172,19.665652798724988,0,0,0,-2718.0002980104045,2.3000096496061815,0.6031717747683535
1e-08,8,139.26,97,181,17.83290217547329,0,0,0,-2648.700373820305,2.2000174497193257,0.5951532430506058
1e-08,9,125.2,84,170,18.2,0,0,0,-2607.4003319103035,1.8000140797071253,0.582679971489665
1e-08,10,123.77,66,174,16.864670171693252,0,0,0,-2701.800315920366,1.7000115296636977,0.6003207412687099
1e-08,11,134.05,91,189,17.432369316877153,0,0,0,-2699.9002919803784,2.7000118196378935,0.5969351389878831
1e-08,12,135.97,93,190,21.16197297040141,0,0,0,-2654.100335760328,3.300013819697142,0.6049536707056308
1e-08,13,154.63,106,192,17.75874714049389,0,0,0,-2654.8003280303346,3.100018459684634,0.5972915181753385
1e-08,14,147.82,94,195,19.596111859243916,0,0,0,-2652.100260280382,1.9000108896484562,0.5939059158945118
1e-08,15,128.11,80,190,20.417098226731436,0,0,0,-2709.0002843803454,2.700011419675775,0.6056664290805417
1e-08,16,126.91,82,166,17.953325597225714,0,0,0,-2693.1002880404467,1.6000111895691589,0.5908766928011404
1e-08,17,121.37,86,172,17.846935311139557,0,0,0,-2648.700326290344,2.2000121096743896,0.5906985032074127
1e-08,18,121.05,77,160,17.71969243525406,0,0,0,-2695.6002009804483,1.9000063295720793,0.5999643620812545
1e-08,19,115.32,76,169,17.364838035524546,0,0,0,-2695.2004371603334,2.200016379700628,0.5946186742694227
1e-08,20,131.26,90,184,17.845795022917862,0,0,0,-2675.6004125902728,2.2000151797528815,0.5964005702066999
1e-08,21,142.54,97,180,17.11631969787898,0,0,0,-2677.200264510422,2.8000136295945595,0.6037063435495367
1e-08,22,155.87,102,222,21.941583807920523,0,0,0,-2804.300300110392,2.900013499627221,0.6143977191732003
1e-08,23,147.3,111,194,18.026369573488726,0,0,0,-2692.8002888203687,2.5000146596416926,0.6058446186742694
1e-08,24,138.37,95,195,19.09536854842032,0,0,0,-2705.200240970393,2.30001229965319,0.599607982893799
1e-08,25,128.31,79,176,18.996154874079124,0,0,0,-2679.300331630347,1.4000114796767775,0.5990734141126158
1e-08,26,147.28,99,191,19.980530523487108,0,0,0,-2608.1003435902894,2.9000155997259753,0.595687811831789
1e-08,27,127.69,87,169,19.457489560577955,0,0,0,-2698.4002663903557,2.2000119396707305,0.5994297933000713
1e-08,28,147.33,100,209,20.994787448316785,0,0,0,-2686.900271130407,2.5000113696069093,0.5969351389878831
1e-08,29,148.29,107,186,17.653495404593393,0,0,0,-2628.60021516038,3.000011039649962,0.5896293656450463
1e-08,30,155.59,119,213,18.20389793423376,0,0,0,-2649.5002413203224,2.800013999704788,0.594440484675695
1e-08,31,132.27,91,173,18.5902420640507,0,0,0,-2622.10038365033,2.000014019688024,0.5887384176764077
1e-08,32,146.77,106,191,17.92141456470443,0,0,0,-2659.700261850347,3.0000112296720545,0.5969351389878831
1e-08,33,135.37,91,181,18.159655833743106,0,0,0,-2758.7003341603836,2.0000135396348924,0.6053100498930862
1e-08,34,144.47,108,202,19.390438365338728,0,0,0,-2711.600333880331,1.7000141596936373,0.5992516037063436
1e-08,35,128.43,87,168,18.086600012163704,0,0,0,-2666.1003813203615,2.4000149496537233,0.6001425516749822
1e-08,36,132.37,89,202,18.13210136746428,0,0,0,-2668.0003343903336,1.7000131696827339,0.602815395580898
1e-08,37,109.65,75,155,17.968514128886675,0,0,0,-2711.6004062403345,1.7000134596864882,0.6040627227369921
1e-08,38,114.33,73,167,16.80003273806334,0,0,0,-2762.600650300169,1.5000207998446058,0.5983606557377049
1e-08,39,128.13,86,167,17.60946052552434,0,0,0,-2697.200241720393,1.9000101296405774,0.5981824661439772
1e-08,40,132.12,89,171,17.68291831118382,0,0,0,-2653.2003395903307,1.5000123196919048,0.6076265146115467
1e-08,41,133.6,84,185,20.0074985942771,0,0,0,-2657.4002911703556,1.700011149671809,0.5958660014255167
1e-08,42,109.33,76,150,15.83417506534521,0,0,0,-2750.200289540393,1.9000093096246928,0.6017462580185318
1e-08,43,145.34,102,210,20.143098073533775,0,0,0,-2677.7002548103783,2.900012099644755,0.5960441910192444
1e-08,44,117.97,89,178,16.63096810170713,0,0,0,-2737.6002897104618,2.6000110695513285,0.5946186742694227
1e-08,45,158.65,97,216,21.53804772954132,0,0,0,-2618.10025252036,3.2000104596677375,0.5896293656450463
1e-08,46,132.29,86,171,17.109818818444573,0,0,0,-2648.20029440032,1.4000105597083348,0.5990734141126158
1e-08,47,163.52,110,217,19.732957203622576,0,0,0,-2724.000243670422,3.0000130095913846,0.6017462580185318
1e-08,48,143.18,91,190,20.60261148495501,0,0,0,-2710.900344160347,3.100014329667829,0.6065573770491803
1e-08,49,120.51,73,167,16.657427772618437,0,0,0,-2615.400299540337,2.100010849678256,0.5940841054882395
1e-08,50,143.89,94,197,18.835017918759725,0,0,0,-2695.800448990276,2.800018029743569,0.6001425516749822
1e-08,51,144.87,97,199,20.757964736457186,0,0,0,-2735.900282410398,2.8000106596309706,0.602815395580898
1e-08,52,111.66,74,151,16.404401848284504,0,0,0,-2719.6003786703277,1.4000124996928207,0.5997861724875267
1e-08,53,122.92,75,166,17.41245531221832,0,0,0,-2685.30033185037,1.9000110596398372,0.5983606557377049
1e-08,54,133.2,87,183,17.745985461506496,0,0,0,-2678.7002305504175,2.400010869605012,0.5894511760513186
1e-08,55,169.09,116,222,21.131064809895406,0,0,0,-2612.500385610275,3.7000202397439352,0.5962223806129722
1e-08,56,119.87,79,177,17.657664058419503,0,0,0,-2722.4003186903756,1.5000120296522255,0.5994297933000713
1e-08,57,146.07,105,191,17.745002113271216,0,0,0,-2690.000278540415,2.300014879623177,0.6078047042052744
1e-08,58,159.25,113,200,18.918443382054456,0,0,0,-2668.3002886503873,3.2000140796362757,0.5908766928011404
1e-08,59,153.45,115,214,18.565761497983324,0,0,0,-2635.8002267504407,2.500013289580693,0.5876692801140413
1e-08,60,138.74,75,202,22.297363072794056,0,0,0,-2670.6003752303504,2.1000122896648463,0.5928367783321454
1e-08,61,129.93,80,180,18.199590654737264,0,0,0,-2692.8004266702706,2.0000140597508107,0.6033499643620812
1e-08,62,143.39,83,202,19.26026739170565,0,0,0,-2619.2002654303737,1.9000130996491862,0.5928367783321454
1e-08,63,151.24,98,197,19.29721223389534,0,0,0,-2651.700246100411,3.400013619618676,0.5914112615823236
1e-08,64,119.38,75,173,20.242914809878542,0,0,0,-2647.400316960386,1.700012729626451,0.594440484675695
1e-08,65,151.82,102,227,22.06145054161217,0,0,0,-2612.900280820307,2.600016179715567,0.5867783321454028
1e-08,66,121.76,81,176,18.155506051884092,0,0,0,-2690.8003767403843,2.100014099643886,0.5964005702066999
1e-08,67,132.92,75,187,19.63195354517731,0,0,0,-2653.5002864603393,2.3000097096714853,0.6006771204561654
1e-08,68,165.46,123,206,18.489142760009184,0,0,0,-2612.8002276303123,3.600013619711717,0.5978260869565217
1e-08,69,143.55,96,186,18.423558288235203,0,0,0,-2646.5002974703225,2.6000142097077514,0.5987170349251604
1e-08,70,147.62,90,208,23.092760770423272,0,0,0,-2748.4004072003154,2.9000142897120895,0.6019244476122595
1e-08,71,142.89,95,183,17.053970212240902,0,0,0,-2643.90026517043,2.9000102095997136,0.5849964362081255
1e-08,72,131.08,85,182,18.703304520859408,0,0,0,-2682.100194040443,2.200006879578268,0.5964005702066999
1e-08,73,134.34,95,172,17.356969781617988,0,0,0,-2705.100311210331,2.1000125296891383,0.610655737704918
1e-08,74,120.84,85,180,16.78851988711334,0,0,0,-2560.9003988302284,2.200015549789441,0.5917676407697791
1e-08,75,134.46,96,192,16.590009041588857,0,0,0,-2687.200332860386,2.2000150296448737,0.5988952245188881
1e-08,76,138.4,92,186,20.167796111623105,0,0,0,-2685.0003596903166,2.9000125197158013,0.5946186742694227
1e-08,77,140.6,94,183,16.565627063289817,0,0,0,-2674.300314040436,2.300012039576359,0.6037063435495367
1e-08,78,101.14,56,149,17.072797076050545,0,0,0,-2671.4002732203394,1.9000111996870146,0.6012116892373486
1e-08,79,131.88,95,167,16.59655385916004,0,0,0,-2732.900249020413,2.000010389610452,0.5947968638631503
1e-08,80,140.85,92,215,19.698921290263588,0,0,0,-2776.900296020435,2.2000126195816847,0.6120812544547398
1e-08,81,139.89,95,183,18.715712650070262,0,0,0,-2633.3003427202234,2.7000177498016456,0.5933713471133286
1e-08,82,127.3,92,165,17.20842816761601,0,0,0,-2640.600564770231,2.2000221897878873,0.5923022095509622
1e-08,83,116.89,47,160,18.16199052967488,0,0,0,-2692.1002367204637,1.100004559548779,0.6060228082679971
1e-08,84,124.88,78,170,16.26485782292609,0,0,0,-2604.900399880289,1.6000194197290512,0.5849964362081255
1e-08,85,125.68,77,157,15.879471023935274,0,0,0,-2657.800291640438,1.4000096195763945,0.5910548823948681
1e-08,86,125.85,83,169,17.292411630538986,0,0,0,-2633.100274820347,1.900009289684931,0.5933713471133286
1e-08,87,133.54,94,190,16.784171114475686,0,0,0,-2715.2005208302494,2.5000259197672676,0.6037063435495367
1e-08,88,142.24,96,186,17.306715459612782,0,0,0,-2686.3003847302643,2.200020249759291,0.604775481111903
1e-08,89,117.87,85,168,16.383928100428175,0,0,0,-2687.100288590443,1.8000102795826933,0.6006771204561654
1e-08,90,149.71,98,205,21.226537635704982,0,0,0,-2648.0002741103376,3.000011979689134,0.5949750534568781
1e-08,91,138.26,97,190,19.942226555728425,0,0,0,-2768.80037693038,2.300019199646613,0.5987170349251604
1e-08,92,161.61,118,210,20.612566555380724,0,0,0,-2658.70022164046,2.200011379575699,0.5969351389878831
1e-08,93,147.77,109,212,18.70232873200554,0,0,0,-2781.4002631704993,2.8000120995320685,0.6053100498930862
1e-08,94,143.61,101,187,17.814541812800016,0,0,0,-2662.200246180399,2.700012359629909,0.6017462580185318
1e-08,95,147.85,103,193,18.52801932209701,0,0,0,-2640.0002902703145,3.000011819696283,0.5969351389878831
1e-08,96,148.46,100,198,19.590518114639032,0,0,0,-2761.700242170525,2.6000113394979962,0.6017462580185318
1e-08,97,115.29,80,163,16.70586423984105,0,0,0,-2721.7004601202543,2.4000178997721378,0.597647897362794
1e-08,98,151.1,113,203,18.423083346714794,0,0,0,-2636.2002392104455,2.600012829573643,0.5914112615823236
1e-08,99,153.14,97,200,22.782458164122676,0,0,0,-2655.700276690376,2.900012589648213,0.5908766928011404
1e-08,100,151.71,112,194,17.436338491782042,0,0,0,-2591.9003236902927,2.6000188197372154,0.5876692801140413
1e-08,101,119.33,72,170,18.694413604068995,0,0,0,-2740.1002590104054,1.9000084896174485,0.6004989308624377
1e-08,102,160.71,116,209,18.690262170445873,0,0,0,-2672.100197770406,3.500009199622582,0.5951532430506058
1e-08,103,134.92,86,181,18.38133836258938,0,0,0,-2615.7002631403548,2.500010909667253,0.5915894511760513
1e-08,104,143.62,106,186,18.20427422337952,0,0,0,-2730.5002228004205,2.700009429595866,0.6045972915181753
1e-08,105,159.03,110,218,22.77299058094918,0,0,0,-2672.4002528404194,2.3000118596019092,0.5958660014255167
1e-08,106,163.17,118,213,20.903136128342084,0,0,0,-2621.200242120376,3.000011849650946,0.5931931575196009
1e-08,107,118.78,88,165,16.44054743614093,0,0,0,-2682.0004172503277,1.90001522969078,0.5988952245188881
1e-08,108,129.9,75,172,16.74007168443433,0,0,0,-2616.000299160319,2.0000096997055152,0.5915894511760513
1e-08,109,178.82,118,236,21.220452398570583,0,0,0,-2729.4003191303404,2.800019179690935,0.6017462580185318
1e-08,110,112.7,81,151,15.525140901131945,0,0,0,-2616.2002393003504,2.4000105396844447,0.5962223806129722
1e-08,111,146.56,109,192,17.702722954393202,0,0,0,-2675.200304820394,3.000014309636299,0.5955096222380613
1e-08,112,129.66,89,166,16.050682228491098,0,0,0,-2589.800307950312,1.900013049694735,0.5830363506771205
1e-08,113,174.28,124,228,20.633506730558434,0,0,0,-2706.400319760296,3.700015809730303,0.5994297933000713
1e-08,114,127.25,80,174,17.785035844776925,0,0,0,-2760.800334990397,2.0000107396181193,0.6092302209550963
1e-08,115,123.46,93,169,16.3079244540806,0,0,0,-2657.600384670292,2.7000147197281876,0.5935495367070563
1e-08,116,168.51,128,217,19.540468264604097,0,0,0,-2597.3002416403338,3.80001575968663,0.5919458303635068
1e-08,117,144.4,109,184,18.122361876973983,0,0,0,-2663.500332280304,2.2000168397221387,0.5949750534568781
1e-08,118,121.29,70,160,17.88032158547491,0,0,0,-2703.400392380309,2.1000141396998515,0.6045972915181753
1e-08,119,144.18,95,200,19.26726758001767,0,0,0,-2682.9005931601655,2.3000281398508378,0.5915894511760513
1e-08,120,132.89,102,195,16.524463682673638,0,0,0,-2649.900282940371,3.1000126296544295,0.5857091945830364
1e-08,121,136.26,79,181,19.377626273617725,0,0,0,-2716.900305660418,3.700013209605004,0.5997861724875267
1e-08,122,116.09,78,160,17.39947987728369,0,0,0,-2608.200283590376,1.4000101796414128,0.5887384176764077
1e-08,123,135.04,90,169,16.693064428079108,0,0,0,-2679.5002239704404,2.3000092695733656,0.599607982893799
1e-08,124,150.83,99,191,19.36804326719661,0,0,0,-2524.9002448203064,2.0000142897229125,0.5823235923022095
1e-08,125,138.0,92,201,18.311744864976685,0,0,0,-2650.3003084203697,2.2000116096510283,0.5942622950819673
1e-08,126,126.07,81,164,17.484424497248973,0,0,0,-2785.6002459104475,2.300007749591259,0.6083392729864576
1e-08,127,140.86,101,188,17.149355673027486,0,0,0,-2757.6002765604035,2.800010989617931,0.6010334996436208
1e-08,128,139.43,99,197,19.30867939554645,0,0,0,-2691.800277730356,2.000011149662896,0.595687811831789
1e-08,129,162.59,120,205,17.363810065766096,0,0,0,-2652.8003614702657,3.3000205797511626,0.590520313613685
1e-08,130,161.51,124,215,21.786002386853813,0,0,0,-2575.900266190313,2.600013179702728,0.5810762651461154
1e-08,131,129.49,85,197,19.032338269377203,0,0,0,-2645.9003204503756,2.3000112096497105,0.5926585887384177
1e-08,132,133.2,91,191,18.583325859490277,0,0,0,-2648.3003308003326,2.5000155296943376,0.5923022095509622
1e-08,133,116.91,70,166,18.24505138386845,0,0,0,-2690.5002631904076,2.200009449616118,0.5997861724875267
1e-08,134,134.94,104,181,17.324445157060584,0,0,0,-2677.3002438003887,2.600011149627335,0.595687811831789
1e-08,135,123.19,76,170,17.64748990649945,0,0,0,-2676.6002058304116,2.4000068996128903,0.5935495367070563
1e-08,136,134.07,94,183,19.28535973219063,0,0,0,-2679.2002461004295,2.1000103095962004,0.5935495367070563
1e-08,137,179.07,129,240,22.157280970371794,0,0,0,-2574.800205860287,3.7000110897388367,0.579472558802566
1e-08,138,128.04,79,188,20.30463986383408,0,0,0,-2684.7003248403653,2.000014559651845,0.6004989308624377
1e-08,139,150.63,100,211,21.304767072183637,0,0,0,-2646.400227920383,2.2000108296438157,0.5992516037063436
1e-08,140,134.03,78,197,19.08373915143466,0,0,0,-2617.6004306502587,2.2000134097693262,0.5889166072701354
1e-08,141,164.67,117,220,20.23119126497498,0,0,0,-2570.7002318903865,3.100011979622195,0.5869565217391305
1e-08,142,144.67,94,190,19.794976635500234,0,0,0,-2605.6002975303427,2.100014249674132,0.5912330719885959
1e-08,143,116.57,73,151,17.461532006098434,0,0,0,-2662.200565750177,1.7000213198489291,0.5988952245188881
1e-08,144,118.69,79,177,21.094878525367243,0,0,0,-2586.5003420803246,2.000013989691979,0.5883820384889522
1e-08,145,127.64,82,183,17.86701989700577,0,0,0,-2708.2002703204153,1.9000102096106275,0.6024590163934426
1e-08,146,172.02,134,223,18.442873962590536,0,0,0,-2662.1003038703248,3.100020289695749,0.5987170349251604
1e-08,147,159.54,111,209,19.097340128928952,0,0,0,-2675.700236900352,2.500014949656361,0.5969351389878831
1e-08,148,137.82,91,189,18.99546261610914,0,0,0,-2714.8002968204446,2.5000119195692605,0.5990734141126158
1e-08,149,108.62,72,137,16.00736080682884,0,0,0,-2725.00020334046,1.5000064395758272,0.5939059158945118
1e-08,150,116.14,74,166,16.324227393662465,0,0,0,-2640.1003344402993,1.6000126097133034,0.6010334996436208
1e-08,151,140.39,97,183,16.11886782624636,0,0,0,-2703.400294690431,2.500013919610865,0.5987170349251604
1e-08,152,110.54,64,154,15.59770495938425,0,0,0,-2579.1002625403885,1.500007679635928,0.5887384176764077
1e-08,153,108.58,64,152,16.75182378130811,0,0,0,-2684.600488190238,1.4000177697830622,0.6035281539558089
1e-08,154,136.49,91,180,19.01341368613222,0,0,0,-2706.800419140292,3.2000185197307474,0.6029935851746258
1e-08,155,115.63,59,164,18.286418457423533,0,0,0,-2706.1002916703983,1.2000081896217125,0.597647897362794
1e-08,156,130.5,79,168,17.70790783802536,0,0,0,-2713.50018145048,2.4000058895248912,0.5974697077690663
1e-08,157,122.11,84,181,16.432829944960787,0,0,0,-2703.00033140039,2.200012479634097,0.6069137562366358
1e-08,158,123.24,83,164,17.59836356028594,0,0,0,-2615.6004283403227,2.3000174597018486,0.5890947968638631
1e-08,159,153.54,95,227,22.873749146128187,0,0,0,-2631.600274140401,2.3000128596086142,0.5889166072701354
1e-08,160,144.75,103,200,20.23777408708774,0,0,0,-2628.400226260338,3.4000103396811028,0.6013898788310763
1e-08,161,131.63,92,173,18.203656226154127,0,0,0,-2653.6003144003434,1.900013659673732,0.5940841054882395
1e-08,162,122.84,90,171,16.862218122180725,0,0,0,-2735.3003574703503,1.7000156496692398,0.6111903064861012
1e-08,163,130.05,94,178,17.57974686962244,0,0,0,-2619.800333600347,1.8000143796766679,0.5903421240199572
1e-08,164,123.85,73,175,19.64860045906578,0,0,0,-2675.7002956804386,2.1000106495889668,0.5999643620812545
1e-08,165,134.13,95,199,16.83547148136933,0,0,0,-2720.700228550465,2.7000083595535216,0.5992516037063436
1e-08,166,157.18,106,225,21.31777661952578,0,0,0,-2729.1002948003625,3.2000132696666697,0.6088738417676408
1e-08,167,124.4,88,162,16.19197332013612,0,0,0,-2645.3003330803454,2.2000154696838763,0.599607982893799
1e-08,168,134.2,87,188,18.07595087402043,0,0,0,-2664.900309960342,2.300013539682368,0.6017462580185318
1e-08,169,136.6,97,177,16.53602128687551,0,0,0,-2664.7002913503275,2.5000162496994562,0.5985388453314326
1e-08,170,128.77,94,169,18.078083416114662,0,0,0,-2681.300382820317,1.9000188597001397,0.5947968638631503
1e-08,171,134.45,87,189,21.26752218759863,0,0,0,-2668.8002496703684,2.7000088496511125,0.5964005702066999
1e-08,172,119.0,78,156,16.340746616969493,0,0,0,-2720.600304250321,1.900012749695179,0.6124376336421953
1e-08,173,127.34,88,171,17.731452281186673,0,0,0,-2655.1002174704117,2.4000083196065134,0.5988952245188881
1e-08,174,115.14,65,159,16.81369679755169,0,0,0,-2667.600208660404,1.6000057496203226,0.5992516037063436
1e-08,175,123.12,83,169,15.6641501524979,0,0,0,-2702.2003266803436,2.100014619679314,0.5926585887384177
1e-08,176,111.5,70,163,16.701197561851664,0,0,0,-2697.5003466603307,2.200011209686636,0.599607982893799
1e-08,177,153.47,111,223,19.569596316735815,0,0,0,-2625.500304130306,3.2000141697280924,0.5942622950819673
1e-08,178,142.59,98,190,17.8426987868988,0,0,0,-2644.2004771802285,1.9000205097918297,0.5844618674269423
1e-08,179,133.62,94,183,19.174868969565345,0,0,0,-2696.1003907304403,2.2000166695797816,0.5962223806129722
1e-08,180,113.1,83,152,16.859122159827894,0,0,0,-2719.8003227303534,1.4000121596623103,0.6038845331432644
1e-08,181,143.92,93,203,21.12613547244266,0,0,0,-2762.100236090384,1.9000099896466054,0.6113684960798289
1e-08,182,127.94,93,175,16.79274843496442,0,0,0,-2695.700287660387,2.200010899636254,0.6063791874554526
1e-08,183,120.72,83,171,18.530558545278662,0,0,0,-2699.300300050371,1.900010359659973,0.6019244476122595
1e-08,184,167.19,100,221,20.301573830617173,0,0,0,-2656.5002319004348,2.100009369577947,0.5997861724875267
1e-08,185,142.12,94,208,21.529644678907268,0,0,0,-2691.0002409604226,2.6000109196111225,0.6021026372059872
1e-08,186,157.7,121,193,15.523852614605692,0,0,0,-2593.4002011003736,3.80001287964069,0.5915894511760513
1e-08,187,145.27,98,219,20.94079988921149,0,0,0,-2604.7002545703685,2.8000117896435768,0.5912330719885959
1e-08,188,127.56,91,179,17.358179628060082,0,0,0,-2658.6002683803777,1.800011689645089,0.5903421240199572
1e-08,189,144.3,106,188,18.165076382993828,0,0,0,-2706.3002346304183,3.20001086961247,0.5980042765502495
1e-08,190,132.19,84,173,18.98140932596945,0,0,0,-2648.9004274302943,2.8000158197223755,0.5901639344262295
1e-08,191,127.24,89,179,17.220406499267085,0,0,0,-2614.8002953203404,2.40001264968987,0.5853528153955809
1e-08,192,149.34,102,197,20.45786890172092,0,0,0,-2575.2003470202726,3.300017349756672,0.5885602280826799
1e-08,193,132.72,100,185,19.353077274686832,0,0,0,-2618.1002529503626,2.4000110096444587,0.5912330719885959
1e-08,194,133.15,75,178,17.975191236813032,0,0,0,-2718.6004010903544,3.10001148967649,0.6122594440484675
1e-08,195,147.2,104,202,19.378854455307724,0,0,0,-2695.100248010359,2.5000132896493596,0.5987170349251604
1e-08,196,132.05,93,172,15.692912412933426,0,0,0,-2680.700450760319,1.600018899713632,0.5915894511760513
1e-08,197,111.59,73,157,16.66078929702912,0,0,0,-2629.100328450307,2.100010009710786,0.5910548823948681
1e-08,198,123.96,77,190,17.638548693132325,0,0,0,-2731.60029833046,2.0000098595664895,0.6019244476122595
1e-08,199,129.99,78,187,18.33711809418263,0,0,0,-2720.700236260474,2.600007059553718,0.5974697077690663
1e-07,0,120.26,69,165,17.462886359362248,0,0,0,-2699.902740800234,1.7001023997895572,0.607448325017819
1e-07,1,145.05,101,199,20.402144495125995,0,0,0,-2726.4021662002724,2.5000919997573874,0.6003207412687099
1e-07,2,132.78,86,177,18.33061919303328,0,0,0,-2611.1035754001396,2.400133199879747,0.5914112615823236
1e-07,3,149.99,107,222,21.862980126231648,0,0,0,-2696.703795300171,2.8001626998598113,0.5962223806129722
1e-07,4,135.72,89,184,20.1599007934067,0,0,0,-2718.903617000234,2.4001397997967615,0.6019244476122595
1e-07,5,136.67,102,177,17.203519988653486,0,0,0,-2684.50244130025,3.2001057997708813,0.5978260869565217
1e-07,6,136.3,95,189,21.928292227166256,0,0,0,-2696.3037803001516,2.5001651998736634,0.6004989308624377
1e-07,7,124.8,76,161,16.974687036879352,0,0,0,-2717.7029850002746,2.6000915997360607,0.6031717747683535
1e-07,8,136.63,101,194,18.72413148853639,0,0,0,-2648.8037346001865,2.100178099837649,0.5951532430506058
1e-07,9,123.5,77,160,17.102923726661473,0,0,0,-2607.503347300179,1.7001125998317548,0.582679971489665
1e-07,10,118.3,83,170,17.042593699317017,0,0,0,-2702.1031586002273,1.400115899802131,0.6003207412687099
1e-07,11,138.86,100,193,18.942027346617365,0,0,0,-2699.902911700225,2.700126299791009,0.5969351389878831
1e-07,12,103.76,53,154,19.2375258284427,0,0,0,-2656.0034215001683,1.4000742998568967,0.6049536707056308
1e-07,13,154.76,109,205,20.22034618892565,0,0,0,-2654.803286500205,3.1001783998140127,0.5972915181753385
1e-07,14,143.99,90,202,22.264543561456634,0,0,0,-2652.602603600239,1.400108099791396,0.5939059158945118
1e-07,15,127.57,88,193,20.1515532900072,0,0,0,-2709.502850800192,2.20010719982929,0.6056664290805417
1e-07,16,125.59,83,171,18.699783421205712,0,0,0,-2693.5028517003043,1.2001405997116308,0.5908766928011404
1e-07,17,121.51,57,172,19.3667214571801,0,0,0,-2649.503253400217,1.4001305998012867,0.5906985032074127
1e-07,18,119.63,79,166,17.500088571204433,0,0,0,-2695.201998200302,2.300074899718311,0.5999643620812545
1e-07,19,108.44,65,158,17.04248808126325,0,0,0,-2695.604417300165,1.800118099868996,0.5946186742694227
1e-07,20,131.11,78,182,17.75719290879051,0,0,0,-2676.104138100102,1.7001395999236593,0.5964005702066999
1e-07,21,142.4,96,184,19.323560748474904,0,0,0,-2677.4026442002823,2.6001371997344904,0.6037063435495367
1e-07,22,162.48,108,222,22.776075166718254,0,0,0,-2803.6030023002654,3.600133799754076,0.6143977191732003
1e-07,23,149.9,104,209,20.04020957974242,0,0,0,-2693.402894100248,1.9001406997622325,0.6058446186742694
1e-07,24,135.05,96,200,16.704714903284042,0,0,0,-2705.902429800254,1.6001028997920912,0.599607982893799
1e-07,25,124.2,85,159,15.20328911781921,0,0,0,-2679.403312300228,1.300118799795655,0.5990734141126158
1e-07,26,146.54,111,199,19.781516625375318,0,0,0,-2607.903420900173,3.100170999842703,0.595687811831789
1e-07,27,128.84,86,188,18.092385138505094,0,0,0,-2698.8026879002236,1.800095399802558,0.5994297933000713
1e-07,28,145.61,91,202,19.366927995941946,0,0,0,-2686.7027028002726,2.700122199741145,0.5969351389878831
1e-07,29,143.35,76,198,19.129231558010897,0,0,0,-2628.802142800221,2.800119199808705,0.5896293656450463
1e-07,30,157.08,110,212,22.090577176705906,0,0,0,-2649.6024370001787,2.700116199848253,0.594440484675695
1e-07,31,132.07,84,177,19.05269272307723,0,0,0,-2622.5038258001787,1.6001508998392637,0.5887384176764077
1e-07,32,144.43,100,204,21.1599881852519,0,0,0,-2659.7025869001955,3.0001438998233425,0.5969351389878831
1e-07,33,132.46,81,190,17.906099519437504,0,0,0,-2758.80334310025,1.9001338997686616,0.6053100498930862
1e-07,34,143.67,101,199,18.700296789088668,0,0,0,-2710.603342300215,2.7001380998099194,0.5992516037063436
1e-07,35,126.89,81,175,19.10177740421032,0,0,0,-2666.403840000208,2.1001226998073435,0.6001425516749822
1e-07,36,126.13,78,171,17.545173125392637,0,0,0,-2668.1033629002154,1.6001126998007749,0.602815395580898
1e-07,37,107.21,72,168,16.40871414828109,0,0,0,-2711.8040499001786,1.5001470998427067,0.6040627227369921
1e-07,38,114.97,74,152,15.713341465137196,0,0,0,-2762.406510199991,1.7002008000226851,0.5983606557377049
1e-07,39,127.32,92,183,17.87001958588742,0,0,0,-2697.702428100247,1.4000903997866772,0.5981824661439772
1e-07,40,128.71,79,161,16.462864270836956,0,0,0,-2653.2034114001863,1.5001076998364624,0.6076265146115467
1e-07,41,131.55,97,187,17.347838482070323,0,0,0,-2656.502874700226,2.60014849980098,0.5958660014255167
1e-07,42,105.03,63,142,16.892279301503393,0,0,0,-2749.9029105002755,2.200077999742007,0.6017462580185318
1e-07,43,144.1,99,181,18.667886864881094,0,0,0,-2677.402544300238,3.200124799785044,0.5960441910192444
1e-07,44,115.68,74,158,16.73312881681128,0,0,0,-2737.802913400312,2.4000943997011746,0.5946186742694227
1e-07,45,162.89,109,223,21.43076993483902,0,0,0,-2618.0024875002273,3.3001422997999725,0.5896293656450463
1e-07,46,130.01,95,170,16.31716580782337,0,0,0,-2647.402946100195,2.2001034998334035,0.5990734141126158
1e-07,47,167.15,103,211,22.027880061413082,0,0,0,-2723.602468700287,3.4000980997266197,0.6017462580185318
1e-07,48,138.62,96,187,19.464727072322386,0,0,0,-2711.4034475002013,2.6001373998133204,0.6065573770491803
1e-07,49,118.38,83,171,16.463766276280772,0,0,0,-2615.103005300205,2.4000985998104625,0.5940841054882395
1e-07,50,147.42,95,209,20.404989585883154,0,0,0,-2696.6044878001003,2.00018239991914,0.6001425516749822
1e-07,51,143.75,102,202,23.0678889367883,0,0,0,-2735.9028168002596,2.800113899769258,0.602815395580898
1e-07,52,109.64,71,154,16.604529502518282,0,0,0,-2719.803798900165,1.2001127998555603,0.5997861724875267
1e-07,53,117.67,72,164,18.987919843942887,0,0,0,-2685.403335000223,1.8000940997872021,0.5983606557377049
1e-07,54,132.03,67,196,22.60418324116136,0,0,0,-2679.7023492002772,1.4000649997456094,0.5894511760513186
1e-07,55,166.67,109,223,20.380900372652825,0,0,0,-2612.403876300131,3.8001821998882406,0.5962223806129722
1e-07,56,120.81,82,158,16.047862786053475,0,0,0,-2722.303201300239,1.600105899789014,0.5994297933000713
1e-07,57,131.72,99,188,17.290506065468414,0,0,0,-2690.402807800275,1.9001263997629394,0.6078047042052744
1e-07,58,155.2,112,204,20.547019248543084,0,0,0,-2668.102883200262,3.4001440997617465,0.5908766928011404
1e-07,59,153.91,108,210,18.996365441841764,0,0,0,-2635.6022976003455,2.7001027996761877,0.5876692801140413
1e-07,60,136.29,100,178,16.02391650003207,0,0,0,-2669.9037099001953,2.800165299820037,0.5928367783321454
1e-07,61,134.4,83,184,21.99545407578575,0,0,0,-2692.1042700001,2.7001372999216073,0.6033499643620812
1e-07,62,143.94,99,190,17.635657061759847,0,0,0,-2619.502650800259,1.6001344997644082,0.5928367783321454
1e-07,63,146.36,93,191,18.941763381480616,0,0,0,-2651.502496700269,3.600100499760174,0.5914112615823236
1e-07,64,115.11,66,164,20.289354351481958,0,0,0,-2647.703212300216,1.400084599796628,0.594440484675695
1e-07,65,152.95,103,204,19.417710987652484,0,0,0,-2612.9028392002,2.6001307998226366,0.5867783321454028
1e-07,66,116.55,77,155,15.53793744356052,0,0,0,-2691.103744800219,1.8001635998093661,0.5964005702066999
1e-07,67,136.33,83,186,19.4628132601636,0,0,0,-2653.0028438002064,2.8001178998042633,0.6006771204561654
1e-07,68,164.28,107,228,21.562504492753156,0,0,0,-2612.802314600224,3.600097899800403,0.5978260869565217
1e-07,69,138.05,103,180,17.081203119218504,0,0,0,-2646.702981000175,2.400135799855434,0.5987170349251604
1e-07,70,152.39,105,200,18.888035895772752,0,0,0,-2748.104023800147,3.2001910998806125,0.6019244476122595
1e-07,71,127.0,93,168,16.09223415191315,0,0,0,-2644.802622300253,2.0001314997766713,0.5849964362081255
1e-07,72,132.29,88,188,19.546506081650502,0,0,0,-2681.101939800306,3.2000693997151757,0.5964005702066999
1e-07,73,130.89,90,170,17.630028360725913,0,0,0,-2705.1031223002074,2.100115099812683,0.610655737704918
1e-07,74,118.65,78,168,17.47247835883622,0,0,0,-2561.2039986000727,1.9001451999447454,0.5917676407697791
1e-07,75,132.99,93,168,16.091298891015605,0,0,0,-2687.303348400267,2.1001304997639636,0.5988952245188881
1e-07,76,141.18,101,190,17.982980843008203,0,0,0,-2685.003577500173,2.9001445998592317,0.5946186742694227
1e-07,77,136.46,100,179,17.702214550727827,0,0,0,-2674.1031134002724,2.500147399740399,0.6037063435495367
1e-07,78,98.8,62,147,15.228263197095066,0,0,0,-2672.502771500219,0.8000726998075152,0.6012116892373486
1e-07,79,123.9,81,167,16.121724473517094,0,0,0,-2733.6025144002847,1.3000796997384896,0.5947968638631503
1e-07,80,138.23,92,193,18.154258453597052,0,0,0,-2776.602947600313,2.500138799703109,0.6120812544547398
1e-07,81,136.09,90,184,18.120758814133588,0,0,0,-2633.603461200106,2.400143499919068,0.5933713471133286
1e-07,82,125.22,65,169,16.79558275261683,0,0,0,-2640.905654700019,1.9002148999998099,0.5923022095509622
1e-07,83,114.77,80,157,16.993442853053644,0,0,0,-2691.9023357003243,1.3000770996882238,0.6060228082679971
1e-07,84,122.31,81,177,19.932734383420655,0,0,0,-2604.6040610001287,1.9001319998897088,0.5849964362081255
1e-07,85,122.66,80,162,15.999512492573016,0,0,0,-2657.7028885002956,1.5001240997189598,0.5910548823948681
1e-07,86,124.26,83,171,17.50349679349815,0,0,0,-2633.3027339002188,1.7001071998129191,0.5933713471133286
1e-07,87,129.65,91,170,18.18866405209575,0,0,0,-2715.705265700054,2.000201799962724,0.6037063435495367
1e-07,88,137.95,93,182,20.217010164710313,0,0,0,-2686.4038907001554,2.1001590998680513,0.604775481111903
1e-07,89,115.81,66,149,16.762872665506947,0,0,0,-2687.7029156003027,1.2000730997233404,0.6006771204561654
1e-07,90,145.87,103,199,22.18091747426152,0,0,0,-2648.302744400222,2.7001164998050626,0.5949750534568781
1e-07,91,139.2,85,178,18.776048572583104,0,0,0,-2769.0038039002397,2.1001573997868945,0.5987170349251604
1e-07,92,159.24,111,220,20.394665969316584,0,0,0,-2658.0022114003204,2.9001187997150737,0.5969351389878831
1e-07,93,147.12,107,193,17.073535076251783,0,0,0,-2781.902631600362,2.300121099669468,0.6053100498930862
1e-07,94,142.19,91,211,20.64494853469003,0,0,0,-2663.102496600259,1.8000887997700374,0.6017462580185318
1e-07,95,146.44,88,196,21.20156597989875,0,0,0,-2639.6029011001992,3.4001197998118187,0.5969351389878831
1e-07,96,150.1,90,209,20.085566957395056,0,0,0,-2761.302419500373,3.000115599649689,0.6017462580185318
1e-07,97,115.09,69,156,18.487344319831337,0,0,0,-2722.604645500106,1.5001346999201814,0.597647897362794
1e-07,98,155.55,122,208,19.892900743732675,0,0,0,-2634.8023853002983,4.000135099720865,0.5914112615823236
1e-07,99,149.85,106,200,16.97137295565683,0,0,0,-2655.5027361002076,3.1001566998170347,0.5908766928011404
1e-07,100,127.4,78,163,16.87424072365924,0,0,0,-2592.4033225002013,2.100102599828915,0.5876692801140413
1e-07,101,117.57,71,165,18.43217567190591,0,0,0,-2740.2025977002695,1.8000772997534114,0.6004989308624377
1e-07,102,159.47,104,212,21.6506143099913,0,0,0,-2672.4019597002753,3.2001099997532947,0.5951532430506058
1e-07,103,136.94,93,181,19.033034440151678,0,0,0,-2616.202638500256,2.0001019997662297,0.5915894511760513
1e-07,104,145.18,99,184,19.012827248991666,0,0,0,-2731.102212200278,2.100110099738231,0.6045972915181753
1e-07,105,154.02,101,209,20.50169749069574,0,0,0,-2671.602536100258,3.100110899762967,0.5958660014255167
1e-07,106,160.15,117,203,17.43925170412997,0,0,0,-2621.002426800234,3.200112899793112,0.5931931575196009
1e-07,107,116.83,78,170,17.304944380147543,0,0,0,-2682.3041622001642,1.6001625998542295,0.5988952245188881
1e-07,108,125.9,89,163,17.23745920952389,0,0,0,-2616.102957900196,1.9001306998284235,0.5915894511760513
1e-07,109,175.38,127,217,19.675253492649084,0,0,0,-2729.2032006001973,3.0001824998339544,0.6017462580185318
1e-07,110,105.97,67,148,17.043154050820522,0,0,0,-2617.1024268002147,1.5000715998203304,0.5962223806129722
1e-07,111,148.41,99,207,19.87918257876817,0,0,0,-2675.6030425002064,2.600148799823728,0.5955096222380613
1e-07,112,124.88,86,172,18.304797185437483,0,0,0,-2590.2031002001827,1.5001097998238038,0.5830363506771205
1e-07,113,170.41,120,221,20.294873736980975,0,0,0,-2707.103170500142,3.000185199884527,0.5994297933000713
1e-07,114,121.06,87,161,16.525628581085805,0,0,0,-2761.0033250002307,1.800132299784309,0.6092302209550963
1e-07,115,118.76,73,158,16.889712845397938,0,0,0,-2658.3038806001496,2.0001132998704634,0.5935495367070563
1e-07,116,169.63,117,233,20.332562553696963,0,0,0,-2598.0024262002275,3.1001477997929214,0.5919458303635068
1e-07,117,142.47,92,201,21.036851000090298,0,0,0,-2663.7033275001563,2.0001636998699723,0.5949750534568781
1e-07,118,123.05,79,169,17.616114781642402,0,0,0,-2703.9039338001694,1.6001313998390287,0.6045972915181753
1e-07,119,146.52,105,188,15.937678626449964,0,0,0,-2682.9059369999873,2.3002760000290436,0.5915894511760513
1e-07,120,131.43,86,187,19.459319104223557,0,0,0,-2650.702830600229,2.3001250997963325,0.5857091945830364
1e-07,121,135.58,93,185,18.16049558795134,0,0,0,-2717.003042700257,3.6001459997660277,0.5997861724875267
1e-07,122,115.97,81,152,15.591314890027718,0,0,0,-2607.602840600234,2.0000970997834884,0.5887384176764077
1e-07,123,133.15,93,179,18.86073964615386,0,0,0,-2679.402224300314,2.400108099699537,0.599607982893799
1e-07,124,145.12,107,195,17.382911148596484,0,0,0,-2525.0024754002034,1.9001156998256192,0.5823235923022095
1e-07,125,144.99,85,201,20.73909110833934,0,0,0,-2650.703091500219,1.8001087998018193,0.5942622950819673
1e-07,126,123.74,91,164,18.242050323360036,0,0,0,-2785.7024488003135,2.2000877997252246,0.6083392729864576
1e-07,127,145.29,101,189,18.676346002363523,0,0,0,-2757.802761600263,2.600113899758526,0.6010334996436208
1e-07,128,141.66,90,212,20.956249664479568,0,0,0,-2691.4027669002257,2.4001218997932483,0.595687811831789
1e-07,129,129.8,88,175,16.334013591276335,0,0,0,-2654.0036758001283,2.1001446998884603,0.590520313613685
1e-07,130,164.09,114,218,21.049035607362157,0,0,0,-2576.4026694002023,2.10012429981316,0.5810762651461154
1e-07,131,121.96,80,168,17.438990796488195,0,0,0,-2646.3032152002193,1.9001013998058625,0.5926585887384177
1e-07,132,131.11,90,171,16.936879877946822,0,0,0,-2648.703303800194,2.1001594998328983,0.5923022095509622
1e-07,133,114.74,74,166,16.32520750250973,0,0,0,-2690.5026477002534,2.200078699770529,0.5997861724875267
1e-07,134,136.94,90,193,19.826658820890625,0,0,0,-2676.8024392002685,3.1001102997474845,0.595687811831789
1e-07,135,123.1,83,159,16.71855256892773,0,0,0,-2676.1020589002705,2.9000683997542183,0.5935495367070563
1e-07,136,129.75,82,176,16.043300782569652,0,0,0,-2679.3024670002933,2.0000970997325567,0.5935495367070563
1e-07,137,175.44,125,239,22.578449902506595,0,0,0,-2574.6020555001796,3.900113999846326,0.579472558802566
1e-07,138,128.6,89,187,19.68146336022807,0,0,0,-2684.603265600226,2.1001283997907194,0.6004989308624377
1e-07,139,148.79,99,216,20.14760283507693,0,0,0,-2645.8022503002344,2.800137199792516,0.5992516037063436
1e-07,140,126.67,80,182,19.41033487603962,0,0,0,-2618.0042622001183,1.8001783999097825,0.5889166072701354
1e-07,141,166.87,106,222,18.955555913768396,0,0,0,-2570.4023153002877,3.4001233997209965,0.5869565217391305
1e-07,142,142.98,84,206,19.10443927468168,0,0,0,-2606.403019600218,1.3000981997984127,0.5912330719885959
1e-07,143,112.24,80,170,17.898111632236514,0,0,0,-2662.205685699993,1.700185000032434,0.5988952245188881
1e-07,144,113.12,79,162,16.564588736216784,0,0,0,-2586.7034347001622,1.8001259998541173,0.5883820384889522
1e-07,145,137.94,88,174,18.387397858315897,0,0,0,-2707.8026943002824,2.300110999743538,0.6024590163934426
1e-07,146,171.11,128,228,20.34841271450921,0,0,0,-2662.3030646001985,2.900176999821724,0.5987170349251604
1e-07,147,165.46,125,216,20.51946393061963,0,0,0,-2675.3023799002326,2.9001385997758007,0.5969351389878831
1e-07,148,137.66,105,170,15.163258225064954,0,0,0,-2714.802940800268,2.500146599745676,0.5990734141126158
1e-07,149,108.96,73,162,17.326811593596787,0,0,0,-2724.902026500328,1.6000712997074515,0.5939059158945118
1e-07,150,115.61,76,177,17.962124039210956,0,0,0,-2640.9033653001393,0.8001051998730873,0.6010334996436208
1e-07,151,139.47,84,185,21.063454132691533,0,0,0,-2703.90299080029,2.000095299752047,0.5987170349251604
1e-07,152,107.17,75,141,15.120882910729785,0,0,0,-2578.902622600282,1.7000795997423666,0.5887384176764077
1e-07,153,105.27,66,142,14.383222865547205,0,0,0,-2684.804918200054,1.2001413999673787,0.6035281539558089
1e-07,154,133.98,83,181,18.1135198125599,0,0,0,-2706.9042009001387,3.1001756998839483,0.6029935851746258
1e-07,155,113.8,71,151,17.157505646217924,0,0,0,-2706.202903000245,1.100095599775159,0.597647897362794
1e-07,156,133.7,90,176,17.589485495602194,0,0,0,-2713.3017883003645,2.6000850996401823,0.5974697077690663
1e-07,157,119.23,77,173,17.427481171988106,0,0,0,-2703.403342100238,1.8000966997860814,0.6069137562366358
1e-07,158,121.4,83,169,19.87259419401503,0,0,0,-2615.9042775001367,2.000180499887847,0.5890947968638631
1e-07,159,151.52,100,200,19.826991703231233,0,0,0,-2631.3027325002563,2.6001374997531457,0.5889166072701354
1e-07,160,145.71,93,194,19.904419107323882,0,0,0,-2628.802282200198,3.0000837998213683,0.6013898788310763
1e-07,161,132.89,94,196,18.421669305467404,0,0,0,-2653.603158800216,1.900121799801127,0.5940841054882395
1e-07,162,120.39,84,176,19.72049441570875,0,0,0,-2735.6035910002083,1.400140199811176,0.6111903064861012
1e-07,163,130.58,74,188,19.735338862051496,0,0,0,-2620.2033444002086,1.4001353998155537,0.5903421240199572
1e-07,164,118.35,72,173,17.11220324797482,0,0,0,-2676.1029788002834,1.7000844997442073,0.5999643620812545
1e-07,165,134.43,94,186,16.705241692355127,0,0,0,-2721.402290000323,2.000079099695995,0.5992516037063436
1e-07,166,153.53,110,201,18.942784906132466,0,0,0,-2729.20294410022,3.1001365998090478,0.6088738417676408
1e-07,167,120.67,82,162,18.015024285301422,0,0,0,-2645.903370300205,1.6001151998239038,0.599607982893799
1e-07,168,134.34,94,174,17.738218625329882,0,0,0,-2664.6031194002107,2.600115599813762,0.6017462580185318
1e-07,169,132.56,87,198,18.81612074791188,0,0,0,-2665.2029374002086,2.000138599818456,0.5985388453314326
1e-07,170,126.33,76,168,18.032778488075543,0,0,0,-2682.003870300156,1.2001464998611482,0.5947968638631503
1e-07,171,139.33,77,182,22.416090203244636,0,0,0,-2668.5024867002235,3.0000984997959677,0.5964005702066999
1e-07,172,113.5,72,162,18.27977023925629,0,0,0,-2720.5030615001638,2.0001084998525585,0.6124376336421953
1e-07,173,127.5,85,175,18.173332110540432,0,0,0,-2655.102181900291,2.4000759997275054,0.5988952245188881
1e-07,174,127.36,86,177,17.34158008948435,0,0,0,-2667.2020570002805,2.0000870997437232,0.5992516037063436
1e-07,175,118.52,78,168,17.19679039821094,0,0,0,-2702.8032925002026,1.500120499820241,0.5926585887384177
1e-07,176,108.48,72,149,17.056658523872724,0,0,0,-2697.603467300188,2.1001113998295295,0.599607982893799
1e-07,177,153.48,104,205,19.877867088800045,0,0,0,-2625.4030222001643,3.3001607998699,0.5942622950819673
1e-07,178,139.13,100,194,17.87716700151341,0,0,0,-2644.504751900092,1.6002249999287415,0.5844618674269423
1e-07,179,133.95,79,180,20.179383043096237,0,0,0,-2696.0039462002474,2.300127799772781,0.5962223806129722
1e-07,180,115.48,82,165,17.673415063309072,0,0,0,-2719.403215000223,1.8001338997928542,0.6038845331432644
1e-07,181,146.36,93,189,18.68663693659188,0,0,0,-2761.602366000278,2.4000947997524236,0.6113684960798289
1e-07,182,125.78,71,192,20.844462094282978,0,0,0,-2695.7028936002303,2.2000919997931305,0.6063791874554526
1e-07,183,123.75,87,167,19.45064266290448,0,0,0,-2698.502981800255,2.7001222997760124,0.6019244476122595
1e-07,184,166.45,112,211,20.29698253435717,0,0,0,-2656.202307300287,2.400105399725817,0.5997861724875267
1e-07,185,144.9,104,200,19.389430110243055,0,0,0,-2691.1024115002715,2.5001072997620213,0.6021026372059872
1e-07,186,161.75,117,211,20.041145176860528,0,0,0,-2593.5020098002583,3.7001299997559727,0.5915894511760513
1e-07,187,145.86,103,204,21.460671005353028,0,0,0,-2604.9025519002275,2.60011169978452,0.5912330719885959
1e-07,188,122.32,81,164,17.8066729065258,0,0,0,-2658.3026930002447,2.100107699778164,0.5903421240199572
1e-07,189,145.48,97,183,16.99851758242465,0,0,0,-2706.3023438003083,3.2001111997224143,0.5980042765502495
1e-07,190,129.4,83,192,19.209893284451113,0,0,0,-2648.304276300157,3.400156199859339,0.5901639344262295
1e-07,191,122.49,90,171,17.082444204504224,0,0,0,-2615.2029616002083,2.000118099821975,0.5853528153955809
1e-07,192,146.33,104,205,20.430396471923885,0,0,0,-2575.4034676001356,3.1001760998933605,0.5885602280826799
1e-07,193,135.21,85,187,19.255282392112562,0,0,0,-2618.0025588002345,2.5000807997721495,0.5912330719885959
1e-07,194,133.15,92,185,17.337459444797556,0,0,0,-2719.103962100182,2.600163699848963,0.6122594440484675
1e-07,195,147.32,88,203,19.39993814423128,0,0,0,-2695.7025270002227,1.9000859997854604,0.5987170349251604
1e-07,196,128.52,86,173,18.03412321129031,0,0,0,-2681.304529300152,1.0001672998810136,0.5915894511760513
1e-07,197,108.65,74,150,15.024230429542806,0,0,0,-2629.2032684001656,2.0001161998525276,0.5910548823948681
1e-07,198,120.64,80,160,17.41982778330486,0,0,0,-2731.5029778002963,2.100104099730288,0.6019244476122595
1e-07,199,128.39,89,180,17.91418153307597,0,0,0,-2721.102351300341,2.200081899686211,0.5974697077690663
1e-06,0,117.12,61,183,20.384935614320685,0,0,0,-2699.7277650002065,1.9006669998170764,0.607448325017819
1e-06,1,148.06,85,192,19.111682291206076,0,0,0,-2726.1215420002977,2.8010399997319837,0.6003207412687099
1e-06,2,132.74,72,194,19.487749998396428,0,0,0,-2612.235971000111,1.3011149999078953,0.5914112615823236
1e-06,3,152.37,93,189,20.09957959759358,0,0,0,-2697.338163000077,2.2014169999538353,0.5962223806129722
1e-06,4,132.52,83,189,17.634330154559315,0,0,0,-2718.9358910000933,2.4016769999379903,0.6019244476122595
1e-06,5,139.54,80,187,19.11618162709279,0,0,0,-2685.1246600002664,2.6008109997546853,0.5978260869565217
1e-06,6,138.37,88,199,18.40089943453852,0,0,0,-2696.137682000072,2.7017729999533913,0.6004989308624377
1e-06,7,123.17,80,173,17.948846759611047,0,0,0,-2717.2297680001698,3.100997999840729,0.6031717747683535
1e-06,8,136.96,93,184,20.088265231223925,0,0,0,-2648.8376320000825,2.1014949999416785,0.5951532430506058
1e-06,9,126.85,93,175,16.771031572327328,0,0,0,-2606.6332560001574,2.6013429998533866,0.582679971489665
1e-06,10,119.32,75,160,17.339480961089926,0,0,0,-2702.631677000158,0.9010679998714295,0.6003207412687099
1e-06,11,135.28,89,177,19.03474717457524,0,0,0,-2700.029114000208,2.60126599980822,0.5969351389878831
1e-06,12,134.53,76,178,20.15363738881892,0,0,0,-2654.8338940001413,2.6010639998839906,0.6049536707056308
1e-06,13,152.65,114,198,18.1853649949623,0,0,0,-2654.1329590001205,3.8016899998988265,0.5972915181753385
1e-06,14,141.4,97,190,18.366273438016762,0,0,0,-2652.125961000193,1.901155999837556,0.5939059158945118
1e-06,15,128.96,84,201,17.815678488342787,0,0,0,-2708.928259000174,2.801320999847121,0.6056664290805417
1e-06,16,122.53,92,173,17.28435998236556,0,0,0,-2693.5286410002063,1.2012819998094528,0.5908766928011404
1e-06,17,111.0,77,157,15.224979474534605,0,0,0,-2649.1326350000954,1.801204999922902,0.5906985032074127
1e-06,18,117.33,78,157,16.00440876758651,0,0,0,-2695.320011000305,2.200719999715602,0.5999643620812545
1e-06,19,110.82,69,159,17.017861205216125,0,0,0,-2695.643863000008,1.8014910000260898,0.5946186742694227
1e-06,20,131.62,81,172,18.122240479587507,0,0,0,-2675.941255000041,1.9015219999846522,0.5964005702066999
1e-06,21,145.34,111,185,17.62510709187323,0,0,0,-2676.8265150002494,3.2012989997674595,0.6037063435495367
1e-06,22,156.59,97,218,21.195327315236256,0,0,0,-2804.730220000124,2.501140999895142,0.6143977191732003
1e-06,23,146.6,112,198,18.758997841036177,0,0,0,-2693.329044000213,2.0013039997970736,0.6058446186742694
1e-06,24,131.71,92,169,17.448378148125975,0,0,0,-2705.9242140002634,1.6011129997827993,0.599607982893799
1e-06,25,123.32,84,162,16.193751881512817,0,0,0,-2679.4329970001186,1.3013139999052328,0.5990734141126158
1e-06,26,145.07,87,188,19.9229791948895,0,0,0,-2608.534456000111,2.501462999904561,0.595687811831789
1e-06,27,123.26,82,175,19.571724502455066,0,0,0,-2698.726763000226,1.9010699998002565,0.5994297933000713
1e-06,28,147.36,98,190,18.732068759216105,0,0,0,-2686.7268320001745,2.701417999839123,0.5969351389878831
1e-06,29,146.54,99,202,19.997709868882485,0,0,0,-2628.82162600029,2.800993999740058,0.5896293656450463
1e-06,30,159.53,121,203,17.70562340049059,0,0,0,-2649.324217000199,3.0013149998280824,0.594440484675695
1e-06,31,127.83,89,159,16.606056124197583,0,0,0,-2622.137976000039,2.001790999979221,0.5887384176764077
1e-06,32,144.99,89,197,20.028726869174687,0,0,0,-2660.126111000215,2.6011969998039604,0.5969351389878831
1e-06,33,127.82,89,176,16.548341306608343,0,0,0,-2758.933264000144,1.8015059998747347,0.6053100498930862
1e-06,34,136.41,87,190,19.50184350260252,0,0,0,-2711.733511000125,1.6012929998996697,0.5992516037063436
1e-06,35,130.79,83,184,19.47218272305393,0,0,0,-2666.7382850000827,1.8013419999329017,0.6001425516749822
1e-06,36,128.8,86,187,17.337819932159867,0,0,0,-2668.3336760001407,1.401079999875492,0.602815395580898
1e-06,37,104.81,55,150,17.154996356746917,0,0,0,-2712.2409350000516,1.10103499996967,0.6040627227369921
1e-06,38,107.91,76,165,16.49187375648989,0,0,0,-2762.364959999902,1.8021500001113964,0.5983606557377049
1e-06,39,120.89,77,165,18.901267153288956,0,0,0,-2697.724471000292,1.4007139997415834,0.5981824661439772
1e-06,40,132.12,89,176,17.542109337249038,0,0,0,-2652.533934000117,2.2012569999055813,0.6076265146115467
1e-06,41,135.03,96,175,16.646594246271516,0,0,0,-2656.628662000164,2.5015699998634773,0.5958660014255167
1e-06,42,104.14,70,146,16.225301229869356,0,0,0,-2750.429041000189,1.7008439998285212,0.6017462580185318
1e-06,43,145.51,92,181,20.460447209188757,0,0,0,-2678.025735000223,2.600955999800135,0.5960441910192444
1e-06,44,115.44,60,162,16.485338941010586,0,0,0,-2737.729378000194,2.5006999998186075,0.5946186742694227
1e-06,45,161.44,121,226,19.26775544789792,0,0,0,-2617.624954000235,3.701343999792698,0.5896293656450463
1e-06,46,126.02,83,180,17.496273889031347,0,0,0,-2647.2293140001752,2.401181999853179,0.5990734141126158
1e-06,47,161.85,115,204,17.991317350322074,0,0,0,-2723.524464000213,3.501203999800964,0.6017462580185318
1e-06,48,139.42,100,179,17.302704990838862,0,0,0,-2710.1339630001207,3.9018859998936932,0.6065573770491803
1e-06,49,113.35,71,154,17.206612101166225,0,0,0,-2615.8300510001986,1.700987999816789,0.5940841054882395
1e-06,50,147.2,98,193,18.911901014969384,0,0,0,-2695.944560000008,2.702142000011463,0.6001425516749822
1e-06,51,141.91,99,180,17.092744074606628,0,0,0,-2735.8280470002123,2.901259999816375,0.602815395580898
1e-06,52,111.71,69,147,15.26977079068314,0,0,0,-2719.438023000103,1.6010939999173388,0.5997861724875267
1e-06,53,116.11,88,164,16.577632520960282,0,0,0,-2685.533062000141,1.7012289998688175,0.5983606557377049
1e-06,54,134.08,98,175,18.24756422101317,0,0,0,-2678.222942000268,2.901199999754681,0.5894511760513186
1e-06,55,165.51,115,215,21.754307619411836,0,0,0,-2612.6387070000956,3.601877999923545,0.5962223806129722
1e-06,56,115.99,79,149,15.60224022376274,0,0,0,-2722.532120000147,1.4009519998808173,0.5994297933000713
1e-06,57,130.05,97,173,16.51809613726715,0,0,0,-2690.5278290002093,1.8015129998284465,0.6078047042052744
1e-06,58,156.42,115,220,20.729293282695384,0,0,0,-2667.928705000176,3.6015679998477026,0.5908766928011404
1e-06,59,149.88,104,199,18.757547814146708,0,0,0,-2635.622858000248,2.7011459997734164,0.5876692801140413
1e-06,60,138.38,85,198,18.20372489354857,0,0,0,-2670.2374030000315,2.5013489999837475,0.5928367783321454
1e-06,61,125.46,79,167,18.16998624105148,0,0,0,-2692.8426920000356,2.0013809999859404,0.6033499643620812
1e-06,62,139.34,91,181,17.226851134203255,0,0,0,-2619.9268010002056,1.2010519998175369,0.5928367783321454
1e-06,63,150.13,97,229,20.212696504919872,0,0,0,-2651.824980000254,3.300991999775306,0.5914112615823236
1e-06,64,117.79,72,160,17.970139120218295,0,0,0,-2647.6320990001486,1.5008699998638804,0.594440484675695
1e-06,65,150.85,102,215,18.596437830939557,0,0,0,-2612.328163000207,3.201536999815744,0.5867783321454028
1e-06,66,113.48,76,158,17.075409219108046,0,0,0,-2691.6377170000696,1.3013669999586455,0.5964005702066999
1e-06,67,135.68,89,182,19.287239304783878,0,0,0,-2653.228585000179,2.6010319998317755,0.6006771204561654
1e-06,68,162.42,127,197,17.395505166565297,0,0,0,-2612.9228210002557,3.5013039997684245,0.5978260869565217
1e-06,69,136.32,97,182,18.409714826688653,0,0,0,-2646.830025000159,2.3011429998714448,0.5987170349251604
1e-06,70,148.54,87,210,22.21234791731842,0,0,0,-2748.6401600000736,2.7019889999537554,0.6019244476122595
1e-06,71,143.18,100,205,18.398032503504282,0,0,0,-2644.2263180001933,2.601219999836303,0.5849964362081255
1e-06,72,137.48,82,182,18.747522502986897,0,0,0,-2680.719190000306,3.600901999715461,0.5964005702066999
1e-06,73,127.66,89,171,18.650587122125675,0,0,0,-2705.2309350001433,2.0014389998764273,0.610655737704918
1e-06,74,115.21,75,161,17.854016354870964,0,0,0,-2561.5399910000715,1.6014469999463472,0.5917676407697791
1e-06,75,135.06,82,191,20.672600223484224,0,0,0,-2687.733753000094,1.701035999936721,0.5988952245188881
1e-06,76,118.97,74,167,17.39911204630857,0,0,0,-2686.836196000104,1.1010249999285406,0.5946186742694227
1e-06,77,140.45,106,191,15.981473649197687,0,0,0,-2673.6311250001418,3.001482999870859,0.6037063435495367
1e-06,78,95.69,59,145,17.026858195216168,0,0,0,-2672.3277260001646,1.000715999861768,0.6012116892373486
1e-06,79,121.31,83,166,18.743903008711925,0,0,0,-2733.224982000249,1.7009589997742296,0.5947968638631503
1e-06,80,140.33,102,191,17.722333367815875,0,0,0,-2776.4294420001947,2.7014219998213775,0.6120812544547398
1e-06,81,151.27,96,198,20.80281471339876,0,0,0,-2633.434668000084,2.601378999941062,0.5933713471133286
1e-06,82,120.67,73,165,16.728451811210746,0,0,0,-2641.4569599999622,1.4017360000566441,0.5923022095509622
1e-06,83,113.4,78,150,16.205554603283407,0,0,0,-2691.3234200002853,1.900707999727274,0.6060228082679971
1e-06,84,119.8,58,170,20.265241177938147,0,0,0,-2605.740762000011,0.8011680000072374,0.5849964362081255
1e-06,85,118.01,77,168,17.90446592333879,0,0,0,-2657.8291140001797,1.4010119998347363,0.5910548823948681
1e-06,86,124.91,77,173,20.21885011567176,0,0,0,-2633.427529000201,1.6008819998305626,0.5933713471133286
1e-06,87,128.08,88,162,16.14600879474553,0,0,0,-2715.6526649999246,2.102010000091923,0.6037063435495367
1e-06,88,136.32,84,192,21.15981096323878,0,0,0,-2686.9390510000453,1.6014469999781795,0.604775481111903
1e-06,89,110.69,75,152,15.77129988301535,0,0,0,-2687.7288520001994,1.2010349998267884,0.6006771204561654
1e-06,90,147.01,103,217,21.40443645602472,0,0,0,-2648.12733200018,2.9012769998466865,0.5949750534568781
1e-06,91,137.01,92,183,17.922329647676946,0,0,0,-2768.738217000035,2.401395999991564,0.5987170349251604
1e-06,92,158.91,105,207,19.46488890284247,0,0,0,-2657.8221940002927,3.101107999742908,0.5969351389878831
1e-06,93,148.04,107,200,20.97661555160889,0,0,0,-2781.6263980002227,2.6011289998086795,0.6053100498930862
1e-06,94,142.6,94,208,21.541587685219493,0,0,0,-2662.124787000227,2.8010669998020603,0.6017462580185318
1e-06,95,145.65,103,188,18.991247984268966,0,0,0,-2639.4287920001366,3.6014169998743455,0.5969351389878831
1e-06,96,150.1,102,198,21.469746155928345,0,0,0,-2761.5241700002452,2.8011809997774435,0.6017462580185318
1e-06,97,109.88,71,158,16.345201130607112,0,0,0,-2722.2464539999496,1.901348000076723,0.597647897362794
1e-06,98,152.39,90,199,20.987565366187667,0,0,0,-2635.8241090002634,3.0010949997558782,0.5914112615823236
1e-06,99,151.44,113,212,17.60302246774684,0,0,0,-2655.027355000195,3.601572999829841,0.5908766928011404
1e-06,100,145.51,109,186,18.917978221786807,0,0,0,-2591.0328310001482,3.5014199998818185,0.5876692801140413
1e-06,101,113.61,81,149,15.96802742983616,0,0,0,-2740.1258710002066,1.9008789998160864,0.6004989308624377
1e-06,102,163.94,106,210,21.286530952694008,0,0,0,-2672.1195340002937,3.501162999734788,0.5951532430506058
1e-06,103,137.71,88,182,17.946194582696354,0,0,0,-2615.8264220002097,2.400982999812186,0.5915894511760513
1e-06,104,144.56,95,197,19.613423974410995,0,0,0,-2731.322130000295,1.901092999721186,0.6045972915181753
1e-06,105,153.31,117,196,16.92140360608422,0,0,0,-2672.0252410002795,2.7012289997414882,0.5958660014255167
1e-06,106,160.18,111,208,19.577732248654335,0,0,0,-2621.2243200002854,3.001076999741599,0.5931931575196009
1e-06,107,114.96,79,168,15.872567530176081,0,0,0,-2682.241623,1.701625000018339,0.5988952245188881
1e-06,108,125.29,80,175,17.306816576135542,0,0,0,-2616.429814000146,1.6010719998785135,0.5915894511760513
1e-06,109,174.04,132,232,19.80904843751966,0,0,0,-2729.8319480001282,2.401882999903137,0.6017462580185318
1e-06,110,105.85,67,147,16.419119952055894,0,0,0,-2616.824278000221,1.8007059998139994,0.5962223806129722
1e-06,111,148.43,113,195,17.077619857579684,0,0,0,-2675.030108000128,3.201804999901924,0.5955096222380613
1e-06,112,122.19,75,171,17.688241857233862,0,0,0,-2589.9309310001336,1.8011689998729707,0.5830363506771205
1e-06,113,172.08,115,232,21.189941009828225,0,0,0,-2706.431933000158,3.7016239998683886,0.5994297933000713
1e-06,114,116.64,78,168,17.877650852391096,0,0,0,-2761.333503000139,1.5010699998761083,0.6092302209550963
1e-06,115,117.97,71,178,20.230400391490033,0,0,0,-2658.6387060000898,1.7012329999301983,0.5935495367070563
1e-06,116,172.1,117,232,22.69735667429139,0,0,0,-2597.724437000252,3.4013029997686317,0.5919458303635068
1e-06,117,139.45,89,202,20.42516829796024,0,0,0,-2663.633343000131,2.101568999895335,0.5949750534568781
1e-06,118,119.92,75,163,16.825385582505977,0,0,0,-2703.539296000044,2.001355999964744,0.6045972915181753
1e-06,119,144.26,99,199,18.19594460312517,0,0,0,-2683.3597729998514,1.9023570001645567,0.5915894511760513
1e-06,120,131.78,93,186,17.873209001183866,0,0,0,-2649.828142000195,3.2014149998303765,0.5857091945830364
1e-06,121,139.54,97,207,21.518559431337405,0,0,0,-2717.630549000189,3.0013379998340497,0.5997861724875267
1e-06,122,111.15,72,149,16.85133525866719,0,0,0,-2607.928465000208,1.7009119998092501,0.5887384176764077
1e-06,123,130.8,93,184,18.324846520503247,0,0,0,-2679.5224480003308,2.3008759996828303,0.599607982893799
1e-06,124,142.37,107,189,18.61647388739339,0,0,0,-2524.9245350002207,2.0013759998087153,0.5823235923022095
1e-06,125,138.19,98,203,20.32471156006894,0,0,0,-2649.930643000145,2.6013599998755126,0.5942622950819673
1e-06,126,123.58,88,170,17.974526419352472,0,0,0,-2784.924497000256,3.000868999782597,0.6083392729864576
1e-06,127,142.2,104,195,18.440715821247288,0,0,0,-2757.7273950001913,2.701359999829947,0.6010334996436208
1e-06,128,136.6,96,180,18.125120689253354,0,0,0,-2691.927695000199,1.9011929998196138,0.595687811831789
1e-06,129,150.77,109,198,18.879541837661208,0,0,0,-2653.0364380000597,3.101766999956908,0.590520313613685
1e-06,130,160.83,109,205,21.25984713021239,0,0,0,-2576.12679700021,2.4011399998053093,0.5810762651461154
1e-06,131,123.62,81,174,19.54880047470944,0,0,0,-2646.4320850001595,1.801080999865917,0.5926585887384177
1e-06,132,128.14,83,198,19.916335004211994,0,0,0,-2648.7335340001327,2.101098999894475,0.5923022095509622
1e-06,133,115.77,78,159,16.78204695500522,0,0,0,-2690.7263350002104,2.000928999813368,0.5997861724875267
1e-06,134,137.6,82,206,20.52023391679539,0,0,0,-2676.9245730002435,3.000921999772345,0.595687811831789
1e-06,135,126.72,90,180,18.135644460564393,0,0,0,-2677.2205700003105,1.8007029997138488,0.5935495367070563
1e-06,136,124.68,84,173,17.52020547824711,0,0,0,-2679.5246470002407,1.800993999785078,0.5935495367070563
1e-06,137,176.54,112,235,22.69467779017803,0,0,0,-2575.5207330002772,3.000961999748597,0.579472558802566
1e-06,138,132.09,85,178,18.749983999993173,0,0,0,-2684.7328530001655,2.0010869998513954,0.6004989308624377
1e-06,139,149.13,103,203,16.765234862655518,0,0,0,-2646.4226650002897,2.201209999736875,0.5992516037063436
1e-06,140,123.2,90,168,18.780308836651223,0,0,0,-2618.042786000018,1.8016200000097342,0.5889166072701354
1e-06,141,165.97,117,208,20.19428384469229,0,0,0,-2570.7231130002615,3.1012739997472636,0.5869565217391305
1e-06,142,140.42,81,198,18.857985046128338,0,0,0,-2606.330190000123,1.400987999893914,0.5912330719885959
1e-06,143,108.6,76,145,14.483093592185337,0,0,0,-2661.8567709998933,2.101936000132355,0.5988952245188881
1e-06,144,114.11,77,158,16.70682195990608,0,0,0,-2586.734252000132,1.8013549998840972,0.5883820384889522
1e-06,145,138.96,95,197,21.96857755977842,0,0,0,-2707.5269890002137,2.6010639998121405,0.6024590163934426
1e-06,146,173.34,124,228,20.717248852103893,0,0,0,-2662.3304520001966,2.9019639998236926,0.5987170349251604
1e-06,147,164.66,103,218,21.205291792380507,0,0,0,-2675.323941000298,2.9012439997104593,0.5969351389878831
1e-06,148,137.71,103,186,17.233859115125664,0,0,0,-2714.429303000188,2.901570999825708,0.5990734141126158
1e-06,149,105.06,52,142,16.866428193307556,0,0,0,-2725.420327000323,1.100650999712343,0.5939059158945118
1e-06,150,114.69,71,157,15.929026963377268,0,0,0,-2640.5335150001606,1.2011899998519766,0.6010334996436208
1e-06,151,141.24,88,192,20.012556058634793,0,0,0,-2703.929739000159,2.001121999883253,0.5987170349251604
1e-06,152,107.61,49,140,15.75048888130143,0,0,0,-2579.5264950002133,1.1005269998113363,0.5887384176764077
1e-06,153,101.0,60,152,14.985993460561765,0,0,0,-2684.7488629999643,1.3017330000570837,0.6035281539558089
1e-06,154,134.25,86,182,17.79908705523966,0,0,0,-2707.442280000043,2.601485999979559,0.6029935851746258
1e-06,155,114.59,80,151,15.715657797241576,0,0,0,-2705.9289600001975,1.4010259998226502,0.597647897362794
1e-06,156,135.03,93,190,17.66943971947045,0,0,0,-2713.7180650003197,2.200668999685149,0.5974697077690663
1e-06,157,117.32,75,168,19.765566017698557,0,0,0,-2703.533411000178,1.7009769998462616,0.6069137562366358
1e-06,158,121.82,87,170,15.776171905757113,0,0,0,-2615.343021000003,2.6015590000220072,0.5890947968638631
1e-06,159,152.68,98,207,20.592173270444285,0,0,0,-2631.627628000205,2.3010719998046625,0.5889166072701354
1e-06,160,147.37,101,191,19.771016665816653,0,0,0,-2628.622623000269,3.2010369997501584,0.6013898788310763
1e-06,161,129.52,96,175,13.684648333077472,0,0,0,-2653.831385000155,1.701420999862421,0.5940841054882395
1e-06,162,120.53,72,149,15.376901508431406,0,0,0,-2735.436015000125,1.6012969998946573,0.6111903064861012
1e-06,163,124.09,71,174,17.098593509408897,0,0,0,-2619.833326000135,1.801471999889145,0.5903421240199572
1e-06,164,118.3,69,161,17.158962672609324,0,0,0,-2676.2295600001885,1.6010729998388342,0.5999643620812545
1e-06,165,134.01,87,198,18.11766817225661,0,0,0,-2720.6228390003025,2.8008519997160874,0.5992516037063436
1e-06,166,155.31,96,210,21.17200746268525,0,0,0,-2728.8293990001994,3.5014079998300076,0.6088738417676408
1e-06,167,122.27,88,183,16.514754009672686,0,0,0,-2645.9334130001425,1.6014419998864469,0.599607982893799
1e-06,168,136.47,101,188,18.73523685465439,0,0,0,-2664.8310580001444,2.401291999879959,0.6017462580185318
1e-06,169,136.33,100,182,17.37299916537153,0,0,0,-2664.4294670002014,2.8012929998258187,0.5985388453314326
1e-06,170,119.65,89,180,16.9235782268408,0,0,0,-2682.038806000035,1.2013619999820548,0.5947968638631503
1e-06,171,135.09,89,193,21.73296804396491,0,0,0,-2668.824951000246,2.700900999773694,0.5964005702066999
1e-06,172,112.72,83,159,16.046856389959995,0,0,0,-2720.7306390001363,1.8010609998800646,0.6124376336421953
1e-06,173,126.94,82,172,17.392423637894748,0,0,0,-2655.2217180002835,2.3008609997345957,0.5988952245188881
1e-06,174,111.78,68,154,15.45611852956621,0,0,0,-2667.420596000302,1.800844999722358,0.5992516037063436
1e-06,175,114.85,82,167,16.24830760417835,0,0,0,-2702.832970000109,1.5011599999138525,0.5926585887384177
1e-06,176,106.1,60,139,16.06206711478943,0,0,0,-2698.3349550001117,1.4008319999056766,0.599607982893799
1e-06,177,156.79,112,207,20.25255292549559,0,0,0,-2625.2303700002117,3.5014599998226004,0.5942622950819673
1e-06,178,135.59,102,183,18.09535575776282,0,0,0,-2644.3475519999834,1.802217000037217,0.5844618674269423
1e-06,179,131.67,76,168,18.03998614190155,0,0,0,-2695.6392410000494,2.7014989999706813,0.5962223806129722
1e-06,180,111.73,74,149,16.309417524853547,0,0,0,-2719.332491000108,1.9009979999077586,0.6038845331432644
1e-06,181,142.0,98,186,20.609706451087554,0,0,0,-2761.323696000307,2.7009119997237576,0.6113684960798289
1e-06,182,122.69,72,166,19.41581571812011,0,0,0,-2696.0288640002227,1.9009919998006808,0.6063791874554526
1e-06,183,122.79,81,165,16.60921129975773,0,0,0,-2698.8297930001618,2.401247999869156,0.6019244476122595
1e-06,184,159.69,122,218,19.900097989708495,0,0,0,-2656.6228770002876,2.0012499997251325,0.5997861724875267
1e-06,185,140.24,89,195,20.58937590117777,0,0,0,-2691.5242400002326,2.1009479998010647,0.6021026372059872
1e-06,186,155.34,105,191,19.674968869098628,0,0,0,-2593.7205010002667,3.5008969997475106,0.5915894511760513
1e-06,187,124.01,70,171,19.741071399496025,0,0,0,-2605.8258150002134,1.700820999798907,0.5912330719885959
1e-06,188,121.67,79,158,16.193859947523322,0,0,0,-2658.1270070001888,2.300999999833948,0.5903421240199572
1e-06,189,141.92,94,198,22.06385279138709,0,0,0,-2706.6234840002526,2.9010659997784387,0.5980042765502495
1e-06,190,132.45,77,190,22.13249872924429,0,0,0,-2649.0427359999953,2.7015890000211584,0.5901639344262295
1e-06,191,125.82,86,171,19.21321420273037,0,0,0,-2615.029547000165,2.201249999865013,0.5853528153955809
1e-06,192,149.49,92,205,20.98689829393567,0,0,0,-2576.034914000147,2.501522999882127,0.5885602280826799
1e-06,193,132.51,79,168,17.158376962871518,0,0,0,-2618.0253000002976,2.501095999709378,0.5912330719885959
1e-06,194,131.66,91,178,15.86456428648452,0,0,0,-2718.7395270000784,3.0017309999525423,0.6122594440484675
1e-06,195,149.33,103,195,19.670310114484725,0,0,0,-2695.4249900002537,2.2011399997545595,0.5987170349251604
1e-06,196,128.35,82,177,20.61910521821934,0,0,0,-2681.2454309999853,1.1015350000475337,0.5915894511760513
1e-06,197,107.31,65,147,15.577994094234342,0,0,0,-2629.3329070001637,1.9009389998541337,0.5910548823948681
1e-06,198,125.41,84,161,18.137858197703498,0,0,0,-2731.629818000171,2.0010009998559326,0.6019244476122595
1e-06,199,129.64,74,170,19.656306875911355,0,0,0,-2720.7236740002927,2.6006579997347217,0.5974697077690663
1e-05,0,117.11,65,168,19.910246105962628,0,0,0,-2700.0777999994903,1.80652000053351,0.607448325017819
1e-05,1,150.13,101,195,19.73000506842307,0,0,0,-2726.217299999467,2.9085200005629304,0.6003207412687099
1e-05,2,131.03,89,177,17.945169266407046,0,0,0,-2611.5565499995528,2.314310000466321,0.5914112615823236
1e-05,3,155.36,96,205,20.560894922157452,0,0,0,-2697.2738199995683,2.621980000462372,0.5962223806129722
1e-05,4,135.88,82,183,19.626655344199634,0,0,0,-2719.3632299994033,2.312450000627905,0.6019244476122595
1e-05,5,134.22,98,197,18.750242665096366,0,0,0,-2684.6439999994805,3.310710000540894,0.5978260869565217
1e-05,6,139.59,96,185,16.820876909364742,0,0,0,-2695.9794499995296,3.2151000004955677,0.6004989308624377
1e-05,7,124.44,66,162,18.244626606209295,0,0,0,-2718.30017999946,2.3074800005506404,0.6031717747683535
1e-05,8,130.07,88,196,19.464971101956458,0,0,0,-2649.17663999952,2.1146300005043486,0.5951532430506058
1e-05,9,124.32,89,170,16.83738697066739,0,0,0,-2607.632319999525,1.9136700004855811,0.582679971489665
1e-05,10,114.22,81,158,16.10439691512849,0,0,0,-2702.615959999445,1.211490000584945,0.6003207412687099
1e-05,11,135.07,95,200,18.44302307106945,0,0,0,-2699.8915299995006,3.012270000515855,0.5969351389878831
1e-05,12,134.44,79,173,19.380567587147702,0,0,0,-2654.836609999483,2.912970000542373,0.6049536707056308
1e-05,13,152.16,120,201,15.890072372396546,0,0,0,-2655.1299999995267,3.1164900004923766,0.5972915181753385
1e-05,14,136.67,80,188,19.51105071491538,0,0,0,-2652.7609999995166,1.510170000513881,0.5939059158945118
1e-05,15,128.02,79,196,21.177336943062507,0,0,0,-2709.884849999541,2.1109500004799884,0.6056664290805417
1e-05,16,119.85,75,163,16.924759968755833,0,0,0,-2693.9875499994273,1.0116800005885125,0.5908766928011404
1e-05,17,108.92,70,142,16.04660711801719,0,0,0,-2649.9280499995316,1.3103500004867783,0.5906985032074127
1e-05,18,118.22,58,163,18.221185471862142,0,0,0,-2696.502279999454,1.2050300005662393,0.5999643620812545
1e-05,19,107.45,69,149,15.254753357560391,0,0,0,-2695.6362999995513,2.2172400004828887,0.5946186742694227
1e-05,20,123.35,81,210,21.4622342732531,0,0,0,-2677.1135099995226,1.1142600005027816,0.5964005702066999
1e-05,21,142.71,95,202,18.277469737356974,0,0,0,-2678.2648299995008,2.0133100005159577,0.6037063435495367
1e-05,22,157.29,96,212,19.518347778436574,0,0,0,-2804.1001399994707,3.413470000548841,0.6143977191732003
1e-05,23,146.4,105,189,18.87802955819277,0,0,0,-2693.390729999461,2.212750000549022,0.6058446186742694
1e-05,24,130.18,89,198,17.586574424827592,0,0,0,-2706.244409999507,1.5088600005396984,0.599607982893799
1e-05,25,119.42,91,164,16.18899626289413,0,0,0,-2679.7296799995247,1.313430000499011,0.5990734141126158
1e-05,26,142.49,89,181,17.94574880020335,0,0,0,-2608.1462499995405,3.2129400004751005,0.595687811831789
1e-05,27,120.56,79,166,18.45173162605613,0,0,0,-2699.2694699994963,1.6088600005300577,0.5994297933000713
1e-05,28,144.04,107,186,18.398326010808702,0,0,0,-2686.7697999994693,2.9127000005441914,0.5969351389878831
1e-05,29,143.66,105,194,18.21385187158389,0,0,0,-2629.3142099995225,2.511990000507467,0.5896293656450463
1e-05,30,154.23,111,199,18.912353105840637,0,0,0,-2649.4436199995193,3.1117000005078808,0.594440484675695
1e-05,31,124.63,88,171,17.283318547084644,0,0,0,-2622.879639999534,1.618030000483941,0.5887384176764077
1e-05,32,145.17,96,180,17.628984655957925,0,0,0,-2660.4604099995067,2.5126700005121165,0.5969351389878831
1e-05,33,124.16,83,169,17.645804033820617,0,0,0,-2759.736379999445,1.3113200005732324,0.6053100498930862
1e-05,34,135.48,88,195,19.889937154249637,0,0,0,-2711.634019999507,2.0140200005175757,0.5992516037063436
1e-05,35,127.98,81,168,18.888610324743322,0,0,0,-2666.6828899995626,2.2133800004530713,0.6001425516749822
1e-05,36,124.6,76,181,17.774701122663075,0,0,0,-2668.83716999952,1.210390000496318,0.602815395580898
1e-05,37,107.18,69,145,15.166660805859673,0,0,0,-2712.3077199994955,1.4119800005255456,0.6040627227369921
1e-05,38,107.19,73,167,16.53341767451606,0,0,0,-2763.3471199997975,1.4239800002160337,0.5983606557377049
1e-05,39,120.28,87,162,16.491864661098816,0,0,0,-2698.1435099994974,1.2083400005362819,0.5981824661439772
1e-05,40,127.39,79,173,16.922703684695303,0,0,0,-2653.3388899995225,1.7130200004999097,0.6076265146115467
1e-05,41,136.93,103,182,17.04773005417437,0,0,0,-2656.7893699995207,2.6129500005063164,0.5958660014255167
1e-05,42,98.4,56,137,15.724503171801643,0,0,0,-2751.192369999417,1.2064800006005498,0.6017462580185318
1e-05,43,142.81,100,178,16.852711947932892,0,0,0,-2678.053169999476,2.8137400005471136,0.5960441910192444
1e-05,44,116.82,84,159,16.786530314511097,0,0,0,-2738.090329999431,2.410450000581932,0.5946186742694227
1e-05,45,160.3,112,207,20.818501386987485,0,0,0,-2617.8514399994765,3.71154000055094,0.5896293656450463
1e-05,46,123.95,80,171,17.470761288507152,0,0,0,-2647.8942399994835,2.0107200005450068,0.5990734141126158
1e-05,47,163.6,111,213,20.353869410998982,0,0,0,-2724.8455699994925,2.4111100005211483,0.6017462580185318
1e-05,48,136.04,81,185,19.241579976706696,0,0,0,-2711.5467899995333,2.8117000004813235,0.6065573770491803
1e-05,49,111.32,80,180,19.05774383288851,0,0,0,-2616.099219999435,1.7111700005807506,0.5940841054882395
1e-05,50,144.19,99,194,18.498483721645947,0,0,0,-2696.146489999631,2.9205300003886805,0.6001425516749822
1e-05,51,139.95,84,191,19.86019889124981,0,0,0,-2736.3808199994414,2.6122500005876645,0.602815395580898
1e-05,52,105.64,62,159,16.292648649007315,0,0,0,-2720.374509999516,1.0166600005045439,0.5997861724875267
1e-05,53,112.46,73,162,16.326310054632675,0,0,0,-2685.9327199994677,1.6101900005419338,0.5983606557377049
1e-05,54,132.68,91,184,17.257392618817015,0,0,0,-2678.8302899994715,2.51113000055102,0.5894511760513186
1e-05,55,168.06,122,218,21.088774264997003,0,0,0,-2613.6870399995937,2.91881000042531,0.5962223806129722
1e-05,56,118.03,82,159,15.942054447278744,0,0,0,-2722.919799999448,1.3109200005796993,0.5994297933000713
1e-05,57,149.42,104,212,21.050501181682108,0,0,0,-2690.4810799994707,2.112340000567201,0.6078047042052744
1e-05,58,151.67,107,198,20.390711120507788,0,0,0,-2668.9871199994986,2.8156100005248845,0.5908766928011404
1e-05,59,150.42,84,204,21.339250221130076,0,0,0,-2637.1316299994664,1.40841000055525,0.5876692801140413
1e-05,60,137.56,86,187,19.991158045496014,0,0,0,-2671.06933999955,2.0181800004656907,0.5928367783321454
1e-05,61,133.02,85,195,21.94173192799511,0,0,0,-2692.3254899995686,2.915240000452741,0.6033499643620812
1e-05,62,135.08,83,184,18.30064479738351,0,0,0,-2620.268939999442,1.1095900005811927,0.5928367783321454
1e-05,63,147.75,95,210,21.41559011561437,0,0,0,-2652.347369999478,3.012350000551578,0.5914112615823236
1e-05,64,110.32,52,155,18.42166116288105,0,0,0,-2647.719739999487,1.7099500005256232,0.594440484675695
1e-05,65,150.03,106,196,19.26990140088942,0,0,0,-2612.782879999521,3.014120000501862,0.5867783321454028
1e-05,66,111.81,74,161,16.331990080819914,0,0,0,-2691.978989999515,1.3118500005134592,0.5964005702066999
1e-05,67,134.63,83,190,19.95627971341352,0,0,0,-2653.3810599995236,2.7151100004871296,0.6006771204561654
1e-05,68,161.69,119,213,19.219102476442547,0,0,0,-2612.829609999498,3.8116400005260402,0.5978260869565217
1e-05,69,134.1,98,177,17.60766878379986,0,0,0,-2646.897509999513,2.5141700005169696,0.5987170349251604
1e-05,70,154.34,87,208,21.39262489737994,0,0,0,-2749.5982299995744,2.1232600004532287,0.6019244476122595
1e-05,71,119.49,82,156,15.91759718047922,0,0,0,-2645.363539999443,1.7118400005865624,0.5849964362081255
1e-05,72,132.93,93,168,17.41106257527093,0,0,0,-2681.5917999994876,2.909120000533676,0.5964005702066999
1e-05,73,127.01,86,169,19.608414010317098,0,0,0,-2705.8128899995045,1.7108500005151654,0.610655737704918
1e-05,74,111.39,68,175,19.135252807318746,0,0,0,-2561.7010399995866,1.8133400004312534,0.5917676407697791
1e-05,75,133.78,93,194,18.68292268356319,0,0,0,-2687.135679999525,2.612210000505911,0.5988952245188881
1e-05,76,141.11,93,190,19.351431471599202,0,0,0,-2684.8536899995506,3.418520000481749,0.5946186742694227
1e-05,77,138.33,107,197,17.10909407303613,0,0,0,-2674.4112099994704,2.5148700005420324,0.6037063435495367
1e-05,78,95.29,58,148,17.732622479486782,0,0,0,-2672.5775399995155,1.006880000511046,0.6012116892373486
1e-05,79,118.99,84,153,15.383429396594243,0,0,0,-2733.5510299994426,1.608380000580837,0.5947968638631503
1e-05,80,138.42,98,211,17.494673475089495,0,0,0,-2776.7951799994316,2.613460000584837,0.6120812544547398
1e-05,81,155.45,109,204,20.855874472196078,0,0,0,-2633.7450799995745,2.6153900004505886,0.5933713471133286
1e-05,82,118.41,68,169,17.487192456194904,0,0,0,-2641.8708799996753,1.5160800003436634,0.5923022095509622
1e-05,83,108.96,77,153,16.654681023664185,0,0,0,-2692.1332399994567,1.3080400005560477,0.6060228082679971
1e-05,84,118.51,82,160,16.765139426798694,0,0,0,-2605.703859999581,1.215440000437411,0.5849964362081255
1e-05,85,115.88,85,161,15.828000505433401,0,0,0,-2658.1902099994436,1.3110500005709582,0.5910548823948681
1e-05,86,118.34,81,149,14.768358067165082,0,0,0,-2633.5723699994965,1.7117400005354284,0.5933713471133286
1e-05,87,124.45,88,166,18.08113657931934,0,0,0,-2716.426809999668,1.8199400003486517,0.6037063435495367
1e-05,88,130.37,82,189,20.224566744432376,0,0,0,-2687.289799999567,1.6151800004563484,0.604775481111903
1e-05,89,108.04,77,154,15.255766123010668,0,0,0,-2688.1877099994595,1.0111600005666332,0.6006771204561654
1e-05,90,148.99,100,195,18.793879322800816,0,0,0,-2648.075249999502,3.2108400005249678,0.5949750534568781
1e-05,91,135.54,88,204,18.55015902896792,0,0,0,-2768.9803399994994,2.5157900005274314,0.5987170349251604
1e-05,92,161.51,102,212,20.054174129093425,0,0,0,-2658.324109999463,2.808910000572723,0.5969351389878831
1e-05,93,148.18,99,200,21.746438788914386,0,0,0,-2781.9629999994645,2.5122700005667866,0.6053100498930862
1e-05,94,145.42,91,189,17.53863164559881,0,0,0,-2662.446679999486,2.711860000542856,0.6017462580185318
1e-05,95,146.94,99,208,21.995372240541872,0,0,0,-2639.988039999569,3.3140500004419664,0.5969351389878831
1e-05,96,147.8,99,193,21.319943714747467,0,0,0,-2761.8411799994515,2.7123300005714555,0.6017462580185318
1e-05,97,110.82,72,144,15.863404426540981,0,0,0,-2723.0612299995914,1.5167900004348667,0.597647897362794
1e-05,98,151.63,108,201,19.64670710322725,0,0,0,-2636.6396599994064,2.4123800006127567,0.5914112615823236
1e-05,99,144.83,98,212,20.855721037643367,0,0,0,-2655.876799999477,3.0124800005473844,0.5908766928011404
1e-05,100,121.92,87,169,17.472652918203348,0,0,0,-2592.829939999524,2.0125700005060025,0.5876692801140413
1e-05,101,111.03,59,153,18.270443344374545,0,0,0,-2740.861359999425,1.4061400005975884,0.6004989308624377
1e-05,102,159.13,100,218,22.43731490174348,0,0,0,-2673.1989599995336,2.608010000495142,0.5951532430506058
1e-05,103,138.91,94,182,19.58575758044605,0,0,0,-2615.864249999441,2.60980000058089,0.5915894511760513
1e-05,104,141.79,96,198,18.96538689296899,0,0,0,-2731.723739999519,1.708490000497477,0.6045972915181753
1e-05,105,149.91,102,194,20.413277541835363,0,0,0,-2671.85290999945,3.1117900005715455,0.5958660014255167
1e-05,106,159.22,113,210,20.315304575614906,0,0,0,-2621.041919999509,3.4120500005183203,0.5931931575196009
1e-05,107,108.47,68,148,17.91114457537541,0,0,0,-2683.0195199996074,1.3129600004108397,0.5988952245188881
1e-05,108,119.29,83,158,17.118583469434615,0,0,0,-2616.798449999504,1.510410000520551,0.5915894511760513
1e-05,109,180.2,130,238,21.86732722579511,0,0,0,-2729.8179299995495,2.720380000481782,0.6017462580185318
1e-05,110,101.64,60,152,15.039627654965399,0,0,0,-2617.241559999498,1.608280000536979,0.5962223806129722
1e-05,111,153.22,88,211,22.913131606133632,0,0,0,-2675.502749999505,3.0163800005252597,0.5955096222380613
1e-05,112,118.23,78,171,16.942169282591884,0,0,0,-2590.411139999538,1.6098600004684158,0.5830363506771205
1e-05,113,174.07,120,228,23.872685228101176,0,0,0,-2707.117389999523,3.3181800005036166,0.5994297933000713
1e-05,114,114.28,84,160,16.631945165854773,0,0,0,-2761.83218999952,1.3135400004953226,0.6092302209550963
1e-05,115,110.01,64,153,17.100581861445534,0,0,0,-2659.3862599995555,1.3131300004647528,0.5935495367070563
1e-05,116,171.81,120,219,20.447833626083717,0,0,0,-2598.544849999511,2.812550000509418,0.5919458303635068
1e-05,117,137.1,86,190,21.53392672041028,0,0,0,-2664.1349199995448,1.9142000004812871,0.5949750534568781
1e-05,118,123.06,80,162,19.210320143089753,0,0,0,-2703.793269999537,2.113250000471453,0.6045972915181753
1e-05,119,134.7,100,192,20.024734704859387,0,0,0,-2684.0952099997194,1.7260900002966082,0.5915894511760513
1e-05,120,134.26,95,183,18.5043886686375,0,0,0,-2650.183289999507,3.1122800005186946,0.5857091945830364
1e-05,121,137.59,94,177,18.12517310262167,0,0,0,-2717.9068999994383,3.0119700005848244,0.5997861724875267
1e-05,122,108.01,72,146,16.57316807372688,0,0,0,-2608.4857399994653,1.4080300005521167,0.5887384176764077
1e-05,123,134.53,102,189,18.578188824532923,0,0,0,-2679.823019999468,2.2102200005456325,0.599607982893799
1e-05,124,141.57,97,200,20.363327331259004,0,0,0,-2525.747329999542,1.4117800004869423,0.5823235923022095
1e-05,125,139.26,99,181,18.188798750879617,0,0,0,-2649.806659999458,3.013370000562645,0.5942622950819673
1e-05,126,124.78,69,188,19.683790285409973,0,0,0,-2785.7450999994676,2.408560000571015,0.6083392729864576
1e-05,127,136.49,82,196,19.500510249734493,0,0,0,-2757.9781399994604,2.7094100005610926,0.6010334996436208
1e-05,128,134.65,99,185,17.302817689613445,0,0,0,-2692.3777099994695,1.711170000549373,0.595687811831789
1e-05,129,122.16,85,163,17.695603973868764,0,0,0,-2654.868819999569,1.6132300004478566,0.590520313613685
1e-05,130,157.15,108,197,19.443443625037208,0,0,0,-2576.8671399995324,1.912230000483305,0.5810762651461154
1e-05,131,116.57,84,159,15.922471541817872,0,0,0,-2646.920229999449,1.6114300005760924,0.5926585887384177
1e-05,132,124.43,82,171,19.038516223697687,0,0,0,-2649.2339999995074,1.9123300005194324,0.5923022095509622
1e-05,133,116.72,79,166,17.366680742156802,0,0,0,-2690.663119999444,2.3095200005800507,0.5997861724875267
1e-05,134,135.59,90,180,17.959451550645973,0,0,0,-2678.1457499994926,2.0092000005233785,0.595687811831789
1e-05,135,125.9,73,167,18.339847327608812,0,0,0,-2676.606459999485,2.6062700005395527,0.5935495367070563
1e-05,136,123.64,84,170,18.025271149139478,0,0,0,-2680.2471399994606,1.309270000564993,0.5935495367070563
1e-05,137,175.37,133,240,19.44050153674025,0,0,0,-2575.2030599995874,3.5138900004385505,0.579472558802566
1e-05,138,130.66,78,184,19.898351690529545,0,0,0,-2684.7254199994986,2.3139800005183133,0.6004989308624377
1e-05,139,147.24,103,200,19.848486088364524,0,0,0,-2646.2280299995446,2.6107200004821607,0.5992516037063436
1e-05,140,118.01,59,170,18.02525727971726,0,0,0,-2619.0305399995923,1.2135200004354374,0.5889166072701354
1e-05,141,165.51,117,211,20.990233443199244,0,0,0,-2571.7301799995384,2.31369000047016,0.5869565217391305
1e-05,142,135.96,98,204,20.569355847959848,0,0,0,-2606.1966099995266,1.8151700004900704,0.5912330719885959
1e-05,143,108.0,73,156,17.05637710652529,0,0,0,-2662.8708299997343,1.6162400002913273,0.5988952245188881
1e-05,144,107.84,63,150,18.050329636879212,0,0,0,-2587.243399999496,1.612670000520211,0.5883820384889522
1e-05,145,118.1,72,151,15.170036255724638,0,0,0,-2708.669389999456,1.711140000569685,0.6024590163934426
1e-05,146,169.31,98,217,22.313088087488023,0,0,0,-2662.9115499995414,2.6126100004789805,0.5987170349251604
1e-05,147,167.87,113,225,21.372250700382494,0,0,0,-2675.5389799994864,2.9128700005221617,0.5969351389878831
1e-05,148,143.13,99,192,20.213685957786126,0,0,0,-2715.7962999994406,1.8124400005731331,0.5990734141126158
1e-05,149,104.37,67,152,17.473783219440488,0,0,0,-2725.103549999461,1.6062300005746692,0.5939059158945118
1e-05,150,111.83,68,156,16.26225999054252,0,0,0,-2640.333979999481,1.7130700005313884,0.6010334996436208
1e-05,151,141.56,100,195,20.71633172161519,0,0,0,-2703.496649999423,2.711960000619001,0.5987170349251604
1e-05,152,104.45,61,142,14.788086421170254,0,0,0,-2579.562799999496,1.3074200005285093,0.5887384176764077
1e-05,153,98.44,62,139,17.350688747136235,0,0,0,-2685.6934099996215,0.8125500003998241,0.6035281539558089
1e-05,154,134.86,92,177,17.46197010649142,0,0,0,-2707.622259999542,2.815400000480622,0.6029935851746258
1e-05,155,113.1,68,157,20.006249023742555,0,0,0,-2706.691539999465,0.9083200005552499,0.597647897362794
1e-05,156,133.29,96,183,17.37256169941555,0,0,0,-2713.9796499995714,2.1076900004331947,0.5974697077690663
1e-05,157,118.46,81,158,17.174061837550255,0,0,0,-2703.6332199994563,1.9106600005679866,0.6069137562366358
1e-05,158,113.09,62,155,16.243210889476256,0,0,0,-2616.5284399995603,1.817360000464305,0.5890947968638631
1e-05,159,158.37,114,212,18.968740074132494,0,0,0,-2631.8722999994743,2.31470000053514,0.5889166072701354
1e-05,160,147.83,92,199,21.407033890756562,0,0,0,-2628.7256499995297,3.310950000489811,0.6013898788310763
1e-05,161,126.44,82,174,18.722884393169767,0,0,0,-2654.1181499994736,1.7099100005434593,0.5940841054882395
1e-05,162,112.98,73,163,16.407912725267646,0,0,0,-2735.7620299994755,1.611090000544209,0.6111903064861012
1e-05,163,125.44,86,164,17.432337766346773,0,0,0,-2620.031189999487,1.916790000536821,0.5903421240199572
1e-05,164,110.67,74,163,17.79722169328685,0,0,0,-2677.195969999457,0.910360000570563,0.5999643620812545
1e-05,165,133.2,91,179,19.930378822290358,0,0,0,-2721.128979999488,2.507930000530905,0.5992516037063436
1e-05,166,152.59,102,201,22.080350993587036,0,0,0,-2729.8947799995312,2.713290000498091,0.6088738417676408
1e-05,167,115.95,81,152,15.619459017520422,0,0,0,-2646.0375099995026,1.8110400005266456,0.599607982893799
1e-05,168,134.98,92,177,16.343793929195265,0,0,0,-2664.9106599995002,2.612840000524102,0.6017462580185318
1e-05,169,132.68,98,172,17.119509338763187,0,0,0,-2664.9954199994972,2.512180000529952,0.5985388453314326
1e-05,170,120.83,77,174,18.488945345800552,0,0,0,-2682.589779999546,1.011900000471087,0.5947968638631503
1e-05,171,142.22,92,191,20.678771723678366,0,0,0,-2668.549299999535,3.2092200004844926,0.5964005702066999
1e-05,172,105.37,64,140,16.778948119593196,0,0,0,-2721.4054199995217,1.4115800004947232,0.6124376336421953
1e-05,173,129.59,80,176,16.88199928918373,0,0,0,-2654.9167699994755,2.8090200005426595,0.5988952245188881
1e-05,174,126.76,88,178,19.34741326379317,0,0,0,-2667.206759999489,2.207650000535523,0.5992516037063436
1e-05,175,111.99,79,142,14.366972541214103,0,0,0,-2703.3308599995094,1.3104400005136085,0.5926585887384177
1e-05,176,103.03,64,162,16.490879297357072,0,0,0,-2698.5436699995444,1.5142000004730107,0.599607982893799
1e-05,177,154.33,108,206,19.01107834921523,0,0,0,-2625.9024099995268,3.115890000507534,0.5942622950819673
1e-05,178,134.57,97,193,20.11430088270532,0,0,0,-2644.674629999634,1.923060000386613,0.5844618674269423
1e-05,179,132.51,87,178,17.455941681845754,0,0,0,-2696.888789999504,1.8186100005164008,0.5962223806129722
1e-05,180,107.63,70,160,18.725733630488286,0,0,0,-2720.0257399994707,1.5091500005451053,0.6038845331432644
1e-05,181,144.75,111,196,19.746075559462444,0,0,0,-2761.3347799994262,2.9113000006041148,0.6113684960798289
1e-05,182,116.44,79,158,17.86131014231599,0,0,0,-2696.789229999487,1.4093300005365563,0.6063791874554526
1e-05,183,121.34,63,180,18.50687439844989,0,0,0,-2699.199189999456,2.311220000574849,0.6019244476122595
1e-05,184,163.45,119,212,19.528120749319427,0,0,0,-2656.129669999494,2.7116000005185015,0.5997861724875267
1e-05,185,142.94,88,205,20.38372880510335,0,0,0,-2691.440969999499,2.410910000534386,0.6021026372059872
1e-05,186,160.95,111,219,23.00494512056049,0,0,0,-2594.2038499995324,3.2101300004819677,0.5915894511760513
1e-05,187,145.54,102,184,17.634296129984886,0,0,0,-2604.8535199995467,2.9128400004656214,0.5912330719885959
1e-05,188,116.16,60,161,18.636373037691644,0,0,0,-2659.473739999443,1.2063300005797828,0.5903421240199572
1e-05,189,142.25,95,199,20.77227719822745,0,0,0,-2706.832809999456,2.912690000574912,0.5980042765502495
1e-05,190,134.29,86,179,18.08109233425901,0,0,0,-2649.226959999552,2.9162900004644143,0.5901639344262295
1e-05,191,117.01,72,153,16.541762300311294,0,0,0,-2615.8991599994833,1.6088100005467822,0.5853528153955809
1e-05,192,147.02,98,195,22.906758827909286,0,0,0,-2575.4471699995097,3.4172000005191876,0.5885602280826799
1e-05,193,134.78,89,189,19.724897971852734,0,0,0,-2618.5549099994855,2.209050000521529,0.5912330719885959
1e-05,194,133.07,97,180,17.51585281966025,0,0,0,-2719.49539999952,2.6171800005108707,0.6122594440484675
1e-05,195,151.89,112,189,16.54986102660684,0,0,0,-2695.447709999513,2.413590000495333,0.5987170349251604
1e-05,196,126.46,88,168,16.731658614733927,0,0,0,-2681.7515199995596,1.0181400004735224,0.5915894511760513
1e-05,197,99.94,69,136,15.447860693312842,0,0,0,-2630.1284399995006,1.4100200005173065,0.5910548823948681
1e-05,198,122.92,72,165,18.39384679723086,0,0,0,-2732.3003699994447,1.607820000582251,0.6019244476122595
1e-05,199,128.8,88,184,17.704801608603244,0,0,0,-2721.734629999461,1.8086900005664575,0.5974697077690663
0.0001,0,109.53,61,141,15.336528290326987,0,0,0,-2703.2784000000074,1.16480000001593,0.607448325017819
0.0001,1,148.0,92,188,18.33739348980656,0,0,0,-2728.1470999999815,3.0111000000483727,0.6003207412687099
0.0001,2,128.57,84,178,17.159402670256327,0,0,0,-2614.5495000001074,2.659099999911632,0.5914112615823236
0.0001,3,147.49,90,206,20.72220789394798,0,0,0,-2701.3250000001703,2.132999999860658,0.5962223806129722
0.0001,4,130.72,93,165,16.887320687427003,0,0,0,-2722.717300000076,2.3394999999550237,0.6019244476122595
0.0001,5,133.91,95,181,17.991161719021928,0,0,0,-2687.0291999999836,3.217900000037389,0.5978260869565217
0.0001,6,132.0,83,194,19.791917542269623,0,0,0,-2700.0098000000953,2.735699999929693,0.6004989308624377
0.0001,7,121.18,78,173,17.560968082654213,0,0,0,-2721.186800000023,2.189799999987372,0.6031717747683535
0.0001,8,123.49,85,170,19.707610205197383,0,0,0,-2653.267100000104,1.5455999999198866,0.5951532430506058
0.0001,9,125.96,78,190,18.04600786877807,0,0,0,-2610.643500000114,2.0163999998967483,0.582679971489665
0.0001,10,108.66,59,138,15.43905437518762,0,0,0,-2706.0939000000253,0.6806000000042332,0.6003207412687099
0.0001,11,131.51,95,178,16.673029118909376,0,0,0,-2702.617800000038,3.0201999999781037,0.5969351389878831
0.0001,12,129.35,86,183,19.47376440239534,0,0,0,-2657.526600000106,3.3691999999191466,0.6049536707056308
0.0001,13,147.56,114,189,17.091120501593803,0,0,0,-2657.5967000000787,3.768199999940407,0.5972915181753385
0.0001,14,130.73,76,175,16.98343604810287,0,0,0,-2655.6252999999865,1.0864000000437954,0.5939059158945118
0.0001,15,126.45,83,165,16.911164951002046,0,0,0,-2712.0677000000746,2.5902999999466374,0.6056664290805417
0.0001,16,117.96,78,170,18.73761991289182,0,0,0,-2696.170199999989,1.5221000000265121,0.5908766928011404
0.0001,17,104.17,67,142,15.572446821228834,0,0,0,-2653.0961000000802,1.187899999938054,0.5906985032074127
0.0001,18,119.22,86,158,15.203670609428501,0,0,0,-2697.491999999874,2.081100000146307,0.5999643620812545
0.0001,19,96.82,65,143,15.050169434262193,0,0,0,-2700.0117000001646,1.9236999998697684,0.5946186742694227
0.0001,20,112.1,73,150,17.611076060252536,0,0,0,-2680.5112000001445,1.5664999998812164,0.5964005702066999
0.0001,21,141.92,103,177,16.18374493125741,0,0,0,-2679.649499999989,3.131900000027599,0.6037063435495367
0.0001,22,153.1,111,227,18.001388835309346,0,0,0,-2807.1792000000414,3.1568999999781227,0.6143977191732003
0.0001,23,148.12,98,205,20.004639461884835,0,0,0,-2695.7943000000314,2.5404999999786924,0.6058446186742694
0.0001,24,124.3,85,164,17.692653842767626,0,0,0,-2708.6425999999788,1.3901000000678323,0.599607982893799
0.0001,25,112.9,57,147,16.628589837986866,0,0,0,-2683.5439000000474,0.587199999976292,0.5990734141126158
0.0001,26,139.35,84,197,20.022175206505413,0,0,0,-2611.6500000001133,2.9418999999020343,0.595687811831789
0.0001,27,116.75,76,152,17.08061767033031,0,0,0,-2701.4958000000097,1.8875000000166438,0.5994297933000713
0.0001,28,149.32,90,191,19.919779115241216,0,0,0,-2688.7189000000285,3.5060999999850537,0.5969351389878831
0.0001,29,147.84,105,187,17.92914944998786,0,0,0,-2631.559999999954,2.3020000000760774,0.5896293656450463
0.0001,30,156.82,111,209,18.15344595386782,0,0,0,-2652.428100000006,2.425100000020848,0.594440484675695
0.0001,31,117.53,82,156,17.140277127281227,0,0,0,-2626.544800000116,1.5318999999021798,0.5887384176764077
0.0001,32,144.38,103,182,16.196777457259824,0,0,0,-2662.412200000026,3.0185999999926025,0.5969351389878831
0.0001,33,120.51,85,171,17.588914122253254,0,0,0,-2763.2599000000478,0.91709999997056,0.6053100498930862
0.0001,34,128.62,86,190,19.616207584546,0,0,0,-2714.748700000074,2.0316999999504333,0.5992516037063436
0.0001,35,125.76,89,165,17.1668983803132,0,0,0,-2670.022300000085,2.440399999930378,0.6001425516749822
0.0001,36,117.51,65,176,19.41622774897328,0,0,0,-2671.892300000058,1.283299999958217,0.602815395580898
0.0001,37,97.63,55,144,16.05531376211627,0,0,0,-2716.485800000134,1.0111999998871397,0.6040627227369921
0.0001,38,97.43,59,133,15.63410054975981,0,0,0,-2769.237600000272,1.5733999997414685,0.5983606557377049
0.0001,39,111.9,68,150,17.527407110009168,0,0,0,-2700.3458000000232,1.2727000000104454,0.5981824661439772
0.0001,40,124.8,82,162,17.009409160814492,0,0,0,-2656.799000000069,1.420099999953436,0.6076265146115467
0.0001,41,132.27,93,181,18.580018837450087,0,0,0,-2659.692400000068,2.430799999959163,0.5958660014255167
0.0001,42,90.42,56,136,15.3304794445575,0,0,0,-2753.524299999992,1.5642000000257212,0.6017462580185318
0.0001,43,141.9,93,191,18.521069083613938,0,0,0,-2680.155600000007,3.113500000016302,0.5960441910192444
0.0001,44,113.46,61,154,18.68658342233807,0,0,0,-2740.8313999999923,2.376400000020567,0.5946186742694227
0.0001,45,158.98,123,206,20.24004940705432,0,0,0,-2620.206999999967,3.722800000060488,0.5896293656450463
0.0001,46,113.18,74,146,16.207023168984488,0,0,0,-2651.04080000004,1.6087999999886051,0.5990734141126158
0.0001,47,159.45,103,207,20.53795267303925,0,0,0,-2726.757099999983,2.809700000030716,0.6017462580185318
0.0001,48,133.47,81,185,20.483385950569797,0,0,0,-2714.5725000000957,3.012399999918671,0.6065573770491803
0.0001,49,105.82,57,159,17.777727638818185,0,0,0,-2619.00900000003,1.5948999999855005,0.5940841054882395
0.0001,50,138.54,95,188,19.183545032136266,0,0,0,-2700.5501000001573,2.7200999998622137,0.6001425516749822
0.0001,51,145.02,99,198,20.375465638851054,0,0,0,-2738.924799999995,2.7059000000340347,0.602815395580898
0.0001,52,102.8,63,146,17.268468374467957,0,0,0,-2724.116700000097,0.7949999999236752,0.5997861724875267
0.0001,53,105.55,75,150,17.411705832571375,0,0,0,-2689.2193000000602,1.4097999999494277,0.5983606557377049
0.0001,54,129.74,90,174,17.694982339635153,0,0,0,-2680.8060999999843,2.7081000000384847,0.5894511760513186
0.0001,55,160.19,109,208,20.836360046802803,0,0,0,-2616.8517000001234,3.406799999895611,0.5962223806129722
0.0001,56,110.47,70,152,17.141443929844417,0,0,0,-2725.8145000000313,1.3926999999966938,0.5994297933000713
0.0001,57,145.92,96,184,18.76469024524519,0,0,0,-2692.9222000000054,2.31200000003264,0.6078047042052744
0.0001,58,153.9,104,215,20.97450833750341,0,0,0,-2671.0812000000315,3.4460999999923843,0.5908766928011404
0.0001,59,148.71,107,207,18.91840109523001,0,0,0,-2638.2596999999455,2.440700000076049,0.5876692801140413
0.0001,60,131.33,89,169,16.944648122637425,0,0,0,-2674.3293000000895,2.2458999999257685,0.5928367783321454
0.0001,61,127.75,75,181,19.729356299687023,0,0,0,-2696.5768000002013,2.630499999820131,0.6033499643620812
0.0001,62,127.57,90,179,17.85231357555653,0,0,0,-2622.685700000011,1.1996000000121967,0.5928367783321454
0.0001,63,144.54,101,185,16.33794356704662,0,0,0,-2654.1933999999696,3.5038000000599823,0.5914112615823236
0.0001,64,102.57,56,152,18.05616515210248,0,0,0,-2651.2245000000394,1.172399999973095,0.594440484675695
0.0001,65,150.21,89,194,20.99442545058092,0,0,0,-2616.557700000055,1.9122999999676722,0.5867783321454028
0.0001,66,104.53,64,142,15.643819866004593,0,0,0,-2695.168500000133,1.6398999998950785,0.5964005702066999
0.0001,67,132.83,94,184,17.91203785167952,0,0,0,-2655.7216000000217,3.040099999988797,0.6006771204561654
0.0001,68,168.68,97,216,20.75662785714481,0,0,0,-2615.82549999996,2.9870000000641994,0.5978260869565217
0.0001,69,125.46,66,172,19.684217027862704,0,0,0,-2650.633900000083,1.5828999999471307,0.5987170349251604
0.0001,70,145.8,82,198,20.19207765436732,0,0,0,-2752.8692000001415,2.645699999885892,0.6019244476122595
0.0001,71,116.14,87,163,15.621792470776201,0,0,0,-2647.9510999999993,1.6027000000303815,0.5849964362081255
0.0001,72,128.39,82,193,20.158320862611546,0,0,0,-2683.533399999877,2.775800000144045,0.5964005702066999
0.0001,73,119.25,77,170,19.04383102214468,0,0,0,-2708.525200000076,1.912199999943823,0.610655737704918
0.0001,74,104.65,66,158,16.516279847471708,0,0,0,-2566.0354000001744,1.2083999998430954,0.5917676407697791
0.0001,75,129.26,85,178,19.555367549601314,0,0,0,-2690.4634000000688,2.4154999999623215,0.5988952245188881
0.0001,76,108.98,72,149,16.634289885654873,0,0,0,-2690.5253000001176,1.096799999914765,0.5946186742694227
0.0001,77,133.08,86,183,19.153422670635138,0,0,0,-2677.5149,2.3459000000125343,0.6037063435495367
0.0001,78,90.55,53,124,13.477666712009169,0,0,0,-2675.085600000003,1.058600000023489,0.6012116892373486
0.0001,79,112.71,78,148,16.161246857838663,0,0,0,-2736.5174999999476,0.9766000000754502,0.5947968638631503
0.0001,80,133.78,76,186,17.23634532028179,0,0,0,-2780.27869999997,1.9077000000465887,0.6120812544547398
0.0001,81,153.25,98,204,21.277864084536304,0,0,0,-2637.168400000127,2.436299999897983,0.5933713471133286
0.0001,82,109.72,71,160,17.121378449178675,0,0,0,-2647.031500000222,1.6380999997968502,0.5923022095509622
0.0001,83,106.58,71,163,16.058754621700903,0,0,0,-2694.437499999924,1.175300000088555,0.6060228082679971
0.0001,84,112.69,68,144,14.872588880218533,0,0,0,-2609.2759000001547,1.4170999998636944,0.5849964362081255
0.0001,85,108.52,75,145,15.16145111788446,0,0,0,-2661.1170999999645,1.095500000049924,0.5910548823948681
0.0001,86,115.46,71,163,16.591214542642742,0,0,0,-2636.1545000000165,1.68660000001546,0.5933713471133286
0.0001,87,116.35,77,167,18.3103113026513,0,0,0,-2721.5931000001924,1.5743999998244362,0.6037063435495367
0.0001,88,123.48,90,167,17.96022271576831,0,0,0,-2690.5593000001354,1.9904999998880157,0.604775481111903
0.0001,89,103.58,61,139,15.268385638305054,0,0,0,-2690.806299999991,1.082400000034795,0.6006771204561654
0.0001,90,147.24,97,204,20.170830424154584,0,0,0,-2650.9344999999976,2.926400000029389,0.5949750534568781
0.0001,91,131.38,91,178,16.94861646270869,0,0,0,-2772.6802000000907,2.381099999935941,0.5987170349251604
0.0001,92,152.47,115,198,18.782680852317114,0,0,0,-2660.4099999999457,2.8202000000896987,0.5969351389878831
0.0001,93,148.09,101,195,21.363564777442924,0,0,0,-2784.1252999999474,2.8274000000837987,0.6053100498930862
0.0001,94,143.83,106,214,19.82576858535376,0,0,0,-2664.656799999967,2.8286000000621243,0.6017462580185318
0.0001,95,145.42,91,196,20.755808825483047,0,0,0,-2642.809800000059,3.2110999999517844,0.5969351389878831
0.0001,96,144.78,95,193,21.062563946490467,0,0,0,-2764.016899999914,2.8182000001088454,0.6017462580185318
0.0001,97,99.59,63,146,16.2653588955178,0,0,0,-2727.6599000002047,1.220299999821691,0.597647897362794
0.0001,98,148.46,98,205,19.165291544873508,0,0,0,-2638.100799999942,3.2196000000772074,0.5914112615823236
0.0001,99,148.22,93,204,19.831076622311755,0,0,0,-2658.0718999999945,3.4209000000300875,0.5908766928011404
0.0001,100,114.76,73,144,16.15742553750442,0,0,0,-2596.0984000001026,1.826699999927314,0.5876692801140413
0.0001,101,107.48,70,148,15.780038022767881,0,0,0,-2743.1934999999744,1.481500000048527,0.6004989308624377
0.0001,102,160.01,111,216,22.165511498722516,0,0,0,-2674.6772999999484,2.9924000000801243,0.5951532430506058
0.0001,103,131.66,98,177,17.635883873511983,0,0,0,-2618.4331999999736,2.507300000048417,0.5915894511760513
0.0001,104,145.74,94,202,19.749237959982153,0,0,0,-2732.9297999999253,2.592500000090695,0.6045972915181753
0.0001,105,148.9,97,195,20.71834935510066,0,0,0,-2674.231600000002,3.1154000000192354,0.5958660014255167
0.0001,106,155.86,104,211,22.000009090907213,0,0,0,-2623.218699999981,3.521000000046115,0.5931931575196009
0.0001,107,105.33,60,144,15.961863926246206,0,0,0,-2686.7315000001613,1.4932999998568448,0.5988952245188881
0.0001,108,114.94,71,160,17.269522286386497,0,0,0,-2619.270400000034,1.818199999990611,0.5915894511760513
0.0001,109,174.1,108,222,23.262201099638013,0,0,0,-2733.1058000000826,2.4772999999486274,0.6017462580185318
0.0001,110,99.11,63,147,15.670287170310568,0,0,0,-2619.7264999999925,1.3719000000423875,0.5962223806129722
0.0001,111,145.86,97,193,17.991120031837927,0,0,0,-2678.0477000000137,3.3436000000165222,0.5955096222380613
0.0001,112,110.64,61,147,16.764557852803634,0,0,0,-2593.42940000007,1.4805999999366577,0.5830363506771205
0.0001,113,172.12,110,216,21.358970012619988,0,0,0,-2710.215500000082,3.2401999999442523,0.5994297933000713
0.0001,114,110.57,77,151,15.978269618453682,0,0,0,-2764.826200000096,1.4310999999192973,0.6092302209550963
0.0001,115,109.06,78,144,15.276661939049381,0,0,0,-2662.2443000001276,2.049599999892507,0.5935495367070563
0.0001,116,167.81,109,240,24.22506759536493,0,0,0,-2600.264999999981,3.4090000000396685,0.5919458303635068
0.0001,117,125.68,85,192,18.833417108958216,0,0,0,-2667.249900000104,1.9412999999221938,0.5949750534568781
0.0001,118,115.62,70,155,16.68998502096392,0,0,0,-2707.846600000124,1.7185999998846455,0.6045972915181753
0.0001,119,127.62,85,181,18.519060451329597,0,0,0,-2689.700000000314,1.7129999997023333,0.5915894511760513
0.0001,120,129.75,74,165,17.466754134641043,0,0,0,-2653.248700000016,2.7070000000094296,0.5857091945830364
0.0001,121,129.12,79,174,19.39705132230154,0,0,0,-2721.0832000000037,2.7055000000195832,0.5997861724875267
0.0001,122,101.88,62,137,15.038138182634178,0,0,0,-2610.83640000001,1.701300000006995,0.5887384176764077
0.0001,123,128.54,93,179,17.40541295114827,0,0,0,-2681.544099999955,2.5883000000585525,0.599607982893799
0.0001,124,132.88,95,173,17.750650692298578,0,0,0,-2528.078700000034,1.4123999999951593,0.5823235923022095
0.0001,125,135.22,85,186,19.701055809270727,0,0,0,-2653.4801000001034,2.2201999999174404,0.5942622950819673
0.0001,126,122.56,76,188,19.309230953095984,0,0,0,-2787.9531999999745,2.4834000000641936,0.6083392729864576
0.0001,127,137.17,94,179,18.64245423757291,0,0,0,-2760.845499999981,2.4300000000407636,0.6010334996436208
0.0001,128,126.81,87,192,20.271504630885197,0,0,0,-2694.974199999988,1.7146000000311687,0.595687811831789
0.0001,129,150.1,104,201,19.631861857704685,0,0,0,-2657.2573000001526,2.6631999998639913,0.590520313613685
0.0001,130,146.85,103,187,19.30666983195186,0,0,0,-2579.8753000000575,1.4183999999581829,0.5810762651461154
0.0001,131,114.81,77,154,14.651754161191759,0,0,0,-2649.997900000062,1.5186999999632462,0.5926585887384177
0.0001,132,117.77,74,157,17.98046439889693,0,0,0,-2652.4537000000932,1.8095999999336527,0.5923022095509622
0.0001,133,110.11,67,165,18.932984445142292,0,0,0,-2693.8578999999736,1.568500000050335,0.5997861724875267
0.0001,134,134.81,87,189,18.45464440188431,0,0,0,-2679.943199999981,2.5063000000350257,0.595687811831789
0.0001,135,122.33,76,173,18.19288597226949,0,0,0,-2679.160599999911,1.966700000113633,0.5935495367070563
0.0001,136,119.06,82,163,17.171383170845615,0,0,0,-2682.54819999997,1.3159000000555352,0.5935495367070563
0.0001,137,175.92,122,227,21.993944621190625,0,0,0,-2577.265700000006,3.4038000000200554,0.579472558802566
0.0001,138,126.0,82,163,17.08859268635074,0,0,0,-2687.2588000000746,2.8351999999422333,0.6004989308624377
0.0001,139,144.79,95,188,19.91496673359009,0,0,0,-2648.0625999999984,2.924900000028174,0.5992516037063436
0.0001,140,114.19,66,149,17.415909393425313,0,0,0,-2622.8309000001636,1.4096999998641877,0.5889166072701354
0.0001,141,162.48,105,205,18.46752825908221,0,0,0,-2573.0140999999394,3.224600000069586,0.5869565217391305
0.0001,142,130.24,74,179,21.208545447531286,0,0,0,-2609.624400000077,1.1933999999396292,0.5912330719885959
0.0001,143,99.78,58,134,15.651568611484281,0,0,0,-2668.3202000002443,1.4504999997811865,0.5988952245188881
0.0001,144,101.72,57,146,16.591612338769252,0,0,0,-2590.673800000137,1.3868999998794607,0.5883820384889522
0.0001,145,112.07,74,147,15.374169896290336,0,0,0,-2711.3262000000136,1.579100000012204,0.6024590163934426
0.0001,146,164.98,115,219,19.74891389418669,0,0,0,-2665.9871000001094,2.454499999910695,0.5987170349251604
0.0001,147,161.64,103,209,20.250195060788922,0,0,0,-2678.182999999993,2.5355000000154178,0.5969351389878831
0.0001,148,134.37,82,185,20.26605783076719,0,0,0,-2718.4901000000095,1.8973000000041793,0.5990734141126158
0.0001,149,95.37,55,132,15.935278472621683,0,0,0,-2727.5570999999095,1.0407000001259803,0.5939059158945118
0.0001,150,106.29,65,138,15.857045752598431,0,0,0,-2643.8632000001094,1.3072999999030799,0.6010334996436208
0.0001,151,137.46,99,197,19.521485599205814,0,0,0,-2706.355500000004,2.6306000000377026,0.5987170349251604
0.0001,152,99.93,62,134,13.58032032022809,0,0,0,-2582.2375999999736,1.0646000000510867,0.5887384176764077
0.0001,153,91.79,60,134,15.757725089618742,0,0,0,-2690.036200000211,1.0233999998104082,0.6035281539558089
0.0001,154,132.62,84,182,17.414235556004172,0,0,0,-2711.431000000161,2.94559999986177,0.6029935851746258
0.0001,155,103.03,63,137,14.603051051064638,0,0,0,-2709.303600000043,0.9949999999771535,0.597647897362794
0.0001,156,128.79,86,189,18.089386390919955,0,0,0,-2715.906399999919,1.8670000000856817,0.5974697077690663
0.0001,157,110.38,77,157,17.33596262109491,0,0,0,-2707.428000000055,1.2107999999693675,0.6069137562366358
0.0001,158,105.52,68,151,18.0402217281274,0,0,0,-2620.5088000001556,1.8491999998691426,0.5890947968638631
0.0001,159,149.73,93,204,21.405071828891398,0,0,0,-2634.1527000000106,2.617299999998977,0.5889166072701354
0.0001,160,143.96,103,208,19.19891663610215,0,0,0,-2630.9622999999797,3.203700000039589,0.6013898788310763
0.0001,161,120.32,75,162,17.63001985251293,0,0,0,-2657.4918000000334,1.288799999983894,0.5940841054882395
0.0001,162,107.56,74,150,15.965788424002117,0,0,0,-2739.1970000000983,1.534199999921384,0.6111903064861012
0.0001,163,118.93,82,167,16.488332238282926,0,0,0,-2623.5270000000723,1.5527999999517306,0.5903421240199572
0.0001,164,105.88,68,152,17.055954971797973,0,0,0,-2679.461299999974,1.402000000053249,0.5999643620812545
0.0001,165,131.1,84,169,17.47026044453831,0,0,0,-2723.1892999999145,2.5798000001041146,0.5992516037063436
0.0001,166,151.95,107,209,22.0913444588599,0,0,0,-2732.5292000000486,2.8514999999806605,0.6088738417676408
0.0001,167,112.42,86,153,15.475903850825643,0,0,0,-2649.457700000076,1.5277999999530039,0.599607982893799
0.0001,168,132.79,91,190,20.166454819823937,0,0,0,-2667.2890000000402,3.1459999999842694,0.6017462580185318
0.0001,169,131.15,84,192,16.92298732493764,0,0,0,-2669.169400000084,1.1065999999432279,0.5985388453314326
0.0001,170,112.68,72,159,16.314337252858298,0,0,0,-2686.254200000143,0.9625999998738735,0.5947968638631503
0.0001,171,133.44,92,181,18.28732894656844,0,0,0,-2670.7738999999715,3.3113000000480497,0.5964005702066999
0.0001,172,102.6,62,138,15.289211882893113,0,0,0,-2724.05100000004,1.618999999976495,0.6124376336421953
0.0001,173,125.16,83,169,15.792225935567158,0,0,0,-2656.982399999913,2.7755000001052395,0.5988952245188881
0.0001,174,122.91,84,163,17.56877628066337,0,0,0,-2668.7727999999365,2.571300000087831,0.5992516037063436
0.0001,175,109.99,74,152,16.353895560385602,0,0,0,-2706.0968000000876,1.6161999999353611,0.5926585887384177
0.0001,176,96.24,55,133,16.096036779282034,0,0,0,-2701.7012000000577,1.577499999959855,0.599607982893799
0.0001,177,150.13,99,203,20.480065917862664,0,0,0,-2628.9422000000704,2.9407999999639287,0.5942622950819673
0.0001,178,121.94,72,168,20.272552873281647,0,0,0,-2649.4587000002016,1.6181999998188985,0.5844618674269423
0.0001,179,124.67,84,183,19.707894357338127,0,0,0,-2700.194700000108,2.179299999912473,0.5962223806129722
0.0001,180,105.78,63,144,15.593960369322476,0,0,0,-2722.9602000000514,1.5886999999643194,0.6038845331432644
0.0001,181,140.87,102,177,18.23658685171104,0,0,0,-2763.749599999957,2.7112000000734042,0.6113684960798289
0.0001,182,114.1,71,155,19.84918134331993,0,0,0,-2699.4936000000334,1.391999999989821,0.6063791874554526
0.0001,183,120.44,78,163,17.76981710654333,0,0,0,-2701.8040000000415,2.5000999999892883,0.6019244476122595
0.0001,184,163.27,115,230,21.420950025617444,0,0,0,-2658.0108999999534,3.00180000005912,0.5997861724875267
0.0001,185,142.4,99,197,20.042953874117455,0,0,0,-2693.624399999984,2.494400000049609,0.6021026372059872
0.0001,186,159.2,111,208,18.61289875328397,0,0,0,-2595.62929999993,3.7105000000842665,0.5915894511760513
0.0001,187,142.18,105,189,18.345233713419955,0,0,0,-2607.0471000000052,3.1165000000069085,0.5912330719885959
0.0001,188,108.59,68,150,17.95109745948698,0,0,0,-2661.6261000000336,1.5745999999890046,0.5903421240199572
0.0001,189,139.94,85,188,19.53142083925284,0,0,0,-2709.056899999928,2.8981000001026587,0.5980042765502495
0.0001,190,127.44,88,187,20.2402173901369,0,0,0,-2652.97470000016,3.1577999998567066,0.5901639344262295
0.0001,191,108.52,73,152,18.156255120481205,0,0,0,-2618.4830000000534,1.7966999999766813,0.5853528153955809
0.0001,192,144.83,100,187,17.971118496075864,0,0,0,-2578.7037000000973,3.4399999999318425,0.5885602280826799
0.0001,193,130.12,82,177,19.189205298813185,0,0,0,-2620.75509999996,2.3845000000469554,0.5912330719885959
0.0001,194,127.2,71,158,16.305827179263247,0,0,0,-2723.1383000001288,2.6874999999017746,0.6122594440484675
0.0001,195,149.35,111,203,18.88829002318632,0,0,0,-2697.5907000000298,2.6222999999781678,0.5987170349251604
0.0001,196,119.23,84,164,15.969254835464303,0,0,0,-2685.713300000158,1.2832999998749983,0.5915894511760513
0.0001,197,96.69,64,137,17.217836681766965,0,0,0,-2633.190500000066,1.3940999999517771,0.5910548823948681
0.0001,198,120.16,77,159,16.658763459512834,0,0,0,-2734.279899999964,2.402000000062799,0.6019244476122595
0.0001,199,125.5,82,170,17.60937250443638,0,0,0,-2723.0566999999023,2.6765000001250883,0.5974697077690663
0.001,0,79.26,44,122,14.850333329592303,0,0,0,-2728.922000000658,1.1099999993653,0.607448325017819
0.001,1,124.86,71,167,18.572032737425378,0,0,0,-2748.4580000005817,3.023999999447824,0.6003207412687099
0.001,2,96.88,64,147,16.597156382947052,0,0,0,-2648.2470000007147,2.3389999993041783,0.5914112615823236
0.001,3,111.82,57,159,17.272741531094592,0,0,0,-2736.466000000815,2.6139999992160483,0.5962223806129722
0.001,4,100.19,64,149,15.932793226550077,0,0,0,-2756.0940000007768,2.7739999992545563,0.6019244476122595
0.001,5,110.3,70,156,17.58834841592581,0,0,0,-2709.710000000612,3.4609999994090686,0.5978260869565217
0.001,6,96.6,61,132,15.134728276384747,0,0,0,-2735.4830000007682,2.7719999992568773,0.6004989308624377
0.001,7,98.28,62,135,15.130155319757959,0,0,0,-2748.216000000697,2.8499999993136953,0.6031717747683535
0.001,8,81.82,48,127,16.816884372558434,0,0,0,-2688.6510000007925,1.3759999992316807,0.5951532430506058
0.001,9,95.62,64,138,16.134298869179286,0,0,0,-2641.2790000007453,2.519999999265565,0.582679971489665
0.001,10,75.5,41,119,13.745908482162974,0,0,0,-2734.8430000007006,1.4019999993288366,0.6003207412687099
0.001,11,108.81,68,156,15.663776683801387,0,0,0,-2729.852000000684,3.1279999993325873,0.5969351389878831
0.001,12,63.55,33,114,14.987578189954506,0,0,0,-2691.311000000758,1.0469999992669727,0.6049536707056308
0.001,13,119.24,80,158,16.78339655731223,0,0,0,-2689.2930000006986,3.2559999993204656,0.5972915181753385
0.001,14,98.04,62,162,17.076252516287056,0,0,0,-2679.612000000621,1.504999999409847,0.5939059158945118
0.001,15,101.67,56,144,18.804815872536484,0,0,0,-2738.9320000006796,2.347999999341482,0.6056664290805417
0.001,16,79.51,47,125,16.293860807064725,0,0,0,-2723.6610000007418,0.9619999992742123,0.5908766928011404
0.001,17,68.79,37,110,14.969498989612177,0,0,0,-2683.750000000716,0.9899999993021993,0.5906985032074127
0.001,18,100.91,49,146,17.692424932721917,0,0,0,-2715.9230000005387,2.3079999994820355,0.5999643620812545
0.001,19,54.74,28,93,13.565117028614239,0,0,0,-2741.8140000008207,0.9399999992133417,0.5946186742694227
0.001,20,66.94,37,108,15.345891958436304,0,0,0,-2719.49300000078,1.0839999992458615,0.5964005702066999
0.001,21,117.38,71,158,16.74501716929547,0,0,0,-2705.0060000006956,2.807999999321055,0.6037063435495367
0.001,22,126.91,80,172,18.794198572963943,0,0,0,-2834.9950000006893,3.5659999993299607,0.6143977191732003
0.001,23,116.53,68,172,16.86858322444419,0,0,0,-2723.4960000007177,2.1519999992924568,0.6058446186742694
0.001,24,90.18,59,136,15.181818072945017,0,0,0,-2731.52600000061,1.300999999436499,0.599607982893799
0.001,25,77.79,50,116,15.189664249087272,0,0,0,-2713.814000000749,1.1969999992752491,0.5990734141126158
0.001,26,110.61,75,154,16.871215131104222,0,0,0,-2643.0380000007194,3.880999999295909,0.595687811831789
0.001,27,90.24,45,130,16.836341645381278,0,0,0,-2727.1720000006335,1.2609999993928795,0.5994297933000713
0.001,28,81.62,25,124,17.181839249626332,0,0,0,-2716.7870000007088,0.8629999993049751,0.5969351389878831
0.001,29,123.58,83,156,16.766740887841024,0,0,0,-2651.5930000005787,2.6269999994510727,0.5896293656450463
0.001,30,127.14,78,195,19.27175134750342,0,0,0,-2675.2380000005546,2.593999999472544,0.594440484675695
0.001,31,72.61,34,113,15.559495493106452,0,0,0,-2662.6990000007954,1.167999999222502,0.5887384176764077
0.001,32,117.34,63,162,18.07109293872399,0,0,0,-2687.8170000006353,2.190999999383621,0.5969351389878831
0.001,33,84.82,49,115,14.132501547850614,0,0,0,-2794.745000000762,0.7249999992563971,0.6053100498930862
0.001,34,87.85,50,136,16.243383268272655,0,0,0,-2746.666000000684,1.4379999993407182,0.5992516037063436
0.001,35,94.34,57,149,17.714525113589698,0,0,0,-2705.9630000007746,2.1639999992407866,0.6001425516749822
0.001,36,78.36,46,117,15.752790229035618,0,0,0,-2703.02100000074,1.4349999992759876,0.602815395580898
0.001,37,61.62,26,103,14.378998574309687,0,0,0,-2754.6690000007857,0.6009999992352277,0.6040627227369921
0.001,38,46.78,17,76,12.272391779926194,0,0,0,-2830.4290000006804,0.7809999993332895,0.5983606557377049
0.001,39,84.51,46,127,15.742614141240963,0,0,0,-2723.329000000629,0.9559999994044119,0.5981824661439772
0.001,40,93.02,53,125,17.459656354006512,0,0,0,-2688.1610000007167,1.729999999305619,0.6076265146115467
0.001,41,108.75,78,138,14.978234208343785,0,0,0,-2686.5310000006857,2.8009999993414567,0.5958660014255167
0.001,42,68.01,33,110,13.740811475309602,0,0,0,-2781.2840000006977,0.7009999993201745,0.6017462580185318
0.001,43,119.82,75,185,17.995766168740914,0,0,0,-2704.1470000006284,3.1439999993945094,0.5960441910192444
0.001,44,91.66,56,136,17.17802084059744,0,0,0,-2767.7580000007433,2.5199999992696576,0.5946186742694227
0.001,45,136.22,96,181,19.73807488079828,0,0,0,-2643.6260000006073,3.9719999994199497,0.5896293656450463
0.001,46,83.56,54,120,13.461292657096495,0,0,0,-2678.4780000006767,1.6179999993519232,0.5990734141126158
0.001,47,130.64,83,176,19.211205063712168,0,0,0,-2749.842000000631,2.8259999993829297,0.6017462580185318
0.001,48,106.75,62,143,18.482626977786463,0,0,0,-2747.0610000007496,2.787999999265139,0.6065573770491803
0.001,49,77.37,47,123,14.745612906895394,0,0,0,-2646.9930000007175,1.5459999992981466,0.5940841054882395
0.001,50,98.34,60,135,16.413543188477007,0,0,0,-2742.5270000007345,2.774999999285228,0.6001425516749822
0.001,51,112.63,71,163,17.75818402877952,0,0,0,-2765.51400000066,2.492999999368749,0.602815395580898
0.001,52,64.3,39,94,12.073524754602525,0,0,0,-2759.0450000007613,1.071999999259333,0.5997861724875267
0.001,53,74.88,35,120,15.474676087078526,0,0,0,-2720.2390000007504,1.251999999259624,0.5983606557377049
0.001,54,113.59,68,156,16.618721370791437,0,0,0,-2702.6750000006105,2.566999999412019,0.5894511760513186
0.001,55,124.34,68,180,21.46355981658215,0,0,0,-2654.01500000073,2.769999999288757,0.5962223806129722
0.001,56,76.04,40,105,15.398649291415138,0,0,0,-2755.970000000731,1.0019999992969133,0.5994297933000713
0.001,57,124.44,89,167,17.98795152317239,0,0,0,-2718.6320000006626,3.0099999993753954,0.6078047042052744
0.001,58,123.4,82,171,20.162837101955667,0,0,0,-2698.3760000006364,3.39699999938739,0.5908766928011404
0.001,59,129.4,81,184,19.512560057562922,0,0,0,-2659.819000000612,2.4849999994094105,0.5876692801140413
0.001,60,99.33,66,135,14.990700450612707,0,0,0,-2709.264000000779,2.1879999992361263,0.5928367783321454
0.001,61,89.63,53,129,17.192821176293318,0,0,0,-2736.1480000008014,2.7249999992200173,0.6033499643620812
0.001,62,130.7,90,173,18.839055178007204,0,0,0,-2645.9980000006854,2.954999999337815,0.5928367783321454
0.001,63,123.98,67,166,19.52330914573654,0,0,0,-2678.1540000006657,2.9179999993639285,0.5914112615823236
0.001,64,71.37,36,111,16.389420368030105,0,0,0,-2680.9750000007202,1.093999999292464,0.594440484675695
0.001,65,120.27,78,158,17.26896348945124,0,0,0,-2641.8710000006618,3.3289999993608035,0.5867783321454028
0.001,66,69.62,39,104,13.563023261795285,0,0,0,-2731.038000000761,0.9459999992673147,0.5964005702066999
0.001,67,109.75,68,151,17.633136419820495,0,0,0,-2683.0990000006545,2.3179999993562888,0.6006771204561654
0.001,68,136.39,71,181,17.857712619481813,0,0,0,-2638.3470000005605,2.1779999994637365,0.5978260869565217
0.001,69,92.47,47,128,15.678300290528943,0,0,0,-2678.4810000007096,1.7869999993208694,0.5987170349251604
0.001,70,113.38,73,157,18.74448185466859,0,0,0,-2790.1600000007616,3.2889999992657977,0.6019244476122595
0.001,71,88.43,55,126,15.550726671123764,0,0,0,-2673.2990000006794,1.0389999993503807,0.5849964362081255
0.001,72,114.29,67,152,18.847437491606122,0,0,0,-2701.6690000005133,2.7229999995079197,0.5964005702066999
0.001,73,86.51,53,124,16.714362087737598,0,0,0,-2738.1800000006892,1.39399999933039,0.610655737704918
0.001,74,65.44,27,98,13.829909616479783,0,0,0,-2603.2180000007825,1.3199999992352787,0.5917676407697791
0.001,75,102.9,58,151,17.043180454363558,0,0,0,-2721.234000000715,2.954999999316442,0.5988952245188881
0.001,76,105.48,61,147,17.202023136828995,0,0,0,-2722.3340000007493,2.7869999992831254,0.5946186742694227
0.001,77,105.0,64,141,16.509996971532125,0,0,0,-2706.918000000701,2.289999999311931,0.6037063435495367
0.001,78,62.16,30,95,12.872233683397766,0,0,0,-2700.8300000006357,0.9119999993909005,0.6012116892373486
0.001,79,87.19,55,116,13.793980571249186,0,0,0,-2759.4450000006004,1.3959999994226564,0.5947968638631503
0.001,80,112.2,75,184,19.96396754154845,0,0,0,-2807.1760000007266,2.7879999992896956,0.6120812544547398
0.001,81,81.77,38,126,17.140510494148064,0,0,0,-2670.3330000006918,1.7139999993332822,0.5933713471133286
0.001,82,64.94,37,98,13.973417620610928,0,0,0,-2699.9140000007455,1.5819999992731937,0.5923022095509622
0.001,83,83.71,41,128,16.240255539861433,0,0,0,-2715.7910000006195,1.5369999993931742,0.6060228082679971
0.001,84,74.5,35,117,15.825612152457168,0,0,0,-2647.3420000007677,1.0879999992503144,0.5849964362081255
0.001,85,82.18,52,125,15.58228481321016,0,0,0,-2688.040000000695,1.2859999993197562,0.5910548823948681
0.001,86,85.25,43,125,15.96394374833487,0,0,0,-2662.0060000006347,1.404999999397205,0.5933713471133286
0.001,87,62.43,24,93,13.968002720503746,0,0,0,-2771.149000000769,1.2259999992479607,0.6037063435495367
0.001,88,81.74,47,132,13.809866038452363,0,0,0,-2727.1360000007357,1.8619999992879457,0.604775481111903
0.001,89,73.62,42,112,14.202661722367397,0,0,0,-2717.453000000712,1.3339999993140736,0.6006771204561654
0.001,90,118.59,85,182,17.89250960597758,0,0,0,-2676.376000000649,3.2329999993776255,0.5949750534568781
0.001,91,103.05,63,150,17.346685562377615,0,0,0,-2808.015000000741,2.6979999992854573,0.5987170349251604
0.001,92,134.91,97,179,18.741982285766895,0,0,0,-2681.0570000005873,3.1449999994483733,0.5969351389878831
0.001,93,117.6,81,166,18.997894620194103,0,0,0,-2809.288000000651,2.43899999938003,0.6053100498930862
0.001,94,114.87,83,172,18.18166934029986,0,0,0,-2687.787000000598,2.9669999994312093,0.6017462580185318
0.001,95,117.31,73,162,21.56974501471911,0,0,0,-2670.01900000065,3.18999999936068,0.5969351389878831
0.001,96,128.79,88,180,19.240215695256644,0,0,0,-2786.6340000006217,3.016999999401378,0.6017462580185318
0.001,97,58.85,29,93,13.275070621281078,0,0,0,-2770.9260000007857,0.9759999992406847,0.597647897362794
0.001,98,127.74,86,180,18.339367491819342,0,0,0,-2660.385000000625,3.6189999993944184,0.5914112615823236
0.001,99,118.57,73,164,19.22875711012025,0,0,0,-2684.716000000698,2.8119999993264173,0.5908766928011404
0.001,100,78.84,46,122,14.69878906577001,0,0,0,-2627.290000000738,1.4609999992921985,0.5876692801140413
0.001,101,76.33,40,128,16.064902738578905,0,0,0,-2767.8860000006607,0.8639999993620222,0.6004989308624377
0.001,102,135.7,90,193,19.627276937975882,0,0,0,-2692.9630000004868,3.333999999541902,0.5951532430506058
0.001,103,106.27,63,143,15.626167156407869,0,0,0,-2643.636000000653,1.9689999993693164,0.5915894511760513
0.001,104,122.06,81,158,15.243897139511274,0,0,0,-2753.5280000005805,2.8949999994356403,0.6045972915181753
0.001,105,125.68,77,198,20.208849546671377,0,0,0,-2697.9440000007016,3.225999999319356,0.5958660014255167
0.001,106,133.23,94,176,19.41795818308403,0,0,0,-2645.8970000005993,3.699999999427746,0.5931931575196009
0.001,107,62.16,34,105,14.146886583273368,0,0,0,-2725.882000000788,1.2659999992301891,0.5988952245188881
0.001,108,80.72,49,131,15.278795764064654,0,0,0,-2647.359000000694,1.5269999993306556,0.5915894511760513
0.001,109,142.58,91,220,21.349088973537018,0,0,0,-2762.85000000071,3.1809999993211022,0.6017462580185318
0.001,110,70.98,41,105,15.225623139957195,0,0,0,-2642.717000000605,0.866999999429936,0.5962223806129722
0.001,111,116.39,80,173,17.31409541385284,0,0,0,-2707.151000000689,2.961999999341515,0.5955096222380613
0.001,112,78.76,53,134,14.17753151997907,0,0,0,-2622.565000000709,1.2349999992975427,0.5830363506771205
0.001,113,131.33,91,185,20.048468769459678,0,0,0,-2740.0310000006803,3.6259999993458223,0.5994297933000713
0.001,114,75.93,37,117,16.91227660606342,0,0,0,-2796.2650000007843,1.107999999230742,0.6092302209550963
0.001,115,67.33,43,99,13.945648066690913,0,0,0,-2698.929000000809,1.3099999992109588,0.5935495367070563
0.001,116,139.88,97,193,18.99277757464663,0,0,0,-2622.6670000005947,4.1729999994254285,0.5919458303635068
0.001,117,89.33,50,129,15.710541047335065,0,0,0,-2698.883000000696,1.7289999993299716,0.5949750534568781
0.001,118,87.1,55,124,15.38798232387859,0,0,0,-2744.0080000007415,2.14399999926718,0.6045972915181753
0.001,119,66.37,36,103,15.531036668554998,0,0,0,-2746.1780000007466,1.1519999992697194,0.5915894511760513
0.001,120,104.61,76,146,15.525395325079486,0,0,0,-2679.4140000006787,3.142999999346557,0.5857091945830364
0.001,121,105.38,65,163,17.99320983037768,0,0,0,-2749.6140000007244,2.872999999298827,0.5997861724875267
0.001,122,71.66,43,117,12.897457113710438,0,0,0,-2637.651000000684,1.3259999993333622,0.5887384176764077
0.001,123,103.77,67,140,14.506450289440211,0,0,0,-2702.990000000619,2.133999999394746,0.599607982893799
0.001,124,98.65,61,152,17.533610580824472,0,0,0,-2551.2050000006243,1.6059999994049576,0.5823235923022095
0.001,125,111.59,69,158,16.770268334168062,0,0,0,-2681.343000000739,3.159999999282263,0.5942622950819673
0.001,126,103.07,64,139,16.16493427144076,0,0,0,-2810.6790000006386,2.5869999994001773,0.6083392729864576
0.001,127,110.96,67,150,16.813042556301344,0,0,0,-2786.561000000653,2.593999999368407,0.6010334996436208
0.001,128,94.33,54,131,16.18459452689501,0,0,0,-2720.9620000006857,1.7259999993329984,0.595687811831789
0.001,129,78.93,51,120,13.806704892913444,0,0,0,-2692.519000000751,1.7859999992656412,0.590520313613685
0.001,130,108.49,69,155,19.146015251221332,0,0,0,-2604.7910000006614,1.6459999993539896,0.5810762651461154
0.001,131,77.15,26,118,15.99585883908707,0,0,0,-2680.6270000007935,0.7389999992319645,0.5926585887384177
0.001,132,80.21,48,124,14.512267224662038,0,0,0,-2683.738000000737,1.6949999992898483,0.5923022095509622
0.001,133,91.05,61,126,14.198151288107901,0,0,0,-2717.7920000006625,2.17199999936156,0.5997861724875267
0.001,134,115.32,72,162,19.148305408051126,0,0,0,-2702.6260000006287,2.7689999993872334,0.595687811831789
0.001,135,107.36,64,148,16.83776707286331,0,0,0,-2697.936000000532,2.336999999492491,0.5935495367070563
0.001,136,89.92,51,130,18.41938109709444,0,0,0,-2705.4610000006387,1.4799999993870188,0.5935495367070563
0.001,137,146.45,100,205,20.66609542221268,0,0,0,-2596.287000000527,3.907999999499225,0.579472558802566
0.001,138,98.04,56,144,19.34575922521522,0,0,0,-2718.584000000732,2.055999999285177,0.6004989308624377
0.001,139,125.86,83,171,17.56133252347327,0,0,0,-2669.6470000005884,2.8279999994383616,0.5992516037063436
0.001,140,74.17,42,109,13.48113867594277,0,0,0,-2662.7520000007876,1.4539999992402954,0.5889166072701354
0.001,141,137.83,101,184,17.19886914887139,0,0,0,-2594.8510000006027,3.33599999940634,0.5869565217391305
0.001,142,93.07,59,131,14.760254062854068,0,0,0,-2637.435000000693,1.442999999323547,0.5912330719885959
0.001,143,57.01,16,88,12.765966473401065,0,0,0,-2721.8400000007523,0.7669999992731391,0.5988952245188881
0.001,144,66.78,32,102,12.617115359700884,0,0,0,-2622.6800000008025,1.4269999992138764,0.5883820384889522
0.001,145,111.08,46,145,19.32856952803285,0,0,0,-2736.4340000006973,1.718999999328389,0.6024590163934426
0.001,146,133.56,86,190,19.509136321221398,0,0,0,-2694.3500000006807,3.2659999993397832,0.5987170349251604
0.001,147,135.15,66,190,20.08650044183904,0,0,0,-2700.82000000062,2.5649999993884194,0.5969351389878831
0.001,148,105.79,68,148,17.790612693215486,0,0,0,-2745.888000000708,2.285999999305659,0.5990734141126158
0.001,149,74.52,39,112,14.534428093323795,0,0,0,-2746.4490000005408,1.028999999494772,0.5939059158945118
0.001,150,71.78,31,104,14.2874630358227,0,0,0,-2675.3050000007756,1.099999999236843,0.6010334996436208
0.001,151,112.91,70,156,16.855322601481113,0,0,0,-2734.476000000704,2.2849999993377423,0.5987170349251604
0.001,152,76.31,49,109,13.074934034250422,0,0,0,-2606.356000000639,1.265999999385258,0.5887384176764077
0.001,153,52.83,24,84,13.360430382289337,0,0,0,-2735.8490000008064,0.7469999992149496,0.6035281539558089
0.001,154,97.03,57,133,16.639984975954757,0,0,0,-2751.2960000007984,2.4699999992244557,0.6029935851746258
0.001,155,72.82,33,108,13.457622375442105,0,0,0,-2736.501000000703,0.7849999993172787,0.597647897362794
0.001,156,113.71,75,162,16.759054269259945,0,0,0,-2732.2060000004826,2.427999999521944,0.5974697077690663
0.001,157,73.5,36,109,13.337541002748594,0,0,0,-2738.3090000007483,1.2789999992760386,0.6069137562366358
0.001,158,68.83,42,104,13.050712624220948,0,0,0,-2660.5900000007714,1.8899999992531775,0.5890947968638631
0.001,159,125.07,82,187,17.65913644547773,0,0,0,-2660.0570000006696,2.542999999339827,0.5889166072701354
0.001,160,121.79,78,173,20.369729993301334,0,0,0,-2651.768000000567,3.6919999994520367,0.6013898788310763
0.001,161,82.87,48,120,14.993768705699045,0,0,0,-2686.9400000006917,1.3659999993255951,0.5940841054882395
0.001,162,74.28,35,109,14.882929819091402,0,0,0,-2773.004000000766,1.3079999992532976,0.6111903064861012
0.001,163,81.54,47,115,14.542640750565216,0,0,0,-2654.788000000727,1.6099999992966332,0.5903421240199572
0.001,164,78.13,51,118,14.717781762208599,0,0,0,-2706.9960000007018,1.4369999993255078,0.5999643620812545
0.001,165,113.08,73,150,16.809925639335823,0,0,0,-2744.330000000574,2.7609999994447207,0.5992516037063436
0.001,166,121.22,65,164,19.510807261617853,0,0,0,-2760.6970000006904,2.409999999338652,0.6088738417676408
0.001,167,74.5,40,108,12.939474487010669,0,0,0,-2681.0750000007392,1.2799999992898847,0.599607982893799
0.001,168,105.07,67,179,18.65006970496357,0,0,0,-2697.1350000006632,2.4149999993610436,0.6017462580185318
0.001,169,101.66,60,149,17.23207474449899,0,0,0,-2696.1640000006737,1.7959999993536258,0.5985388453314326
0.001,170,67.72,41,101,13.772494327462983,0,0,0,-2722.3140000007797,1.053999999237476,0.5947968638631503
0.001,171,113.55,74,155,18.014646818630666,0,0,0,-2694.239000000603,3.112999999416388,0.5964005702066999
0.001,172,73.93,40,107,15.257296615062575,0,0,0,-2752.8630000006756,1.3369999993406054,0.6124376336421953
0.001,173,107.96,74,151,16.649276260546582,0,0,0,-2677.5130000005693,2.5659999994491045,0.5988952245188881
0.001,174,110.17,59,165,16.828579856898205,0,0,0,-2688.2730000005495,2.367999999474705,0.5992516037063436
0.001,175,76.77,47,112,14.709762064697037,0,0,0,-2737.4210000006956,1.0089999993274432,0.5926585887384177
0.001,176,65.18,33,99,12.770575554766513,0,0,0,-2734.129000000712,1.3579999993053207,0.599607982893799
0.001,177,126.47,82,170,17.639985827658705,0,0,0,-2657.442000000702,3.087999999332169,0.5942622950819673
0.001,178,74.67,27,126,17.81575426413375,0,0,0,-2694.646000000796,1.2229999992241574,0.5844618674269423
0.001,179,96.07,53,142,17.030123311356263,0,0,0,-2736.641000000786,2.3989999992340927,0.5962223806129722
0.001,180,73.91,42,114,15.868267076149179,0,0,0,-2753.352000000705,1.336999999310592,0.6038845331432644
0.001,181,122.91,75,167,16.54575172060792,0,0,0,-2785.491000000597,3.116999999433574,0.6113684960798289
0.001,182,79.67,47,121,15.6186138949652,0,0,0,-2726.223000000684,1.5329999993396086,0.6063791874554526
0.001,183,97.12,58,152,18.256659059094027,0,0,0,-2729.6550000006764,2.585999999354499,0.6019244476122595
0.001,184,141.75,96,201,19.747594790252304,0,0,0,-2679.7620000005913,2.964999999421252,0.5997861724875267
0.001,185,116.68,74,161,17.25913091670609,0,0,0,-2716.2550000005995,2.532999999434196,0.6021026372059872
0.001,186,134.26,94,186,18.14145528892321,0,0,0,-2614.774000000514,3.823999999500302,0.5915894511760513
0.001,187,117.12,79,156,16.146380399334085,0,0,0,-2631.025000000604,3.11099999940825,0.5912330719885959
0.001,188,82.39,39,129,16.477193328962308,0,0,0,-2686.6820000006724,1.7249999993505298,0.5903421240199572
0.001,189,113.15,82,177,17.933418525200377,0,0,0,-2731.411000000621,2.6389999994103164,0.5980042765502495
0.001,190,90.53,47,134,16.931305324752724,0,0,0,-2693.3710000007636,2.6539999992528465,0.5901639344262295
0.001,191,79.51,41,125,18.03745824665992,0,0,0,-2646.937000000678,1.0599999993523852,0.5853528153955809
0.001,192,108.32,67,146,18.455286505497554,0,0,0,-2611.9390000007093,2.9979999993197453,0.5885602280826799
0.001,193,111.46,54,153,18.322892784710607,0,0,0,-2644.4830000006205,2.4129999993865567,0.5912330719885959
0.001,194,94.35,53,136,14.74610117963389,0,0,0,-2760.2330000007823,2.7249999992482117,0.6122594440484675
0.001,195,128.85,83,180,18.451219471893992,0,0,0,-2720.811000000616,2.9189999993923266,0.5987170349251604
0.001,196,75.41,48,119,14.872857828944646,0,0,0,-2727.7460000007927,1.519999999240099,0.5915894511760513
0.001,197,63.98,25,94,14.337349824845596,0,0,0,-2663.820000000746,1.2259999992720623,0.5910548823948681
0.001,198,92.82,52,125,16.31893378870078,0,0,0,-2762.4190000006897,1.9999999993369784,0.6019244476122595
0.001,199,105.23,73,141,15.981773994147206,0,0,0,-2744.6020000005938,3.029999999433585,0.5974697077690663
0.01,0,12.19,0,29,6.888679118669994,3,3,3,-2985.920000000854,-8.303686627186835e-10,0.607448325017819
0.01,1,22.84,5,47,8.6841464750429,0,0,0,-2954.4000000007277,0.3199999993021265,0.6003207412687099
0.01,2,3.9,0,13,3.3570820663189034,24,24,24,-2984.3600000010215,-1.002263161353767e-09,0.5914112615823236
0.01,3,2.85,0,14,3.4391132578035286,42,42,42,-3095.300000001128,-1.0968506103381515e-09,0.5962223806129722
0.01,4,3.47,0,16,3.251015226048626,28,28,28,-3096.9800000010414,-1.0104486136697233e-09,0.6019244476122595
0.01,5,11.83,0,29,7.648601179300695,11,11,11,-2942.4100000007934,-7.721610018052161e-10,0.5978260869565217
0.01,6,3.21,0,18,3.332551574994751,34,34,34,-3093.3500000010954,-1.07002051663585e-09,0.6004989308624377
0.01,7,8.89,0,34,5.927723002975089,3,3,3,-3027.960000000952,-9.413270163349807e-10,0.6031717747683535
0.01,8,4.2,0,29,5.0039984012787215,31,31,31,-3042.1700000011206,-1.096395862987265e-09,0.5951532430506058
0.01,9,5.4,0,20,4.487761134463375,17,17,17,-2955.190000001034,-1.0236362868454307e-09,0.582679971489665
0.01,10,6.15,0,17,4.060480267160524,8,8,8,-3030.950000000974,-9.44510247791186e-10,0.6003207412687099
0.01,11,8.08,0,21,5.2624709025323835,7,7,7,-3006.4000000009005,-8.840288501232862e-10,0.5969351389878831
0.01,12,3.75,0,13,3.5422450508117023,29,29,29,-3006.9800000010023,-9.772520570550114e-10,0.6049536707056308
0.01,13,5.7,0,18,4.323193264243457,18,18,18,-3004.390000000999,-9.795257938094437e-10,0.5972915181753385
0.01,14,16.96,0,37,8.073314065487605,3,3,3,-2925.1700000008104,-7.79891706770286e-10,0.5939059158945118
0.01,15,8.85,0,22,5.41548705104167,7,7,7,-3007.500000000899,-8.776623872108757e-10,0.6056664290805417
0.01,16,8.98,0,29,5.716607385504098,6,6,6,-2993.9300000009703,-9.545146895106882e-10,0.5908766928011404
0.01,17,4.96,0,25,4.47642714673209,22,22,22,-2989.3000000009934,-9.74978320300579e-10,0.5906985032074127
0.01,18,19.69,4,47,7.806016910050862,0,0,0,-2904.5000000006585,0.3099999993619349,0.5999643620812545
0.01,19,1.56,0,9,2.224050359142076,56,56,56,-3150.9400000011683,-1.1341398931108415e-09,0.5946186742694227
0.01,20,2.65,0,13,3.4967842369811724,56,56,56,-3105.570000001129,-1.103217073250562e-09,0.5964005702066999
0.01,21,11.25,0,36,7.292976072907411,7,7,7,-2958.1400000008916,-8.74933903105557e-10,0.6037063435495367
0.01,22,8.41,0,27,5.8840377293147945,5,5,5,-3120.8100000009335,-9.140421752817929e-10,0.6143977191732003
0.01,23,9.72,0,26,4.966044703785902,1,1,1,-2998.7800000009543,-9.440555004402995e-10,0.6058446186742694
0.01,24,17.47,5,35,6.542866344347866,0,0,0,-2960.3900000007798,0.37999999926660166,0.599607982893799
0.01,25,6.55,0,25,4.858754984561374,13,13,13,-3023.8100000010104,-9.863470040727407e-10,0.5990734141126158
0.01,26,4.43,0,15,3.8190443830885235,27,27,27,-2970.190000001047,-1.0313669918105006e-09,0.595687811831789
0.01,27,12.33,0,32,7.673402113795419,5,5,5,-2978.9300000008157,-7.894414011389017e-10,0.5994297933000713
0.01,28,10.49,0,32,6.697006794083458,5,5,5,-2971.9000000008978,-8.840288501232862e-10,0.5969351389878831
0.01,29,20.04,7,37,7.505891019725772,0,0,0,-2857.2900000007253,0.5099999993044548,0.5896293656450463
0.01,30,16.32,2,38,7.68489427383357,0,0,0,-2907.4900000007533,0.12999999927387762,0.594440484675695
0.01,31,3.72,0,15,3.3854984861907704,26,26,26,-3021.7700000011146,-1.096395862987265e-09,0.5887384176764077
0.01,32,13.45,2,31,6.400585910680365,0,0,0,-2935.6500000008305,0.12999999918838512,0.5969351389878831
0.01,33,10.55,0,31,5.097793640389929,2,2,2,-3108.400000001025,-1.0068106348626316e-09,0.6053100498930862
0.01,34,5.88,0,20,4.020646714149355,9,9,9,-3061.340000000941,-9.163159120362252e-10,0.5992516037063436
0.01,35,2.4,0,11,2.753179979587241,41,41,41,-3064.770000001092,-1.0763869795482606e-09,0.6001425516749822
0.01,36,7.4,0,28,5.6586217403180425,11,11,11,-3017.2600000009834,-9.672476153355092e-10,0.602815395580898
0.01,37,2.98,0,14,3.2495538155260637,41,41,41,-3133.0000000011055,-1.084572431864217e-09,0.6040627227369921
0.01,38,0.19,0,5,0.7442445834535849,93,93,93,-3435.200000001039,-1.0254552762489766e-09,0.5983606557377049
0.01,39,17.02,2,35,8.003724133177005,0,0,0,-2950.840000000784,0.10999999924933945,0.5981824661439772
0.01,40,3.91,0,19,3.5947044384761315,23,23,23,-3006.61000000101,-9.877112461254e-10,0.6076265146115467
0.01,41,7.9,0,25,5.173973328110612,7,7,7,-2961.4200000009387,-9.113136911764741e-10,0.5958660014255167
0.01,42,7.96,0,24,5.141828468550852,7,7,7,-3050.9500000009252,-9.076757123693824e-10,0.6017462580185318
0.01,43,11.58,0,32,6.023586971232341,2,2,2,-2947.5100000008274,-8.04448063718155e-10,0.5960441910192444
0.01,44,6.74,0,22,4.3923114643658865,10,10,10,-3040.9800000009927,-9.795257938094437e-10,0.5946186742694227
0.01,45,15.1,0,34,7.660939890117922,1,1,1,-2884.2800000008247,-7.971721061039716e-10,0.5896293656450463
0.01,46,11.62,2,28,5.827143382481677,0,0,0,-2954.430000000889,0.12999999913972715,0.5990734141126158
0.01,47,18.63,5,38,8.01205966028711,0,0,0,-2983.170000000792,0.5099999992216908,0.6017462580185318
0.01,48,4.61,0,18,4.296265820453851,28,28,28,-3072.490000001028,-1.0136318451259285e-09,0.6065573770491803
0.01,49,10.77,0,30,6.471251810894088,3,3,3,-2927.890000000932,-9.167706593871117e-10,0.5940841054882395
0.01,50,0.96,0,9,1.928315326911032,75,75,75,-3165.6200000011154,-1.0959411156363785e-09,0.6001425516749822
0.01,51,11.83,0,34,7.028591608565687,4,4,4,-3031.770000000864,-8.349161362275481e-10,0.602815395580898
0.01,52,2.73,0,14,3.3640897728806225,42,42,42,-3112.1700000010815,-1.0609255696181208e-09,0.5997861724875267
0.01,53,6.93,0,23,4.61357778735766,11,11,11,-3030.1100000010065,-9.968061931431293e-10,0.5983606557377049
0.01,54,16.01,2,34,7.175646312354031,0,0,0,-2922.2500000007676,0.26999999925510565,0.5894511760513186
0.01,55,3.67,0,22,4.273300831909685,41,41,41,-3022.050000001045,-1.0263647709507495e-09,0.5962223806129722
0.01,56,5.87,0,16,3.846179922988523,12,12,12,-3054.620000000961,-9.331415640190244e-10,0.5994297933000713
0.01,57,10.97,0,37,7.334105262402497,4,4,4,-2985.720000000902,-8.640199666842818e-10,0.6078047042052744
0.01,58,9.79,0,26,5.571884779856812,3,3,3,-2974.2300000008927,-8.690221875440329e-10,0.5908766928011404
0.01,59,16.96,2,41,7.301944946382436,0,0,0,-2878.0600000007817,0.2799999992398625,0.5876692801140413
0.01,60,2.76,0,12,2.9668838871786,35,35,35,-3060.22000000107,-1.0545591067057103e-09,0.5928367783321454
0.01,61,1.91,0,14,2.8428682698992573,56,56,56,-3135.530000001134,-1.1123120202682912e-09,0.6033499643620812
0.01,62,13.66,2,37,6.92274512025396,0,0,0,-2899.5000000008995,0.129999999123811,0.5928367783321454
0.01,63,17.07,4,36,7.148783113229832,0,0,0,-2914.4200000008095,0.39999999922019924,0.5914112615823236
0.01,64,5.92,0,18,4.70888521839299,15,15,15,-2978.790000000973,-9.604264050722122e-10,0.594440484675695
0.01,65,9.62,0,28,6.458761491183894,8,8,8,-2912.5000000008904,-8.676579454913735e-10,0.5867783321454028
0.01,66,2.66,0,15,3.1724438529310492,39,39,39,-3083.7400000010907,-1.0622898116707802e-09,0.5964005702066999
0.01,67,8.93,0,30,6.14207619620597,5,5,5,-2951.970000000882,-8.712959242984653e-10,0.6006771204561654
0.01,68,22.44,6,50,8.504492930210477,0,0,0,-2856.910000000717,0.7399999993072015,0.5978260869565217
0.01,69,11.04,0,28,6.390492938733287,6,6,6,-2960.780000000948,-9.176801540888846e-10,0.5987170349251604
0.01,70,3.39,0,19,3.7839001043896494,39,39,39,-3172.7900000011105,-1.0832081898115575e-09,0.6019244476122595
0.01,71,12.33,0,32,6.702320493679783,4,4,4,-2922.180000000877,-8.471943147014827e-10,0.5849964362081255
0.01,72,21.57,0,44,9.588800759219058,1,1,1,-2885.2200000006396,-6.184563972055912e-10,0.5964005702066999
0.01,73,10.83,0,32,6.200088709042799,1,1,1,-3030.9400000009423,-9.226823749486357e-10,0.610655737704918
0.01,74,2.59,0,17,2.8743521009090034,35,35,35,-2977.4800000011037,-1.0859366739168763e-09,0.5917676407697791
0.01,75,3.95,0,19,3.7292760691587317,22,22,22,-3037.2900000009877,-9.567884262651205e-10,0.5988952245188881
0.01,76,5.77,0,19,4.503010104363525,20,20,20,-3060.110000001068,-1.0354597179684788e-09,0.5946186742694227
0.01,77,6.07,0,19,4.56783318434463,18,18,18,-3002.6800000009634,-9.508767107035965e-10,0.6037063435495367
0.01,78,9.72,0,25,6.089466314875221,4,4,4,-2957.720000000831,-8.04448063718155e-10,0.6012116892373486
0.01,79,14.91,4,36,7.3144992993369,0,0,0,-2993.9000000007836,0.4099999992395169,0.5947968638631503
0.01,80,9.67,0,23,6.077919051780798,6,6,6,-3087.740000000968,-9.517862054053694e-10,0.6120812544547398
0.01,81,6.15,0,20,4.539548435692696,11,11,11,-2996.4700000009857,-9.608811524230987e-10,0.5933713471133286
0.01,82,0.44,0,6,1.1943198901466892,85,85,85,-3229.76000000114,-1.120952219935134e-09,0.5923022095509622
0.01,83,16.1,2,42,7.465252842335616,0,0,0,-2934.2300000007526,0.24999999926012606,0.6060228082679971
0.01,84,2.31,0,14,3.167633185834496,53,53,53,-3025.8000000010966,-1.0782059689518064e-09,0.5849964362081255
0.01,85,10.68,0,37,7.2758229775057055,4,4,4,-2960.4600000009114,-8.967617759481072e-10,0.5910548823948681
0.01,86,11.01,0,30,6.32375679481746,4,4,4,-2919.1100000008287,-7.967173587530851e-10,0.5933713471133286
0.01,87,0.72,0,12,1.6857046004564382,79,79,79,-3264.4500000011535,-1.1368683772161603e-09,0.6037063435495367
0.01,88,3.1,0,18,3.7722672227720033,44,44,44,-3093.4800000010655,-1.0418261808808893e-09,0.604775481111903
0.01,89,10.17,0,23,5.416742563570841,4,4,4,-2987.7700000009045,-8.785718819126487e-10,0.6006771204561654
0.01,90,11.29,0,35,6.988984189422665,3,3,3,-2937.090000000879,-8.521965355612338e-10,0.5949750534568781
0.01,91,3.85,0,13,3.4274626183227737,28,28,28,-3167.2300000010264,-9.995346772484481e-10,0.5987170349251604
0.01,92,19.86,6,55,8.789789531041116,0,0,0,-2893.3400000007437,0.5799999992918856,0.5969351389878831
0.01,93,15.3,2,33,7.570336848516056,0,0,0,-3059.3100000008785,0.15999999915266017,0.6053100498930862
0.01,94,12.36,0,36,6.553655468515263,2,2,2,-2923.440000000808,-7.78982212068513e-10,0.6017462580185318
0.01,95,8.83,0,25,5.951562819965862,8,8,8,-2945.0900000008714,-8.603819878771901e-10,0.5969351389878831
0.01,96,18.52,2,41,9.074668038005578,0,0,0,-3017.4100000008407,0.3999999991824552,0.6017462580185318
0.01,97,1.17,0,12,2.293708787095694,72,72,72,-3202.120000001105,-1.0786607163026929e-09,0.597647897362794
0.01,98,12.3,0,29,5.773214009544423,2,2,2,-2890.8400000008414,-8.221832104027271e-10,0.5914112615823236
0.01,99,11.44,0,32,6.875056363405322,3,3,3,-2947.880000000914,-8.894858183339238e-10,0.5908766928011404
0.01,100,6.88,0,28,4.808908400042571,11,11,11,-2937.0100000010066,-9.763425623532385e-10,0.5876692801140413
0.01,101,15.29,2,32,6.713114031505797,0,0,0,-3009.310000000817,0.18999999920561095,0.6004989308624377
0.01,102,25.07,6,60,10.257928640812432,0,0,0,-2882.080000000627,0.4899999994013342,0.5951532430506058
0.01,103,11.02,0,35,6.00496461271838,1,1,1,-2892.2500000008295,-8.071765478234738e-10,0.5915894511760513
0.01,104,21.37,2,42,8.432858352895535,0,0,0,-2965.150000000741,0.2799999992753328,0.6045972915181753
0.01,105,15.76,0,44,7.553965845832242,3,3,3,-2939.400000000917,-8.958522812463343e-10,0.5958660014255167
0.01,106,13.34,0,35,7.378644862032594,3,3,3,-2878.170000000786,-7.589733286295086e-10,0.5931931575196009
0.01,107,2.81,0,18,3.6019300381878603,45,45,45,-3116.3800000011333,-1.11504050437361e-09,0.5988952245188881
0.01,108,8.17,0,24,5.917862789892987,9,9,9,-2926.860000000897,-8.722054190002382e-10,0.5915894511760513
0.01,109,10.18,0,33,6.384951056977649,6,6,6,-3070.5100000009743,-9.431460057385266e-10,0.6017462580185318
0.01,110,12.71,0,34,6.475021235486413,1,1,1,-2868.4400000007586,-7.235030352603644e-10,0.5962223806129722
0.01,111,8.8,0,29,6.21449917531574,4,4,4,-2997.330000000932,-9.017639968078583e-10,0.5955096222380613
0.01,112,6.64,0,22,4.877540363748925,10,10,10,-2912.700000000936,-9.295035852119327e-10,0.5830363506771205
0.01,113,8.96,0,28,5.571211717391469,5,5,5,-3045.670000000943,-9.167706593871117e-10,0.5994297933000713
0.01,114,6.03,0,21,5.086167515920017,19,19,19,-3108.5300000010443,-1.0290932550560683e-09,0.6092302209550963
0.01,115,3.7,0,17,3.6235341863986883,27,27,27,-3059.69000000109,-1.07002051663585e-09,0.5935495367070563
0.01,116,18.32,0,43,8.49809390392928,1,1,1,-2858.5000000008117,-7.912603905424476e-10,0.5919458303635068
0.01,117,4.29,0,27,4.278539470426796,24,24,24,-3014.820000000967,-9.408722689840943e-10,0.5949750534568781
0.01,118,2.69,0,15,2.975550369259442,37,37,37,-3112.0200000010605,-1.0518306226003915e-09,0.6045972915181753
0.01,119,1.14,0,7,1.600124995117569,60,60,60,-3306.5000000011046,-1.0882104106713086e-09,0.5915894511760513
0.01,120,7.44,0,24,4.504042628572692,7,7,7,-2948.57000000088,-8.544702723156661e-10,0.5857091945830364
0.01,121,7.43,0,23,5.34650353034579,6,6,6,-3039.4700000009893,-9.663381206337363e-10,0.5997861724875267
0.01,122,9.75,0,28,5.454126877878805,1,1,1,-2903.3700000008876,-8.703864295966923e-10,0.5887384176764077
0.01,123,15.4,0,35,8.02122185206219,1,1,1,-2915.0400000007844,-7.707967597525567e-10,0.599607982893799
0.01,124,13.95,2,38,7.346257550617185,0,0,0,-2785.9100000007943,0.099999999235024,0.5823235923022095
0.01,125,6.69,0,25,4.774295759585909,10,10,10,-2972.530000000982,-9.608811524230987e-10,0.5942622950819673
0.01,126,12.13,2,40,6.520207051927108,0,0,0,-3041.430000000817,0.12999999922158167,0.6083392729864576
0.01,127,10.47,0,24,5.638182331212782,4,4,4,-3047.9500000008907,-8.690221875440329e-10,0.6010334996436208
0.01,128,16.05,3,42,7.188010851410842,0,0,0,-2982.2900000009154,0.38999999910356564,0.595687811831789
0.01,129,4.39,0,16,3.9595328007228323,27,27,27,-3038.1500000010346,-1.0177245712839067e-09,0.590520313613685
0.01,130,17.73,2,48,8.611451677853161,0,0,0,-2857.6200000008707,0.24999999914462023,0.5810762651461154
0.01,131,6.17,0,19,4.558629179918016,13,13,13,-2979.860000001009,-9.840732673183084e-10,0.5926585887384177
0.01,132,6.45,0,25,4.457297387431088,8,8,8,-2997.130000001017,-9.899849828798324e-10,0.5923022095509622
0.01,133,10.27,0,25,5.672486227396238,4,4,4,-2965.3400000008573,-8.335518941748887e-10,0.5997861724875267
0.01,134,15.61,2,31,6.444990302552829,0,0,0,-2934.600000000806,0.2499999992096491,0.595687811831789
0.01,135,20.76,2,42,7.751283764641829,0,0,0,-2891.540000000662,0.18999999936249878,0.5935495367070563
0.01,136,12.74,0,32,6.327116246758866,2,2,2,-2937.710000000823,-7.976268534548581e-10,0.5935495367070563
0.01,137,29.3,10,54,9.93931587182941,0,0,0,-2794.6100000006763,0.8399999993494021,0.579472558802566
0.01,138,4.64,0,16,4.016266923400385,26,26,26,-3026.1000000010085,-9.913492249324918e-10,0.6004989308624377
0.01,139,18.04,4,40,8.57661938061845,0,0,0,-2887.1200000007534,0.22999999927333192,0.5992516037063436
0.01,140,2.78,0,16,2.8933717355362414,34,34,34,-3063.860000001141,-1.1132215149700642e-09,0.5889166072701354
0.01,141,19.44,4,52,8.478584787569208,0,0,0,-2817.2000000007997,0.46999999920899427,0.5869565217391305
0.01,142,9.17,0,24,5.203950422515572,3,3,3,-2919.4800000009604,-9.43600753089413e-10,0.5912330719885959
0.01,143,1.11,0,7,1.5993436153622522,61,61,61,-3250.970000001126,-1.1004885891452432e-09,0.5988952245188881
0.01,144,4.22,0,21,4.201380725428249,28,28,28,-2944.5700000010456,-1.0290932550560683e-09,0.5883820384889522
0.01,145,11.65,0,33,6.899818838201479,4,4,4,-2990.630000000894,-8.6811269284226e-10,0.6024590163934426
0.01,146,11.5,0,28,6.427285585688566,3,3,3,-2989.3600000009587,-9.38598532229662e-10,0.5987170349251604
0.01,147,19.48,0,52,8.215205414352097,1,1,1,-2930.050000000812,-8.035385690163821e-10,0.5969351389878831
0.01,148,7.22,0,24,4.765668893240486,8,8,8,-3026.040000000939,-9.254108590539545e-10,0.5990734141126158
0.01,149,17.21,2,36,7.9199684342805305,0,0,0,-2936.1400000006615,0.13999999937414032,0.5939059158945118
0.01,150,5.01,0,22,4.817665409718695,22,22,22,-2988.750000001028,-1.0154508345294744e-09,0.6010334996436208
0.01,151,11.67,0,33,6.90659829438487,4,4,4,-3014.510000000946,-9.040377335622907e-10,0.5987170349251604
0.01,152,12.25,0,29,5.776460854190912,1,1,1,-2850.82000000084,-8.158167474903166e-10,0.5887384176764077
0.01,153,1.29,0,10,2.6011343679248866,75,75,75,-3191.960000001156,-1.134594640461728e-09,0.6035281539558089
0.01,154,2.09,0,9,2.2938831705211142,44,44,44,-3147.660000001147,-1.1245901987422258e-09,0.6029935851746258
0.01,155,9.74,0,27,5.9692880647527815,5,5,5,-3007.160000000921,-9.008545021060854e-10,0.597647897362794
0.01,156,21.74,0,46,9.402786820937715,2,2,2,-2903.2400000006064,-6.01630745222792e-10,0.5974697077690663
0.01,157,4.87,0,18,4.225292889256317,21,21,21,-3049.0800000010113,-9.868017514236271e-10,0.6069137562366358
0.01,158,1.61,0,10,2.3404914013941602,57,57,57,-3063.7000000011335,-1.1086740414611995e-09,0.5890947968638631
0.01,159,14.93,3,32,6.733877040754457,0,0,0,-2920.750000000907,0.14999999910241968,0.5889166072701354
0.01,160,19.01,2,47,8.760702026664301,0,0,0,-2868.1700000007295,0.22999999928970283,0.6013898788310763
0.01,161,7.64,0,22,5.028956154113893,10,10,10,-2983.560000000941,-9.235918696504086e-10,0.5940841054882395
0.01,162,2.86,0,12,3.130559055504304,42,42,42,-3110.120000001048,-1.0286385077051818e-09,0.6111903064861012
0.01,163,5.37,0,22,4.325864075534505,15,15,15,-2969.580000001019,-9.949872037395835e-10,0.5903421240199572
0.01,164,10.02,0,30,5.2554352816869505,2,2,2,-2984.130000000927,-8.99490260053426e-10,0.5999643620812545
0.01,165,18.94,0,37,7.817697870856868,1,1,1,-2960.3100000007507,-7.321432349272072e-10,0.5992516037063436
0.01,166,6.03,0,18,4.346159223958551,11,11,11,-3040.3700000009385,-9.090399544220418e-10,0.6088738417676408
0.01,167,5.45,0,22,4.058016756988566,11,11,11,-2996.050000000997,-9.677023626863956e-10,0.599607982893799
0.01,168,7.93,0,26,4.775468563397732,6,6,6,-2990.700000000932,-9.076757123693824e-10,0.6017462580185318
0.01,169,7.53,0,21,5.51625778948011,10,10,10,-2974.800000000903,-8.758433978073299e-10,0.5985388453314326
0.01,170,2.4,0,13,2.939387691339814,47,47,47,-3084.880000001072,-1.0550138540565968e-09,0.5947968638631503
0.01,171,15.39,0,37,8.45919026857772,2,2,2,-2930.020000000792,-7.726157491561025e-10,0.5964005702066999
0.01,172,7.47,0,23,5.324387288693414,8,8,8,-3039.500000000919,-9.026734915096313e-10,0.6124376336421953
0.01,173,16.36,4,35,7.56904221153509,0,0,0,-2882.9800000007226,0.3099999992955418,0.5988952245188881
0.01,174,19.84,2,42,7.715853808879481,0,0,0,-2883.430000000689,0.1799999993354504,0.5992516037063436
0.01,175,5.19,0,15,3.759507946527045,19,19,19,-3045.600000000938,-9.149516699835658e-10,0.5926585887384177
0.01,176,4.53,0,14,3.661843797870138,19,19,19,-3057.5700000009824,-9.649738785810769e-10,0.599607982893799
0.01,177,12.65,0,33,6.153657449029804,1,1,1,-2947.0000000009763,-9.417817636858672e-10,0.5942622950819673
0.01,178,1.29,0,11,1.9712686270521327,59,59,59,-3143.7900000011227,-1.102307578548789e-09,0.5844618674269423
0.01,179,2.71,0,16,3.412608972619043,49,49,49,-3105.700000001127,-1.1068550520576537e-09,0.5962223806129722
0.01,180,8.73,0,34,6.49438988666372,13,13,13,-3056.0900000009583,-9.426912583876401e-10,0.6038845331432644
0.01,181,19.96,3,46,9.046457870349036,0,0,0,-3009.5000000007913,0.5799999992391349,0.6113684960798289
0.01,182,8.73,0,24,5.55851598900282,7,7,7,-2996.460000000881,-8.576535037718713e-10,0.6063791874554526
0.01,183,6.48,0,19,4.592341450719883,10,10,10,-3011.6100000009374,-9.067662176676095e-10,0.6019244476122595
0.01,184,18.85,2,37,8.22845672043063,0,0,0,-2899.650000000755,0.21999999925765223,0.5997861724875267
0.01,185,15.61,0,46,7.519168837045754,1,1,1,-2945.4800000007813,-7.47604644857347e-10,0.6021026372059872
0.01,186,22.25,4,39,8.155213056689567,0,0,0,-2810.900000000654,0.27999999936037057,0.5915894511760513
0.01,187,13.77,0,34,7.487128955747992,1,1,1,-2873.860000000804,-7.91715137893334e-10,0.5912330719885959
0.01,188,12.23,0,31,6.573971402432475,1,1,1,-2940.4700000008615,-8.385541150346398e-10,0.5903421240199572
0.01,189,14.72,2,42,7.705945756362421,0,0,0,-2954.7100000007867,0.2899999992441735,0.5980042765502495
0.01,190,1.85,0,18,2.9643717715563276,58,58,58,-3094.9500000011267,-1.110038283513859e-09,0.5901639344262295
0.01,191,7.05,0,21,5.08010826656283,10,10,10,-2925.170000000875,-8.449205779470503e-10,0.5853528153955809
0.01,192,4.36,0,19,3.562358769130364,19,19,19,-2942.870000000991,-9.617906471248716e-10,0.5885602280826799
0.01,193,12.93,0,34,7.225309681944435,4,4,4,-2884.46000000085,-8.431015885435045e-10,0.5912330719885959
0.01,194,3.46,0,14,3.769403135776273,38,38,38,-3134.2800000010925,-1.0618350643198937e-09,0.6122594440484675
0.01,195,15.45,0,36,6.993389736029303,1,1,1,-2958.900000000815,-8.067218004725873e-10,0.5987170349251604
0.01,196,2.0,0,11,2.817800560721074,51,51,51,-3151.9600000011446,-1.1118572729174048e-09,0.5915894511760513
0.01,197,3.37,0,19,3.460216756216292,29,29,29,-2969.660000001019,-1.0008989193011075e-09,0.5910548823948681
0.01,198,8.75,0,26,5.012733785071775,6,6,6,-3041.7900000009004,-8.735696610528976e-10,0.6019244476122595
0.01,199,14.99,0,43,8.011859958836025,2,2,2,-2966.6200000007366,-7.089511200319976e-10,0.5974697077690663
0.1,0,0.0,0,0,0.0,100,100,100,-5544.799999999762,2.6193447411060333e-10,0.607448325017819
0.1,1,0.0,0,0,0.0,100,100,100,-4987.100000000019,1.0913936421275139e-11,0.6003207412687099
0.1,2,0.0,0,0,0.0,100,100,100,-6322.099999999557,4.6202330850064754e-10,0.5914112615823236
0.1,3,0.0,0,0,0.0,100,100,100,-6657.499999999599,4.320099833421409e-10,0.5962223806129722
0.1,4,0.0,0,0,0.0,100,100,100,-6478.099999999529,5.020410753786564e-10,0.6019244476122595
0.1,5,0.0,0,0,0.0,100,100,100,-5234.799999999858,1.6279955161735415e-10,0.5978260869565217
0.1,6,0.0,0,0,0.0,100,100,100,-6644.299999999642,3.828972694464028e-10,0.6004989308624377
0.1,7,0.0,0,0,0.0,100,100,100,-5796.899999999655,3.5561242839321494e-10,0.6031717747683535
0.1,8,0.0,0,0,0.0,100,100,100,-6563.599999999607,4.1745806811377406e-10,0.5951532430506058
0.1,9,0.0,0,0,0.0,100,100,100,-6069.099999999695,3.1650415621697903e-10,0.582679971489665
0.1,10,0.0,0,0,0.0,100,100,100,-5977.99999999964,3.892637323588133e-10,0.6003207412687099
0.1,11,0.0,0,0,0.0,100,100,100,-5740.599999999744,2.7284841053187847e-10,0.5969351389878831
0.1,12,0.0,0,0,0.0,100,100,100,-6153.199999999587,4.383764462545514e-10,0.6049536707056308
0.1,13,0.0,0,0,0.0,100,100,100,-6122.799999999613,4.065441316924989e-10,0.5972915181753385
0.1,14,0.0,0,0,0.0,100,100,100,-5365.699999999763,2.673914423212409e-10,0.5939059158945118
0.1,15,0.0,0,0,0.0,100,100,100,-5669.699999999792,2.28283170145005e-10,0.6056664290805417
0.1,16,0.0,0,0,0.0,100,100,100,-5686.9999999995935,4.2291503632441163e-10,0.5908766928011404
0.1,17,0.0,0,0,0.0,100,100,100,-6034.899999999594,4.2382453102618456e-10,0.5906985032074127
0.1,18,0.0,0,0,0.0,100,100,100,-4770.60000000015,-1.3005774235352874e-10,0.5999643620812545
0.1,19,0.0,0,0,0.0,100,100,100,-7232.7999999996755,3.5925040720030665e-10,0.5946186742694227
0.1,20,0.0,0,0,0.0,100,100,100,-6955.499999999619,4.065441316924989e-10,0.5964005702066999
0.1,21,0.0,0,0,0.0,100,100,100,-5461.399999999773,2.4374458007514477e-10,0.6037063435495367
0.1,22,0.0,0,0,0.0,100,100,100,-5943.299999999641,3.7834979593753815e-10,0.6143977191732003
0.1,23,0.0,0,0,0.0,100,100,100,-5730.099999999658,3.5197444958612323e-10,0.6058446186742694
0.1,24,0.0,0,0,0.0,100,100,100,-5240.199999999883,1.6279955161735415e-10,0.599607982893799
0.1,25,0.0,0,0,0.0,100,100,100,-6111.7999999996055,4.192770575173199e-10,0.5990734141126158
0.1,26,0.0,0,0,0.0,100,100,100,-6202.899999999618,3.9835867937654257e-10,0.595687811831789
0.1,27,0.0,0,0,0.0,100,100,100,-5483.899999999782,2.446540747769177e-10,0.5994297933000713
0.1,28,0.0,0,0,0.0,100,100,100,-5514.399999999785,2.2919266484677792e-10,0.5969351389878831
0.1,29,0.0,0,0,0.0,100,100,100,-4893.600000000001,2.8194335754960775e-11,0.5896293656450463
0.1,30,0.0,0,0,0.0,100,100,100,-5205.499999999914,1.1368683772161603e-10,0.594440484675695
0.1,31,0.0,0,0,0.0,100,100,100,-6600.7999999995145,5.038600647822022e-10,0.5887384176764077
0.1,32,0.0,0,0,0.0,100,100,100,-5393.499999999854,1.6552803572267294e-10,0.5969351389878831
0.1,33,0.0,0,0,0.0,100,100,100,-6237.69999999965,3.6925484891980886e-10,0.6053100498930862
0.1,34,0.0,0,0,0.0,100,100,100,-6193.699999999596,4.283720045350492e-10,0.5992516037063436
0.1,35,0.0,0,0,0.0,100,100,100,-6631.199999999544,4.711182555183768e-10,0.6001425516749822
0.1,36,0.0,0,0,0.0,100,100,100,-6145.299999999614,4.029061528854072e-10,0.602815395580898
0.1,37,0.0,0,0,0.0,100,100,100,-6910.299999999654,3.67435859516263e-10,0.6040627227369921
0.1,38,0.0,0,0,0.0,100,100,100,-9475.099999999842,1.709850039333105e-10,0.5983606557377049
0.1,39,0.0,0,0,0.0,100,100,100,-5217.599999999913,1.2005330063402653e-10,0.5981824661439772
0.1,40,0.08,0,2,0.39191835884530846,96,96,96,-6173.799999999639,3.838067641481757e-10,0.6076265146115467
0.1,41,0.0,0,0,0.0,100,100,100,-5682.299999999754,2.737579052336514e-10,0.5958660014255167
0.1,42,0.0,0,0,0.0,100,100,100,-5740.5999999997,3.1741365091875196e-10,0.6017462580185318
0.1,43,0.0,0,0,0.0,100,100,100,-5349.699999999804,2.191882231272757e-10,0.5960441910192444
0.1,44,0.0,0,0,0.0,100,100,100,-5747.99999999966,3.5288394428789616e-10,0.5946186742694227
0.1,45,0.0,0,0,0.0,100,100,100,-5251.099999999797,2.3101165425032377e-10,0.5896293656450463
0.1,46,0.0,0,0,0.0,100,100,100,-5699.199999999741,2.8830982046201825e-10,0.5990734141126158
0.1,47,0.0,0,0,0.0,100,100,100,-5293.799999999864,1.5006662579253316e-10,0.6017462580185318
0.1,48,0.0,0,0,0.0,100,100,100,-6298.899999999557,4.574758349917829e-10,0.6065573770491803
0.1,49,0.0,0,0,0.0,100,100,100,-5721.399999999634,3.8198777474462986e-10,0.5940841054882395
0.1,50,0.0,0,0,0.0,100,100,100,-7368.799999999766,2.5283952709287405e-10,0.6001425516749822
0.1,51,0.0,0,0,0.0,100,100,100,-5669.399999999695,3.3378455555066466e-10,0.602815395580898
0.1,52,0.0,0,0,0.0,100,100,100,-6632.699999999564,4.5656634029001e-10,0.5997861724875267
0.1,53,0.0,0,0,0.0,100,100,100,-6116.299999999584,4.2655301513150334e-10,0.5983606557377049
0.1,54,0.0,0,0,0.0,100,100,100,-5095.299999999911,1.1186784831807017e-10,0.5894511760513186
0.1,55,0.0,0,0,0.0,100,100,100,-6674.699999999625,3.9381120586767793e-10,0.5962223806129722
0.1,56,0.0,0,0,0.0,100,100,100,-6031.099999999673,3.54702933691442e-10,0.5994297933000713
0.1,57,0.0,0,0,0.0,100,100,100,-5626.499999999676,3.6197889130562544e-10,0.6078047042052744
0.1,58,0.0,0,0,0.0,100,100,100,-5698.799999999706,3.1741365091875196e-10,0.5908766928011404
0.1,59,0.0,0,0,0.0,100,100,100,-5038.6999999998725,1.4915713109076023e-10,0.5876692801140413
0.1,60,0.0,0,0,0.0,100,100,100,-6547.899999999581,4.347384674474597e-10,0.5928367783321454
0.1,61,0.0,0,0,0.0,100,100,100,-7102.099999999709,3.128661774098873e-10,0.6033499643620812
0.1,62,0.0,0,0,0.0,100,100,100,-5406.399999999729,2.9467628337442875e-10,0.5928367783321454
0.1,63,0.0,0,0,0.0,100,100,100,-5252.299999999816,2.1464074961841106e-10,0.5914112615823236
0.1,64,0.0,0,0,0.0,100,100,100,-5945.999999999645,3.67435859516263e-10,0.594440484675695
0.1,65,0.0,0,0,0.0,100,100,100,-5585.499999999687,3.356035449542105e-10,0.5867783321454028
0.1,66,0.0,0,0,0.0,100,100,100,-6601.299999999626,4.019966581836343e-10,0.5964005702066999
0.1,67,0.0,0,0,0.0,100,100,100,-5617.499999999727,2.837623469531536e-10,0.6006771204561654
0.1,68,0.0,0,0,0.0,100,100,100,-5028.899999999971,5.275069270282984e-11,0.5978260869565217
0.1,69,0.03,0,3,0.29849623113198603,99,99,99,-5765.899999999709,3.219611244276166e-10,0.5987170349251604
0.1,70,0.0,0,0,0.0,100,100,100,-6966.1999999997215,3.064997144974768e-10,0.6019244476122595
0.1,71,0.0,0,0,0.0,100,100,100,-5400.599999999827,2.02817318495363e-10,0.5849964362081255
0.1,72,0.0,0,0,0.0,100,100,100,-4693.5000000002265,-2.0554580260068178e-10,0.5964005702066999
0.1,73,0.0,0,0,0.0,100,100,100,-5944.599999999606,4.147295840084553e-10,0.610655737704918
0.1,74,0.0,0,0,0.0,100,100,100,-6706.899999999617,4.0108716348186135e-10,0.5917676407697791
0.1,75,0.0,0,0,0.0,100,100,100,-6168.299999999609,4.220055416226387e-10,0.5988952245188881
0.1,76,0.0,0,0,0.0,100,100,100,-6409.999999999557,4.756657290272415e-10,0.5946186742694227
0.1,77,0.0,0,0,0.0,100,100,100,-5937.399999999599,4.1382008930668235e-10,0.6037063435495367
0.1,78,0.0,0,0,0.0,100,100,100,-5517.4999999997035,3.2378011383116245e-10,0.6012116892373486
0.1,79,0.0,0,0,0.0,100,100,100,-5328.999999999819,2.0463630789890885e-10,0.5947968638631503
0.1,80,0.0,0,0,0.0,100,100,100,-5865.499999999609,4.0745362639427185e-10,0.6120812544547398
0.1,81,0.0,0,0,0.0,100,100,100,-6240.699999999669,3.5652192309498787e-10,0.5933713471133286
0.1,82,0.0,0,0,0.0,100,100,100,-8512.399999999814,2.0554580260068178e-10,0.5923022095509622
0.1,83,0.0,0,0,0.0,100,100,100,-5105.99999999994,7.275957614183426e-11,0.6060228082679971
0.1,84,0.0,0,0,0.0,100,100,100,-6799.499999999595,4.2291503632441163e-10,0.5849964362081255
0.1,85,0.02,0,2,0.19899748742132398,99,99,99,-5671.799999999612,4.029061528854072e-10,0.5910548823948681
0.1,86,0.0,0,0,0.0,100,100,100,-5476.099999999803,2.2919266484677792e-10,0.5933713471133286
0.1,87,0.0,0,0,0.0,100,100,100,-8185.199999999773,2.4374458007514477e-10,0.6037063435495367
0.1,88,0.0,0,0,0.0,100,100,100,-6738.299999999674,3.5015546018257737e-10,0.604775481111903
0.1,89,0.0,0,0,0.0,100,100,100,-5677.599999999665,3.610693966038525e-10,0.6006771204561654
0.1,90,0.0,0,0,0.0,100,100,100,-5511.899999999765,2.6193447411060333e-10,0.5949750534568781
0.1,91,0.0,0,0,0.0,100,100,100,-6732.399999999509,5.175024853087962e-10,0.5987170349251604
0.1,92,0.0,0,0,0.0,100,100,100,-4991.099999999976,6.002665031701326e-11,0.5969351389878831
0.1,93,0.0,0,0,0.0,100,100,100,-5536.899999999741,2.901288098655641e-10,0.6053100498930862
0.1,94,0.0,0,0,0.0,100,100,100,-5250.299999999879,1.5006662579253316e-10,0.6017462580185318
0.1,95,0.0,0,0,0.0,100,100,100,-5663.899999999717,2.937667886726558e-10,0.5969351389878831
0.1,96,0.0,0,0,0.0,100,100,100,-5299.399999999838,1.8553691916167736e-10,0.6017462580185318
0.1,97,0.0,0,0,0.0,100,100,100,-7504.299999999716,3.1013769330456853e-10,0.597647897362794
0.1,98,0.0,0,0,0.0,100,100,100,-5159.199999999842,1.77351466845721e-10,0.5914112615823236
0.1,99,0.0,0,0,0.0,100,100,100,-5551.399999999712,3.128661774098873e-10,0.5908766928011404
0.1,100,0.0,0,0,0.0,100,100,100,-6019.599999999689,3.410605131648481e-10,0.5876692801140413
0.1,101,0.0,0,0,0.0,100,100,100,-5416.9999999999245,9.822542779147625e-11,0.6004989308624377
0.1,102,0.0,0,0,0.0,100,100,100,-4745.300000000204,-1.7553247744217515e-10,0.5951532430506058
0.1,103,0.0,0,0,0.0,100,100,100,-5358.699999999769,2.53749021794647e-10,0.5915894511760513
0.1,104,0.0,0,0,0.0,100,100,100,-5055.49999999999,2.637534635141492e-11,0.6045972915181753
0.1,105,0.08,0,2,0.39191835884530846,96,96,96,-5321.699999999795,2.255546860396862e-10,0.5958660014255167
0.1,106,0.0,0,0,0.0,100,100,100,-5163.8999999998705,1.5643308870494366e-10,0.5931931575196009
0.1,107,0.0,0,0,0.0,100,100,100,-7008.699999999588,4.31100488640368e-10,0.5988952245188881
0.1,108,0.0,0,0,0.0,100,100,100,-5706.599999999681,3.4378899727016687e-10,0.5915894511760513
0.1,109,0.0,0,0,0.0,100,100,100,-6115.29999999966,3.7198333302512765e-10,0.6017462580185318
0.1,110,0.0,0,0,0.0,100,100,100,-5116.999999999885,1.4915713109076023e-10,0.5962223806129722
0.1,111,0.0,0,0,0.0,100,100,100,-5869.499999999565,4.656612873077393e-10,0.5955096222380613
0.1,112,0.0,0,0,0.0,100,100,100,-5801.699999999706,3.001332515850663e-10,0.5830363506771205
0.1,113,0.0,0,0,0.0,100,100,100,-6065.799999999609,4.1745806811377406e-10,0.5994297933000713
0.1,114,0.0,0,0,0.0,100,100,100,-6220.099999999588,4.2655301513150334e-10,0.6092302209550963
0.1,115,0.0,0,0,0.0,100,100,100,-6654.199999999595,4.256435204297304e-10,0.5935495367070563
0.1,116,0.0,0,0,0.0,100,100,100,-5175.099999999887,1.3369572116062045e-10,0.5919458303635068
0.1,117,0.0,0,0,0.0,100,100,100,-6156.899999999611,4.156390787102282e-10,0.5949750534568781
0.1,118,0.0,0,0,0.0,100,100,100,-6770.699999999672,3.3651303965598345e-10,0.6045972915181753
0.1,119,0.0,0,0,0.0,100,100,100,-8898.19999999992,9.458744898438454e-11,0.5915894511760513
0.1,120,0.0,0,0,0.0,100,100,100,-5608.699999999683,3.4287950256839395e-10,0.5857091945830364
0.1,121,0.0,0,0,0.0,100,100,100,-5909.2999999996355,3.8744474295526743e-10,0.5997861724875267
0.1,122,0.0,0,0,0.0,100,100,100,-5547.299999999652,3.6561687011271715e-10,0.5887384176764077
0.1,123,0.0,0,0,0.0,100,100,100,-5014.199999999945,6.821210263296962e-11,0.599607982893799
0.1,124,0.0,0,0,0.0,100,100,100,-5117.999999999886,1.4279066817834973e-10,0.5823235923022095
0.1,125,0.0,0,0,0.0,100,100,100,-5852.799999999714,3.0740920919924974e-10,0.5942622950819673
0.1,126,0.0,0,0,0.0,100,100,100,-5324.499999999832,2.0736479200422764e-10,0.6083392729864576
0.1,127,0.0,0,0,0.0,100,100,100,-5635.899999999795,2.2646418074145913e-10,0.6010334996436208
0.1,128,0.0,0,0,0.0,100,100,100,-5582.599999999662,3.5652192309498787e-10,0.595687811831789
0.1,129,0.0,0,0,0.0,100,100,100,-6476.599999999653,3.637978807091713e-10,0.590520313613685
0.1,130,0.0,0,0,0.0,100,100,100,-5372.199999999834,1.8098944565281272e-10,0.5810762651461154
0.1,131,0.0,0,0,0.0,100,100,100,-5964.799999999633,3.92901711165905e-10,0.5926585887384177
0.1,132,0.0,0,0,0.0,100,100,100,-6114.099999999618,4.092726157978177e-10,0.5923022095509622
0.1,133,0.0,0,0,0.0,100,100,100,-5419.099999999769,2.546585164964199e-10,0.5997861724875267
0.1,134,0.0,0,0,0.0,100,100,100,-5229.3999999999005,1.1550582712516189e-10,0.595687811831789
0.1,135,0.0,0,0,0.0,100,100,100,-4806.300000000073,-4.8203219193965197e-11,0.5935495367070563
0.1,136,0.0,0,0,0.0,100,100,100,-5245.399999999875,1.509761204943061e-10,0.5935495367070563
0.1,137,0.0,0,0,0.0,100,100,100,-4748.000000000106,-8.094502845779061e-11,0.579472558802566
0.1,138,0.0,0,0,0.0,100,100,100,-6080.699999999636,3.8107828004285693e-10,0.6004989308624377
0.1,139,0.0,0,0,0.0,100,100,100,-5036.100000000052,-2.546585164964199e-11,0.5992516037063436
0.1,140,0.0,0,0,0.0,100,100,100,-7060.399999999642,3.865352482534945e-10,0.5889166072701354
0.1,141,0.0,0,0,0.0,100,100,100,-5012.499999999939,7.003109203651547e-11,0.5869565217391305
0.1,142,0.0,0,0,0.0,100,100,100,-5725.499999999706,3.1013769330456853e-10,0.5912330719885959
0.1,143,0.0,0,0,0.0,100,100,100,-8534.599999999886,1.4006218407303095e-10,0.5988952245188881
0.1,144,0.0,0,0,0.0,100,100,100,-6149.199999999633,3.838067641481757e-10,0.5883820384889522
0.1,145,0.0,0,0,0.0,100,100,100,-5515.399999999773,2.5283952709287405e-10,0.6024590163934426
0.1,146,0.0,0,0,0.0,100,100,100,-5906.799999999701,3.2014213502407074e-10,0.5987170349251604
0.1,147,0.0,0,0,0.0,100,100,100,-5196.699999999897,1.1095835361629725e-10,0.5969351389878831
0.1,148,0.0,0,0,0.0,100,100,100,-5804.699999999682,3.310560714453459e-10,0.5990734141126158
0.1,149,0.0,0,0,0.0,100,100,100,-4824.300000000061,-2.546585164964199e-11,0.5939059158945118
0.1,150,0.0,0,0,0.0,100,100,100,-6112.1999999997,3.128661774098873e-10,0.6010334996436208
0.1,151,0.0,0,0,0.0,100,100,100,-5791.999999999612,4.3019099393859506e-10,0.5987170349251604
0.1,152,0.0,0,0,0.0,100,100,100,-5282.799999999809,2.15550244320184e-10,0.5887384176764077
0.1,153,0.0,0,0,0.0,100,100,100,-7745.5999999999,1.2187229003757238e-10,0.6035281539558089
0.1,154,0.0,0,0,0.0,100,100,100,-7086.599999999691,3.319655661471188e-10,0.6029935851746258
0.1,155,0.0,0,0,0.0,100,100,100,-5705.8999999996595,3.610693966038525e-10,0.597647897362794
0.1,156,0.0,0,0,0.0,100,100,100,-4589.300000000284,-2.7921487344428897e-10,0.5974697077690663
0.1,157,0.0,0,0,0.0,100,100,100,-6143.9999999996135,4.1109160520136356e-10,0.6069137562366358
0.1,158,0.0,0,0,0.0,100,100,100,-7075.89999999973,2.9467628337442875e-10,0.5890947968638631
0.1,159,0.0,0,0,0.0,100,100,100,-5503.899999999685,3.246896085329354e-10,0.5889166072701354
0.1,160,0.0,0,0,0.0,100,100,100,-4997.79999999998,3.9108272176235914e-11,0.6013898788310763
0.1,161,0.0,0,0,0.0,100,100,100,-5936.099999999691,3.2650859793648124e-10,0.5940841054882395
0.1,162,0.0,0,0,0.0,100,100,100,-6468.199999999575,4.447429091669619e-10,0.6111903064861012
0.1,163,0.0,0,0,0.0,100,100,100,-6101.399999999618,4.065441316924989e-10,0.5903421240199572
0.1,164,0.38,0,2,0.7846018098373213,81,81,81,-5741.099999999591,4.3655745685100555e-10,0.5999643620812545
0.1,165,0.0,0,0,0.0,100,100,100,-5092.499999999908,1.1004885891452432e-10,0.5992516037063436
0.1,166,0.0,0,0,0.0,100,100,100,-5812.999999999736,2.928572939708829e-10,0.6088738417676408
0.1,167,0.0,0,0,0.0,100,100,100,-6132.999999999512,5.175024853087962e-10,0.599607982893799
0.1,168,0.0,0,0,0.0,100,100,100,-5902.199999999707,3.1741365091875196e-10,0.6017462580185318
0.1,169,0.0,0,0,0.0,100,100,100,-5743.199999999686,3.410605131648481e-10,0.5985388453314326
0.1,170,0.0,0,0,0.0,100,100,100,-6699.999999999714,3.028617356903851e-10,0.5947968638631503
0.1,171,0.0,0,0,0.0,100,100,100,-5256.699999999879,1.4097167877480388e-10,0.5964005702066999
0.1,172,0.0,0,0,0.0,100,100,100,-5892.499999999654,3.6197889130562544e-10,0.6124376336421953
0.1,173,0.03,0,3,0.29849623113198603,99,99,99,-4915.400000000019,-9.094947017729282e-13,0.5988952245188881
0.1,174,0.0,0,0,0.0,100,100,100,-4813.300000000061,-3.637978807091713e-11,0.5992516037063436
0.1,175,0.0,0,0,0.0,100,100,100,-6117.299999999563,4.602043190971017e-10,0.5926585887384177
0.1,176,0.0,0,0,0.0,100,100,100,-6278.399999999591,4.2655301513150334e-10,0.599607982893799
0.1,177,0.0,0,0,0.0,100,100,100,-5811.699999999674,3.601599019020796e-10,0.5942622950819673
0.1,178,0.0,0,0,0.0,100,100,100,-7622.999999999838,1.8280843505635858e-10,0.5844618674269423
0.1,179,0.0,0,0,0.0,100,100,100,-6772.299999999593,4.2746250983327627e-10,0.5962223806129722
0.1,180,0.0,0,0,0.0,100,100,100,-6070.099999999542,4.738467396236956e-10,0.6038845331432644
0.1,181,0.0,0,0,0.0,100,100,100,-5224.799999999961,6.912159733474255e-11,0.6113684960798289
0.1,182,0.0,0,0,0.0,100,100,100,-5683.499999999711,3.128661774098873e-10,0.6063791874554526
0.1,183,0.0,0,0,0.0,100,100,100,-5805.299999999708,3.228706191293895e-10,0.6019244476122595
0.1,184,0.0,0,0,0.0,100,100,100,-5071.299999999931,8.185452315956354e-11,0.5997861724875267
0.1,185,0.0,0,0,0.0,100,100,100,-5212.399999999978,5.638867150992155e-11,0.6021026372059872
0.1,186,0.0,0,0,0.0,100,100,100,-4737.000000000029,-1.4551915228366852e-11,0.5915894511760513
0.1,187,0.0,0,0,0.0,100,100,100,-5271.099999999843,1.7007550923153758e-10,0.5912330719885959
0.1,188,0.0,0,0,0.0,100,100,100,-5461.099999999801,2.219167072325945e-10,0.5903421240199572
0.1,189,0.0,0,0,0.0,100,100,100,-5164.499999999825,2.0554580260068178e-10,0.5980042765502495
0.1,190,0.0,0,0,0.0,100,100,100,-7084.199999999647,3.701643436215818e-10,0.5901639344262295
0.1,191,0.0,0,0,0.0,100,100,100,-5696.899999999706,3.246896085329354e-10,0.5853528153955809
0.1,192,0.0,0,0,0.0,100,100,100,-6222.199999999591,4.3928594095632434e-10,0.5885602280826799
0.1,193,0.0,0,0,0.0,100,100,100,-5260.099999999841,1.6643753042444587e-10,0.5912330719885959
0.1,194,0.0,0,0,0.0,100,100,100,-6847.499999999505,5.256879376247525e-10,0.6122594440484675
0.1,195,0.0,0,0,0.0,100,100,100,-5310.599999999847,1.609805622138083e-10,0.5987170349251604
0.1,196,0.0,0,0,0.0,100,100,100,-7378.899999999675,3.583409124985337e-10,0.5915894511760513
0.1,197,0.0,0,0,0.0,100,100,100,-6015.7999999996555,3.6288838600739837e-10,0.5910548823948681
0.1,198,0.0,0,0,0.0,100,100,100,-5815.499999999537,4.902176442556083e-10,0.6019244476122595
0.1,199,0.0,0,0,0.0,100,100,100,-5156.499999999882,1.4551915228366852e-10,0.5974697077690663
